<game_object tsid="GA512T760J52JMS" ts="1337675290016" label="Loutish Ln B" class_tsid="" lastUpdateTime="1337675279893" upd_gs="gs8" load_time="2012-05-22 00:54:35.889" upd_time="2012-05-22 01:23:46.787">
	<object id="dynamic">
		<int id="l">-3000</int>
		<int id="r">3000</int>
		<int id="t">-1000</int>
		<int id="b">0</int>
		<str id="label">Loutish Ln B</str>
		<str id="swf_file">groddle1.swf</str>
		<object id="layers">
			<object id="T_1307725023669">
				<object id="decos">
					<object id="groddle_light_pool_1309197793057">
						<str id="sprite_class">groddle_light_pool</str>
						<int id="w">319</int>
						<int id="z">13</int>
						<int id="x">1510</int>
						<int id="y">785</int>
						<int id="h">82</int>
						<str id="name">groddle_light_pool_1308593065371</str>
					</object>
					<object id="cloud_fluffy_2_1308610194799">
						<str id="sprite_class">cloud_fluffy_2</str>
						<int id="w">1231</int>
						<int id="z">3</int>
						<int id="x">3197</int>
						<int id="y">650</int>
						<int id="h">89</int>
						<str id="name">cloud_fluffy_2_1307725023726</str>
					</object>
					<object id="groddle_light_pool_1308610194793">
						<str id="sprite_class">groddle_light_pool</str>
						<int id="w">319</int>
						<int id="z">15</int>
						<int id="r">-65</int>
						<int id="x">1244</int>
						<int id="y">749</int>
						<int id="h">82</int>
						<str id="name">groddle_light_pool_1308593065371</str>
					</object>
					<object id="groddle_light_pool_1309197793058">
						<str id="sprite_class">groddle_light_pool</str>
						<int id="w">141</int>
						<int id="z">12</int>
						<int id="r">-180</int>
						<int id="x">1645</int>
						<int id="y">720</int>
						<int id="h">82</int>
						<str id="name">groddle_light_pool_1308593065371</str>
					</object>
					<object id="mountain_trees_darker_1_1308610194797">
						<str id="sprite_class">mountain_trees_darker_1</str>
						<int id="w">705</int>
						<int id="z">5</int>
						<int id="r">2</int>
						<int id="x">2899</int>
						<int id="y">741</int>
						<int id="h">69</int>
						<str id="name">mountain_trees_darker_1_1308593065383</str>
					</object>
					<object id="groddle_light_pool_1309197793056">
						<str id="sprite_class">groddle_light_pool</str>
						<int id="w">319</int>
						<int id="z">11</int>
						<int id="r">-180</int>
						<int id="x">1437</int>
						<int id="y">722</int>
						<int id="h">82</int>
						<str id="name">groddle_light_pool_1308593065371</str>
					</object>
					<object id="cloud_fluffy_2_1308610194802">
						<str id="sprite_class">cloud_fluffy_2</str>
						<int id="w">1231</int>
						<int id="z">0</int>
						<int id="x">2353</int>
						<int id="y">569</int>
						<int id="h">89</int>
						<str id="name">cloud_fluffy_2_1307725023726</str>
					</object>
					<object id="groddle_light_pool_1308610194794">
						<str id="sprite_class">groddle_light_pool</str>
						<int id="w">319</int>
						<int id="z">8</int>
						<int id="r">-110</int>
						<int id="x">1153</int>
						<int id="y">697</int>
						<int id="h">82</int>
						<str id="name">groddle_light_pool_1308593065371</str>
					</object>
					<object id="groddle_light_pool_1309197793054">
						<str id="sprite_class">groddle_light_pool</str>
						<int id="w">319</int>
						<int id="z">9</int>
						<int id="r">-180</int>
						<int id="x">1263</int>
						<int id="y">707</int>
						<int id="h">82</int>
						<str id="name">groddle_light_pool_1308593065371</str>
					</object>
					<object id="cloud_fluffy_1_1308610194800">
						<str id="sprite_class">cloud_fluffy_1</str>
						<int id="w">1009</int>
						<int id="z">2</int>
						<int id="x">1042</int>
						<int id="y">706</int>
						<int id="h">95</int>
						<str id="name">cloud_fluffy_1_1307731442949</str>
					</object>
					<object id="groddle_light_pool_1308610194795">
						<str id="sprite_class">groddle_light_pool</str>
						<int id="w">319</int>
						<int id="z">7</int>
						<int id="r">-90</int>
						<int id="x">1183</int>
						<int id="y">801</int>
						<int id="h">82</int>
						<str id="name">groddle_light_pool_1308593065371</str>
					</object>
					<object id="groddle_light_pool_1308593065371">
						<str id="sprite_class">groddle_light_pool</str>
						<int id="w">319</int>
						<int id="z">10</int>
						<int id="r">-180</int>
						<int id="x">1004</int>
						<int id="y">694</int>
						<int id="h">82</int>
						<str id="name">groddle_light_pool_1308593065371</str>
					</object>
					<object id="groddle_light_pool_1309197793059">
						<str id="sprite_class">groddle_light_pool</str>
						<int id="w">319</int>
						<int id="z">14</int>
						<int id="x">1764</int>
						<int id="y">767</int>
						<int id="h">82</int>
						<str id="name">groddle_light_pool_1308593065371</str>
					</object>
					<object id="groddle_light_pool_1309197793055">
						<str id="sprite_class">groddle_light_pool</str>
						<int id="w">319</int>
						<int id="z">10</int>
						<int id="r">-180</int>
						<int id="x">1004</int>
						<int id="y">694</int>
						<int id="h">82</int>
						<str id="name">groddle_light_pool_1308593065371</str>
					</object>
					<object id="groddle_light_pool_1308610194796">
						<str id="sprite_class">groddle_light_pool</str>
						<int id="w">319</int>
						<int id="z">6</int>
						<int id="r">-90</int>
						<int id="x">1211</int>
						<int id="y">760</int>
						<int id="h">82</int>
						<str id="name">groddle_light_pool_1308593065371</str>
					</object>
					<object id="cloud_fluffy_1_1308610194798">
						<str id="sprite_class">cloud_fluffy_1</str>
						<int id="w">1009</int>
						<int id="z">4</int>
						<int id="x">1478</int>
						<int id="y">664</int>
						<int id="h">95</int>
						<str id="name">cloud_fluffy_1_1307731442949</str>
					</object>
					<object id="groddle_light_pool_1309197793060">
						<str id="sprite_class">groddle_light_pool</str>
						<int id="w">319</int>
						<int id="z">16</int>
						<int id="r">-70</int>
						<int id="x">1304</int>
						<int id="y">794</int>
						<int id="h">164</int>
						<str id="name">groddle_light_pool_1308593065371</str>
					</object>
					<object id="cloud_fluffy_2_1308610194801">
						<str id="sprite_class">cloud_fluffy_2</str>
						<int id="w">758</int>
						<int id="z">1</int>
						<int id="x">1199</int>
						<int id="y">636</int>
						<int id="h">89</int>
						<str id="name">cloud_fluffy_2_1307725023726</str>
					</object>
				</object>
				<int id="w">4800</int>
				<int id="h">1000</int>
				<int id="z">-4</int>
				<str id="name">sky</str>
				<object id="filtersNEW">
					<object id="saturation">
						<int id="value">-60</int>
					</object>
					<object id="tintColor">
						<int id="value">16760576</int>
					</object>
					<object id="tintAmount">
						<int id="value">81</int>
					</object>
					<object id="blur">
						<int id="value">3</int>
					</object>
					<object id="brightness">
						<int id="value">19</int>
					</object>
					<object id="contrast">
						<int id="value">0</int>
					</object>
				</object>
			</object>
			<object id="T_1307725023667">
				<object id="decos">
					<object id="lens_grass_1_1308610194655">
						<str id="sprite_class">lens_grass_1</str>
						<int id="w">147</int>
						<int id="z">40</int>
						<int id="x">2441</int>
						<int id="y">803</int>
						<int id="h">29</int>
						<str id="name">lens_grass_1_1307725023671</str>
					</object>
					<object id="pampas_2_1309197793076">
						<str id="sprite_class">pampas_2</str>
						<int id="w">33</int>
						<int id="z">46</int>
						<int id="x">5243</int>
						<int id="y">810</int>
						<int id="h">51</int>
						<str id="name">pampas_2_1307731442968</str>
					</object>
					<object id="lens_grass_1_1308610194664">
						<str id="sprite_class">lens_grass_1</str>
						<int id="w">147</int>
						<int id="z">36</int>
						<int id="x">408</int>
						<int id="y">810</int>
						<int id="h">29</int>
						<str id="name">lens_grass_1_1307725023671</str>
					</object>
					<object id="tree_acacia_2_1308610194691">
						<str id="sprite_class">tree_acacia_2</str>
						<int id="w">485</int>
						<int id="z">10</int>
						<int id="x">4247</int>
						<int id="y">759</int>
						<int id="h">272</int>
						<str id="name">tree_acacia_2_1307731442855</str>
					</object>
					<object id="pampas_2_1308610194681">
						<str id="sprite_class">pampas_2</str>
						<int id="w">20</int>
						<int id="z">20</int>
						<int id="x">4265</int>
						<int id="y">762</int>
						<int id="h">31</int>
						<str id="name">pampas_2_1307731442968</str>
					</object>
					<object id="lens_grass_2_1308610194698">
						<str id="sprite_class">lens_grass_2</str>
						<int id="w">1400</int>
						<int id="z">3</int>
						<int id="x">4145</int>
						<int id="y">838</int>
						<int id="h">102</int>
						<str id="name">lens_grass_2_1307725023672</str>
					</object>
					<object id="pampas_2_1309197793095">
						<str id="sprite_class">pampas_2</str>
						<int id="w">43</int>
						<int id="z">51</int>
						<int id="x">5659</int>
						<int id="y">851</int>
						<int id="h">67</int>
						<str id="name">pampas_2_1307731442968</str>
					</object>
					<object id="pampas_2_1309197793077">
						<str id="sprite_class">pampas_2</str>
						<int id="w">34</int>
						<int id="z">49</int>
						<int id="x">5227</int>
						<int id="y">792</int>
						<int id="h">53</int>
						<str id="name">pampas_2_1307731442968</str>
					</object>
					<object id="lens_grass_1_1308610194685">
						<str id="sprite_class">lens_grass_1</str>
						<int id="w">98</int>
						<int id="z">16</int>
						<int id="x">4509</int>
						<int id="y">750</int>
						<int id="h">19</int>
						<str id="name">lens_grass_1_1307725023671</str>
					</object>
					<object id="lens_grass_1_1308610194665">
						<str id="sprite_class">lens_grass_1</str>
						<int id="w">147</int>
						<int id="z">35</int>
						<int id="x">307</int>
						<int id="y">804</int>
						<int id="h">29</int>
						<str id="name">lens_grass_1_1307725023671</str>
					</object>
					<object id="lens_grass_1_1308610194662">
						<str id="sprite_class">lens_grass_1</str>
						<int id="w">147</int>
						<int id="z">38</int>
						<int id="x">264</int>
						<int id="y">826</int>
						<int id="h">29</int>
						<str id="name">lens_grass_1_1307725023671</str>
					</object>
					<object id="lens_grass_2_1308610194693">
						<str id="sprite_class">lens_grass_2</str>
						<int id="w">1400</int>
						<int id="z">9</int>
						<int id="r">-1</int>
						<int id="x">1599</int>
						<int id="y">887</int>
						<int id="h">102</int>
						<str id="name">lens_grass_2_1307725023672</str>
					</object>
					<object id="lens_grass_1_1308610194683">
						<str id="sprite_class">lens_grass_1</str>
						<int id="w">98</int>
						<int id="z">18</int>
						<int id="x">4558</int>
						<int id="y">764</int>
						<int id="h">19</int>
						<str id="name">lens_grass_1_1307725023671</str>
					</object>
					<object id="lens_grass_1_1308610194666">
						<str id="sprite_class">lens_grass_1</str>
						<int id="w">147</int>
						<int id="z">34</int>
						<int id="x">222</int>
						<int id="y">816</int>
						<int id="h">29</int>
						<str id="name">lens_grass_1_1307725023671</str>
					</object>
					<object id="alakol_cliff_2_1309197793075">
						<str id="sprite_class">alakol_cliff_2</str>
						<int id="w">590</int>
						<int id="z">45</int>
						<int id="r">1</int>
						<int id="x">5504</int>
						<int id="y">830</int>
						<int id="h">163</int>
						<str id="name">alakol_cliff_2_1307731442934</str>
					</object>
					<object id="tree_acacia_2_1308610194679">
						<str id="sprite_class">tree_acacia_2</str>
						<int id="w">690</int>
						<int id="z">22</int>
						<int id="x">1231</int>
						<int id="y">800</int>
						<int id="h">386</int>
						<str id="name">tree_acacia_2_1307731442855</str>
					</object>
					<object id="lens_grass_2_1308610194699">
						<str id="sprite_class">lens_grass_2</str>
						<int id="w">1400</int>
						<int id="z">2</int>
						<int id="r">2</int>
						<int id="x">4658</int>
						<int id="y">838</int>
						<int id="h">102</int>
						<str id="name">lens_grass_2_1307725023672</str>
					</object>
					<object id="lens_grass_1_1308610194684">
						<str id="sprite_class">lens_grass_1</str>
						<int id="w">98</int>
						<int id="z">17</int>
						<int id="x">4563</int>
						<int id="y">755</int>
						<int id="h">19</int>
						<str id="name">lens_grass_1_1307725023671</str>
					</object>
					<object id="lens_grass_2_1308610194670">
						<str id="sprite_class">lens_grass_2</str>
						<int id="w">1763</int>
						<int id="z">30</int>
						<int id="r">1</int>
						<int id="x">3525</int>
						<int id="y">952</int>
						<int id="h">178</int>
						<str id="name">lens_grass_2_1307725023672</str>
					</object>
					<object id="alakol_water_rock_2_1309197793080">
						<str id="sprite_class">alakol_water_rock_2</str>
						<int id="w">346</int>
						<int id="z">0</int>
						<int id="x">5653</int>
						<int id="y">803</int>
						<int id="h">220</int>
						<str id="name">alakol_water_rock_2_1307731442936</str>
					</object>
					<object id="lens_grass_1_1308610194689">
						<str id="sprite_class">lens_grass_1</str>
						<int id="w">107</int>
						<int id="z">12</int>
						<int id="x">1267</int>
						<int id="y">807</int>
						<int id="h">21</int>
						<str id="name">lens_grass_1_1307725023671</str>
					</object>
					<object id="lens_grass_2_1308610194672">
						<str id="sprite_class">lens_grass_2</str>
						<int id="w">1763</int>
						<int id="z">28</int>
						<int id="r">-1</int>
						<int id="x">2419</int>
						<int id="y">955</int>
						<int id="h">178</int>
						<str id="name">lens_grass_2_1307725023672</str>
					</object>
					<object id="lens_grass_2_1308610194673">
						<str id="sprite_class">lens_grass_2</str>
						<int id="w">1763</int>
						<int id="z">27</int>
						<int id="r">-1</int>
						<int id="x">1630</int>
						<int id="y">969</int>
						<int id="h">178</int>
						<str id="name">lens_grass_2_1307725023672</str>
					</object>
					<object id="lens_grass_1_1308610194654">
						<str id="sprite_class">lens_grass_1</str>
						<int id="w">147</int>
						<int id="z">41</int>
						<int id="x">2386</int>
						<int id="y">812</int>
						<int id="h">29</int>
						<str id="name">lens_grass_1_1307725023671</str>
					</object>
					<object id="pampas_1_1308610194661">
						<str id="sprite_class">pampas_1</str>
						<bool id="h_flip">true</bool>
						<int id="w">43</int>
						<int id="z">39</int>
						<int id="x">162</int>
						<int id="y">810</int>
						<int id="h">62</int>
						<str id="name">pampas_1_1307731442969</str>
					</object>
					<object id="lens_grass_1_1308610194687">
						<str id="sprite_class">lens_grass_1</str>
						<int id="w">107</int>
						<int id="z">14</int>
						<int id="x">1323</int>
						<int id="y">809</int>
						<int id="h">21</int>
						<str id="name">lens_grass_1_1307725023671</str>
					</object>
					<object id="pampas_2_1308610194680">
						<str id="sprite_class">pampas_2</str>
						<int id="w">33</int>
						<int id="z">21</int>
						<int id="x">1263</int>
						<int id="y">796</int>
						<int id="h">51</int>
						<str id="name">pampas_2_1307731442968</str>
					</object>
					<object id="lens_grass_2_1308610194676">
						<str id="sprite_class">lens_grass_2</str>
						<int id="w">1763</int>
						<int id="z">24</int>
						<int id="x">5178</int>
						<int id="y">948</int>
						<int id="h">178</int>
						<str id="name">lens_grass_2_1307725023672</str>
					</object>
					<object id="lens_grass_1_1308610194686">
						<str id="sprite_class">lens_grass_1</str>
						<int id="w">98</int>
						<int id="z">15</int>
						<int id="x">4484</int>
						<int id="y">747</int>
						<int id="h">19</int>
						<str id="name">lens_grass_1_1307725023671</str>
					</object>
					<object id="lens_grass_2_1308610194700">
						<str id="sprite_class">lens_grass_2</str>
						<int id="w">1400</int>
						<int id="z">1</int>
						<int id="x">5510</int>
						<int id="y">843</int>
						<int id="h">102</int>
						<str id="name">lens_grass_2_1307725023672</str>
					</object>
					<object id="lens_grass_2_1308610194669">
						<str id="sprite_class">lens_grass_2</str>
						<int id="w">1763</int>
						<int id="z">31</int>
						<int id="x">3991</int>
						<int id="y">976</int>
						<int id="h">178</int>
						<str id="name">lens_grass_2_1307725023672</str>
					</object>
					<object id="tree_acacia_4_1309197793067">
						<str id="sprite_class">tree_acacia_4</str>
						<int id="w">358</int>
						<int id="z">44</int>
						<int id="x">370</int>
						<int id="y">771</int>
						<int id="h">275</int>
						<str id="name">tree_acacia_4_1308593065382</str>
					</object>
					<object id="pampas_2_1309197793079">
						<str id="sprite_class">pampas_2</str>
						<int id="w">35</int>
						<int id="z">48</int>
						<int id="r">-10</int>
						<int id="x">5351</int>
						<int id="y">822</int>
						<int id="h">55</int>
						<str id="name">pampas_2_1307731442968</str>
					</object>
					<object id="lens_grass_1_1309197793096">
						<str id="sprite_class">lens_grass_1</str>
						<int id="w">269</int>
						<int id="z">50</int>
						<int id="x">5632</int>
						<int id="y">854</int>
						<int id="h">53</int>
						<str id="name">lens_grass_1_1307725023671</str>
					</object>
					<object id="lens_grass_1_1308610194682">
						<str id="sprite_class">lens_grass_1</str>
						<int id="w">98</int>
						<int id="z">19</int>
						<int id="x">4531</int>
						<int id="y">772</int>
						<int id="h">19</int>
						<str id="name">lens_grass_1_1307725023671</str>
					</object>
					<object id="lens_grass_1_1308610194688">
						<str id="sprite_class">lens_grass_1</str>
						<int id="w">107</int>
						<int id="z">13</int>
						<int id="x">1192</int>
						<int id="y">812</int>
						<int id="h">21</int>
						<str id="name">lens_grass_1_1307725023671</str>
					</object>
					<object id="lens_grass_1_1308610194652">
						<str id="sprite_class">lens_grass_1</str>
						<int id="w">147</int>
						<int id="z">43</int>
						<int id="x">2474</int>
						<int id="y">819</int>
						<int id="h">29</int>
						<str id="name">lens_grass_1_1307725023671</str>
					</object>
					<object id="lens_grass_1_1308610194653">
						<str id="sprite_class">lens_grass_1</str>
						<int id="w">147</int>
						<int id="z">42</int>
						<int id="x">2291</int>
						<int id="y">819</int>
						<int id="h">29</int>
						<str id="name">lens_grass_1_1307725023671</str>
					</object>
					<object id="lens_grass_2_1308610194668">
						<str id="sprite_class">lens_grass_2</str>
						<int id="w">1763</int>
						<int id="z">32</int>
						<int id="r">-1</int>
						<int id="x">5735</int>
						<int id="y">953</int>
						<int id="h">178</int>
						<str id="name">lens_grass_2_1307725023672</str>
					</object>
					<object id="lens_grass_2_1308610194696">
						<str id="sprite_class">lens_grass_2</str>
						<int id="w">1400</int>
						<int id="z">6</int>
						<int id="r">-1</int>
						<int id="x">2800</int>
						<int id="y">864</int>
						<int id="h">102</int>
						<str id="name">lens_grass_2_1307725023672</str>
					</object>
					<object id="lens_grass_2_1308610194674">
						<str id="sprite_class">lens_grass_2</str>
						<int id="w">1763</int>
						<int id="z">26</int>
						<int id="r">2</int>
						<int id="x">897</int>
						<int id="y">974</int>
						<int id="h">178</int>
						<str id="name">lens_grass_2_1307725023672</str>
					</object>
					<object id="lens_grass_2_1308610194697">
						<str id="sprite_class">lens_grass_2</str>
						<int id="w">1400</int>
						<int id="z">5</int>
						<int id="r">-1</int>
						<int id="x">2685</int>
						<int id="y">864</int>
						<int id="h">102</int>
						<str id="name">lens_grass_2_1307725023672</str>
					</object>
					<object id="lens_grass_2_1309197793066">
						<str id="sprite_class">lens_grass_2</str>
						<int id="w">1400</int>
						<int id="z">4</int>
						<int id="x">3337</int>
						<int id="y">844</int>
						<int id="h">102</int>
						<str id="name">lens_grass_2_1307725023672</str>
					</object>
					<object id="lens_grass_2_1308610194695">
						<str id="sprite_class">lens_grass_2</str>
						<int id="w">1400</int>
						<int id="z">7</int>
						<int id="r">2</int>
						<int id="x">388</int>
						<int id="y">853</int>
						<int id="h">102</int>
						<str id="name">lens_grass_2_1307725023672</str>
					</object>
					<object id="lens_grass_1_1308610194663">
						<str id="sprite_class">lens_grass_1</str>
						<int id="w">147</int>
						<int id="z">37</int>
						<int id="x">292</int>
						<int id="y">815</int>
						<int id="h">29</int>
						<str id="name">lens_grass_1_1307725023671</str>
					</object>
					<object id="lens_grass_2_1308610194675">
						<str id="sprite_class">lens_grass_2</str>
						<int id="w">1763</int>
						<int id="z">25</int>
						<int id="x">198</int>
						<int id="y">952</int>
						<int id="h">178</int>
						<str id="name">lens_grass_2_1307725023672</str>
					</object>
					<object id="lens_grass_2_1308610194671">
						<str id="sprite_class">lens_grass_2</str>
						<int id="w">1763</int>
						<int id="z">29</int>
						<int id="r">1</int>
						<int id="x">2753</int>
						<int id="y">944</int>
						<int id="h">178</int>
						<str id="name">lens_grass_2_1307725023672</str>
					</object>
					<object id="lens_grass_2_1308610194694">
						<str id="sprite_class">lens_grass_2</str>
						<int id="w">1400</int>
						<int id="z">8</int>
						<int id="r">3</int>
						<int id="x">1089</int>
						<int id="y">869</int>
						<int id="h">102</int>
						<str id="name">lens_grass_2_1307725023672</str>
					</object>
					<object id="lens_grass_2_1308610194677">
						<str id="sprite_class">lens_grass_2</str>
						<int id="w">1763</int>
						<int id="z">23</int>
						<int id="r">-1</int>
						<int id="x">4382</int>
						<int id="y">943</int>
						<int id="h">178</int>
						<str id="name">lens_grass_2_1307725023672</str>
					</object>
					<object id="lens_grass_1_1308610194690">
						<str id="sprite_class">lens_grass_1</str>
						<int id="w">107</int>
						<int id="z">11</int>
						<int id="x">1338</int>
						<int id="y">801</int>
						<int id="h">21</int>
						<str id="name">lens_grass_1_1307725023671</str>
					</object>
					<object id="lens_grass_1_1308610194667">
						<str id="sprite_class">lens_grass_1</str>
						<int id="w">147</int>
						<int id="z">33</int>
						<int id="x">178</int>
						<int id="y">804</int>
						<int id="h">29</int>
						<str id="name">lens_grass_1_1307725023671</str>
					</object>
				</object>
				<int id="w">5700</int>
				<int id="h">1000</int>
				<int id="z">-1</int>
				<str id="name">bg_1</str>
				<object id="filtersNEW">
					<object id="brightness">
						<int id="value">13</int>
					</object>
					<object id="saturation">
						<int id="value">13</int>
					</object>
					<object id="tintColor">
						<int id="value">0</int>
					</object>
					<object id="contrast">
						<int id="value">0</int>
					</object>
				</object>
			</object>
			<object id="T_1307725023670">
				<object id="decos">
					<object id="lens_grass_2_1308610194779">
						<str id="sprite_class">lens_grass_2</str>
						<int id="w">712</int>
						<int id="z">13</int>
						<int id="x">1442</int>
						<int id="y">736</int>
						<int id="h">29</int>
						<str id="name">lens_grass_2_1307725023672</str>
					</object>
					<object id="pampas_2_1309197793085">
						<str id="sprite_class">pampas_2</str>
						<int id="w">13</int>
						<int id="z">42</int>
						<int id="x">1442</int>
						<int id="y">767</int>
						<int id="h">20</int>
						<str id="name">pampas_2_1307731442968</str>
					</object>
					<object id="heights_bush_1_1308610194756">
						<str id="sprite_class">heights_bush_1</str>
						<bool id="h_flip">true</bool>
						<int id="w">9</int>
						<int id="z">26</int>
						<int id="x">1346</int>
						<int id="y">731</int>
						<int id="h">5</int>
						<str id="name">heights_bush_1_1308593896995</str>
					</object>
					<object id="heights_bush_4_1308610194788">
						<str id="sprite_class">heights_bush_4</str>
						<int id="w">599</int>
						<int id="z">6</int>
						<int id="r">-1</int>
						<int id="x">574</int>
						<int id="y">731</int>
						<int id="h">22</int>
						<str id="name">heights_bush_4_1307731442857</str>
					</object>
					<object id="lens_grass_2_1308610194774">
						<str id="sprite_class">lens_grass_2</str>
						<int id="w">1158</int>
						<int id="z">17</int>
						<int id="r">-1</int>
						<int id="x">2361</int>
						<int id="y">756</int>
						<int id="h">47</int>
						<str id="name">lens_grass_2_1307725023672</str>
					</object>
					<object id="pampas_2_1309197793088">
						<str id="sprite_class">pampas_2</str>
						<int id="w">13</int>
						<int id="z">39</int>
						<int id="x">1648</int>
						<int id="y">764</int>
						<int id="h">20</int>
						<str id="name">pampas_2_1307731442968</str>
					</object>
					<object id="heights_bush_4_1308610194782">
						<str id="sprite_class">heights_bush_4</str>
						<int id="w">586</int>
						<int id="z">11</int>
						<int id="r">-3</int>
						<int id="x">2</int>
						<int id="y">742</int>
						<int id="h">23</int>
						<str id="name">heights_bush_4_1307731442857</str>
					</object>
					<object id="heights_bush_4_1308610194786">
						<str id="sprite_class">heights_bush_4</str>
						<int id="w">592</int>
						<int id="z">8</int>
						<int id="x">485</int>
						<int id="y">735</int>
						<int id="h">22</int>
						<str id="name">heights_bush_4_1307731442857</str>
					</object>
					<object id="pampas_2_1309197793087">
						<str id="sprite_class">pampas_2</str>
						<int id="w">13</int>
						<int id="z">40</int>
						<int id="x">1468</int>
						<int id="y">771</int>
						<int id="h">20</int>
						<str id="name">pampas_2_1307731442968</str>
					</object>
					<object id="lens_grass_2_1308610194775">
						<str id="sprite_class">lens_grass_2</str>
						<int id="w">546</int>
						<int id="z">16</int>
						<int id="r">-1</int>
						<int id="x">958</int>
						<int id="y">742</int>
						<int id="h">22</int>
						<str id="name">lens_grass_2_1307725023672</str>
					</object>
					<object id="tree_acacia_1_1308610194769">
						<str id="sprite_class">tree_acacia_1</str>
						<int id="w">31</int>
						<int id="z">22</int>
						<int id="x">1792</int>
						<int id="y">718</int>
						<int id="h">20</int>
						<str id="name">tree_acacia_1_1307731442861</str>
					</object>
					<object id="lens_grass_2_1308610194750">
						<str id="sprite_class">lens_grass_2</str>
						<bool id="h_flip">true</bool>
						<int id="w">162</int>
						<int id="z">32</int>
						<int id="x">1441</int>
						<int id="y">751</int>
						<int id="h">17</int>
						<str id="name">lens_grass_2_1308593897037</str>
					</object>
					<object id="lens_grass_2_1308610194749">
						<str id="sprite_class">lens_grass_2</str>
						<bool id="h_flip">true</bool>
						<int id="w">245</int>
						<int id="z">33</int>
						<int id="x">1676</int>
						<int id="y">764</int>
						<int id="h">43</int>
						<str id="name">lens_grass_2_1308593897037</str>
					</object>
					<object id="heights_bush_2_1308610194754">
						<str id="sprite_class">heights_bush_2</str>
						<int id="w">14</int>
						<int id="z">28</int>
						<int id="x">1228</int>
						<int id="y">732</int>
						<int id="h">7</int>
						<str id="name">heights_bush_2_1308593897000</str>
					</object>
					<object id="heights_bush_4_1308610194785">
						<str id="sprite_class">heights_bush_4</str>
						<int id="w">497</int>
						<int id="z">9</int>
						<int id="r">1</int>
						<int id="x">1663</int>
						<int id="y">718</int>
						<int id="h">23</int>
						<str id="name">heights_bush_4_1307731442857</str>
					</object>
					<object id="tree_acacia_1_1308610194768">
						<str id="sprite_class">tree_acacia_1</str>
						<int id="w">31</int>
						<int id="z">24</int>
						<int id="x">2411</int>
						<int id="y">708</int>
						<int id="h">19</int>
						<str id="name">tree_acacia_1_1307731442861</str>
					</object>
					<object id="lens_grass_2_1308610194771">
						<str id="sprite_class">lens_grass_2</str>
						<int id="w">1158</int>
						<int id="z">21</int>
						<int id="x">3991</int>
						<int id="y">753</int>
						<int id="h">47</int>
						<str id="name">lens_grass_2_1307725023672</str>
					</object>
					<object id="lens_grass_2_1309197793072">
						<str id="sprite_class">lens_grass_2</str>
						<int id="w">1158</int>
						<int id="z">3</int>
						<int id="r">1</int>
						<int id="x">4660</int>
						<int id="y">748</int>
						<int id="h">47</int>
						<str id="name">lens_grass_2_1307725023672</str>
					</object>
					<object id="lens_grass_2_1309197793053">
						<str id="sprite_class">lens_grass_2</str>
						<int id="w">855</int>
						<int id="z">19</int>
						<int id="r">1</int>
						<int id="x">73</int>
						<int id="y">765</int>
						<int id="h">35</int>
						<str id="name">lens_grass_2_1307725023672</str>
					</object>
					<object id="heights_bush_4_1308610194784">
						<str id="sprite_class">heights_bush_4</str>
						<bool id="h_flip">true</bool>
						<int id="w">527</int>
						<int id="z">10</int>
						<int id="x">1327</int>
						<int id="y">721</int>
						<int id="h">25</int>
						<str id="name">heights_bush_4_1307731442857</str>
					</object>
					<object id="tree_acacia_2_1308610194751">
						<str id="sprite_class">tree_acacia_2</str>
						<int id="w">88</int>
						<int id="z">31</int>
						<int id="x">1848</int>
						<int id="y">746</int>
						<int id="h">48</int>
						<str id="name">tree_acacia_2_1308593897008</str>
					</object>
					<object id="pampas_2_1309197793093">
						<str id="sprite_class">pampas_2</str>
						<int id="w">14</int>
						<int id="z">44</int>
						<int id="x">1561</int>
						<int id="y">772</int>
						<int id="h">21</int>
						<str id="name">pampas_2_1307731442968</str>
					</object>
					<object id="heights_bush_1_1309197793090">
						<str id="sprite_class">heights_bush_1</str>
						<int id="w">24</int>
						<int id="z">37</int>
						<int id="x">1463</int>
						<int id="y">754</int>
						<int id="h">14</int>
						<str id="name">heights_bush_1_1308593896995</str>
					</object>
					<object id="lens_grass_2_1308610194780">
						<str id="sprite_class">lens_grass_2</str>
						<int id="w">1158</int>
						<int id="z">12</int>
						<int id="x">2874</int>
						<int id="y">733</int>
						<int id="h">47</int>
						<str id="name">lens_grass_2_1307725023672</str>
					</object>
					<object id="tree_acacia_1_1309197793097">
						<str id="sprite_class">tree_acacia_1</str>
						<int id="w">31</int>
						<int id="z">23</int>
						<int id="x">4667</int>
						<int id="y">708</int>
						<int id="h">20</int>
						<str id="name">tree_acacia_1_1307731442861</str>
					</object>
					<object id="lens_grass_2_1308610194777">
						<str id="sprite_class">lens_grass_2</str>
						<int id="w">820</int>
						<int id="z">14</int>
						<int id="r">-1</int>
						<int id="x">837</int>
						<int id="y">735</int>
						<int id="h">23</int>
						<str id="name">lens_grass_2_1307725023672</str>
					</object>
					<object id="heights_bush_4_1308610194787">
						<str id="sprite_class">heights_bush_4</str>
						<int id="w">374</int>
						<int id="z">7</int>
						<int id="r">-2</int>
						<int id="x">194</int>
						<int id="y">737</int>
						<int id="h">24</int>
						<str id="name">heights_bush_4_1307731442857</str>
					</object>
					<object id="lens_grass_2_1309197793071">
						<str id="sprite_class">lens_grass_2</str>
						<int id="w">1158</int>
						<int id="z">4</int>
						<int id="r">-1</int>
						<int id="x">5100</int>
						<int id="y">743</int>
						<int id="h">47</int>
						<str id="name">lens_grass_2_1307725023672</str>
					</object>
					<object id="alakol_water_rock_1_1308610194791">
						<str id="sprite_class">alakol_water_rock_1</str>
						<int id="w">17</int>
						<int id="z">5</int>
						<int id="x">1423</int>
						<int id="y">710</int>
						<int id="h">11</int>
						<str id="name">alakol_water_rock_1_1307731442935</str>
					</object>
					<object id="heights_bush_1_1309197793091">
						<str id="sprite_class">heights_bush_1</str>
						<int id="w">29</int>
						<int id="z">36</int>
						<int id="x">1546</int>
						<int id="y">762</int>
						<int id="h">17</int>
						<str id="name">heights_bush_1_1308593896995</str>
					</object>
					<object id="lens_grass_2_1308610194773">
						<str id="sprite_class">lens_grass_2</str>
						<int id="w">855</int>
						<int id="z">18</int>
						<int id="r">1</int>
						<int id="x">418</int>
						<int id="y">757</int>
						<int id="h">35</int>
						<str id="name">lens_grass_2_1307725023672</str>
					</object>
					<object id="lens_grass_2_1308610194772">
						<str id="sprite_class">lens_grass_2</str>
						<int id="w">1158</int>
						<int id="z">20</int>
						<int id="r">1</int>
						<int id="x">3535</int>
						<int id="y">748</int>
						<int id="h">47</int>
						<str id="name">lens_grass_2_1307725023672</str>
					</object>
					<object id="heights_bush_4_1309197793100">
						<str id="sprite_class">heights_bush_4</str>
						<bool id="h_flip">true</bool>
						<int id="w">472</int>
						<int id="z">2</int>
						<int id="r">4</int>
						<int id="x">4907</int>
						<int id="y">724</int>
						<int id="h">23</int>
						<str id="name">heights_bush_4_1307731442857</str>
					</object>
					<object id="tree_acacia_4_1309197793086">
						<str id="sprite_class">tree_acacia_4</str>
						<int id="w">122</int>
						<int id="z">41</int>
						<int id="x">1448</int>
						<int id="y">760</int>
						<int id="h">94</int>
						<str id="name">tree_acacia_4_1308593065382</str>
					</object>
					<object id="heights_bush_1_1308610194755">
						<str id="sprite_class">heights_bush_1</str>
						<bool id="h_flip">true</bool>
						<int id="w">9</int>
						<int id="z">27</int>
						<int id="x">1352</int>
						<int id="y">733</int>
						<int id="h">5</int>
						<str id="name">heights_bush_1_1308593896995</str>
					</object>
					<object id="tree_acacia_1_1309197793092">
						<str id="sprite_class">tree_acacia_1</str>
						<int id="w">108</int>
						<int id="z">35</int>
						<int id="x">1640</int>
						<int id="y">757</int>
						<int id="h">67</int>
						<str id="name">tree_acacia_1_1308593897007</str>
					</object>
					<object id="heights_bush_4_1308610194783">
						<str id="sprite_class">heights_bush_4</str>
						<bool id="h_flip">true</bool>
						<int id="w">472</int>
						<int id="z">0</int>
						<int id="r">-1</int>
						<int id="x">4031</int>
						<int id="y">716</int>
						<int id="h">23</int>
						<str id="name">heights_bush_4_1307731442857</str>
					</object>
					<object id="lens_grass_2_1308610194776">
						<str id="sprite_class">lens_grass_2</str>
						<int id="w">1376</int>
						<int id="z">15</int>
						<int id="r">1</int>
						<int id="x">1851</int>
						<int id="y">755</int>
						<int id="h">50</int>
						<str id="name">lens_grass_2_1307725023672</str>
					</object>
					<object id="pampas_2_1309197793089">
						<str id="sprite_class">pampas_2</str>
						<int id="w">13</int>
						<int id="z">38</int>
						<int id="x">1552</int>
						<int id="y">773</int>
						<int id="h">20</int>
						<str id="name">pampas_2_1307731442968</str>
					</object>
					<object id="tree_acacia_2_1308610194753">
						<str id="sprite_class">tree_acacia_2</str>
						<int id="w">40</int>
						<int id="z">29</int>
						<int id="x">1209</int>
						<int id="y">731</int>
						<int id="h">22</int>
						<str id="name">tree_acacia_2_1308593897008</str>
					</object>
					<object id="pampas_2_1309197793084">
						<str id="sprite_class">pampas_2</str>
						<int id="w">14</int>
						<int id="z">43</int>
						<int id="x">1459</int>
						<int id="y">768</int>
						<int id="h">21</int>
						<str id="name">pampas_2_1307731442968</str>
					</object>
					<object id="heights_bush_2_1308610194757">
						<str id="sprite_class">heights_bush_2</str>
						<int id="w">14</int>
						<int id="z">25</int>
						<int id="x">1388</int>
						<int id="y">741</int>
						<int id="h">7</int>
						<str id="name">heights_bush_2_1308593897000</str>
					</object>
					<object id="tree_acacia_4_1308610194752">
						<str id="sprite_class">tree_acacia_4</str>
						<int id="w">33</int>
						<int id="z">30</int>
						<int id="x">982</int>
						<int id="y">737</int>
						<int id="h">25</int>
						<str id="name">tree_acacia_4_1308593897013</str>
					</object>
					<object id="lens_grass_2_1308610194747">
						<str id="sprite_class">lens_grass_2</str>
						<bool id="h_flip">true</bool>
						<int id="w">245</int>
						<int id="z">34</int>
						<int id="x">1536</int>
						<int id="y">774</int>
						<int id="h">43</int>
						<str id="name">lens_grass_2_1308593897037</str>
					</object>
					<object id="heights_bush_4_1309197793099">
						<str id="sprite_class">heights_bush_4</str>
						<bool id="h_flip">true</bool>
						<int id="w">472</int>
						<int id="z">1</int>
						<int id="r">-1</int>
						<int id="x">4472</int>
						<int id="y">714</int>
						<int id="h">23</int>
						<str id="name">heights_bush_4_1307731442857</str>
					</object>
				</object>
				<int id="w">5280</int>
				<int id="h">1000</int>
				<int id="z">-3</int>
				<str id="name">bg_3</str>
				<object id="filtersNEW">
					<object id="blur">
						<int id="value">2</int>
					</object>
					<object id="brightness">
						<int id="value">25</int>
					</object>
					<object id="saturation">
						<int id="value">6</int>
					</object>
					<object id="tintColor">
						<int id="value">0</int>
					</object>
					<object id="contrast">
						<int id="value">0</int>
					</object>
				</object>
			</object>
			<object id="middleground">
				<object id="decos">
					<object id="lens_grass_2_1309263852129">
						<str id="sprite_class">lens_grass_2</str>
						<int id="w">2168</int>
						<int id="z">5</int>
						<int id="r">-1</int>
						<int id="x">1517</int>
						<int id="y">60</int>
						<int id="h">219</int>
						<str id="name">lens_grass_2_1307725023672</str>
					</object>
					<object id="lens_grass_1_1308610194606">
						<str id="sprite_class">lens_grass_1</str>
						<int id="w">271</int>
						<int id="z">18</int>
						<int id="x">1474</int>
						<int id="y">-148</int>
						<int id="h">35</int>
						<str id="name">lens_grass_1_1307725023671</str>
					</object>
					<object id="lens_grass_1_1308610194610">
						<str id="sprite_class">lens_grass_1</str>
						<int id="w">269</int>
						<int id="z">14</int>
						<int id="x">35</int>
						<int id="y">-110</int>
						<int id="h">53</int>
						<str id="name">lens_grass_1_1307725023671</str>
					</object>
					<object id="lens_grass_1_1308610194615">
						<str id="sprite_class">lens_grass_1</str>
						<int id="w">329</int>
						<int id="z">8</int>
						<int id="x">-1994</int>
						<int id="y">-21</int>
						<int id="h">65</int>
						<str id="name">lens_grass_1_1307725023671</str>
					</object>
					<object id="pampas_2_1308610194599">
						<str id="sprite_class">pampas_2</str>
						<int id="w">55</int>
						<int id="z">24</int>
						<int id="x">-792</int>
						<int id="y">-104</int>
						<int id="h">85</int>
						<str id="name">pampas_2_1307731442968</str>
					</object>
					<object id="lens_grass_1_1308610194608">
						<str id="sprite_class">lens_grass_1</str>
						<int id="w">269</int>
						<int id="z">16</int>
						<int id="x">201</int>
						<int id="y">13</int>
						<int id="h">53</int>
						<str id="name">lens_grass_1_1307725023671</str>
					</object>
					<object id="lens_grass_1_1308610194616">
						<str id="sprite_class">lens_grass_1</str>
						<int id="w">329</int>
						<int id="z">7</int>
						<int id="x">-2108</int>
						<int id="y">-40</int>
						<int id="h">65</int>
						<str id="name">lens_grass_1_1307725023671</str>
					</object>
					<object id="lens_grass_1_1308610194613">
						<str id="sprite_class">lens_grass_1</str>
						<int id="w">223</int>
						<int id="z">11</int>
						<int id="x">-1162</int>
						<int id="y">-110</int>
						<int id="h">33</int>
						<str id="name">lens_grass_1_1307725023671</str>
					</object>
					<object id="pampas_2_1309204450452">
						<str id="sprite_class">pampas_2</str>
						<int id="w">58</int>
						<int id="z">9</int>
						<int id="r">10</int>
						<int id="x">803</int>
						<int id="y">-105</int>
						<int id="h">90</int>
						<str id="name">pampas_2_1307731442968</str>
					</object>
					<object id="lens_grass_1_1308610194601">
						<str id="sprite_class">lens_grass_1</str>
						<int id="w">269</int>
						<int id="z">23</int>
						<int id="x">2592</int>
						<int id="y">5</int>
						<int id="h">53</int>
						<str id="name">lens_grass_1_1307725023671</str>
					</object>
					<object id="lens_grass_2_1308610194621">
						<str id="sprite_class">lens_grass_2</str>
						<int id="w">2536</int>
						<int id="z">0</int>
						<int id="x">-201</int>
						<int id="y">48</int>
						<int id="h">219</int>
						<str id="name">lens_grass_2_1307725023672</str>
					</object>
					<object id="lens_grass_1_1308610194611">
						<str id="sprite_class">lens_grass_1</str>
						<int id="w">269</int>
						<int id="z">13</int>
						<int id="x">-97</int>
						<int id="y">-126</int>
						<int id="h">53</int>
						<str id="name">lens_grass_1_1307725023671</str>
					</object>
					<object id="lens_grass_1_1308610194605">
						<str id="sprite_class">lens_grass_1</str>
						<int id="w">269</int>
						<int id="z">19</int>
						<int id="x">1185</int>
						<int id="y">-9</int>
						<int id="h">53</int>
						<str id="name">lens_grass_1_1307725023671</str>
					</object>
					<object id="lens_grass_2_1309263852130">
						<str id="sprite_class">lens_grass_2</str>
						<int id="w">2168</int>
						<int id="z">6</int>
						<int id="r">-1</int>
						<int id="x">2462</int>
						<int id="y">78</int>
						<int id="h">219</int>
						<str id="name">lens_grass_2_1307725023672</str>
					</object>
					<object id="lens_grass_1_1308610194609">
						<str id="sprite_class">lens_grass_1</str>
						<int id="w">269</int>
						<int id="z">15</int>
						<int id="x">345</int>
						<int id="y">-10</int>
						<int id="h">53</int>
						<str id="name">lens_grass_1_1307725023671</str>
					</object>
					<object id="lens_grass_2_1308610194620">
						<str id="sprite_class">lens_grass_2</str>
						<int id="w">2168</int>
						<int id="z">1</int>
						<int id="x">-2486</int>
						<int id="y">56</int>
						<int id="h">219</int>
						<str id="name">lens_grass_2_1307725023672</str>
					</object>
					<object id="pampas_2_1309204450450">
						<str id="sprite_class">pampas_2</str>
						<int id="w">55</int>
						<int id="z">26</int>
						<int id="x">2384</int>
						<int id="y">-96</int>
						<int id="h">85</int>
						<str id="name">pampas_2_1307731442968</str>
					</object>
					<object id="lens_grass_1_1308610194604">
						<str id="sprite_class">lens_grass_1</str>
						<int id="w">269</int>
						<int id="z">20</int>
						<int id="x">1610</int>
						<int id="y">-131</int>
						<int id="h">53</int>
						<str id="name">lens_grass_1_1307725023671</str>
					</object>
					<object id="lens_grass_1_1308610194603">
						<str id="sprite_class">lens_grass_1</str>
						<int id="w">269</int>
						<int id="z">21</int>
						<int id="x">1742</int>
						<int id="y">-119</int>
						<int id="h">53</int>
						<str id="name">lens_grass_1_1307725023671</str>
					</object>
					<object id="lens_grass_1_1308610194614">
						<str id="sprite_class">lens_grass_1</str>
						<int id="w">329</int>
						<int id="z">10</int>
						<int id="x">-2025</int>
						<int id="y">1</int>
						<int id="h">65</int>
						<str id="name">lens_grass_1_1307725023671</str>
					</object>
					<object id="lens_grass_2_1308610194617">
						<str id="sprite_class">lens_grass_2</str>
						<int id="w">2168</int>
						<int id="z">4</int>
						<int id="r">-1</int>
						<int id="x">2582</int>
						<int id="y">60</int>
						<int id="h">219</int>
						<str id="name">lens_grass_2_1307725023672</str>
					</object>
					<object id="lens_grass_1_1308610194612">
						<str id="sprite_class">lens_grass_1</str>
						<int id="w">269</int>
						<int id="z">12</int>
						<int id="x">-738</int>
						<int id="y">14</int>
						<int id="h">53</int>
						<str id="name">lens_grass_1_1307725023671</str>
					</object>
					<object id="lens_grass_1_1308610194602">
						<str id="sprite_class">lens_grass_1</str>
						<int id="w">269</int>
						<int id="z">22</int>
						<int id="x">2463</int>
						<int id="y">-10</int>
						<int id="h">53</int>
						<str id="name">lens_grass_1_1307725023671</str>
					</object>
					<object id="lens_grass_1_1308610194607">
						<str id="sprite_class">lens_grass_1</str>
						<int id="w">223</int>
						<int id="z">17</int>
						<int id="x">-1061</int>
						<int id="y">-95</int>
						<int id="h">44</int>
						<str id="name">lens_grass_1_1307725023671</str>
					</object>
					<object id="lens_grass_2_1308610194618">
						<str id="sprite_class">lens_grass_2</str>
						<int id="w">2168</int>
						<int id="z">3</int>
						<int id="x">713</int>
						<int id="y">62</int>
						<int id="h">219</int>
						<str id="name">lens_grass_2_1307725023672</str>
					</object>
					<object id="pampas_2_1309204450451">
						<str id="sprite_class">pampas_2</str>
						<int id="w">60</int>
						<int id="z">27</int>
						<int id="x">718</int>
						<int id="y">-92</int>
						<int id="h">93</int>
						<str id="name">pampas_2_1307731442968</str>
					</object>
					<object id="lens_grass_2_1308610194619">
						<str id="sprite_class">lens_grass_2</str>
						<int id="w">2168</int>
						<int id="z">2</int>
						<int id="x">-1362</int>
						<int id="y">72</int>
						<int id="h">219</int>
						<str id="name">lens_grass_2_1307725023672</str>
					</object>
					<object id="tree_acacia_1_1309204450449">
						<str id="sprite_class">tree_acacia_1</str>
						<int id="w">1443</int>
						<int id="z">25</int>
						<int id="x">763</int>
						<int id="y">-84</int>
						<int id="h">903</int>
						<str id="name">tree_acacia_1_1309197793081</str>
					</object>
				</object>
				<object id="ladders">
				</object>
				<object id="signposts">
					<object id="signpost_2">
						<int id="y">-85</int>
						<int id="h">200</int>
						<int id="w">100</int>
						<int id="x">2801</int>
						<object id="connects">
							<object id="0">
								<int id="x">-2672</int>
								<str id="mote_id">9</str>
								<int id="y">-110</int>
								<str id="swf_file_versioned">http://c2.glitch.bz/locations/groddle1/1317079592.swf</str>
								<str id="hub_id">91</str>
								<objref id="target" tsid="LA513BTM0J524D4" label="Loutish Ln C"/>
							</object>
							<object id="1">
								<int id="x">-2662</int>
								<str id="mote_id">9</str>
								<int id="y">-400</int>
								<str id="swf_file_versioned">http://c2.glitch.bz/locations/groddle1/1317079592.swf</str>
								<str id="hub_id">91</str>
								<objref id="target" tsid="LA514K0J3J52ID0" label="Yokel Yarn 5"/>
							</object>
							<object id="2">
								<int id="x">2663</int>
								<str id="mote_id">9</str>
								<int id="y">-115</int>
								<str id="swf_file_versioned">http://c2.glitch.bz/locations/groddle1/1317079592.swf</str>
								<str id="hub_id">91</str>
								<objref id="target" tsid="LA512SK50J52F8M" label="Yokel Yarn 4"/>
							</object>
						</object>
					</object>
					<object id="signpost_1">
						<int id="y">-91</int>
						<int id="h">200</int>
						<int id="w">100</int>
						<int id="x">-2781</int>
						<object id="connects">
							<object id="0">
								<int id="x">2665</int>
								<str id="mote_id">9</str>
								<int id="y">-105</int>
								<str id="swf_file_versioned">http://c2.glitch.bz/locations/groddle1/1317079592.swf</str>
								<str id="hub_id">91</str>
								<objref id="target" tsid="LA513A7M0J521F2" label="Loutish Ln A"/>
							</object>
							<object id="1">
								<int id="x">-2655</int>
								<str id="mote_id">9</str>
								<int id="y">-115</int>
								<str id="swf_file_versioned">http://c2.glitch.bz/locations/groddle1/1317079592.swf</str>
								<str id="hub_id">91</str>
								<objref id="target" tsid="LA513CDN0J52ND9" label="Boor Bane E"/>
							</object>
							<object id="2">
								<int id="x">2678</int>
								<str id="mote_id">9</str>
								<int id="y">-100</int>
								<str id="swf_file_versioned">http://c2.glitch.bz/locations/groddle1/1317079592.swf</str>
								<str id="hub_id">91</str>
								<objref id="target" tsid="LA5139FL0J52SP5" label="Boor Bane D"/>
							</object>
						</object>
					</object>
				</object>
				<object id="filtersNEW">
					<object id="brightness">
						<int id="value">9</int>
					</object>
					<object id="saturation">
						<int id="value">18</int>
					</object>
					<object id="tintColor">
						<int id="value">0</int>
					</object>
					<object id="contrast">
						<int id="value">0</int>
					</object>
				</object>
				<object id="platform_lines">
					<object id="plat_1308610194627">
						<int id="platform_item_perm">-1</int>
						<object id="start">
							<int id="y">-84</int>
							<int id="x">-2080</int>
						</object>
						<object id="end">
							<int id="y">-70</int>
							<int id="x">-1947</int>
						</object>
						<int id="platform_pc_perm">-1</int>
					</object>
					<object id="plat_1308610194636">
						<int id="platform_item_perm">-1</int>
						<object id="start">
							<int id="y">-75</int>
							<int id="x">-4</int>
						</object>
						<object id="end">
							<int id="y">-79</int>
							<int id="x">306</int>
						</object>
						<int id="platform_pc_perm">-1</int>
					</object>
					<object id="plat_1308610194647">
						<int id="platform_item_perm">-1</int>
						<object id="start">
							<int id="y">-67</int>
							<int id="x">2807</int>
						</object>
						<object id="end">
							<int id="y">-63</int>
							<int id="x">2999</int>
						</object>
						<int id="platform_pc_perm">-1</int>
					</object>
					<object id="plat_1308610194631">
						<int id="platform_item_perm">-1</int>
						<object id="start">
							<int id="y">-67</int>
							<int id="x">-1526</int>
						</object>
						<object id="end">
							<int id="y">-74</int>
							<int id="x">-1251</int>
						</object>
						<int id="platform_pc_perm">-1</int>
					</object>
					<object id="plat_1308610194629">
						<int id="platform_item_perm">-1</int>
						<object id="start">
							<int id="y">-47</int>
							<int id="x">-1853</int>
						</object>
						<object id="end">
							<int id="y">-55</int>
							<int id="x">-1761</int>
						</object>
						<int id="platform_pc_perm">-1</int>
					</object>
					<object id="plat_1308610194637">
						<int id="platform_item_perm">-1</int>
						<object id="start">
							<int id="y">-79</int>
							<int id="x">306</int>
						</object>
						<object id="end">
							<int id="y">-68</int>
							<int id="x">507</int>
						</object>
						<int id="platform_pc_perm">-1</int>
					</object>
					<object id="plat_1308610194642">
						<int id="platform_item_perm">-1</int>
						<object id="start">
							<int id="y">-68</int>
							<int id="x">1449</int>
						</object>
						<object id="end">
							<int id="y">-69</int>
							<int id="x">1681</int>
						</object>
						<int id="platform_pc_perm">-1</int>
					</object>
					<object id="plat_1308610194646">
						<int id="platform_item_perm">-1</int>
						<object id="start">
							<int id="y">-85</int>
							<int id="x">2564</int>
						</object>
						<object id="end">
							<int id="y">-67</int>
							<int id="x">2807</int>
						</object>
						<int id="platform_pc_perm">-1</int>
					</object>
					<object id="plat_1308610194623">
						<int id="platform_item_perm">-1</int>
						<object id="start">
							<int id="y">-68</int>
							<int id="x">-2999</int>
						</object>
						<object id="end">
							<int id="y">-73</int>
							<int id="x">-2677</int>
						</object>
						<int id="platform_pc_perm">-1</int>
					</object>
					<object id="plat_1308610194633">
						<int id="platform_item_perm">-1</int>
						<object id="start">
							<int id="y">-82</int>
							<int id="x">-1016</int>
						</object>
						<object id="end">
							<int id="y">-88</int>
							<int id="x">-719</int>
						</object>
						<int id="platform_pc_perm">-1</int>
					</object>
					<object id="plat_1308610194639">
						<int id="platform_item_perm">-1</int>
						<object id="start">
							<int id="y">-69</int>
							<int id="x">846</int>
						</object>
						<object id="end">
							<int id="y">-69</int>
							<int id="x">1056</int>
						</object>
						<int id="platform_pc_perm">-1</int>
					</object>
					<object id="plat_1308610194625">
						<int id="platform_item_perm">-1</int>
						<object id="start">
							<int id="y">-72</int>
							<int id="x">-2254</int>
						</object>
						<object id="end">
							<int id="y">-86</int>
							<int id="x">-2178</int>
						</object>
						<int id="platform_pc_perm">-1</int>
					</object>
					<object id="plat_1308610194638">
						<int id="platform_item_perm">-1</int>
						<object id="start">
							<int id="y">-68</int>
							<int id="x">507</int>
						</object>
						<object id="end">
							<int id="y">-69</int>
							<int id="x">846</int>
						</object>
						<int id="platform_pc_perm">-1</int>
					</object>
					<object id="plat_1308610194635">
						<int id="platform_item_perm">-1</int>
						<object id="start">
							<int id="y">-83</int>
							<int id="x">-430</int>
						</object>
						<object id="end">
							<int id="y">-75</int>
							<int id="x">-4</int>
						</object>
						<int id="platform_pc_perm">-1</int>
					</object>
					<object id="plat_1308610194624">
						<int id="platform_item_perm">-1</int>
						<object id="start">
							<int id="y">-73</int>
							<int id="x">-2677</int>
						</object>
						<object id="end">
							<int id="y">-72</int>
							<int id="x">-2254</int>
						</object>
						<int id="platform_pc_perm">-1</int>
					</object>
					<object id="plat_1308610194626">
						<int id="platform_item_perm">-1</int>
						<object id="start">
							<int id="y">-86</int>
							<int id="x">-2178</int>
						</object>
						<object id="end">
							<int id="y">-84</int>
							<int id="x">-2080</int>
						</object>
						<int id="platform_pc_perm">-1</int>
					</object>
					<object id="plat_1308610194634">
						<int id="platform_item_perm">-1</int>
						<object id="start">
							<int id="y">-88</int>
							<int id="x">-719</int>
						</object>
						<object id="end">
							<int id="y">-83</int>
							<int id="x">-430</int>
						</object>
						<int id="platform_pc_perm">-1</int>
					</object>
					<object id="plat_1308610194640">
						<int id="platform_item_perm">-1</int>
						<object id="start">
							<int id="y">-69</int>
							<int id="x">1056</int>
						</object>
						<object id="end">
							<int id="y">-72</int>
							<int id="x">1234</int>
						</object>
						<int id="platform_pc_perm">-1</int>
					</object>
					<object id="plat_1308610194641">
						<int id="platform_item_perm">-1</int>
						<object id="start">
							<int id="y">-72</int>
							<int id="x">1234</int>
						</object>
						<object id="end">
							<int id="y">-68</int>
							<int id="x">1449</int>
						</object>
						<int id="platform_pc_perm">-1</int>
					</object>
					<object id="plat_1308610194643">
						<int id="platform_item_perm">-1</int>
						<object id="start">
							<int id="y">-69</int>
							<int id="x">1681</int>
						</object>
						<object id="end">
							<int id="y">-76</int>
							<int id="x">1979</int>
						</object>
						<int id="platform_pc_perm">-1</int>
					</object>
					<object id="plat_1308610194632">
						<int id="platform_item_perm">-1</int>
						<object id="start">
							<int id="y">-74</int>
							<int id="x">-1251</int>
						</object>
						<object id="end">
							<int id="y">-82</int>
							<int id="x">-1016</int>
						</object>
						<int id="platform_pc_perm">-1</int>
					</object>
					<object id="plat_1308610194628">
						<int id="platform_item_perm">-1</int>
						<object id="start">
							<int id="y">-70</int>
							<int id="x">-1947</int>
						</object>
						<object id="end">
							<int id="y">-47</int>
							<int id="x">-1853</int>
						</object>
						<int id="platform_pc_perm">-1</int>
					</object>
					<object id="plat_1308610194630">
						<int id="platform_item_perm">-1</int>
						<object id="start">
							<int id="y">-55</int>
							<int id="x">-1761</int>
						</object>
						<object id="end">
							<int id="y">-67</int>
							<int id="x">-1526</int>
						</object>
						<int id="platform_pc_perm">-1</int>
					</object>
					<object id="plat_1308610194644">
						<int id="platform_item_perm">-1</int>
						<object id="start">
							<int id="y">-76</int>
							<int id="x">1979</int>
						</object>
						<object id="end">
							<int id="y">-86</int>
							<int id="x">2317</int>
						</object>
						<int id="platform_pc_perm">-1</int>
					</object>
					<object id="plat_1308610194645">
						<int id="platform_item_perm">-1</int>
						<object id="start">
							<int id="y">-86</int>
							<int id="x">2317</int>
						</object>
						<object id="end">
							<int id="y">-85</int>
							<int id="x">2564</int>
						</object>
						<int id="platform_pc_perm">-1</int>
					</object>
				</object>
				<object id="walls">
				</object>
				<object id="targets">
				</object>
				<str id="name">middleground</str>
				<object id="doors">
				</object>
				<int id="w">6000</int>
				<object id="boxes">
				</object>
				<int id="h">1000</int>
				<int id="z">0</int>
			</object>
			<object id="T_1308610194792">
				<object id="decos">
					<object id="bureaucratic_hall_light_ray_1_1308610194805">
						<str id="sprite_class">bureaucratic_hall_light_ray_1</str>
						<int id="w">1699</int>
						<int id="z">0</int>
						<int id="r">180</int>
						<int id="x">1414</int>
						<int id="y">703</int>
						<int id="h">90</int>
						<str id="name">bureaucratic_hall_light_ray_1_1308593897021</str>
					</object>
					<object id="bureaucratic_hall_light_ray_1_1309197793052">
						<str id="sprite_class">bureaucratic_hall_light_ray_1</str>
						<int id="w">1699</int>
						<int id="z">1</int>
						<int id="r">180</int>
						<int id="x">1414</int>
						<int id="y">703</int>
						<int id="h">90</int>
						<str id="name">bureaucratic_hall_light_ray_1_1308593897021</str>
					</object>
					<object id="bureaucratic_hall_light_ray_1_1309197793065">
						<str id="sprite_class">bureaucratic_hall_light_ray_1</str>
						<int id="w">1699</int>
						<int id="z">2</int>
						<int id="r">-5</int>
						<int id="x">359</int>
						<int id="y">840</int>
						<int id="h">90</int>
						<str id="name">bureaucratic_hall_light_ray_1_1308593897021</str>
					</object>
				</object>
				<int id="w">4800</int>
				<int id="h">1000</int>
				<int id="z">-5</int>
				<str id="name">Water</str>
				<object id="filtersNEW">
					<object id="tintAmount">
						<int id="value">100</int>
					</object>
					<object id="blur">
						<int id="value">3</int>
					</object>
					<object id="tintColor">
						<int id="value">4551372</int>
					</object>
				</object>
			</object>
			<object id="T_1307725023668">
				<object id="decos">
					<object id="lens_grass_2_1308610194706">
						<str id="sprite_class">lens_grass_2</str>
						<int id="w">888</int>
						<int id="z">28</int>
						<int id="x">1025</int>
						<int id="y">819</int>
						<int id="h">65</int>
						<str id="name">lens_grass_2_1307725023672</str>
					</object>
					<object id="lens_grass_1_1308610194716">
						<str id="sprite_class">lens_grass_1</str>
						<int id="w">63</int>
						<int id="z">21</int>
						<int id="x">2718</int>
						<int id="y">726</int>
						<int id="h">12</int>
						<str id="name">lens_grass_1_1307725023671</str>
					</object>
					<object id="lens_grass_1_1308610194714">
						<str id="sprite_class">lens_grass_1</str>
						<int id="w">63</int>
						<int id="z">23</int>
						<int id="x">3975</int>
						<int id="y">750</int>
						<int id="h">12</int>
						<str id="name">lens_grass_1_1307725023671</str>
					</object>
					<object id="lens_grass_2_1309197793074">
						<str id="sprite_class">lens_grass_2</str>
						<int id="w">888</int>
						<int id="z">30</int>
						<int id="r">-3</int>
						<int id="x">4905</int>
						<int id="y">783</int>
						<int id="h">65</int>
						<str id="name">lens_grass_2_1307725023672</str>
					</object>
					<object id="lens_grass_2_1308610194735">
						<str id="sprite_class">lens_grass_2</str>
						<int id="w">888</int>
						<int id="z">12</int>
						<int id="r">1</int>
						<int id="x">3594</int>
						<int id="y">783</int>
						<int id="h">65</int>
						<str id="name">lens_grass_2_1307725023672</str>
					</object>
					<object id="lens_grass_2_1308610194741">
						<str id="sprite_class">lens_grass_2</str>
						<int id="w">888</int>
						<int id="z">8</int>
						<int id="r">-1</int>
						<int id="x">725</int>
						<int id="y">795</int>
						<int id="h">41</int>
						<str id="name">lens_grass_2_1307725023672</str>
					</object>
					<object id="lens_grass_1_1308610194720">
						<str id="sprite_class">lens_grass_1</str>
						<int id="w">63</int>
						<int id="z">18</int>
						<int id="x">2689</int>
						<int id="y">718</int>
						<int id="h">12</int>
						<str id="name">lens_grass_1_1307725023671</str>
					</object>
					<object id="lens_grass_2_1308610194743">
						<str id="sprite_class">lens_grass_2</str>
						<int id="w">888</int>
						<int id="z">5</int>
						<int id="r">-2</int>
						<int id="x">2280</int>
						<int id="y">797</int>
						<int id="h">65</int>
						<str id="name">lens_grass_2_1307725023672</str>
					</object>
					<object id="lens_grass_1_1308610194715">
						<str id="sprite_class">lens_grass_1</str>
						<int id="w">63</int>
						<int id="z">22</int>
						<int id="x">3943</int>
						<int id="y">746</int>
						<int id="h">12</int>
						<str id="name">lens_grass_1_1307725023671</str>
					</object>
					<object id="pampas_2_1308610194711">
						<str id="sprite_class">pampas_2</str>
						<int id="w">20</int>
						<int id="z">2</int>
						<int id="x">979</int>
						<int id="y">767</int>
						<int id="h">30</int>
						<str id="name">pampas_2_1307731442968</str>
					</object>
					<object id="lens_grass_1_1308610194719">
						<str id="sprite_class">lens_grass_1</str>
						<int id="w">63</int>
						<int id="z">19</int>
						<int id="x">2749</int>
						<int id="y">717</int>
						<int id="h">12</int>
						<str id="name">lens_grass_1_1307725023671</str>
					</object>
					<object id="tree_acacia_3_1309197793098">
						<str id="sprite_class">tree_acacia_3</str>
						<int id="w">330</int>
						<int id="z">32</int>
						<int id="x">1996</int>
						<int id="y">771</int>
						<int id="h">151</int>
						<str id="name">tree_acacia_3_1307731442854</str>
					</object>
					<object id="lens_grass_2_1308610194736">
						<str id="sprite_class">lens_grass_2</str>
						<int id="w">888</int>
						<int id="z">11</int>
						<int id="r">-1</int>
						<int id="x">292</int>
						<int id="y">804</int>
						<int id="h">65</int>
						<str id="name">lens_grass_2_1307725023672</str>
					</object>
					<object id="lens_grass_2_1309197793070">
						<str id="sprite_class">lens_grass_2</str>
						<int id="w">888</int>
						<int id="z">7</int>
						<int id="r">-2</int>
						<int id="x">2730</int>
						<int id="y">814</int>
						<int id="h">87</int>
						<str id="name">lens_grass_2_1307725023672</str>
					</object>
					<object id="lens_grass_2_1308610194740">
						<str id="sprite_class">lens_grass_2</str>
						<int id="w">888</int>
						<int id="z">9</int>
						<int id="r">-1</int>
						<int id="x">648</int>
						<int id="y">798</int>
						<int id="h">65</int>
						<str id="name">lens_grass_2_1307725023672</str>
					</object>
					<object id="pampas_2_1308610194712">
						<str id="sprite_class">pampas_2</str>
						<int id="w">14</int>
						<int id="z">0</int>
						<int id="x">911</int>
						<int id="y">756</int>
						<int id="h">21</int>
						<str id="name">pampas_2_1307731442968</str>
					</object>
					<object id="heights_bush_1_1308610194727">
						<str id="sprite_class">heights_bush_1</str>
						<bool id="h_flip">true</bool>
						<int id="w">33</int>
						<int id="z">17</int>
						<int id="x">861</int>
						<int id="y">756</int>
						<int id="h">19</int>
						<str id="name">heights_bush_1_1308593896995</str>
					</object>
					<object id="lens_grass_2_1308610194705">
						<str id="sprite_class">lens_grass_2</str>
						<int id="w">888</int>
						<int id="z">29</int>
						<int id="r">2</int>
						<int id="x">1737</int>
						<int id="y">842</int>
						<int id="h">65</int>
						<str id="name">lens_grass_2_1307725023672</str>
					</object>
					<object id="lens_grass_1_1308610194710">
						<str id="sprite_class">lens_grass_1</str>
						<int id="w">63</int>
						<int id="z">25</int>
						<int id="x">4231</int>
						<int id="y">729</int>
						<int id="h">12</int>
						<str id="name">lens_grass_1_1307725023671</str>
					</object>
					<object id="lens_grass_2_1308610194734">
						<str id="sprite_class">lens_grass_2</str>
						<int id="w">888</int>
						<int id="z">13</int>
						<int id="r">-3</int>
						<int id="x">3950</int>
						<int id="y">783</int>
						<int id="h">65</int>
						<str id="name">lens_grass_2_1307725023672</str>
					</object>
					<object id="lens_grass_2_1308610194733">
						<str id="sprite_class">lens_grass_2</str>
						<int id="w">888</int>
						<int id="z">14</int>
						<int id="r">1</int>
						<int id="x">4330</int>
						<int id="y">783</int>
						<int id="h">65</int>
						<str id="name">lens_grass_2_1307725023672</str>
					</object>
					<object id="lens_grass_1_1308610194707">
						<str id="sprite_class">lens_grass_1</str>
						<int id="w">63</int>
						<int id="z">27</int>
						<int id="x">4261</int>
						<int id="y">738</int>
						<int id="h">12</int>
						<str id="name">lens_grass_1_1307725023671</str>
					</object>
					<object id="lens_grass_2_1309197793051">
						<str id="sprite_class">lens_grass_2</str>
						<int id="w">888</int>
						<int id="z">6</int>
						<int id="r">-2</int>
						<int id="x">2039</int>
						<int id="y">846</int>
						<int id="h">87</int>
						<str id="name">lens_grass_2_1307725023672</str>
					</object>
					<object id="tree_acacia_3_1308610194731">
						<str id="sprite_class">tree_acacia_3</str>
						<int id="w">228</int>
						<int id="z">16</int>
						<int id="x">883</int>
						<int id="y">751</int>
						<int id="h">104</int>
						<str id="name">tree_acacia_3_1307731442854</str>
					</object>
					<object id="lens_grass_2_1309197793073">
						<str id="sprite_class">lens_grass_2</str>
						<int id="w">888</int>
						<int id="z">31</int>
						<int id="r">-3</int>
						<int id="x">5346</int>
						<int id="y">774</int>
						<int id="h">65</int>
						<str id="name">lens_grass_2_1307725023672</str>
					</object>
					<object id="lens_grass_2_1308610194745">
						<str id="sprite_class">lens_grass_2</str>
						<int id="w">888</int>
						<int id="z">3</int>
						<int id="r">1</int>
						<int id="x">3157</int>
						<int id="y">773</int>
						<int id="h">65</int>
						<str id="name">lens_grass_2_1307725023672</str>
					</object>
					<object id="lens_grass_2_1308610194744">
						<str id="sprite_class">lens_grass_2</str>
						<int id="w">888</int>
						<int id="z">4</int>
						<int id="x">2743</int>
						<int id="y">773</int>
						<int id="h">65</int>
						<str id="name">lens_grass_2_1307725023672</str>
					</object>
					<object id="lens_grass_2_1308610194737">
						<str id="sprite_class">lens_grass_2</str>
						<int id="w">888</int>
						<int id="z">10</int>
						<int id="r">1</int>
						<int id="x">-158</int>
						<int id="y">808</int>
						<int id="h">65</int>
						<str id="name">lens_grass_2_1307725023672</str>
					</object>
					<object id="lens_grass_1_1308610194713">
						<str id="sprite_class">lens_grass_1</str>
						<int id="w">63</int>
						<int id="z">24</int>
						<int id="x">4203</int>
						<int id="y">724</int>
						<int id="h">12</int>
						<str id="name">lens_grass_1_1307725023671</str>
					</object>
					<object id="lens_grass_1_1308610194708">
						<str id="sprite_class">lens_grass_1</str>
						<int id="w">63</int>
						<int id="z">26</int>
						<int id="x">4232</int>
						<int id="y">736</int>
						<int id="h">12</int>
						<str id="name">lens_grass_1_1307725023671</str>
					</object>
					<object id="pampas_2_1308610194701">
						<str id="sprite_class">pampas_2</str>
						<int id="w">14</int>
						<int id="z">1</int>
						<int id="x">927</int>
						<int id="y">756</int>
						<int id="h">21</int>
						<str id="name">pampas_2_1307731442968</str>
					</object>
					<object id="lens_grass_1_1308610194718">
						<str id="sprite_class">lens_grass_1</str>
						<int id="w">63</int>
						<int id="z">20</int>
						<int id="x">2713</int>
						<int id="y">721</int>
						<int id="h">12</int>
						<str id="name">lens_grass_1_1307725023671</str>
					</object>
				</object>
				<int id="w">5520</int>
				<int id="h">1000</int>
				<int id="z">-2</int>
				<str id="name">bg_2</str>
				<object id="filtersNEW">
					<object id="brightness">
						<int id="value">20</int>
					</object>
					<object id="saturation">
						<int id="value">10</int>
					</object>
					<object id="contrast">
						<int id="value">0</int>
					</object>
				</object>
			</object>
		</object>
		<null id="physics"/>
		<null id="img_file_versioned"/>
		<null id="loading_label"/>
		<int id="ground_y">0</int>
		<str id="tsid">LA512T760J52JMS</str>
		<int id="rookable_type">0</int>
		<str id="swf_file_versioned">http://c2.glitch.bz/locations/groddle1/1317079592.swf</str>
		<object id="gradient">
			<str id="top">678EB8</str>
			<str id="bottom">FFCF54</str>
		</object>
		<object id="sources">
			<int id="LA513A7M0J521F2">1</int>
			<int id="LA513CDN0J52ND9">1</int>
			<int id="LA5139FL0J52SP5">1</int>
			<int id="LA513BTM0J524D4">1</int>
			<int id="LA514K0J3J52ID0">1</int>
			<int id="LA512SK50J52F8M">1</int>
		</object>
		<str id="music_file"></str>
		<bool id="wall_jump">false</bool>
		<bool id="no_zoom">false</bool>
	</object>
</game_object>
