<game_object tsid="GA5137QE0J52UB8" ts="1346349397026" label="Cornfed Crt A" class_tsid="" lastUpdateTime="1346349386" upd_gs="gs11" load_time="2012-08-30 10:54:48.000" upd_time="2012-08-30 10:56:23.850">
	<object id="dynamic">
		<int id="l">-3000</int>
		<int id="r">3000</int>
		<int id="t">-1000</int>
		<int id="b">0</int>
		<str id="label">Cornfed Crt A</str>
		<str id="swf_file">groddle1.swf</str>
		<object id="layers">
			<object id="T_1307741552439">
				<int id="z">-1</int>
				<object id="filtersNEW">
					<object id="contrast">
						<int id="value">0</int>
					</object>
					<object id="tintColor">
						<int id="value">0</int>
					</object>
					<object id="brightness">
						<int id="value">13</int>
					</object>
					<object id="saturation">
						<int id="value">13</int>
					</object>
				</object>
				<int id="w">5820</int>
				<str id="name">bg_1</str>
				<int id="h">1000</int>
				<object id="decos">
					<object id="lens_grass_1_1307741552459">
						<int id="z">3</int>
						<str id="sprite_class">lens_grass_1</str>
						<int id="h">104</int>
						<int id="w">1578</int>
						<str id="name">lens_grass_1_1307741552445</str>
						<int id="x">1745</int>
						<int id="y">911</int>
					</object>
					<object id="lens_grass_1_1307987031031">
						<int id="z">4</int>
						<str id="sprite_class">lens_grass_1</str>
						<int id="h">40</int>
						<int id="w">190</int>
						<str id="name">lens_grass_1_1307987031014</str>
						<int id="x">2477</int>
						<int id="y">884</int>
					</object>
					<object id="lens_grass_1_1308186206503">
						<int id="z">40</int>
						<str id="sprite_class">lens_grass_1</str>
						<int id="h">41</int>
						<int id="w">197</int>
						<str id="name">lens_grass_1_1307987031014</str>
						<int id="x">742</int>
						<int id="y">853</int>
					</object>
					<object id="lens_grass_1_1307741552458">
						<int id="z">1</int>
						<str id="sprite_class">lens_grass_1</str>
						<int id="h">110</int>
						<int id="w">1626</int>
						<str id="name">lens_grass_1_1307741552445</str>
						<int id="x">207</int>
						<int id="y">918</int>
					</object>
					<object id="lens_grass_1_1307987031070">
						<int id="z">21</int>
						<str id="sprite_class">lens_grass_1</str>
						<int id="h">39</int>
						<int id="w">241</int>
						<str id="name">lens_grass_1_1307987031014</str>
						<int id="x">4742</int>
						<int id="y">859</int>
					</object>
					<object id="lens_grass_2_1307741552457">
						<int id="z">0</int>
						<str id="sprite_class">lens_grass_2</str>
						<int id="h">99</int>
						<int id="w">1670</int>
						<str id="name">lens_grass_2_1307741552444</str>
						<int id="x">977</int>
						<int id="y">904</int>
					</object>
					<object id="lens_grass_1_1307741552463">
						<int id="z">9</int>
						<str id="sprite_class">lens_grass_1</str>
						<int id="h">89</int>
						<int id="w">1718</int>
						<int id="r">-1</int>
						<str id="name">lens_grass_1_1307741552445</str>
						<int id="x">5299</int>
						<int id="y">912</int>
					</object>
					<object id="lens_grass_1_1308179352900">
						<int id="z">24</int>
						<str id="sprite_class">lens_grass_1</str>
						<int id="h">39</int>
						<int id="w">241</int>
						<str id="name">lens_grass_1_1307987031014</str>
						<int id="x">5810</int>
						<int id="y">890</int>
					</object>
					<object id="lens_grass_1_1308179352959">
						<int id="z">35</int>
						<str id="sprite_class">lens_grass_1</str>
						<int id="h">40</int>
						<int id="w">190</int>
						<str id="name">lens_grass_1_1307987031014</str>
						<int id="x">2901</int>
						<int id="y">863</int>
					</object>
					<object id="lens_grass_1_1307987031033">
						<int id="z">6</int>
						<str id="sprite_class">lens_grass_1</str>
						<int id="h">40</int>
						<int id="w">190</int>
						<str id="name">lens_grass_1_1307987031014</str>
						<int id="x">2237</int>
						<int id="y">904</int>
					</object>
					<object id="lens_grass_1_1308179352940">
						<int id="z">25</int>
						<str id="sprite_class">lens_grass_1</str>
						<int id="h">41</int>
						<int id="w">197</int>
						<str id="name">lens_grass_1_1307987031014</str>
						<int id="x">861</int>
						<int id="y">840</int>
					</object>
					<object id="transition_dirt_2_1308179353041">
						<int id="z">16</int>
						<str id="sprite_class">transition_dirt_2</str>
						<int id="h">21</int>
						<int id="w">174</int>
						<str id="name">transition_dirt_2_1308179352964</str>
						<int id="x">4639</int>
						<int id="y">860</int>
					</object>
					<object id="lens_grass_1_1308186206504">
						<int id="z">41</int>
						<str id="sprite_class">lens_grass_1</str>
						<int id="h">41</int>
						<int id="w">197</int>
						<str id="name">lens_grass_1_1307987031014</str>
						<int id="x">357</int>
						<int id="y">843</int>
					</object>
					<object id="lens_grass_1_1308179352946">
						<int id="z">30</int>
						<str id="sprite_class">lens_grass_1</str>
						<int id="h">40</int>
						<int id="w">190</int>
						<str id="name">lens_grass_1_1307987031014</str>
						<int id="x">3506</int>
						<int id="y">850</int>
					</object>
					<object id="lens_grass_1_1307987031040">
						<int id="z">10</int>
						<str id="sprite_class">lens_grass_1</str>
						<int id="h">28</int>
						<int id="w">190</int>
						<str id="name">lens_grass_1_1307987031014</str>
						<int id="x">2704</int>
						<int id="y">836</int>
					</object>
					<object id="tree_acacia_1_1308186206502">
						<int id="z">39</int>
						<str id="sprite_class">tree_acacia_1</str>
						<int id="h">332</int>
						<int id="w">541</int>
						<str id="name">tree_acacia_1_1307749098552</str>
						<int id="x">689</int>
						<int id="y">827</int>
					</object>
					<object id="lens_grass_1_1308179352949">
						<int id="z">34</int>
						<str id="sprite_class">lens_grass_1</str>
						<int id="h">40</int>
						<int id="w">190</int>
						<str id="name">lens_grass_1_1307987031014</str>
						<int id="x">4256</int>
						<int id="y">878</int>
					</object>
					<object id="transition_dirt_2_1308186206484">
						<int id="z">29</int>
						<str id="sprite_class">transition_dirt_2</str>
						<int id="h">21</int>
						<int id="w">170</int>
						<str id="name">transition_dirt_2_1308179352964</str>
						<int id="x">3422</int>
						<int id="y">855</int>
					</object>
					<object id="transition_dirt_1_1308179352997">
						<int id="z">32</int>
						<str id="sprite_class">transition_dirt_1</str>
						<int id="h">15</int>
						<int id="w">98</int>
						<str id="name">transition_dirt_1_1308179352967</str>
						<int id="x">4313</int>
						<int id="y">856</int>
					</object>
					<object id="lens_grass_1_1308179352960">
						<int id="z">36</int>
						<str id="sprite_class">lens_grass_1</str>
						<int id="h">40</int>
						<int id="w">190</int>
						<str id="name">lens_grass_1_1307987031014</str>
						<int id="x">3127</int>
						<int id="y">875</int>
					</object>
					<object id="lens_grass_1_1307987031052">
						<int id="z">14</int>
						<str id="sprite_class">lens_grass_1</str>
						<int id="h">45</int>
						<int id="w">213</int>
						<str id="name">lens_grass_1_1307987031014</str>
						<int id="x">14</int>
						<int id="y">853</int>
					</object>
					<object id="lens_grass_1_1308179352898">
						<int id="z">22</int>
						<str id="sprite_class">lens_grass_1</str>
						<int id="h">39</int>
						<int id="w">241</int>
						<str id="name">lens_grass_1_1307987031014</str>
						<int id="x">5325</int>
						<int id="y">887</int>
					</object>
					<object id="transition_dirt_2_1308179353042">
						<int id="z">17</int>
						<str id="sprite_class">transition_dirt_2</str>
						<int id="h">21</int>
						<int id="w">174</int>
						<int id="r">-5</int>
						<str id="name">transition_dirt_2_1308179352964</str>
						<int id="x">4723</int>
						<int id="y">863</int>
					</object>
					<object id="lens_grass_1_1308179352899">
						<int id="z">23</int>
						<str id="sprite_class">lens_grass_1</str>
						<int id="h">39</int>
						<int id="w">241</int>
						<str id="name">lens_grass_1_1307987031014</str>
						<int id="x">5840</int>
						<int id="y">871</int>
					</object>
					<object id="lens_grass_1_1307987031042">
						<int id="z">12</int>
						<str id="sprite_class">lens_grass_1</str>
						<int id="h">28</int>
						<int id="w">186</int>
						<str id="name">lens_grass_1_1307987031014</str>
						<int id="x">1876</int>
						<int id="y">842</int>
					</object>
					<object id="lens_grass_1_1307987031095">
						<int id="z">13</int>
						<str id="sprite_class">lens_grass_1</str>
						<int id="h">28</int>
						<int id="w">186</int>
						<str id="name">lens_grass_1_1307987031014</str>
						<int id="x">1817</int>
						<int id="y">852</int>
					</object>
					<object id="transition_dirt_2_1308179352995">
						<int id="z">15</int>
						<str id="sprite_class">transition_dirt_2</str>
						<int id="h">21</int>
						<int id="w">174</int>
						<str id="name">transition_dirt_2_1308179352964</str>
						<int id="x">4565</int>
						<int id="y">854</int>
					</object>
					<object id="transition_dirt_1_1308186206485">
						<int id="z">38</int>
						<str id="sprite_class">transition_dirt_1</str>
						<int id="h">10</int>
						<int id="w">98</int>
						<str id="name">transition_dirt_1_1308179352967</str>
						<int id="x">3764</int>
						<int id="y">840</int>
					</object>
					<object id="lens_grass_1_1307741552461">
						<int id="z">8</int>
						<str id="sprite_class">lens_grass_1</str>
						<int id="h">110</int>
						<int id="w">1681</int>
						<str id="name">lens_grass_1_1307741552445</str>
						<int id="x">3590</int>
						<int id="y">927</int>
					</object>
					<object id="lens_grass_1_1308179352941">
						<int id="z">26</int>
						<str id="sprite_class">lens_grass_1</str>
						<int id="h">41</int>
						<int id="w">197</int>
						<str id="name">lens_grass_1_1307987031014</str>
						<int id="x">991</int>
						<int id="y">848</int>
					</object>
					<object id="lens_grass_1_1308179352961">
						<int id="z">37</int>
						<str id="sprite_class">lens_grass_1</str>
						<int id="h">40</int>
						<int id="w">190</int>
						<str id="name">lens_grass_1_1307987031014</str>
						<int id="x">3219</int>
						<int id="y">890</int>
					</object>
					<object id="lens_grass_1_1307987031069">
						<int id="z">20</int>
						<str id="sprite_class">lens_grass_1</str>
						<int id="h">39</int>
						<int id="w">241</int>
						<str id="name">lens_grass_1_1307987031014</str>
						<int id="x">4662</int>
						<int id="y">850</int>
					</object>
					<object id="lens_grass_1_1307987031039">
						<int id="z">11</int>
						<str id="sprite_class">lens_grass_1</str>
						<int id="h">40</int>
						<int id="w">190</int>
						<str id="name">lens_grass_1_1307987031014</str>
						<int id="x">2785</int>
						<int id="y">852</int>
					</object>
					<object id="lens_grass_1_1308186206505">
						<int id="z">42</int>
						<str id="sprite_class">lens_grass_1</str>
						<int id="h">45</int>
						<int id="w">213</int>
						<str id="name">lens_grass_1_1307987031014</str>
						<int id="x">284</int>
						<int id="y">860</int>
					</object>
					<object id="lens_grass_2_1307741552462">
						<int id="z">7</int>
						<str id="sprite_class">lens_grass_2</str>
						<int id="h">97</int>
						<int id="w">2075</int>
						<str id="name">lens_grass_2_1307741552444</str>
						<int id="x">4457</int>
						<int id="y">913</int>
					</object>
					<object id="lens_grass_2_1307741552460">
						<int id="z">2</int>
						<str id="sprite_class">lens_grass_2</str>
						<int id="h">95</int>
						<int id="w">1612</int>
						<str id="name">lens_grass_2_1307741552444</str>
						<int id="x">2620</int>
						<int id="y">907</int>
					</object>
					<object id="transition_dirt_1_1308179353031">
						<int id="z">19</int>
						<str id="sprite_class">transition_dirt_1</str>
						<int id="h">9</int>
						<int id="w">98</int>
						<str id="name">transition_dirt_1_1308179352967</str>
						<int id="x">5153</int>
						<int id="y">853</int>
					</object>
					<object id="lens_grass_1_1307987031032">
						<int id="z">5</int>
						<str id="sprite_class">lens_grass_1</str>
						<int id="h">40</int>
						<int id="w">190</int>
						<str id="name">lens_grass_1_1307987031014</str>
						<int id="x">2332</int>
						<int id="y">897</int>
					</object>
					<object id="transition_dirt_1_1308179353017">
						<int id="z">18</int>
						<str id="sprite_class">transition_dirt_1</str>
						<int id="h">9</int>
						<int id="w">98</int>
						<str id="name">transition_dirt_1_1308179352967</str>
						<int id="x">4431</int>
						<int id="y">834</int>
					</object>
					<object id="lens_grass_1_1308179352948">
						<int id="z">33</int>
						<str id="sprite_class">lens_grass_1</str>
						<int id="h">40</int>
						<int id="w">190</int>
						<str id="name">lens_grass_1_1307987031014</str>
						<int id="x">4226</int>
						<int id="y">864</int>
					</object>
					<object id="lens_grass_1_1308179352942">
						<int id="z">27</int>
						<str id="sprite_class">lens_grass_1</str>
						<int id="h">41</int>
						<int id="w">197</int>
						<str id="name">lens_grass_1_1307987031014</str>
						<int id="x">1030</int>
						<int id="y">863</int>
					</object>
					<object id="transition_dirt_1_1308179352998">
						<int id="z">28</int>
						<str id="sprite_class">transition_dirt_1</str>
						<int id="h">10</int>
						<int id="w">98</int>
						<int id="r">2</int>
						<str id="name">transition_dirt_1_1308179352967</str>
						<int id="x">3535</int>
						<int id="y">853</int>
					</object>
					<object id="lens_grass_1_1308179352947">
						<int id="z">31</int>
						<str id="sprite_class">lens_grass_1</str>
						<int id="h">40</int>
						<int id="w">190</int>
						<str id="name">lens_grass_1_1307987031014</str>
						<int id="x">4138</int>
						<int id="y">852</int>
					</object>
				</object>
			</object>
			<object id="T_1307741552440">
				<int id="z">-2</int>
				<object id="filtersNEW">
					<object id="contrast">
						<int id="value">0</int>
					</object>
					<object id="tintColor">
						<int id="value">0</int>
					</object>
					<object id="blur">
						<int id="value">2</int>
					</object>
					<object id="brightness">
						<int id="value">20</int>
					</object>
					<object id="saturation">
						<int id="value">10</int>
					</object>
				</object>
				<int id="w">5640</int>
				<str id="name">bg_2</str>
				<int id="h">1000</int>
				<object id="decos">
					<object id="lens_grass_1_1307987031051">
						<int id="z">22</int>
						<str id="sprite_class">lens_grass_1</str>
						<int id="h">22</int>
						<int id="w">99</int>
						<str id="name">lens_grass_1_1307987031014</str>
						<int id="x">186</int>
						<int id="y">790</int>
					</object>
					<object id="lens_grass_1_1307741552471">
						<int id="z">4</int>
						<str id="sprite_class">lens_grass_1</str>
						<int id="h">71</int>
						<int id="w">1172</int>
						<str id="name">lens_grass_1_1307741552445</str>
						<int id="x">4124</int>
						<int id="y">856</int>
					</object>
					<object id="transition_dirt_2_1308179352999">
						<int id="z">52</int>
						<str id="sprite_class">transition_dirt_2</str>
						<int id="h">10</int>
						<int id="w">83</int>
						<str id="name">transition_dirt_2_1308179352964</str>
						<int id="x">5212</int>
						<int id="y">814</int>
					</object>
					<object id="alakol_water_rock_2_1308179352918">
						<int id="z">0</int>
						<str id="sprite_class">alakol_water_rock_2</str>
						<int id="h">35</int>
						<int id="w">47</int>
						<str id="name">alakol_water_rock_2_1307749098574</str>
						<int id="x">2694</int>
						<int id="y">784</int>
					</object>
					<object id="lens_grass_1_1307992844143">
						<int id="z">34</int>
						<str id="sprite_class">lens_grass_1</str>
						<int id="h">16</int>
						<int id="w">103</int>
						<str id="name">lens_grass_1_1307987031014</str>
						<int id="x">3633</int>
						<int id="y">821</int>
					</object>
					<object id="alakol_water_rock_2_1308186206469">
						<int id="z">55</int>
						<str id="sprite_class">alakol_water_rock_2</str>
						<int id="h">14</int>
						<int id="w">85</int>
						<int id="r">2</int>
						<str id="name">alakol_water_rock_2_1307749098574</str>
						<int id="x">2597</int>
						<int id="y">796</int>
					</object>
					<object id="heights_bush_2_1308186206483">
						<int id="z">37</int>
						<str id="sprite_class">heights_bush_2</str>
						<int id="h">21</int>
						<int id="w">45</int>
						<str id="name">heights_bush_2_1308186206472</str>
						<int id="x">2674</int>
						<int id="y">800</int>
					</object>
					<object id="tree_acacia_3_1308179353015">
						<int id="z">53</int>
						<str id="sprite_class">tree_acacia_3</str>
						<int id="h">132</int>
						<int id="w">288</int>
						<str id="name">tree_acacia_3_1307749098496</str>
						<int id="x">1944</int>
						<int id="y">791</int>
					</object>
					<object id="lens_grass_1_1307987031067">
						<int id="z">29</int>
						<str id="sprite_class">lens_grass_1</str>
						<int id="h">20</int>
						<int id="w">125</int>
						<str id="name">lens_grass_1_1307987031014</str>
						<int id="x">4785</int>
						<int id="y">820</int>
					</object>
					<object id="lens_grass_1_1307741552465">
						<int id="z">9</int>
						<str id="sprite_class">lens_grass_1</str>
						<int id="h">86</int>
						<int id="w">1317</int>
						<int id="r">1</int>
						<str id="name">lens_grass_1_1307741552445</str>
						<int id="x">871</int>
						<int id="y">861</int>
					</object>
					<object id="lens_grass_2_1307749098467">
						<int id="z">15</int>
						<str id="sprite_class">lens_grass_2</str>
						<int id="h">73</int>
						<int id="w">1280</int>
						<int id="r">1</int>
						<str id="name">lens_grass_2_1307741552444</str>
						<int id="x">4675</int>
						<int id="y">869</int>
					</object>
					<object id="lens_grass_1_1308179352937">
						<int id="z">50</int>
						<str id="sprite_class">lens_grass_1</str>
						<int id="h">20</int>
						<int id="w">125</int>
						<str id="name">lens_grass_1_1307987031014</str>
						<int id="x">3117</int>
						<int id="y">820</int>
					</object>
					<object id="lens_grass_2_1307741552470">
						<int id="z">5</int>
						<str id="sprite_class">lens_grass_2</str>
						<int id="h">73</int>
						<int id="w">1348</int>
						<int id="r">1</int>
						<str id="name">lens_grass_2_1307741552444</str>
						<int id="x">2667</int>
						<int id="y">863</int>
					</object>
					<object id="alakol_water_rock_1_1308186206470">
						<int id="z">40</int>
						<str id="sprite_class">alakol_water_rock_1</str>
						<int id="h">15</int>
						<int id="w">24</int>
						<str id="name">alakol_water_rock_1_1307749098577</str>
						<int id="x">2540</int>
						<int id="y">797</int>
					</object>
					<object id="lens_grass_1_1307987031044">
						<int id="z">11</int>
						<str id="sprite_class">lens_grass_1</str>
						<int id="h">20</int>
						<int id="w">125</int>
						<str id="name">lens_grass_1_1307987031014</str>
						<int id="x">583</int>
						<int id="y">797</int>
					</object>
					<object id="lens_grass_1_1307741552467">
						<int id="z">7</int>
						<str id="sprite_class">lens_grass_1</str>
						<int id="h">77</int>
						<int id="w">1426</int>
						<int id="r">1</int>
						<str id="name">lens_grass_1_1307741552445</str>
						<int id="x">2073</int>
						<int id="y">860</int>
					</object>
					<object id="lens_grass_1_1307992844141">
						<int id="z">33</int>
						<str id="sprite_class">lens_grass_1</str>
						<int id="h">16</int>
						<int id="w">103</int>
						<str id="name">lens_grass_1_1307987031014</str>
						<int id="x">3608</int>
						<int id="y">820</int>
					</object>
					<object id="alakol_water_rock_2_1308179352905">
						<int id="z">42</int>
						<str id="sprite_class">alakol_water_rock_2</str>
						<int id="h">21</int>
						<int id="w">79</int>
						<str id="name">alakol_water_rock_2_1307749098574</str>
						<int id="x">4129</int>
						<int id="y">796</int>
					</object>
					<object id="transition_dirt_1_1308179353043">
						<int id="z">17</int>
						<str id="sprite_class">transition_dirt_1</str>
						<int id="h">5</int>
						<int id="w">35</int>
						<str id="name">transition_dirt_1_1308179352967</str>
						<int id="x">4727</int>
						<int id="y">818</int>
					</object>
					<object id="lens_grass_1_1307749098466">
						<int id="z">2</int>
						<str id="sprite_class">lens_grass_1</str>
						<int id="h">80</int>
						<int id="w">1282</int>
						<int id="r">1</int>
						<str id="name">lens_grass_1_1307741552445</str>
						<int id="x">5326</int>
						<int id="y">875</int>
					</object>
					<object id="lens_grass_1_1307987031049">
						<int id="z">19</int>
						<str id="sprite_class">lens_grass_1</str>
						<int id="h">17</int>
						<int id="w">117</int>
						<str id="name">lens_grass_1_1307987031014</str>
						<int id="x">260</int>
						<int id="y">785</int>
					</object>
					<object id="alakol_water_rock_1_1308179352920">
						<int id="z">39</int>
						<str id="sprite_class">alakol_water_rock_1</str>
						<int id="h">15</int>
						<int id="w">24</int>
						<str id="name">alakol_water_rock_1_1307749098577</str>
						<int id="x">2652</int>
						<int id="y">802</int>
					</object>
					<object id="transition_dirt_1_1308179353002">
						<int id="z">16</int>
						<str id="sprite_class">transition_dirt_1</str>
						<int id="h">5</int>
						<int id="w">35</int>
						<str id="name">transition_dirt_1_1308179352967</str>
						<int id="x">4796</int>
						<int id="y">822</int>
					</object>
					<object id="lens_grass_1_1307992844138">
						<int id="z">31</int>
						<str id="sprite_class">lens_grass_1</str>
						<int id="h">16</int>
						<int id="w">103</int>
						<str id="name">lens_grass_1_1307987031014</str>
						<int id="x">3498</int>
						<int id="y">813</int>
					</object>
					<object id="lens_grass_1_1307987031043">
						<int id="z">10</int>
						<str id="sprite_class">lens_grass_1</str>
						<int id="h">20</int>
						<int id="w">125</int>
						<str id="name">lens_grass_1_1307987031014</str>
						<int id="x">517</int>
						<int id="y">792</int>
					</object>
					<object id="lens_grass_1_1307987031045">
						<int id="z">12</int>
						<str id="sprite_class">lens_grass_1</str>
						<int id="h">24</int>
						<int id="w">97</int>
						<str id="name">lens_grass_1_1307987031014</str>
						<int id="x">574</int>
						<int id="y">808</int>
					</object>
					<object id="lens_grass_1_1308179352922">
						<int id="z">43</int>
						<str id="sprite_class">lens_grass_1</str>
						<int id="h">20</int>
						<int id="w">125</int>
						<str id="name">lens_grass_1_1307987031014</str>
						<int id="x">1388</int>
						<int id="y">793</int>
					</object>
					<object id="lens_grass_2_1307741552466">
						<int id="z">8</int>
						<str id="sprite_class">lens_grass_2</str>
						<int id="h">72</int>
						<int id="w">1202</int>
						<str id="name">lens_grass_2_1307741552444</str>
						<int id="x">232</int>
						<int id="y">838</int>
					</object>
					<object id="tree_acacia_4_1308179353013">
						<int id="z">30</int>
						<str id="sprite_class">tree_acacia_4</str>
						<int id="h">199</int>
						<int id="w">265</int>
						<str id="name">tree_acacia_4_1307749098538</str>
						<int id="x">4395</int>
						<int id="y">807</int>
					</object>
					<object id="alakol_cliff_2_1308179352907">
						<int id="z">36</int>
						<str id="sprite_class">alakol_cliff_2</str>
						<int id="h">24</int>
						<int id="w">118</int>
						<int id="r">1</int>
						<str id="name">alakol_cliff_2_1307749098573</str>
						<int id="x">2665</int>
						<int id="y">798</int>
					</object>
					<object id="lens_grass_2_1307741552472">
						<int id="z">3</int>
						<str id="sprite_class">lens_grass_2</str>
						<int id="h">59</int>
						<int id="w">1242</int>
						<int id="r">-2</int>
						<str id="name">lens_grass_2_1307741552444</str>
						<int id="x">3671</int>
						<int id="y">851</int>
					</object>
					<object id="lens_grass_1_1307987031065">
						<int id="z">26</int>
						<str id="sprite_class">lens_grass_1</str>
						<int id="h">20</int>
						<int id="w">125</int>
						<str id="name">lens_grass_1_1307987031014</str>
						<int id="x">5368</int>
						<int id="y">814</int>
					</object>
					<object id="lens_grass_1_1308179352939">
						<int id="z">51</int>
						<str id="sprite_class">lens_grass_1</str>
						<int id="h">18</int>
						<int id="w">85</int>
						<str id="name">lens_grass_1_1307987031014</str>
						<int id="x">1167</int>
						<int id="y">814</int>
					</object>
					<object id="lens_grass_1_1307992844142">
						<int id="z">35</int>
						<str id="sprite_class">lens_grass_1</str>
						<int id="h">16</int>
						<int id="w">103</int>
						<str id="name">lens_grass_1_1307987031014</str>
						<int id="x">3582</int>
						<int id="y">827</int>
					</object>
					<object id="lens_grass_1_1308179352924">
						<int id="z">45</int>
						<str id="sprite_class">lens_grass_1</str>
						<int id="h">20</int>
						<int id="w">125</int>
						<str id="name">lens_grass_1_1307987031014</str>
						<int id="x">1467</int>
						<int id="y">798</int>
					</object>
					<object id="lens_grass_1_1308179352936">
						<int id="z">48</int>
						<str id="sprite_class">lens_grass_1</str>
						<int id="h">20</int>
						<int id="w">125</int>
						<str id="name">lens_grass_1_1307987031014</str>
						<int id="x">3053</int>
						<int id="y">815</int>
					</object>
					<object id="alakol_water_rock_1_1308179352921">
						<int id="z">41</int>
						<str id="sprite_class">alakol_water_rock_1</str>
						<int id="h">23</int>
						<int id="w">30</int>
						<str id="name">alakol_water_rock_1_1307749098577</str>
						<int id="x">4079</int>
						<int id="y">795</int>
					</object>
					<object id="lens_grass_2_1307741552468">
						<int id="z">6</int>
						<str id="sprite_class">lens_grass_2</str>
						<int id="h">75</int>
						<int id="w">1392</int>
						<str id="name">lens_grass_2_1307741552444</str>
						<int id="x">1421</int>
						<int id="y">855</int>
					</object>
					<object id="lens_grass_1_1307992844139">
						<int id="z">32</int>
						<str id="sprite_class">lens_grass_1</str>
						<int id="h">16</int>
						<int id="w">103</int>
						<str id="name">lens_grass_1_1307987031014</str>
						<int id="x">3551</int>
						<int id="y">816</int>
					</object>
					<object id="lens_grass_1_1308179352926">
						<int id="z">46</int>
						<str id="sprite_class">lens_grass_1</str>
						<int id="h">20</int>
						<int id="w">125</int>
						<str id="name">lens_grass_1_1307987031014</str>
						<int id="x">1542</int>
						<int id="y">803</int>
					</object>
					<object id="lens_grass_1_1308179352925">
						<int id="z">47</int>
						<str id="sprite_class">lens_grass_1</str>
						<int id="h">20</int>
						<int id="w">125</int>
						<str id="name">lens_grass_1_1307987031014</str>
						<int id="x">1456</int>
						<int id="y">808</int>
					</object>
					<object id="lens_grass_1_1307987031063">
						<int id="z">25</int>
						<str id="sprite_class">lens_grass_1</str>
						<int id="h">20</int>
						<int id="w">125</int>
						<str id="name">lens_grass_1_1307987031014</str>
						<int id="x">4341</int>
						<int id="y">810</int>
					</object>
					<object id="transition_dirt_2_1308179353001">
						<int id="z">27</int>
						<str id="sprite_class">transition_dirt_2</str>
						<int id="h">10</int>
						<int id="w">83</int>
						<str id="name">transition_dirt_2_1308179352964</str>
						<int id="x">5444</int>
						<int id="y">823</int>
					</object>
					<object id="alakol_water_rock_2_1308179352919">
						<int id="z">1</int>
						<str id="sprite_class">alakol_water_rock_2</str>
						<int id="h">13</int>
						<int id="w">63</int>
						<str id="name">alakol_water_rock_2_1307749098574</str>
						<int id="x">2668</int>
						<int id="y">777</int>
					</object>
					<object id="lens_grass_1_1307741552469">
						<int id="z">14</int>
						<str id="sprite_class">lens_grass_1</str>
						<int id="h">66</int>
						<int id="w">1229</int>
						<str id="name">lens_grass_1_1307741552445</str>
						<int id="x">3174</int>
						<int id="y">865</int>
					</object>
					<object id="lens_grass_1_1308179352923">
						<int id="z">44</int>
						<str id="sprite_class">lens_grass_1</str>
						<int id="h">20</int>
						<int id="w">125</int>
						<str id="name">lens_grass_1_1307987031014</str>
						<int id="x">1326</int>
						<int id="y">799</int>
					</object>
					<object id="lens_grass_1_1307987031064">
						<int id="z">24</int>
						<str id="sprite_class">lens_grass_1</str>
						<int id="h">20</int>
						<int id="w">125</int>
						<str id="name">lens_grass_1_1307987031014</str>
						<int id="x">4260</int>
						<int id="y">808</int>
					</object>
					<object id="lens_grass_1_1308179352938">
						<int id="z">49</int>
						<str id="sprite_class">lens_grass_1</str>
						<int id="h">20</int>
						<int id="w">125</int>
						<str id="name">lens_grass_1_1307987031014</str>
						<int id="x">3203</int>
						<int id="y">816</int>
					</object>
					<object id="transition_dirt_2_1308179353016">
						<int id="z">54</int>
						<str id="sprite_class">transition_dirt_2</str>
						<int id="h">11</int>
						<int id="w">93</int>
						<str id="name">transition_dirt_2_1308179352964</str>
						<int id="x">3912</int>
						<int id="y">820</int>
					</object>
					<object id="lens_grass_1_1307987031050">
						<int id="z">21</int>
						<str id="sprite_class">lens_grass_1</str>
						<int id="h">27</int>
						<int id="w">99</int>
						<str id="name">lens_grass_1_1307987031014</str>
						<int id="x">302</int>
						<int id="y">807</int>
					</object>
					<object id="lens_grass_1_1307987031066">
						<int id="z">28</int>
						<str id="sprite_class">lens_grass_1</str>
						<int id="h">20</int>
						<int id="w">125</int>
						<str id="name">lens_grass_1_1307987031014</str>
						<int id="x">5414</int>
						<int id="y">819</int>
					</object>
					<object id="lens_grass_1_1307987031046">
						<int id="z">13</int>
						<str id="sprite_class">lens_grass_1</str>
						<int id="h">24</int>
						<int id="w">97</int>
						<str id="name">lens_grass_1_1307987031014</str>
						<int id="x">613</int>
						<int id="y">815</int>
					</object>
					<object id="lens_grass_1_1307987031048">
						<int id="z">20</int>
						<str id="sprite_class">lens_grass_1</str>
						<int id="h">24</int>
						<int id="w">97</int>
						<str id="name">lens_grass_1_1307987031014</str>
						<int id="x">305</int>
						<int id="y">793</int>
					</object>
					<object id="lens_grass_1_1307987031062">
						<int id="z">23</int>
						<str id="sprite_class">lens_grass_1</str>
						<int id="h">20</int>
						<int id="w">125</int>
						<str id="name">lens_grass_1_1307987031014</str>
						<int id="x">4398</int>
						<int id="y">803</int>
					</object>
					<object id="alakol_water_rock_1_1308179352917">
						<int id="z">38</int>
						<str id="sprite_class">alakol_water_rock_1</str>
						<int id="h">23</int>
						<int id="w">36</int>
						<str id="name">alakol_water_rock_1_1307749098577</str>
						<int id="x">2745</int>
						<int id="y">803</int>
					</object>
					<object id="transition_dirt_1_1308179353003">
						<int id="z">18</int>
						<str id="sprite_class">transition_dirt_1</str>
						<int id="h">5</int>
						<int id="w">35</int>
						<str id="name">transition_dirt_1_1308179352967</str>
						<int id="x">4853</int>
						<int id="y">824</int>
					</object>
				</object>
			</object>
			<object id="middleground">
				<object id="ladders">
				</object>
				<int id="z">0</int>
				<object id="boxes">
					<object id="box_1">
						<int id="w">400</int>
						<str id="id">juju_dig</str>
						<int id="h">200</int>
						<int id="x">703</int>
						<int id="y">-102</int>
					</object>
				</object>
				<object id="filtersNEW">
					<object id="contrast">
						<int id="value">0</int>
					</object>
					<object id="tintColor">
						<int id="value">0</int>
					</object>
					<object id="brightness">
						<int id="value">9</int>
					</object>
					<object id="saturation">
						<int id="value">18</int>
					</object>
				</object>
				<str id="name">middleground</str>
				<int id="h">1000</int>
				<object id="platform_lines">
					<object id="plat_1308179353037">
						<int id="platform_pc_perm">-1</int>
						<object id="start">
							<int id="y">-112</int>
							<int id="x">551</int>
						</object>
						<object id="end">
							<int id="y">-88</int>
							<int id="x">823</int>
						</object>
						<int id="platform_item_perm">-1</int>
					</object>
					<object id="plat_1308179353055">
						<int id="platform_pc_perm">-1</int>
						<object id="start">
							<int id="y">-104</int>
							<int id="x">379</int>
						</object>
						<object id="end">
							<int id="y">-112</int>
							<int id="x">551</int>
						</object>
						<int id="platform_item_perm">-1</int>
					</object>
					<object id="plat_1308179353035">
						<int id="platform_pc_perm">-1</int>
						<object id="start">
							<int id="y">-76</int>
							<int id="x">1115</int>
						</object>
						<object id="end">
							<int id="y">-84</int>
							<int id="x">1226</int>
						</object>
						<int id="platform_item_perm">-1</int>
					</object>
					<object id="plat_1308179353057">
						<int id="platform_pc_perm">-1</int>
						<object id="start">
							<int id="y">-92</int>
							<int id="x">188</int>
						</object>
						<object id="end">
							<int id="y">-102</int>
							<int id="x">314</int>
						</object>
						<int id="platform_item_perm">-1</int>
					</object>
					<object id="plat_1308179353059">
						<int id="platform_pc_perm">-1</int>
						<object id="start">
							<int id="y">-104</int>
							<int id="x">-170</int>
						</object>
						<object id="end">
							<int id="y">-93</int>
							<int id="x">-109</int>
						</object>
						<int id="platform_item_perm">-1</int>
					</object>
					<object id="plat_1308903773177">
						<int id="platform_pc_perm">-1</int>
						<object id="start">
							<int id="y">-84</int>
							<int id="x">1781</int>
						</object>
						<object id="end">
							<int id="y">-81</int>
							<int id="x">1859</int>
						</object>
						<int id="platform_item_perm">-1</int>
					</object>
					<object id="plat_1308179353024">
						<int id="platform_pc_perm">-1</int>
						<object id="start">
							<int id="y">-73</int>
							<int id="x">2717</int>
						</object>
						<object id="end">
							<int id="y">-85</int>
							<int id="x">2817</int>
						</object>
						<int id="platform_item_perm">-1</int>
					</object>
					<object id="plat_1308179353027">
						<int id="platform_pc_perm">-1</int>
						<object id="start">
							<int id="y">-74</int>
							<int id="x">2550</int>
						</object>
						<object id="end">
							<int id="y">-72</int>
							<int id="x">2629</int>
						</object>
						<int id="platform_item_perm">-1</int>
					</object>
					<object id="plat_1308179353026">
						<int id="platform_pc_perm">-1</int>
						<object id="start">
							<int id="y">-72</int>
							<int id="x">2629</int>
						</object>
						<object id="end">
							<int id="y">-68</int>
							<int id="x">2661</int>
						</object>
						<int id="platform_item_perm">-1</int>
					</object>
					<object id="plat_1308179353060">
						<int id="platform_pc_perm">-1</int>
						<object id="start">
							<int id="y">-97</int>
							<int id="x">-523</int>
						</object>
						<object id="end">
							<int id="y">-94</int>
							<int id="x">-207</int>
						</object>
						<int id="platform_item_perm">-1</int>
					</object>
					<object id="plat_1308186206489">
						<int id="platform_pc_perm">-1</int>
						<object id="start">
							<int id="y">-79</int>
							<int id="x">-798</int>
						</object>
						<object id="end">
							<int id="y">-97</int>
							<int id="x">-523</int>
						</object>
						<int id="platform_item_perm">-1</int>
					</object>
					<object id="plat_1308903773178">
						<int id="platform_pc_perm">-1</int>
						<object id="start">
							<int id="y">-79</int>
							<int id="x">1752</int>
						</object>
						<object id="end">
							<int id="y">-84</int>
							<int id="x">1781</int>
						</object>
						<int id="platform_item_perm">-1</int>
					</object>
					<object id="plat_1308903773180">
						<int id="platform_pc_perm">-1</int>
						<object id="start">
							<int id="y">-76</int>
							<int id="x">-1476</int>
						</object>
						<object id="end">
							<int id="y">-74</int>
							<int id="x">-1430</int>
						</object>
						<int id="platform_item_perm">-1</int>
					</object>
					<object id="plat_1308903773179">
						<int id="platform_pc_perm">-1</int>
						<object id="start">
							<int id="y">-69</int>
							<int id="x">1705</int>
						</object>
						<object id="end">
							<int id="y">-79</int>
							<int id="x">1752</int>
						</object>
						<int id="platform_item_perm">-1</int>
					</object>
					<object id="plat_1308903773170">
						<int id="platform_pc_perm">-1</int>
						<object id="start">
							<int id="y">-89</int>
							<int id="x">2126</int>
						</object>
						<object id="end">
							<int id="y">-85</int>
							<int id="x">2179</int>
						</object>
						<int id="platform_item_perm">-1</int>
					</object>
					<object id="plat_1308179353025">
						<int id="platform_pc_perm">-1</int>
						<object id="start">
							<int id="y">-68</int>
							<int id="x">2661</int>
						</object>
						<object id="end">
							<int id="y">-73</int>
							<int id="x">2717</int>
						</object>
						<int id="platform_item_perm">-1</int>
					</object>
					<object id="plat_1308179353036">
						<int id="platform_pc_perm">-1</int>
						<object id="start">
							<int id="y">-88</int>
							<int id="x">823</int>
						</object>
						<object id="end">
							<int id="y">-76</int>
							<int id="x">1115</int>
						</object>
						<int id="platform_item_perm">-1</int>
					</object>
					<object id="plat_1308903773176">
						<int id="platform_pc_perm">-1</int>
						<object id="start">
							<int id="y">-81</int>
							<int id="x">1859</int>
						</object>
						<object id="end">
							<int id="y">-78</int>
							<int id="x">1899</int>
						</object>
						<int id="platform_item_perm">-1</int>
					</object>
					<object id="plat_1308179353030">
						<int id="platform_pc_perm">-1</int>
						<object id="start">
							<int id="y">-97</int>
							<int id="x">2356</int>
						</object>
						<object id="end">
							<int id="y">-93</int>
							<int id="x">2401</int>
						</object>
						<int id="platform_item_perm">-1</int>
					</object>
					<object id="plat_1308186206497">
						<int id="platform_pc_perm">-1</int>
						<object id="start">
							<int id="y">-66</int>
							<int id="x">-1657</int>
						</object>
						<object id="end">
							<int id="y">-72</int>
							<int id="x">-1609</int>
						</object>
						<int id="platform_item_perm">-1</int>
					</object>
					<object id="plat_1308903773174">
						<int id="platform_pc_perm">-1</int>
						<object id="start">
							<int id="y">-70</int>
							<int id="x">1931</int>
						</object>
						<object id="end">
							<int id="y">-63</int>
							<int id="x">1968</int>
						</object>
						<int id="platform_item_perm">-1</int>
					</object>
					<object id="plat_1308179353022">
						<int id="platform_pc_perm">-1</int>
						<object id="start">
							<int id="y">-93</int>
							<int id="x">2911</int>
						</object>
						<object id="end">
							<int id="y">-89</int>
							<int id="x">2996</int>
						</object>
						<int id="platform_item_perm">-1</int>
					</object>
					<object id="plat_1308179353028">
						<int id="platform_pc_perm">-1</int>
						<object id="start">
							<int id="y">-92</int>
							<int id="x">2482</int>
						</object>
						<object id="end">
							<int id="y">-74</int>
							<int id="x">2550</int>
						</object>
						<int id="platform_item_perm">-1</int>
					</object>
					<object id="plat_1308179353023">
						<int id="platform_pc_perm">-1</int>
						<object id="start">
							<int id="y">-85</int>
							<int id="x">2817</int>
						</object>
						<object id="end">
							<int id="y">-93</int>
							<int id="x">2911</int>
						</object>
						<int id="platform_item_perm">-1</int>
					</object>
					<object id="plat_1308903773181">
						<int id="platform_pc_perm">-1</int>
						<object id="start">
							<int id="y">-72</int>
							<int id="x">-1609</int>
						</object>
						<object id="end">
							<int id="y">-75</int>
							<int id="x">-1547</int>
						</object>
						<int id="platform_item_perm">-1</int>
					</object>
					<object id="plat_1308903773182">
						<int id="platform_pc_perm">-1</int>
						<object id="start">
							<int id="y">-75</int>
							<int id="x">-1547</int>
						</object>
						<object id="end">
							<int id="y">-76</int>
							<int id="x">-1476</int>
						</object>
						<int id="platform_item_perm">-1</int>
					</object>
					<object id="plat_1308179353033">
						<int id="platform_pc_perm">-1</int>
						<object id="start">
							<int id="y">-85</int>
							<int id="x">2179</int>
						</object>
						<object id="end">
							<int id="y">-95</int>
							<int id="x">2303</int>
						</object>
						<int id="platform_item_perm">-1</int>
					</object>
					<object id="plat_1308179353056">
						<int id="platform_pc_perm">-1</int>
						<object id="start">
							<int id="y">-102</int>
							<int id="x">314</int>
						</object>
						<object id="end">
							<int id="y">-104</int>
							<int id="x">379</int>
						</object>
						<int id="platform_item_perm">-1</int>
					</object>
					<object id="plat_1308903773171">
						<int id="platform_pc_perm">-1</int>
						<object id="start">
							<int id="y">-90</int>
							<int id="x">2079</int>
						</object>
						<object id="end">
							<int id="y">-89</int>
							<int id="x">2126</int>
						</object>
						<int id="platform_item_perm">-1</int>
					</object>
					<object id="plat_1308903773172">
						<int id="platform_pc_perm">-1</int>
						<object id="start">
							<int id="y">-80</int>
							<int id="x">2024</int>
						</object>
						<object id="end">
							<int id="y">-90</int>
							<int id="x">2079</int>
						</object>
						<int id="platform_item_perm">-1</int>
					</object>
					<object id="plat_1308791977187">
						<int id="platform_pc_perm">-1</int>
						<object id="start">
							<int id="y">-94</int>
							<int id="x">-207</int>
						</object>
						<object id="end">
							<int id="y">-104</int>
							<int id="x">-170</int>
						</object>
						<int id="platform_item_perm">-1</int>
					</object>
					<object id="plat_1308186206498">
						<int id="platform_pc_perm">-1</int>
						<object id="start">
							<int id="y">-87</int>
							<int id="x">-3000</int>
						</object>
						<object id="end">
							<int id="y">-66</int>
							<int id="x">-1657</int>
						</object>
						<int id="platform_item_perm">-1</int>
					</object>
					<object id="plat_1308903773175">
						<int id="platform_pc_perm">-1</int>
						<object id="start">
							<int id="y">-78</int>
							<int id="x">1899</int>
						</object>
						<object id="end">
							<int id="y">-70</int>
							<int id="x">1931</int>
						</object>
						<int id="platform_item_perm">-1</int>
					</object>
					<object id="plat_1308903773173">
						<int id="platform_pc_perm">-1</int>
						<object id="start">
							<int id="y">-63</int>
							<int id="x">1968</int>
						</object>
						<object id="end">
							<int id="y">-80</int>
							<int id="x">2024</int>
						</object>
						<int id="platform_item_perm">-1</int>
					</object>
					<object id="plat_1308179353034">
						<int id="platform_pc_perm">-1</int>
						<object id="start">
							<int id="y">-84</int>
							<int id="x">1226</int>
						</object>
						<object id="end">
							<int id="y">-69</int>
							<int id="x">1705</int>
						</object>
						<int id="platform_item_perm">-1</int>
					</object>
					<object id="plat_1308903773185">
						<int id="platform_pc_perm">-1</int>
						<object id="start">
							<int id="y">-95</int>
							<int id="x">2303</int>
						</object>
						<object id="end">
							<int id="y">-97</int>
							<int id="x">2356</int>
						</object>
						<int id="platform_item_perm">-1</int>
					</object>
					<object id="plat_1308186206490">
						<int id="platform_pc_perm">-1</int>
						<object id="start">
							<int id="y">-74</int>
							<int id="x">-1430</int>
						</object>
						<object id="end">
							<int id="y">-79</int>
							<int id="x">-798</int>
						</object>
						<int id="platform_item_perm">-1</int>
					</object>
					<object id="plat_1308179353029">
						<int id="platform_pc_perm">-1</int>
						<object id="start">
							<int id="y">-93</int>
							<int id="x">2401</int>
						</object>
						<object id="end">
							<int id="y">-92</int>
							<int id="x">2482</int>
						</object>
						<int id="platform_item_perm">-1</int>
					</object>
					<object id="plat_1308179353058">
						<int id="platform_pc_perm">-1</int>
						<object id="start">
							<int id="y">-93</int>
							<int id="x">-109</int>
						</object>
						<object id="end">
							<int id="y">-92</int>
							<int id="x">188</int>
						</object>
						<int id="platform_item_perm">-1</int>
					</object>
				</object>
				<object id="signposts">
					<object id="signpost_1">
						<int id="w">100</int>
						<int id="h">200</int>
						<int id="x">2825</int>
						<int id="y">-96</int>
						<object id="connects">
							<object id="0">
								<str id="mote_id">9</str>
								<str id="hub_id">91</str>
								<str id="swf_file_versioned">http://c2.glitch.bz/locations/groddle1/1341875645.swf</str>
								<int id="x">-2700</int>
								<int id="y">-377</int>
								<objref id="target" tsid="LA5148N71J5237C" label="Cornfed Crt B"/>
							</object>
							<object id="1">
								<str id="mote_id">9</str>
								<str id="hub_id">91</str>
								<str id="swf_file_versioned">http://c2.glitch.bz/locations/groddle1/1341875645.swf</str>
								<int id="x">2708</int>
								<int id="y">-85</int>
								<objref id="target" tsid="LA5132LA0J526JJ" label="Boor Bane A"/>
							</object>
							<object id="2">
								<str id="mote_id">9</str>
								<str id="hub_id">91</str>
								<str id="swf_file_versioned">http://c2.glitch.bz/locations/groddle1/1341875645.swf</str>
								<int id="x">-2647</int>
								<int id="y">-85</int>
								<objref id="target" tsid="LA5131390J52DJR" label="Boor Bane B"/>
							</object>
						</object>
					</object>
				</object>
				<object id="doors">
				</object>
				<object id="walls">
				</object>
				<object id="targets">
				</object>
				<int id="w">6000</int>
				<object id="decos">
					<object id="transition_dirt_2_1308179353050">
						<int id="z">32</int>
						<str id="sprite_class">transition_dirt_2</str>
						<int id="h">36</int>
						<int id="w">292</int>
						<str id="name">transition_dirt_2_1308179352964</str>
						<int id="x">432</int>
						<int id="y">-92</int>
					</object>
					<object id="lens_grass_1_1308179352897">
						<int id="z">17</int>
						<str id="sprite_class">lens_grass_1</str>
						<int id="h">55</int>
						<int id="w">285</int>
						<int id="r">1</int>
						<str id="name">lens_grass_1_1307987031014</str>
						<int id="x">2735</int>
						<int id="y">-95</int>
					</object>
					<object id="transition_dirt_3_1308179352966">
						<int id="z">23</int>
						<str id="sprite_class">transition_dirt_3</str>
						<int id="h">34</int>
						<int id="w">252</int>
						<str id="name">transition_dirt_3_1308179352966</str>
						<int id="x">993</int>
						<int id="y">-65</int>
					</object>
					<object id="lens_grass_2_1307741552456">
						<int id="z">0</int>
						<str id="sprite_class">lens_grass_2</str>
						<int id="h">161</int>
						<int id="w">2108</int>
						<str id="name">lens_grass_2_1307741552444</str>
						<int id="x">-1995</int>
						<int id="y">17</int>
					</object>
					<object id="lens_grass_1_1308179352975">
						<int id="z">29</int>
						<str id="sprite_class">lens_grass_1</str>
						<int id="h">27</int>
						<int id="w">138</int>
						<str id="name">lens_grass_1_1307987031014</str>
						<int id="x">1324</int>
						<int id="y">-99</int>
					</object>
					<object id="pampas_1_1308186206496">
						<int id="z">46</int>
						<str id="sprite_class">pampas_1</str>
						<int id="h">81</int>
						<int id="w">56</int>
						<str id="name">pampas_1_1308179353005</str>
						<int id="x">-1678</int>
						<int id="y">-96</int>
						<bool id="h_flip">true</bool>
					</object>
					<object id="transition_dirt_1_1308179352980">
						<int id="z">36</int>
						<str id="sprite_class">transition_dirt_1</str>
						<int id="h">20</int>
						<int id="w">98</int>
						<str id="name">transition_dirt_1_1308179352967</str>
						<int id="x">-50</int>
						<int id="y">-62</int>
					</object>
					<object id="transition_dirt_3_1308179352962">
						<int id="z">19</int>
						<str id="sprite_class">transition_dirt_3</str>
						<int id="h">45</int>
						<int id="w">255</int>
						<str id="name">transition_dirt_3_1308179352962</str>
						<int id="x">-390</int>
						<int id="y">9</int>
					</object>
					<object id="lens_grass_1_1308903773164">
						<int id="z">49</int>
						<str id="sprite_class">lens_grass_1</str>
						<int id="h">60</int>
						<int id="w">285</int>
						<str id="name">lens_grass_1_1307987031014</str>
						<int id="x">2105</int>
						<int id="y">-12</int>
					</object>
					<object id="lens_grass_2_1307741552452">
						<int id="z">3</int>
						<str id="sprite_class">lens_grass_2</str>
						<int id="h">151</int>
						<int id="w">2108</int>
						<str id="name">lens_grass_2_1307741552444</str>
						<int id="x">2875</int>
						<int id="y">18</int>
					</object>
					<object id="transition_dirt_1_1308179353039">
						<int id="z">28</int>
						<str id="sprite_class">transition_dirt_1</str>
						<int id="h">17</int>
						<int id="w">113</int>
						<str id="name">transition_dirt_1_1308179352967</str>
						<int id="x">1373</int>
						<int id="y">-95</int>
					</object>
					<object id="transition_dirt_1_1308179353021">
						<int id="z">42</int>
						<str id="sprite_class">transition_dirt_1</str>
						<int id="h">22</int>
						<int id="w">127</int>
						<str id="name">transition_dirt_1_1308179352967</str>
						<int id="x">2676</int>
						<int id="y">-58</int>
						<bool id="h_flip">true</bool>
					</object>
					<object id="lens_grass_2_1307741552450">
						<int id="z">5</int>
						<str id="sprite_class">lens_grass_2</str>
						<int id="h">161</int>
						<int id="w">2108</int>
						<int id="r">2</int>
						<str id="name">lens_grass_2_1307741552444</str>
						<int id="x">1593</int>
						<int id="y">52</int>
					</object>
					<object id="lens_grass_2_1307741552455">
						<int id="z">12</int>
						<str id="sprite_class">lens_grass_2</str>
						<int id="h">161</int>
						<int id="w">2108</int>
						<str id="name">lens_grass_2_1307741552444</str>
						<int id="x">-158</int>
						<int id="y">93</int>
					</object>
					<object id="lens_grass_2_1307741552451">
						<int id="z">4</int>
						<str id="sprite_class">lens_grass_2</str>
						<int id="h">161</int>
						<int id="w">2108</int>
						<str id="name">lens_grass_2_1307741552444</str>
						<int id="x">2285</int>
						<int id="y">33</int>
					</object>
					<object id="transition_dirt_2_1308179353049">
						<int id="z">33</int>
						<str id="sprite_class">transition_dirt_2</str>
						<int id="h">36</int>
						<int id="w">292</int>
						<str id="name">transition_dirt_2_1308179352964</str>
						<int id="x">224</int>
						<int id="y">-82</int>
					</object>
					<object id="lens_topper_1_1308179352984">
						<int id="z">39</int>
						<str id="sprite_class">lens_topper_1</str>
						<int id="h">12</int>
						<int id="w">67</int>
						<str id="name">lens_topper_1_1308179352984</str>
						<int id="x">-14</int>
						<int id="y">-117</int>
					</object>
					<object id="transition_dirt_2_1308179353020">
						<int id="z">15</int>
						<str id="sprite_class">transition_dirt_2</str>
						<int id="h">36</int>
						<int id="w">292</int>
						<str id="name">transition_dirt_2_1308179352964</str>
						<int id="x">2613</int>
						<int id="y">-63</int>
					</object>
					<object id="lens_grass_2_1307741552454">
						<int id="z">2</int>
						<str id="sprite_class">lens_grass_2</str>
						<int id="h">161</int>
						<int id="w">2108</int>
						<str id="name">lens_grass_2_1307741552444</str>
						<int id="x">1694</int>
						<int id="y">23</int>
					</object>
					<object id="transition_dirt_1_1308179352988">
						<int id="z">41</int>
						<str id="sprite_class">transition_dirt_1</str>
						<int id="h">15</int>
						<int id="w">98</int>
						<str id="name">transition_dirt_1_1308179352967</str>
						<int id="x">2399</int>
						<int id="y">-11</int>
					</object>
					<object id="transition_dirt_3_1308179353032">
						<int id="z">24</int>
						<str id="sprite_class">transition_dirt_3</str>
						<int id="h">34</int>
						<int id="w">252</int>
						<int id="r">-3</int>
						<str id="name">transition_dirt_3_1308179352966</str>
						<int id="x">1105</int>
						<int id="y">-56</int>
					</object>
					<object id="lens_grass_2_1307741552444">
						<int id="z">7</int>
						<str id="sprite_class">lens_grass_2</str>
						<int id="h">161</int>
						<int id="w">2108</int>
						<str id="name">lens_grass_2_1307741552444</str>
						<int id="x">-2527</int>
						<int id="y">19</int>
					</object>
					<object id="transition_dirt_1_1308179352972">
						<int id="z">26</int>
						<str id="sprite_class">transition_dirt_1</str>
						<int id="h">43</int>
						<int id="w">309</int>
						<str id="name">transition_dirt_1_1308179352967</str>
						<int id="x">1353</int>
						<int id="y">8</int>
					</object>
					<object id="lens_grass_1_1308903773168">
						<int id="z">51</int>
						<str id="sprite_class">lens_grass_1</str>
						<int id="h">100</int>
						<int id="w">365</int>
						<str id="name">lens_grass_1_1307987031014</str>
						<int id="x">-1507</int>
						<int id="y">4</int>
					</object>
					<object id="lens_grass_1_1308903773183">
						<int id="z">54</int>
						<str id="sprite_class">lens_grass_1</str>
						<int id="h">46</int>
						<int id="w">121</int>
						<int id="r">4</int>
						<str id="name">lens_grass_1_1307987031014</str>
						<int id="x">394</int>
						<int id="y">-47</int>
					</object>
					<object id="lens_grass_2_1307741552446">
						<int id="z">9</int>
						<str id="sprite_class">lens_grass_2</str>
						<int id="h">161</int>
						<int id="w">2108</int>
						<str id="name">lens_grass_2_1307741552444</str>
						<int id="x">-359</int>
						<int id="y">92</int>
					</object>
					<object id="lens_grass_1_1308903773169">
						<int id="z">52</int>
						<str id="sprite_class">lens_grass_1</str>
						<int id="h">132</int>
						<int id="w">411</int>
						<int id="r">3</int>
						<str id="name">lens_grass_1_1307987031014</str>
						<int id="x">-1269</int>
						<int id="y">56</int>
					</object>
					<object id="lens_grass_2_1307741552447">
						<int id="z">6</int>
						<str id="sprite_class">lens_grass_2</str>
						<int id="h">161</int>
						<int id="w">2108</int>
						<str id="name">lens_grass_2_1307741552444</str>
						<int id="x">-75</int>
						<int id="y">14</int>
					</object>
					<object id="lens_grass_1_1308179352896">
						<int id="z">18</int>
						<str id="sprite_class">lens_grass_1</str>
						<int id="h">55</int>
						<int id="w">285</int>
						<int id="r">3</int>
						<str id="name">lens_grass_1_1307987031014</str>
						<int id="x">2636</int>
						<int id="y">-87</int>
					</object>
					<object id="transition_dirt_2_1308179352986">
						<int id="z">13</int>
						<str id="sprite_class">transition_dirt_2</str>
						<int id="h">36</int>
						<int id="w">292</int>
						<str id="name">transition_dirt_2_1308179352964</str>
						<int id="x">2804</int>
						<int id="y">-89</int>
					</object>
					<object id="lens_grass_1_1308179352982">
						<int id="z">37</int>
						<str id="sprite_class">lens_grass_1</str>
						<int id="h">32</int>
						<int id="w">142</int>
						<str id="name">lens_grass_1_1307987031014</str>
						<int id="x">22</int>
						<int id="y">-102</int>
					</object>
					<object id="transition_dirt_2_1308179352964">
						<int id="z">20</int>
						<str id="sprite_class">transition_dirt_2</str>
						<int id="h">36</int>
						<int id="w">292</int>
						<str id="name">transition_dirt_2_1308179352964</str>
						<int id="x">1920</int>
						<int id="y">-16</int>
					</object>
					<object id="transition_dirt_2_1308179353019">
						<int id="z">16</int>
						<str id="sprite_class">transition_dirt_2</str>
						<int id="h">48</int>
						<int id="w">292</int>
						<int id="r">-2</int>
						<str id="name">transition_dirt_2_1308179352964</str>
						<int id="x">2789</int>
						<int id="y">-65</int>
					</object>
					<object id="lens_grass_1_1307741552445">
						<int id="z">8</int>
						<str id="sprite_class">lens_grass_1</str>
						<int id="h">202</int>
						<int id="w">2026</int>
						<str id="name">lens_grass_1_1307741552445</str>
						<int id="x">-1389</int>
						<int id="y">68</int>
					</object>
					<object id="lens_grass_2_1307741552453">
						<int id="z">1</int>
						<str id="sprite_class">lens_grass_2</str>
						<int id="h">161</int>
						<int id="w">2108</int>
						<str id="name">lens_grass_2_1307741552444</str>
						<int id="x">1004</int>
						<int id="y">21</int>
					</object>
					<object id="lens_grass_1_1308903773167">
						<int id="z">50</int>
						<str id="sprite_class">lens_grass_1</str>
						<int id="h">79</int>
						<int id="w">593</int>
						<str id="name">lens_grass_1_1307987031014</str>
						<int id="x">1576</int>
						<int id="y">5</int>
					</object>
					<object id="pampas_1_1308179353006">
						<int id="z">44</int>
						<str id="sprite_class">pampas_1</str>
						<int id="h">67</int>
						<int id="w">46</int>
						<str id="name">pampas_1_1308179353005</str>
						<int id="x">-1594</int>
						<int id="y">-110</int>
					</object>
					<object id="lens_grass_1_1308179352973">
						<int id="z">30</int>
						<str id="sprite_class">lens_grass_1</str>
						<int id="h">40</int>
						<int id="w">386</int>
						<str id="name">lens_grass_1_1307987031014</str>
						<int id="x">1014</int>
						<int id="y">-94</int>
					</object>
					<object id="transition_dirt_3_1308179353048">
						<int id="z">31</int>
						<str id="sprite_class">transition_dirt_3</str>
						<int id="h">36</int>
						<int id="w">235</int>
						<int id="r">4</int>
						<str id="name">transition_dirt_3_1308179352966</str>
						<int id="x">242</int>
						<int id="y">-66</int>
					</object>
					<object id="transition_dirt_1_1308179352993">
						<int id="z">43</int>
						<str id="sprite_class">transition_dirt_1</str>
						<int id="h">30</int>
						<int id="w">157</int>
						<str id="name">transition_dirt_1_1308179352967</str>
						<int id="x">2649</int>
						<int id="y">6</int>
					</object>
					<object id="transition_dirt_2_1308186206487">
						<int id="z">21</int>
						<str id="sprite_class">transition_dirt_2</str>
						<int id="h">36</int>
						<int id="w">292</int>
						<int id="r">4</int>
						<str id="name">transition_dirt_2_1308179352964</str>
						<int id="x">1683</int>
						<int id="y">-50</int>
					</object>
					<object id="transition_dirt_2_1308179352965">
						<int id="z">22</int>
						<str id="sprite_class">transition_dirt_2</str>
						<int id="h">36</int>
						<int id="w">292</int>
						<str id="name">transition_dirt_2_1308179352964</str>
						<int id="x">1202</int>
						<int id="y">-82</int>
					</object>
					<object id="lens_grass_1_1308179352974">
						<int id="z">27</int>
						<str id="sprite_class">lens_grass_1</str>
						<int id="h">24</int>
						<int id="w">138</int>
						<str id="name">lens_grass_1_1307987031014</str>
						<int id="x">1226</int>
						<int id="y">-107</int>
					</object>
					<object id="lens_grass_2_1307741552449">
						<int id="z">11</int>
						<str id="sprite_class">lens_grass_2</str>
						<int id="h">161</int>
						<int id="w">2108</int>
						<str id="name">lens_grass_2_1307741552444</str>
						<int id="x">1543</int>
						<int id="y">90</int>
					</object>
					<object id="tree_acacia_2_1308179353014">
						<int id="z">45</int>
						<str id="sprite_class">tree_acacia_2</str>
						<int id="h">673</int>
						<int id="w">1174</int>
						<str id="name">tree_acacia_2_1307749098540</str>
						<int id="x">-1627</int>
						<int id="y">-93</int>
					</object>
					<object id="transition_dirt_2_1308179352987">
						<int id="z">14</int>
						<str id="sprite_class">transition_dirt_2</str>
						<int id="h">36</int>
						<int id="w">292</int>
						<str id="name">transition_dirt_2_1308179352964</str>
						<int id="x">2500</int>
						<int id="y">-77</int>
					</object>
					<object id="lens_grass_1_1308179352983">
						<int id="z">38</int>
						<str id="sprite_class">lens_grass_1</str>
						<int id="h">43</int>
						<int id="w">157</int>
						<str id="name">lens_grass_1_1307987031014</str>
						<int id="x">-82</int>
						<int id="y">-104</int>
					</object>
					<object id="transition_dirt_3_1308179353047">
						<int id="z">34</int>
						<str id="sprite_class">transition_dirt_3</str>
						<int id="h">36</int>
						<int id="w">235</int>
						<int id="r">4</int>
						<str id="name">transition_dirt_3_1308179352966</str>
						<int id="x">95</int>
						<int id="y">-70</int>
					</object>
					<object id="lens_grass_1_1308903773166">
						<int id="z">47</int>
						<str id="sprite_class">lens_grass_1</str>
						<int id="h">71</int>
						<int id="w">338</int>
						<int id="r">1</int>
						<str id="name">lens_grass_1_1307987031014</str>
						<int id="x">2069</int>
						<int id="y">-29</int>
					</object>
					<object id="transition_dirt_3_1308179352989">
						<int id="z">40</int>
						<str id="sprite_class">transition_dirt_3</str>
						<int id="h">26</int>
						<int id="w">235</int>
						<str id="name">transition_dirt_3_1308179352966</str>
						<int id="x">2228</int>
						<int id="y">-17</int>
					</object>
					<object id="lens_grass_1_1307741552448">
						<int id="z">10</int>
						<str id="sprite_class">lens_grass_1</str>
						<int id="h">202</int>
						<int id="w">2026</int>
						<str id="name">lens_grass_1_1307741552445</str>
						<int id="x">555</int>
						<int id="y">77</int>
					</object>
					<object id="transition_dirt_3_1308179352976">
						<int id="z">35</int>
						<str id="sprite_class">transition_dirt_3</str>
						<int id="h">36</int>
						<int id="w">235</int>
						<int id="r">4</int>
						<str id="name">transition_dirt_3_1308179352966</str>
						<int id="x">-41</int>
						<int id="y">-75</int>
					</object>
					<object id="lens_grass_1_1308903773165">
						<int id="z">48</int>
						<str id="sprite_class">lens_grass_1</str>
						<int id="h">60</int>
						<int id="w">285</int>
						<str id="name">lens_grass_1_1307987031014</str>
						<int id="x">1824</int>
						<int id="y">-33</int>
					</object>
					<object id="lens_grass_1_1308903773184">
						<int id="z">53</int>
						<str id="sprite_class">lens_grass_1</str>
						<int id="h">35</int>
						<int id="w">189</int>
						<int id="r">4</int>
						<str id="name">lens_grass_1_1307987031014</str>
						<int id="x">406</int>
						<int id="y">-65</int>
					</object>
					<object id="transition_dirt_1_1308179352967">
						<int id="z">25</int>
						<str id="sprite_class">transition_dirt_1</str>
						<int id="h">20</int>
						<int id="w">98</int>
						<str id="name">transition_dirt_1_1308179352967</str>
						<int id="x">53</int>
						<int id="y">-94</int>
					</object>
				</object>
			</object>
			<object id="T_1307741552438">
				<int id="z">1</int>
				<object id="filtersNEW">
					<object id="contrast">
						<int id="value">0</int>
					</object>
					<object id="tintColor">
						<int id="value">0</int>
					</object>
					<object id="brightness">
						<int id="value">10</int>
					</object>
					<object id="saturation">
						<int id="value">18</int>
					</object>
				</object>
				<int id="w">6000</int>
				<str id="name">middleplus</str>
				<int id="h">1000</int>
				<object id="decos">
					<object id="pampas_2_1308186206495">
						<int id="z">0</int>
						<str id="sprite_class">pampas_2</str>
						<int id="h">89</int>
						<int id="w">58</int>
						<str id="name">pampas_2_1307749098499</str>
						<int id="x">5968</int>
						<int id="y">934</int>
						<bool id="h_flip">true</bool>
					</object>
					<object id="lens_grass_1_1308179352992">
						<int id="z">1</int>
						<str id="sprite_class">lens_grass_1</str>
						<int id="h">79</int>
						<int id="w">593</int>
						<str id="name">lens_grass_1_1307987031014</str>
						<int id="x">5926</int>
						<int id="y">1020</int>
					</object>
					<object id="pampas_2_1308186206509">
						<int id="z">12</int>
						<str id="sprite_class">pampas_2</str>
						<int id="h">131</int>
						<int id="w">85</int>
						<str id="name">pampas_2_1307749098499</str>
						<int id="x">3774</int>
						<int id="y">969</int>
					</object>
					<object id="lens_grass_1_1307987031053">
						<int id="z">2</int>
						<str id="sprite_class">lens_grass_1</str>
						<int id="h">100</int>
						<int id="w">365</int>
						<str id="name">lens_grass_1_1307987031014</str>
						<int id="x">670</int>
						<int id="y">1032</int>
					</object>
					<object id="lens_grass_1_1307987031058">
						<int id="z">17</int>
						<str id="sprite_class">lens_grass_1</str>
						<int id="h">90</int>
						<int id="w">365</int>
						<str id="name">lens_grass_1_1307987031014</str>
						<int id="x">2405</int>
						<int id="y">1021</int>
					</object>
					<object id="lens_grass_1_1308179353054">
						<int id="z">13</int>
						<str id="sprite_class">lens_grass_1</str>
						<int id="h">78</int>
						<int id="w">343</int>
						<str id="name">lens_grass_1_1307987031014</str>
						<int id="x">3348</int>
						<int id="y">1020</int>
					</object>
					<object id="lens_grass_1_1308179352981">
						<int id="z">9</int>
						<str id="sprite_class">lens_grass_1</str>
						<int id="h">29</int>
						<int id="w">133</int>
						<int id="r">2</int>
						<str id="name">lens_grass_1_1307987031014</str>
						<int id="x">2890</int>
						<int id="y">941</int>
					</object>
					<object id="lens_grass_1_1308179352928">
						<int id="z">6</int>
						<str id="sprite_class">lens_grass_1</str>
						<int id="h">100</int>
						<int id="w">365</int>
						<str id="name">lens_grass_1_1307987031014</str>
						<int id="x">59</int>
						<int id="y">1026</int>
					</object>
					<object id="pampas_2_1308186206492">
						<int id="z">16</int>
						<str id="sprite_class">pampas_2</str>
						<int id="h">74</int>
						<int id="w">48</int>
						<str id="name">pampas_2_1307749098499</str>
						<int id="x">2438</int>
						<int id="y">928</int>
						<bool id="h_flip">true</bool>
					</object>
					<object id="pampas_2_1308179353012">
						<int id="z">5</int>
						<str id="sprite_class">pampas_2</str>
						<int id="h">73</int>
						<int id="w">47</int>
						<str id="name">pampas_2_1307749098499</str>
						<int id="x">238</int>
						<int id="y">935</int>
					</object>
					<object id="lens_grass_1_1308179352943">
						<int id="z">18</int>
						<str id="sprite_class">lens_grass_1</str>
						<int id="h">106</int>
						<int id="w">515</int>
						<int id="r">3</int>
						<str id="name">lens_grass_1_1307987031014</str>
						<int id="x">2083</int>
						<int id="y">1043</int>
					</object>
					<object id="pampas_2_1308186206491">
						<int id="z">19</int>
						<str id="sprite_class">pampas_2</str>
						<int id="h">88</int>
						<int id="w">57</int>
						<str id="name">pampas_2_1307749098499</str>
						<int id="x">1953</int>
						<int id="y">948</int>
						<bool id="h_flip">true</bool>
					</object>
					<object id="tree_acacia_4_1308186206500">
						<int id="z">11</int>
						<str id="sprite_class">tree_acacia_4</str>
						<int id="h">958</int>
						<int id="w">1248</int>
						<str id="name">tree_acacia_4_1308186206499</str>
						<int id="x">3609</int>
						<int id="y">993</int>
					</object>
					<object id="lens_grass_1_1307987031054">
						<int id="z">4</int>
						<str id="sprite_class">lens_grass_1</str>
						<int id="h">100</int>
						<int id="w">365</int>
						<str id="name">lens_grass_1_1307987031014</str>
						<int id="x">507</int>
						<int id="y">1066</int>
					</object>
					<object id="lens_grass_1_1307987031059">
						<int id="z">15</int>
						<str id="sprite_class">lens_grass_1</str>
						<int id="h">56</int>
						<int id="w">365</int>
						<str id="name">lens_grass_1_1307987031014</str>
						<int id="x">2168</int>
						<int id="y">988</int>
					</object>
					<object id="lens_grass_1_1308179352929">
						<int id="z">7</int>
						<str id="sprite_class">lens_grass_1</str>
						<int id="h">114</int>
						<int id="w">351</int>
						<str id="name">lens_grass_1_1307987031014</str>
						<int id="x">254</int>
						<int id="y">1061</int>
					</object>
					<object id="lens_grass_1_1308186206488">
						<int id="z">14</int>
						<str id="sprite_class">lens_grass_1</str>
						<int id="h">85</int>
						<int id="w">575</int>
						<str id="name">lens_grass_1_1307987031014</str>
						<int id="x">3688</int>
						<int id="y">1036</int>
					</object>
					<object id="lens_grass_1_1308186206506">
						<int id="z">3</int>
						<str id="sprite_class">lens_grass_1</str>
						<int id="h">100</int>
						<int id="w">365</int>
						<str id="name">lens_grass_1_1307987031014</str>
						<int id="x">888</int>
						<int id="y">1054</int>
					</object>
					<object id="lens_grass_1_1307987031057">
						<int id="z">8</int>
						<str id="sprite_class">lens_grass_1</str>
						<int id="h">76</int>
						<int id="w">365</int>
						<str id="name">lens_grass_1_1307987031014</str>
						<int id="x">2611</int>
						<int id="y">984</int>
					</object>
					<object id="lens_grass_1_1308179353053">
						<int id="z">10</int>
						<str id="sprite_class">lens_grass_1</str>
						<int id="h">78</int>
						<int id="w">343</int>
						<str id="name">lens_grass_1_1307987031014</str>
						<int id="x">3214</int>
						<int id="y">992</int>
					</object>
				</object>
			</object>
			<object id="T_1307741552442">
				<int id="z">-3</int>
				<object id="filtersNEW">
					<object id="contrast">
						<int id="value">0</int>
					</object>
					<object id="tintColor">
						<int id="value">0</int>
					</object>
					<object id="blur">
						<int id="value">3</int>
					</object>
					<object id="brightness">
						<int id="value">25</int>
					</object>
					<object id="saturation">
						<int id="value">6</int>
					</object>
				</object>
				<int id="w">5400</int>
				<str id="name">bg_3</str>
				<int id="h">1000</int>
				<object id="decos">
					<object id="alakol_water_rock_1_1308179352914">
						<int id="z">1</int>
						<str id="sprite_class">alakol_water_rock_1</str>
						<int id="h">9</int>
						<int id="w">29</int>
						<str id="name">alakol_water_rock_1_1307749098577</str>
						<int id="x">3160</int>
						<int id="y">777</int>
					</object>
					<object id="tree_acacia_3_1308186206510">
						<int id="z">43</int>
						<str id="sprite_class">tree_acacia_3</str>
						<int id="h">30</int>
						<int id="w">66</int>
						<str id="name">tree_acacia_3_1307749098496</str>
						<int id="x">1697</int>
						<int id="y">770</int>
					</object>
					<object id="alakol_water_rock_2_1308179352903">
						<int id="z">32</int>
						<str id="sprite_class">alakol_water_rock_2</str>
						<int id="h">9</int>
						<int id="w">21</int>
						<str id="name">alakol_water_rock_2_1307749098574</str>
						<int id="x">3471</int>
						<int id="y">779</int>
					</object>
					<object id="alakol_water_rock_2_1308179352952">
						<int id="z">28</int>
						<str id="sprite_class">alakol_water_rock_2</str>
						<int id="h">13</int>
						<int id="w">18</int>
						<str id="name">alakol_water_rock_2_1307749098574</str>
						<int id="x">2681</int>
						<int id="y">782</int>
					</object>
					<object id="lens_grass_1_1307749098474">
						<int id="z">10</int>
						<str id="sprite_class">lens_grass_1</str>
						<int id="h">85</int>
						<int id="w">1322</int>
						<str id="name">lens_grass_1_1307741552445</str>
						<int id="x">2721</int>
						<int id="y">860</int>
					</object>
					<object id="heights_bush_1_1308186206480">
						<int id="z">39</int>
						<str id="sprite_class">heights_bush_1</str>
						<int id="h">8</int>
						<int id="w">14</int>
						<str id="name">heights_bush_1_1308186206471</str>
						<int id="x">3324</int>
						<int id="y">783</int>
					</object>
					<object id="lens_grass_1_1307749098480">
						<int id="z">15</int>
						<str id="sprite_class">lens_grass_1</str>
						<int id="h">85</int>
						<int id="w">1063</int>
						<str id="name">lens_grass_1_1307741552445</str>
						<int id="x">449</int>
						<int id="y">838</int>
					</object>
					<object id="alakol_water_rock_1_1308179352915">
						<int id="z">34</int>
						<str id="sprite_class">alakol_water_rock_1</str>
						<int id="h">12</int>
						<int id="w">13</int>
						<str id="name">alakol_water_rock_1_1307749098577</str>
						<int id="x">3190</int>
						<int id="y">784</int>
					</object>
					<object id="alakol_cliff_2_1307987031085">
						<int id="z">22</int>
						<str id="sprite_class">alakol_cliff_2</str>
						<int id="h">7</int>
						<int id="w">36</int>
						<str id="name">alakol_cliff_2_1307749098573</str>
						<int id="x">3418</int>
						<int id="y">771</int>
					</object>
					<object id="alakol_water_rock_1_1308186206468">
						<int id="z">35</int>
						<str id="sprite_class">alakol_water_rock_1</str>
						<int id="h">9</int>
						<int id="w">24</int>
						<str id="name">alakol_water_rock_1_1307749098577</str>
						<int id="x">3307</int>
						<int id="y">785</int>
					</object>
					<object id="alakol_cliff_2_1308179352950">
						<int id="z">24</int>
						<str id="sprite_class">alakol_cliff_2</str>
						<int id="h">7</int>
						<int id="w">36</int>
						<str id="name">alakol_cliff_2_1307749098573</str>
						<int id="x">2713</int>
						<int id="y">780</int>
					</object>
					<object id="lens_grass_2_1307749098468">
						<int id="z">6</int>
						<str id="sprite_class">lens_grass_2</str>
						<int id="h">71</int>
						<int id="w">1035</int>
						<int id="r">1</int>
						<str id="name">lens_grass_2_1307741552444</str>
						<int id="x">5247</int>
						<int id="y">850</int>
					</object>
					<object id="alakol_water_rock_2_1308179352951">
						<int id="z">33</int>
						<str id="sprite_class">alakol_water_rock_2</str>
						<int id="h">9</int>
						<int id="w">21</int>
						<str id="name">alakol_water_rock_2_1307749098574</str>
						<int id="x">2747</int>
						<int id="y">780</int>
					</object>
					<object id="heights_bush_2_1308186206482">
						<int id="z">41</int>
						<str id="sprite_class">heights_bush_2</str>
						<int id="h">7</int>
						<int id="w">15</int>
						<str id="name">heights_bush_2_1308186206472</str>
						<int id="x">3387</int>
						<int id="y">781</int>
					</object>
					<object id="alakol_cliff_1_1307987031086">
						<int id="z">25</int>
						<str id="sprite_class">alakol_cliff_1</str>
						<int id="h">11</int>
						<int id="w">87</int>
						<int id="r">1</int>
						<str id="name">alakol_cliff_1_1307749098572</str>
						<int id="x">3410</int>
						<int id="y">780</int>
					</object>
					<object id="lens_grass_1_1307749098469">
						<int id="z">7</int>
						<str id="sprite_class">lens_grass_1</str>
						<int id="h">78</int>
						<int id="w">1140</int>
						<str id="name">lens_grass_1_1307741552445</str>
						<int id="x">4776</int>
						<int id="y">857</int>
					</object>
					<object id="tree_acacia_1_1307749098541">
						<int id="z">18</int>
						<str id="sprite_class">tree_acacia_1</str>
						<int id="h">35</int>
						<int id="w">56</int>
						<str id="name">tree_acacia_1_1307749098541</str>
						<int id="x">4506</int>
						<int id="y">784</int>
					</object>
					<object id="tree_acacia_2_1307749098589">
						<int id="z">17</int>
						<str id="sprite_class">tree_acacia_2</str>
						<int id="h">31</int>
						<int id="w">54</int>
						<str id="name">tree_acacia_2_1307749098540</str>
						<int id="x">4430</int>
						<int id="y">782</int>
					</object>
					<object id="alakol_water_rock_2_1308179352954">
						<int id="z">0</int>
						<str id="sprite_class">alakol_water_rock_2</str>
						<int id="h">7</int>
						<int id="w">29</int>
						<str id="name">alakol_water_rock_2_1307749098574</str>
						<int id="x">2712</int>
						<int id="y">774</int>
					</object>
					<object id="lens_grass_2_1307749098473">
						<int id="z">5</int>
						<str id="sprite_class">lens_grass_2</str>
						<int id="h">71</int>
						<int id="w">1258</int>
						<int id="r">1</int>
						<str id="name">lens_grass_2_1307741552444</str>
						<int id="x">4283</int>
						<int id="y">841</int>
					</object>
					<object id="tree_acacia_4_1308186206511">
						<int id="z">44</int>
						<str id="sprite_class">tree_acacia_4</str>
						<int id="h">31</int>
						<int id="w">37</int>
						<int id="r">-4</int>
						<str id="name">tree_acacia_4_1307749098538</str>
						<int id="x">1714</int>
						<int id="y">769</int>
						<bool id="h_flip">true</bool>
					</object>
					<object id="alakol_water_rock_2_1308179352909">
						<int id="z">31</int>
						<str id="sprite_class">alakol_water_rock_2</str>
						<int id="h">9</int>
						<int id="w">22</int>
						<str id="name">alakol_water_rock_2_1307749098574</str>
						<int id="x">3231</int>
						<int id="y">784</int>
					</object>
					<object id="alakol_cliff_2_1308179352911">
						<int id="z">23</int>
						<str id="sprite_class">alakol_cliff_2</str>
						<int id="h">7</int>
						<int id="w">36</int>
						<str id="name">alakol_cliff_2_1307749098573</str>
						<int id="x">3163</int>
						<int id="y">782</int>
					</object>
					<object id="tree_acacia_4_1308186206501">
						<int id="z">42</int>
						<str id="sprite_class">tree_acacia_4</str>
						<int id="h">31</int>
						<int id="w">37</int>
						<int id="r">-4</int>
						<str id="name">tree_acacia_4_1307749098538</str>
						<int id="x">451</int>
						<int id="y">756</int>
						<bool id="h_flip">true</bool>
					</object>
					<object id="tree_acacia_3_1307749098704">
						<int id="z">21</int>
						<str id="sprite_class">tree_acacia_3</str>
						<int id="h">30</int>
						<int id="w">66</int>
						<str id="name">tree_acacia_3_1307749098496</str>
						<int id="x">72</int>
						<int id="y">751</int>
					</object>
					<object id="alakol_water_rock_2_1307987031087">
						<int id="z">2</int>
						<str id="sprite_class">alakol_water_rock_2</str>
						<int id="h">13</int>
						<int id="w">34</int>
						<int id="r">15</int>
						<str id="name">alakol_water_rock_2_1307749098574</str>
						<int id="x">3391</int>
						<int id="y">776</int>
					</object>
					<object id="lens_grass_2_1307749098479">
						<int id="z">12</int>
						<str id="sprite_class">lens_grass_2</str>
						<int id="h">68</int>
						<int id="w">1152</int>
						<int id="r">1</int>
						<str id="name">lens_grass_2_1307741552444</str>
						<int id="x">1435</int>
						<int id="y">828</int>
					</object>
					<object id="tree_acacia_3_1307749098588">
						<int id="z">19</int>
						<str id="sprite_class">tree_acacia_3</str>
						<int id="h">31</int>
						<int id="w">67</int>
						<str id="name">tree_acacia_3_1307749098496</str>
						<int id="x">5286</int>
						<int id="y">786</int>
					</object>
					<object id="lens_grass_2_1307749098475">
						<int id="z">9</int>
						<str id="sprite_class">lens_grass_2</str>
						<int id="h">55</int>
						<int id="w">1009</int>
						<str id="name">lens_grass_2_1307741552444</str>
						<int id="x">3136</int>
						<int id="y">831</int>
					</object>
					<object id="tree_acacia_4_1307987031068">
						<int id="z">16</int>
						<str id="sprite_class">tree_acacia_4</str>
						<int id="h">31</int>
						<int id="w">37</int>
						<int id="r">-4</int>
						<str id="name">tree_acacia_4_1307749098538</str>
						<int id="x">3543</int>
						<int id="y">775</int>
						<bool id="h_flip">true</bool>
					</object>
					<object id="heights_bush_2_1308186206479">
						<int id="z">38</int>
						<str id="sprite_class">heights_bush_2</str>
						<int id="h">7</int>
						<int id="w">15</int>
						<str id="name">heights_bush_2_1308186206472</str>
						<int id="x">3174</int>
						<int id="y">783</int>
					</object>
					<object id="lens_grass_1_1307749098478">
						<int id="z">13</int>
						<str id="sprite_class">lens_grass_1</str>
						<int id="h">69</int>
						<int id="w">1089</int>
						<str id="name">lens_grass_1_1307741552445</str>
						<int id="x">892</int>
						<int id="y">827</int>
					</object>
					<object id="alakol_water_rock_2_1308179352953">
						<int id="z">29</int>
						<str id="sprite_class">alakol_water_rock_2</str>
						<int id="h">8</int>
						<int id="w">21</int>
						<str id="name">alakol_water_rock_2_1307749098574</str>
						<int id="x">2691</int>
						<int id="y">781</int>
					</object>
					<object id="lens_grass_2_1307749098481">
						<int id="z">14</int>
						<str id="sprite_class">lens_grass_2</str>
						<int id="h">71</int>
						<int id="w">934</int>
						<int id="r">1</int>
						<str id="name">lens_grass_2_1307741552444</str>
						<int id="x">67</int>
						<int id="y">816</int>
					</object>
					<object id="alakol_water_rock_2_1308179352910">
						<int id="z">30</int>
						<str id="sprite_class">alakol_water_rock_2</str>
						<int id="h">6</int>
						<int id="w">26</int>
						<str id="name">alakol_water_rock_2_1307749098574</str>
						<int id="x">3218</int>
						<int id="y">784</int>
					</object>
					<object id="alakol_water_rock_1_1308179352916">
						<int id="z">36</int>
						<str id="sprite_class">alakol_water_rock_1</str>
						<int id="h">7</int>
						<int id="w">26</int>
						<str id="name">alakol_water_rock_1_1307749098577</str>
						<int id="x">3132</int>
						<int id="y">780</int>
					</object>
					<object id="lens_grass_2_1307749098477">
						<int id="z">4</int>
						<str id="sprite_class">lens_grass_2</str>
						<int id="h">36</int>
						<int id="w">1106</int>
						<int id="r">1</int>
						<str id="name">lens_grass_2_1307741552444</str>
						<int id="x">2474</int>
						<int id="y">806</int>
					</object>
					<object id="heights_bush_2_1308186206478">
						<int id="z">37</int>
						<str id="sprite_class">heights_bush_2</str>
						<int id="h">7</int>
						<int id="w">15</int>
						<str id="name">heights_bush_2_1308186206472</str>
						<int id="x">2705</int>
						<int id="y">781</int>
					</object>
					<object id="alakol_water_rock_2_1307987031089">
						<int id="z">27</int>
						<str id="sprite_class">alakol_water_rock_2</str>
						<int id="h">13</int>
						<int id="w">18</int>
						<str id="name">alakol_water_rock_2_1307749098574</str>
						<int id="x">3432</int>
						<int id="y">784</int>
					</object>
					<object id="alakol_cliff_2_1308179352908">
						<int id="z">26</int>
						<str id="sprite_class">alakol_cliff_2</str>
						<int id="h">6</int>
						<int id="w">48</int>
						<str id="name">alakol_cliff_2_1307749098573</str>
						<int id="x">3366</int>
						<int id="y">780</int>
					</object>
					<object id="alakol_water_rock_2_1308186206467">
						<int id="z">3</int>
						<str id="sprite_class">alakol_water_rock_2</str>
						<int id="h">16</int>
						<int id="w">67</int>
						<int id="r">-1</int>
						<str id="name">alakol_water_rock_2_1307749098574</str>
						<int id="x">3344</int>
						<int id="y">785</int>
					</object>
					<object id="lens_grass_1_1307749098472">
						<int id="z">8</int>
						<str id="sprite_class">lens_grass_1</str>
						<int id="h">81</int>
						<int id="w">1289</int>
						<str id="name">lens_grass_1_1307741552445</str>
						<int id="x">3702</int>
						<int id="y">850</int>
					</object>
					<object id="lens_grass_1_1307749098476">
						<int id="z">11</int>
						<str id="sprite_class">lens_grass_1</str>
						<int id="h">68</int>
						<int id="w">1212</int>
						<str id="name">lens_grass_1_1307741552445</str>
						<int id="x">1869</int>
						<int id="y">832</int>
					</object>
					<object id="tree_acacia_1_1307749098703">
						<int id="z">20</int>
						<str id="sprite_class">tree_acacia_1</str>
						<int id="h">27</int>
						<int id="w">44</int>
						<str id="name">tree_acacia_1_1307749098552</str>
						<int id="x">418</int>
						<int id="y">758</int>
					</object>
					<object id="heights_bush_1_1308186206481">
						<int id="z">40</int>
						<str id="sprite_class">heights_bush_1</str>
						<int id="h">8</int>
						<int id="w">14</int>
						<str id="name">heights_bush_1_1308186206471</str>
						<int id="x">3374</int>
						<int id="y">782</int>
					</object>
				</object>
			</object>
			<object id="T_1307741552441">
				<int id="z">-5</int>
				<object id="filtersNEW">
					<object id="blur">
						<int id="value">3</int>
					</object>
					<object id="brightness">
						<int id="value">19</int>
					</object>
					<object id="contrast">
						<int id="value">-10</int>
					</object>
					<object id="tintColor">
						<int id="value">16763904</int>
					</object>
					<object id="tintAmount">
						<int id="value">80</int>
					</object>
					<object id="saturation">
						<int id="value">-60</int>
					</object>
				</object>
				<int id="w">5160</int>
				<str id="name">sky</str>
				<int id="h">1000</int>
				<object id="decos">
					<object id="cloud_fluffy_1_1307984015705">
						<int id="z">9</int>
						<str id="sprite_class">cloud_fluffy_1</str>
						<int id="h">119</int>
						<int id="w">1392</int>
						<str id="name">cloud_fluffy_1_1307749098737</str>
						<int id="x">2168</int>
						<int id="y">715</int>
					</object>
					<object id="mountain_trees_darker_1_1308186206473">
						<int id="z">0</int>
						<str id="sprite_class">mountain_trees_darker_1</str>
						<int id="h">76</int>
						<int id="w">538</int>
						<int id="r">2</int>
						<str id="name">mountain_trees_darker_1_1308186206473</str>
						<int id="x">102</int>
						<int id="y">776</int>
					</object>
					<object id="cloud_fluffy_2_1307984015711">
						<int id="z">6</int>
						<str id="sprite_class">cloud_fluffy_2</str>
						<int id="h">46</int>
						<int id="w">1384</int>
						<str id="name">cloud_fluffy_2_1307749098529</str>
						<int id="x">4619</int>
						<int id="y">768</int>
					</object>
					<object id="cloud_fluffy_2_1307984015710">
						<int id="z">7</int>
						<str id="sprite_class">cloud_fluffy_2</str>
						<int id="h">46</int>
						<int id="w">1372</int>
						<str id="name">cloud_fluffy_2_1307749098529</str>
						<int id="x">2965</int>
						<int id="y">764</int>
					</object>
					<object id="heights_bush_4_1308186206513">
						<int id="z">11</int>
						<str id="sprite_class">heights_bush_4</str>
						<int id="h">23</int>
						<int id="w">537</int>
						<int id="r">1</int>
						<str id="name">heights_bush_4_1307741552494</str>
						<int id="x">1854</int>
						<int id="y">776</int>
					</object>
					<object id="heights_bush_4_1308107342107">
						<int id="z">5</int>
						<str id="sprite_class">heights_bush_4</str>
						<int id="h">28</int>
						<int id="w">537</int>
						<str id="name">heights_bush_4_1307741552494</str>
						<int id="x">251</int>
						<int id="y">776</int>
						<bool id="h_flip">true</bool>
					</object>
					<object id="heights_bush_4_1307749098700">
						<int id="z">3</int>
						<str id="sprite_class">heights_bush_4</str>
						<int id="h">28</int>
						<int id="w">537</int>
						<str id="name">heights_bush_4_1307741552494</str>
						<int id="x">366</int>
						<int id="y">769</int>
					</object>
					<object id="heights_bush_4_1307749098585">
						<int id="z">2</int>
						<str id="sprite_class">heights_bush_4</str>
						<int id="h">27</int>
						<int id="w">444</int>
						<int id="r">1</int>
						<str id="name">heights_bush_4_1307741552494</str>
						<int id="x">4152</int>
						<int id="y">792</int>
					</object>
					<object id="heights_bush_4_1307749098584">
						<int id="z">1</int>
						<str id="sprite_class">heights_bush_4</str>
						<int id="h">21</int>
						<int id="w">382</int>
						<str id="name">heights_bush_4_1307741552494</str>
						<int id="x">4079</int>
						<int id="y">785</int>
					</object>
					<object id="cloud_fluffy_1_1307984015708">
						<int id="z">8</int>
						<str id="sprite_class">cloud_fluffy_1</str>
						<int id="h">80</int>
						<int id="w">1176</int>
						<str id="name">cloud_fluffy_1_1307749098737</str>
						<int id="x">757</int>
						<int id="y">747</int>
					</object>
					<object id="cloud_fluffy_2_1307984015709">
						<int id="z">10</int>
						<str id="sprite_class">cloud_fluffy_2</str>
						<int id="h">40</int>
						<int id="w">1025</int>
						<str id="name">cloud_fluffy_2_1307749098529</str>
						<int id="x">1436</int>
						<int id="y">754</int>
					</object>
					<object id="heights_bush_4_1308179352901">
						<int id="z">4</int>
						<str id="sprite_class">heights_bush_4</str>
						<int id="h">28</int>
						<int id="w">537</int>
						<int id="r">3</int>
						<str id="name">heights_bush_4_1307741552494</str>
						<int id="x">39</int>
						<int id="y">756</int>
					</object>
				</object>
			</object>
		</object>
		<null id="loading_label"/>
		<int id="ground_y">0</int>
		<int id="rookable_type">0</int>
		<null id="physics"/>
		<null id="img_file_versioned"/>
		<str id="tsid">LA5137QE0J52UB8</str>
		<str id="swf_file_versioned">http://c2.glitch.bz/locations/groddle1/1341875645.swf</str>
		<object id="gradient">
			<str id="bottom">FFD859</str>
			<str id="top">7395BF</str>
		</object>
		<object id="sources">
			<int id="LA5132LA0J526JJ">1</int>
			<int id="LA5148N71J5237C">1</int>
			<int id="LA5131390J52DJR">1</int>
		</object>
		<str id="music_file"></str>
		<bool id="wall_jump">false</bool>
	</object>
</game_object>
