<game_object tsid="GA512UR70J52M1G" ts="1346349597448" label="Swain Way 1" class_tsid="" lastUpdateTime="1346349587" upd_gs="gs11" load_time="2012-08-30 10:41:35.000" upd_time="2012-08-30 10:59:44.177">
	<object id="dynamic">
		<int id="l">-3000</int>
		<int id="r">3000</int>
		<int id="t">-1000</int>
		<int id="b">0</int>
		<str id="label">Swain Way 1</str>
		<str id="swf_file">groddle1.swf</str>
		<object id="layers">
			<object id="T_1307725023669">
				<int id="z">-5</int>
				<object id="filtersNEW">
					<object id="blur">
						<int id="value">3</int>
					</object>
					<object id="brightness">
						<int id="value">19</int>
					</object>
					<object id="contrast">
						<int id="value">-10</int>
					</object>
					<object id="tintColor">
						<int id="value">16763904</int>
					</object>
					<object id="tintAmount">
						<int id="value">80</int>
					</object>
					<object id="saturation">
						<int id="value">-60</int>
					</object>
				</object>
				<int id="w">4800</int>
				<str id="name">sky</str>
				<int id="h">1000</int>
				<object id="decos">
					<object id="cloud_fluffy_2_1308213477376">
						<int id="z">4</int>
						<str id="sprite_class">cloud_fluffy_2</str>
						<int id="h">89</int>
						<int id="w">1231</int>
						<str id="name">cloud_fluffy_2_1307725023726</str>
						<int id="x">613</int>
						<int id="y">688</int>
					</object>
					<object id="cloud_fluffy_2_1308213477378">
						<int id="z">6</int>
						<str id="sprite_class">cloud_fluffy_2</str>
						<int id="h">89</int>
						<int id="w">1231</int>
						<str id="name">cloud_fluffy_2_1307725023726</str>
						<int id="x">4254</int>
						<int id="y">696</int>
					</object>
					<object id="mountain_trees_darker_1_1309242339560">
						<int id="z">3</int>
						<str id="sprite_class">mountain_trees_darker_1</str>
						<int id="h">102</int>
						<int id="w">600</int>
						<int id="r">-1</int>
						<str id="name">mountain_trees_darker_1_1307741552431</str>
						<int id="x">4663</int>
						<int id="y">748</int>
					</object>
					<object id="cloud_fluffy_1_1308213477377">
						<int id="z">5</int>
						<str id="sprite_class">cloud_fluffy_1</str>
						<int id="h">95</int>
						<int id="w">1009</int>
						<str id="name">cloud_fluffy_1_1307731442949</str>
						<int id="x">2707</int>
						<int id="y">709</int>
					</object>
					<object id="cloud_fluffy_2_1307731442948">
						<int id="z">0</int>
						<str id="sprite_class">cloud_fluffy_2</str>
						<int id="h">89</int>
						<int id="w">1231</int>
						<str id="name">cloud_fluffy_2_1307725023726</str>
						<int id="x">3428</int>
						<int id="y">631</int>
					</object>
					<object id="cloud_fluffy_1_1307731442952">
						<int id="z">1</int>
						<str id="sprite_class">cloud_fluffy_1</str>
						<int id="h">95</int>
						<int id="w">1009</int>
						<str id="name">cloud_fluffy_1_1307731442949</str>
						<int id="x">1657</int>
						<int id="y">707</int>
					</object>
					<object id="mountain_trees_darker_1_1307741552432">
						<int id="z">2</int>
						<str id="sprite_class">mountain_trees_darker_1</str>
						<int id="h">102</int>
						<int id="w">600</int>
						<str id="name">mountain_trees_darker_1_1307741552431</str>
						<int id="x">98</int>
						<int id="y">751</int>
					</object>
				</object>
			</object>
			<object id="T_1307741552414">
				<int id="z">1</int>
				<object id="filtersNEW">
					<object id="contrast">
						<int id="value">0</int>
					</object>
					<object id="brightness">
						<int id="value">9</int>
					</object>
					<object id="saturation">
						<int id="value">19</int>
					</object>
				</object>
				<int id="w">6000</int>
				<str id="name">middleplus</str>
				<int id="h">1000</int>
				<object id="decos">
					<object id="alakol_water_rock_2_1308041830130">
						<int id="z">5</int>
						<str id="sprite_class">alakol_water_rock_2</str>
						<int id="h">174</int>
						<int id="w">632</int>
						<str id="name">alakol_water_rock_2_1307731442936</str>
						<int id="x">588</int>
						<int id="y">1039</int>
					</object>
					<object id="pampas_2_1307741552428">
						<int id="z">4</int>
						<str id="sprite_class">pampas_2</str>
						<int id="h">89</int>
						<int id="w">58</int>
						<str id="name">pampas_2_1307731442968</str>
						<int id="x">1235</int>
						<int id="y">982</int>
					</object>
					<object id="pampas_2_1307741552420">
						<int id="z">2</int>
						<str id="sprite_class">pampas_2</str>
						<int id="h">109</int>
						<int id="w">71</int>
						<str id="name">pampas_2_1307731442968</str>
						<int id="x">3445</int>
						<int id="y">981</int>
					</object>
					<object id="tree_acacia_2_1308213477381">
						<int id="z">0</int>
						<str id="sprite_class">tree_acacia_2</str>
						<int id="h">869</int>
						<int id="w">1550</int>
						<str id="name">tree_acacia_2_1307731442855</str>
						<int id="x">1766</int>
						<int id="y">997</int>
					</object>
					<object id="pampas_2_1309242339558">
						<int id="z">7</int>
						<str id="sprite_class">pampas_2</str>
						<int id="h">181</int>
						<int id="w">118</int>
						<int id="r">10</int>
						<str id="name">pampas_2_1307731442968</str>
						<int id="x">809</int>
						<int id="y">1044</int>
					</object>
					<object id="pampas_2_1307741552419">
						<int id="z">1</int>
						<str id="sprite_class">pampas_2</str>
						<int id="h">175</int>
						<int id="w">114</int>
						<str id="name">pampas_2_1307731442968</str>
						<int id="x">1842</int>
						<int id="y">1043</int>
					</object>
					<object id="alakol_water_rock_2_1309242339557">
						<int id="z">6</int>
						<str id="sprite_class">alakol_water_rock_2</str>
						<int id="h">129</int>
						<int id="w">467</int>
						<str id="name">alakol_water_rock_2_1307731442936</str>
						<int id="x">1130</int>
						<int id="y">1058</int>
					</object>
					<object id="pampas_2_1307741552427">
						<int id="z">3</int>
						<str id="sprite_class">pampas_2</str>
						<int id="h">98</int>
						<int id="w">64</int>
						<str id="name">pampas_2_1307731442968</str>
						<int id="x">5661</int>
						<int id="y">956</int>
					</object>
				</object>
			</object>
			<object id="middleground">
				<object id="ladders">
				</object>
				<int id="z">0</int>
				<object id="boxes">
				</object>
				<object id="filtersNEW">
					<object id="contrast">
						<int id="value">0</int>
					</object>
					<object id="tintColor">
						<int id="value">0</int>
					</object>
					<object id="brightness">
						<int id="value">9</int>
					</object>
					<object id="saturation">
						<int id="value">18</int>
					</object>
				</object>
				<str id="name">middleground</str>
				<int id="h">1000</int>
				<object id="platform_lines">
					<object id="plat_1308041830154">
						<int id="platform_pc_perm">-1</int>
						<object id="start">
							<int id="y">-80</int>
							<int id="x">2564</int>
						</object>
						<object id="end">
							<int id="y">-62</int>
							<int id="x">2807</int>
						</object>
						<int id="platform_item_perm">-1</int>
					</object>
					<object id="plat_1308041830153">
						<int id="platform_pc_perm">-1</int>
						<object id="start">
							<int id="y">-86</int>
							<int id="x">2317</int>
						</object>
						<object id="end">
							<int id="y">-80</int>
							<int id="x">2564</int>
						</object>
						<int id="platform_item_perm">-1</int>
					</object>
					<object id="plat_1308041830155">
						<int id="platform_pc_perm">-1</int>
						<object id="start">
							<int id="y">-62</int>
							<int id="x">2807</int>
						</object>
						<object id="end">
							<int id="y">-62</int>
							<int id="x">2999</int>
						</object>
						<int id="platform_item_perm">-1</int>
					</object>
					<object id="plat_1308041830138">
						<int id="platform_pc_perm">-1</int>
						<object id="start">
							<int id="y">-55</int>
							<int id="x">-1761</int>
						</object>
						<object id="end">
							<int id="y">-67</int>
							<int id="x">-1526</int>
						</object>
						<int id="platform_item_perm">-1</int>
					</object>
					<object id="plat_1308041830136">
						<int id="platform_pc_perm">-1</int>
						<object id="start">
							<int id="y">-70</int>
							<int id="x">-1947</int>
						</object>
						<object id="end">
							<int id="y">-47</int>
							<int id="x">-1853</int>
						</object>
						<int id="platform_item_perm">-1</int>
					</object>
					<object id="plat_1308041830143">
						<int id="platform_pc_perm">-1</int>
						<object id="start">
							<int id="y">-83</int>
							<int id="x">-430</int>
						</object>
						<object id="end">
							<int id="y">-75</int>
							<int id="x">-4</int>
						</object>
						<int id="platform_item_perm">-1</int>
					</object>
					<object id="plat_1308041830152">
						<int id="platform_pc_perm">-1</int>
						<object id="start">
							<int id="y">-76</int>
							<int id="x">1979</int>
						</object>
						<object id="end">
							<int id="y">-86</int>
							<int id="x">2317</int>
						</object>
						<int id="platform_item_perm">-1</int>
					</object>
					<object id="plat_1308041830148">
						<int id="platform_pc_perm">-1</int>
						<object id="start">
							<int id="y">-69</int>
							<int id="x">1056</int>
						</object>
						<object id="end">
							<int id="y">-72</int>
							<int id="x">1234</int>
						</object>
						<int id="platform_item_perm">-1</int>
					</object>
					<object id="plat_1308041830132">
						<int id="platform_pc_perm">-1</int>
						<object id="start">
							<int id="y">-73</int>
							<int id="x">-2677</int>
						</object>
						<object id="end">
							<int id="y">-72</int>
							<int id="x">-2254</int>
						</object>
						<int id="platform_item_perm">-1</int>
					</object>
					<object id="plat_1308041830131">
						<int id="platform_pc_perm">-1</int>
						<object id="start">
							<int id="y">-68</int>
							<int id="x">-2999</int>
						</object>
						<object id="end">
							<int id="y">-73</int>
							<int id="x">-2677</int>
						</object>
						<int id="platform_item_perm">-1</int>
					</object>
					<object id="plat_1308041830135">
						<int id="platform_pc_perm">-1</int>
						<object id="start">
							<int id="y">-84</int>
							<int id="x">-2080</int>
						</object>
						<object id="end">
							<int id="y">-70</int>
							<int id="x">-1947</int>
						</object>
						<int id="platform_item_perm">-1</int>
					</object>
					<object id="plat_1308041830147">
						<int id="platform_pc_perm">-1</int>
						<object id="start">
							<int id="y">-69</int>
							<int id="x">846</int>
						</object>
						<object id="end">
							<int id="y">-69</int>
							<int id="x">1056</int>
						</object>
						<int id="platform_item_perm">-1</int>
					</object>
					<object id="plat_1308041830137">
						<int id="platform_pc_perm">-1</int>
						<object id="start">
							<int id="y">-47</int>
							<int id="x">-1853</int>
						</object>
						<object id="end">
							<int id="y">-55</int>
							<int id="x">-1761</int>
						</object>
						<int id="platform_item_perm">-1</int>
					</object>
					<object id="plat_1308041830133">
						<int id="platform_pc_perm">-1</int>
						<object id="start">
							<int id="y">-72</int>
							<int id="x">-2254</int>
						</object>
						<object id="end">
							<int id="y">-86</int>
							<int id="x">-2178</int>
						</object>
						<int id="platform_item_perm">-1</int>
					</object>
					<object id="plat_1308041830149">
						<int id="platform_pc_perm">-1</int>
						<object id="start">
							<int id="y">-72</int>
							<int id="x">1234</int>
						</object>
						<object id="end">
							<int id="y">-68</int>
							<int id="x">1449</int>
						</object>
						<int id="platform_item_perm">-1</int>
					</object>
					<object id="plat_1308041830142">
						<int id="platform_pc_perm">-1</int>
						<object id="start">
							<int id="y">-88</int>
							<int id="x">-719</int>
						</object>
						<object id="end">
							<int id="y">-83</int>
							<int id="x">-430</int>
						</object>
						<int id="platform_item_perm">-1</int>
					</object>
					<object id="plat_1308041830145">
						<int id="platform_pc_perm">-1</int>
						<object id="start">
							<int id="y">-79</int>
							<int id="x">306</int>
						</object>
						<object id="end">
							<int id="y">-68</int>
							<int id="x">507</int>
						</object>
						<int id="platform_item_perm">-1</int>
					</object>
					<object id="plat_1308041830146">
						<int id="platform_pc_perm">-1</int>
						<object id="start">
							<int id="y">-68</int>
							<int id="x">507</int>
						</object>
						<object id="end">
							<int id="y">-69</int>
							<int id="x">846</int>
						</object>
						<int id="platform_item_perm">-1</int>
					</object>
					<object id="plat_1308041830140">
						<int id="platform_pc_perm">-1</int>
						<object id="start">
							<int id="y">-74</int>
							<int id="x">-1251</int>
						</object>
						<object id="end">
							<int id="y">-82</int>
							<int id="x">-1016</int>
						</object>
						<int id="platform_item_perm">-1</int>
					</object>
					<object id="plat_1308041830150">
						<int id="platform_pc_perm">-1</int>
						<object id="start">
							<int id="y">-68</int>
							<int id="x">1449</int>
						</object>
						<object id="end">
							<int id="y">-69</int>
							<int id="x">1681</int>
						</object>
						<int id="platform_item_perm">-1</int>
					</object>
					<object id="plat_1308041830141">
						<int id="platform_pc_perm">-1</int>
						<object id="start">
							<int id="y">-82</int>
							<int id="x">-1016</int>
						</object>
						<object id="end">
							<int id="y">-88</int>
							<int id="x">-719</int>
						</object>
						<int id="platform_item_perm">-1</int>
					</object>
					<object id="plat_1308041830134">
						<int id="platform_pc_perm">-1</int>
						<object id="start">
							<int id="y">-86</int>
							<int id="x">-2178</int>
						</object>
						<object id="end">
							<int id="y">-84</int>
							<int id="x">-2080</int>
						</object>
						<int id="platform_item_perm">-1</int>
					</object>
					<object id="plat_1308041830151">
						<int id="platform_pc_perm">-1</int>
						<object id="start">
							<int id="y">-69</int>
							<int id="x">1681</int>
						</object>
						<object id="end">
							<int id="y">-76</int>
							<int id="x">1979</int>
						</object>
						<int id="platform_item_perm">-1</int>
					</object>
					<object id="plat_1308041830139">
						<int id="platform_pc_perm">-1</int>
						<object id="start">
							<int id="y">-67</int>
							<int id="x">-1526</int>
						</object>
						<object id="end">
							<int id="y">-74</int>
							<int id="x">-1251</int>
						</object>
						<int id="platform_item_perm">-1</int>
					</object>
					<object id="plat_1308041830144">
						<int id="platform_pc_perm">-1</int>
						<object id="start">
							<int id="y">-75</int>
							<int id="x">-4</int>
						</object>
						<object id="end">
							<int id="y">-79</int>
							<int id="x">306</int>
						</object>
						<int id="platform_item_perm">-1</int>
					</object>
				</object>
				<object id="signposts">
					<object id="signpost_1">
						<str id="id">signpost_1</str>
						<int id="x">2801</int>
						<object id="connects">
							<object id="0">
								<str id="mote_id">9</str>
								<str id="hub_id">91</str>
								<str id="swf_file_versioned">http://c2.glitch.bz/locations/groddle1/1341875645.swf</str>
								<int id="x">-2685</int>
								<int id="y">-100</int>
								<objref id="target" tsid="LA513QET0J523AD" label="Swain Way 2"/>
							</object>
							<object id="1">
								<str id="mote_id">9</str>
								<str id="hub_id">91</str>
								<str id="swf_file_versioned">http://c2.glitch.bz/locations/groddle1/1341875645.swf</str>
								<int id="x">-2670</int>
								<int id="y">-107</int>
								<objref id="target" tsid="LA513PFS0J52F45" label="Cornfed Crt D"/>
							</object>
							<object id="2">
								<str id="mote_id">9</str>
								<str id="hub_id">91</str>
								<str id="swf_file_versioned">http://c2.glitch.bz/locations/groddle1/1341875645.swf</str>
								<int id="x">2678</int>
								<int id="y">-115</int>
								<objref id="target" tsid="LA5130090J525IQ" label="Cornfed Crt C"/>
							</object>
						</object>
						<int id="w">100</int>
						<int id="h">200</int>
						<int id="y">-76</int>
					</object>
				</object>
				<object id="doors">
				</object>
				<object id="walls">
				</object>
				<object id="targets">
				</object>
				<int id="w">6000</int>
				<object id="decos">
					<object id="lens_grass_2_1307725023672">
						<int id="z">2</int>
						<str id="sprite_class">lens_grass_2</str>
						<int id="h">219</int>
						<int id="w">2168</int>
						<str id="name">lens_grass_2_1307725023672</str>
						<int id="x">-2486</int>
						<int id="y">56</int>
					</object>
					<object id="lens_grass_2_1307725023675">
						<int id="z">4</int>
						<str id="sprite_class">lens_grass_2</str>
						<int id="h">219</int>
						<int id="w">2168</int>
						<str id="name">lens_grass_2_1307725023672</str>
						<int id="x">702</int>
						<int id="y">88</int>
					</object>
					<object id="lens_grass_1_1307731442881">
						<int id="z">21</int>
						<str id="sprite_class">lens_grass_1</str>
						<int id="h">53</int>
						<int id="w">269</int>
						<str id="name">lens_grass_1_1307725023671</str>
						<int id="x">2592</int>
						<int id="y">5</int>
					</object>
					<object id="lens_grass_1_1307731442874">
						<int id="z">14</int>
						<str id="sprite_class">lens_grass_1</str>
						<int id="h">53</int>
						<int id="w">269</int>
						<str id="name">lens_grass_1_1307725023671</str>
						<int id="x">201</int>
						<int id="y">13</int>
					</object>
					<object id="lens_grass_2_1307725023673">
						<int id="z">3</int>
						<str id="sprite_class">lens_grass_2</str>
						<int id="h">219</int>
						<int id="w">2168</int>
						<str id="name">lens_grass_2_1307725023672</str>
						<int id="x">-1362</int>
						<int id="y">72</int>
					</object>
					<object id="lens_grass_1_1307731442873">
						<int id="z">12</int>
						<str id="sprite_class">lens_grass_1</str>
						<int id="h">53</int>
						<int id="w">269</int>
						<str id="name">lens_grass_1_1307725023671</str>
						<int id="x">35</int>
						<int id="y">-110</int>
					</object>
					<object id="lens_grass_1_1307731442876">
						<int id="z">18</int>
						<str id="sprite_class">lens_grass_1</str>
						<int id="h">53</int>
						<int id="w">269</int>
						<str id="name">lens_grass_1_1307725023671</str>
						<int id="x">1610</int>
						<int id="y">-131</int>
					</object>
					<object id="lens_grass_1_1307725023671">
						<int id="z">6</int>
						<str id="sprite_class">lens_grass_1</str>
						<int id="h">65</int>
						<int id="w">329</int>
						<str id="name">lens_grass_1_1307725023671</str>
						<int id="x">-2108</int>
						<int id="y">-40</int>
					</object>
					<object id="lens_grass_1_1307731442875">
						<int id="z">13</int>
						<str id="sprite_class">lens_grass_1</str>
						<int id="h">53</int>
						<int id="w">269</int>
						<str id="name">lens_grass_1_1307725023671</str>
						<int id="x">345</int>
						<int id="y">-10</int>
					</object>
					<object id="lens_grass_2_1307725023677">
						<int id="z">5</int>
						<str id="sprite_class">lens_grass_2</str>
						<int id="h">219</int>
						<int id="w">2168</int>
						<int id="r">-1</int>
						<str id="name">lens_grass_2_1307725023672</str>
						<int id="x">2582</int>
						<int id="y">60</int>
					</object>
					<object id="lens_grass_1_1307731442880">
						<int id="z">20</int>
						<str id="sprite_class">lens_grass_1</str>
						<int id="h">53</int>
						<int id="w">269</int>
						<str id="name">lens_grass_1_1307725023671</str>
						<int id="x">2463</int>
						<int id="y">-10</int>
					</object>
					<object id="lens_grass_1_1307731442879">
						<int id="z">17</int>
						<str id="sprite_class">lens_grass_1</str>
						<int id="h">53</int>
						<int id="w">269</int>
						<str id="name">lens_grass_1_1307725023671</str>
						<int id="x">1185</int>
						<int id="y">-9</int>
					</object>
					<object id="lens_grass_1_1307731442872">
						<int id="z">11</int>
						<str id="sprite_class">lens_grass_1</str>
						<int id="h">53</int>
						<int id="w">269</int>
						<str id="name">lens_grass_1_1307725023671</str>
						<int id="x">-97</int>
						<int id="y">-126</int>
					</object>
					<object id="lens_grass_1_1307731442878">
						<int id="z">16</int>
						<str id="sprite_class">lens_grass_1</str>
						<int id="h">35</int>
						<int id="w">271</int>
						<str id="name">lens_grass_1_1307725023671</str>
						<int id="x">1474</int>
						<int id="y">-148</int>
					</object>
					<object id="lens_grass_2_1307725023676">
						<int id="z">0</int>
						<str id="sprite_class">lens_grass_2</str>
						<int id="h">219</int>
						<int id="w">2469</int>
						<int id="r">-1</int>
						<str id="name">lens_grass_2_1307725023672</str>
						<int id="x">1429</int>
						<int id="y">45</int>
					</object>
					<object id="lens_grass_1_1307725023691">
						<int id="z">9</int>
						<str id="sprite_class">lens_grass_1</str>
						<int id="h">33</int>
						<int id="w">223</int>
						<str id="name">lens_grass_1_1307725023671</str>
						<int id="x">-1162</int>
						<int id="y">-110</int>
					</object>
					<object id="lens_grass_1_1307731442882">
						<int id="z">22</int>
						<str id="sprite_class">lens_grass_1</str>
						<int id="h">53</int>
						<int id="w">269</int>
						<str id="name">lens_grass_1_1307725023671</str>
						<int id="x">2905</int>
						<int id="y">-103</int>
					</object>
					<object id="lens_grass_1_1307725023688">
						<int id="z">8</int>
						<str id="sprite_class">lens_grass_1</str>
						<int id="h">65</int>
						<int id="w">329</int>
						<str id="name">lens_grass_1_1307725023671</str>
						<int id="x">-2025</int>
						<int id="y">1</int>
					</object>
					<object id="tree_acacia_3_1309242339556">
						<int id="z">24</int>
						<str id="sprite_class">tree_acacia_3</str>
						<int id="h">695</int>
						<int id="w">1344</int>
						<str id="name">tree_acacia_3_1308875721223</str>
						<int id="x">-2812</int>
						<int id="y">-94</int>
					</object>
					<object id="lens_grass_1_1307725023689">
						<int id="z">15</int>
						<str id="sprite_class">lens_grass_1</str>
						<int id="h">44</int>
						<int id="w">223</int>
						<str id="name">lens_grass_1_1307725023671</str>
						<int id="x">-1061</int>
						<int id="y">-95</int>
					</object>
					<object id="lens_grass_1_1307725023687">
						<int id="z">7</int>
						<str id="sprite_class">lens_grass_1</str>
						<int id="h">65</int>
						<int id="w">329</int>
						<str id="name">lens_grass_1_1307725023671</str>
						<int id="x">-1994</int>
						<int id="y">-21</int>
					</object>
					<object id="pampas_2_1308041830129">
						<int id="z">23</int>
						<str id="sprite_class">pampas_2</str>
						<int id="h">89</int>
						<int id="w">58</int>
						<str id="name">pampas_2_1307731442968</str>
						<int id="x">-790</int>
						<int id="y">-104</int>
					</object>
					<object id="lens_grass_1_1307731442877">
						<int id="z">19</int>
						<str id="sprite_class">lens_grass_1</str>
						<int id="h">53</int>
						<int id="w">269</int>
						<str id="name">lens_grass_1_1307725023671</str>
						<int id="x">1742</int>
						<int id="y">-119</int>
					</object>
					<object id="lens_grass_1_1307725023692">
						<int id="z">10</int>
						<str id="sprite_class">lens_grass_1</str>
						<int id="h">53</int>
						<int id="w">269</int>
						<str id="name">lens_grass_1_1307725023671</str>
						<int id="x">-738</int>
						<int id="y">-8</int>
					</object>
					<object id="lens_grass_2_1307725023674">
						<int id="z">1</int>
						<str id="sprite_class">lens_grass_2</str>
						<int id="h">219</int>
						<int id="w">2536</int>
						<str id="name">lens_grass_2_1307725023672</str>
						<int id="x">-201</int>
						<int id="y">48</int>
					</object>
				</object>
			</object>
			<object id="T_1307725023668">
				<int id="z">-3</int>
				<object id="filtersNEW">
					<object id="contrast">
						<int id="value">0</int>
					</object>
					<object id="blur">
						<int id="value">2</int>
					</object>
					<object id="brightness">
						<int id="value">20</int>
					</object>
					<object id="saturation">
						<int id="value">10</int>
					</object>
				</object>
				<int id="w">5520</int>
				<str id="name">bg_2</str>
				<int id="h">1000</int>
				<object id="decos">
					<object id="lens_grass_1_1307731442928">
						<int id="z">30</int>
						<str id="sprite_class">lens_grass_1</str>
						<int id="h">12</int>
						<int id="w">63</int>
						<str id="name">lens_grass_1_1307725023671</str>
						<int id="x">5180</int>
						<int id="y">750</int>
					</object>
					<object id="lens_grass_1_1307731442932">
						<int id="z">34</int>
						<str id="sprite_class">lens_grass_1</str>
						<int id="h">12</int>
						<int id="w">63</int>
						<str id="name">lens_grass_1_1307725023671</str>
						<int id="x">5466</int>
						<int id="y">738</int>
					</object>
					<object id="lens_grass_2_1307725023710">
						<int id="z">2</int>
						<str id="sprite_class">lens_grass_2</str>
						<int id="h">65</int>
						<int id="w">888</int>
						<int id="r">-2</int>
						<str id="name">lens_grass_2_1307725023672</str>
						<int id="x">3526</int>
						<int id="y">793</int>
					</object>
					<object id="lens_grass_2_1307725023704">
						<int id="z">9</int>
						<str id="sprite_class">lens_grass_2</str>
						<int id="h">65</int>
						<int id="w">888</int>
						<int id="r">1</int>
						<str id="name">lens_grass_2_1307725023672</str>
						<int id="x">1047</int>
						<int id="y">808</int>
					</object>
					<object id="lens_grass_1_1307731442923">
						<int id="z">25</int>
						<str id="sprite_class">lens_grass_1</str>
						<int id="h">12</int>
						<int id="w">63</int>
						<str id="name">lens_grass_1_1307725023671</str>
						<int id="x">3894</int>
						<int id="y">718</int>
					</object>
					<object id="tree_acacia_3_1307731442869">
						<int id="z">16</int>
						<str id="sprite_class">tree_acacia_3</str>
						<int id="h">136</int>
						<int id="w">297</int>
						<str id="name">tree_acacia_3_1307731442854</str>
						<int id="x">3269</int>
						<int id="y">761</int>
					</object>
					<object id="lens_grass_2_1307725023713">
						<int id="z">11</int>
						<str id="sprite_class">lens_grass_2</str>
						<int id="h">65</int>
						<int id="w">888</int>
						<int id="r">1</int>
						<str id="name">lens_grass_2_1307725023672</str>
						<int id="x">4799</int>
						<int id="y">783</int>
					</object>
					<object id="lens_grass_1_1307731442903">
						<int id="z">17</int>
						<str id="sprite_class">lens_grass_1</str>
						<int id="h">13</int>
						<int id="w">68</int>
						<str id="name">lens_grass_1_1307725023671</str>
						<int id="x">715</int>
						<int id="y">748</int>
					</object>
					<object id="lens_grass_2_1307725023703">
						<int id="z">8</int>
						<str id="sprite_class">lens_grass_2</str>
						<int id="h">65</int>
						<int id="w">888</int>
						<int id="r">1</int>
						<str id="name">lens_grass_2_1307725023672</str>
						<int id="x">735</int>
						<int id="y">803</int>
					</object>
					<object id="tree_acacia_4_1307731442868">
						<int id="z">14</int>
						<str id="sprite_class">tree_acacia_4</str>
						<int id="h">100</int>
						<int id="w">131</int>
						<str id="name">tree_acacia_4_1307731442868</str>
						<int id="x">3003</int>
						<int id="y">748</int>
					</object>
					<object id="lens_grass_2_1307725023707">
						<int id="z">5</int>
						<str id="sprite_class">lens_grass_2</str>
						<int id="h">65</int>
						<int id="w">888</int>
						<int id="r">-1</int>
						<str id="name">lens_grass_2_1307725023672</str>
						<int id="x">2221</int>
						<int id="y">788</int>
					</object>
					<object id="lens_grass_1_1307731442907">
						<int id="z">21</int>
						<str id="sprite_class">lens_grass_1</str>
						<int id="h">13</int>
						<int id="w">68</int>
						<str id="name">lens_grass_1_1307725023671</str>
						<int id="x">2482</int>
						<int id="y">736</int>
					</object>
					<object id="lens_grass_1_1307731442929">
						<int id="z">31</int>
						<str id="sprite_class">lens_grass_1</str>
						<int id="h">12</int>
						<int id="w">63</int>
						<str id="name">lens_grass_1_1307725023671</str>
						<int id="x">5408</int>
						<int id="y">724</int>
					</object>
					<object id="lens_grass_2_1307725023705">
						<int id="z">10</int>
						<str id="sprite_class">lens_grass_2</str>
						<int id="h">65</int>
						<int id="w">888</int>
						<int id="r">-1</int>
						<str id="name">lens_grass_2_1307725023672</str>
						<int id="x">1497</int>
						<int id="y">804</int>
					</object>
					<object id="lens_grass_2_1307725023709">
						<int id="z">4</int>
						<str id="sprite_class">lens_grass_2</str>
						<int id="h">65</int>
						<int id="w">888</int>
						<int id="r">2</int>
						<str id="name">lens_grass_2_1307725023672</str>
						<int id="x">3070</int>
						<int id="y">798</int>
					</object>
					<object id="lens_grass_1_1307731442926">
						<int id="z">28</int>
						<str id="sprite_class">lens_grass_1</str>
						<int id="h">12</int>
						<int id="w">63</int>
						<str id="name">lens_grass_1_1307725023671</str>
						<int id="x">3923</int>
						<int id="y">726</int>
					</object>
					<object id="lens_grass_1_1307731442906">
						<int id="z">20</int>
						<str id="sprite_class">lens_grass_1</str>
						<int id="h">13</int>
						<int id="w">68</int>
						<str id="name">lens_grass_1_1307725023671</str>
						<int id="x">761</int>
						<int id="y">761</int>
					</object>
					<object id="lens_grass_1_1307731442931">
						<int id="z">33</int>
						<str id="sprite_class">lens_grass_1</str>
						<int id="h">12</int>
						<int id="w">63</int>
						<str id="name">lens_grass_1_1307725023671</str>
						<int id="x">5437</int>
						<int id="y">736</int>
					</object>
					<object id="lens_grass_1_1307731442925">
						<int id="z">26</int>
						<str id="sprite_class">lens_grass_1</str>
						<int id="h">12</int>
						<int id="w">63</int>
						<str id="name">lens_grass_1_1307725023671</str>
						<int id="x">3954</int>
						<int id="y">717</int>
					</object>
					<object id="lens_grass_2_1307725023712">
						<int id="z">0</int>
						<str id="sprite_class">lens_grass_2</str>
						<int id="h">65</int>
						<int id="w">888</int>
						<int id="r">1</int>
						<str id="name">lens_grass_2_1307725023672</str>
						<int id="x">4362</int>
						<int id="y">773</int>
					</object>
					<object id="lens_grass_1_1307731442909">
						<int id="z">23</int>
						<str id="sprite_class">lens_grass_1</str>
						<int id="h">13</int>
						<int id="w">68</int>
						<str id="name">lens_grass_1_1307725023671</str>
						<int id="x">2535</int>
						<int id="y">747</int>
					</object>
					<object id="tree_acacia_4_1309242339559">
						<int id="z">15</int>
						<str id="sprite_class">tree_acacia_4</str>
						<int id="h">100</int>
						<int id="w">131</int>
						<str id="name">tree_acacia_4_1307731442868</str>
						<int id="x">4839</int>
						<int id="y">734</int>
					</object>
					<object id="lens_grass_2_1307725023708">
						<int id="z">3</int>
						<str id="sprite_class">lens_grass_2</str>
						<int id="h">65</int>
						<int id="w">888</int>
						<int id="r">1</int>
						<str id="name">lens_grass_2_1307725023672</str>
						<int id="x">2650</int>
						<int id="y">788</int>
					</object>
					<object id="lens_grass_1_1307731442908">
						<int id="z">22</int>
						<str id="sprite_class">lens_grass_1</str>
						<int id="h">13</int>
						<int id="w">68</int>
						<str id="name">lens_grass_1_1307725023671</str>
						<int id="x">2501</int>
						<int id="y">742</int>
					</object>
					<object id="lens_grass_2_1307725023706">
						<int id="z">6</int>
						<str id="sprite_class">lens_grass_2</str>
						<int id="h">65</int>
						<int id="w">888</int>
						<int id="r">-1</int>
						<str id="name">lens_grass_2_1307725023672</str>
						<int id="x">1853</int>
						<int id="y">798</int>
					</object>
					<object id="lens_grass_2_1307725023711">
						<int id="z">1</int>
						<str id="sprite_class">lens_grass_2</str>
						<int id="h">65</int>
						<int id="w">888</int>
						<str id="name">lens_grass_2_1307725023672</str>
						<int id="x">3948</int>
						<int id="y">773</int>
					</object>
					<object id="lens_grass_1_1307731442927">
						<int id="z">29</int>
						<str id="sprite_class">lens_grass_1</str>
						<int id="h">12</int>
						<int id="w">63</int>
						<str id="name">lens_grass_1_1307725023671</str>
						<int id="x">5148</int>
						<int id="y">746</int>
					</object>
					<object id="lens_grass_2_1307725023715">
						<int id="z">13</int>
						<str id="sprite_class">lens_grass_2</str>
						<int id="h">65</int>
						<int id="w">888</int>
						<int id="r">1</int>
						<str id="name">lens_grass_2_1307725023672</str>
						<int id="x">5535</int>
						<int id="y">783</int>
					</object>
					<object id="lens_grass_1_1307731442904">
						<int id="z">18</int>
						<str id="sprite_class">lens_grass_1</str>
						<int id="h">13</int>
						<int id="w">68</int>
						<str id="name">lens_grass_1_1307725023671</str>
						<int id="x">740</int>
						<int id="y">749</int>
					</object>
					<object id="lens_grass_1_1307731442905">
						<int id="z">19</int>
						<str id="sprite_class">lens_grass_1</str>
						<int id="h">13</int>
						<int id="w">68</int>
						<str id="name">lens_grass_1_1307725023671</str>
						<int id="x">746</int>
						<int id="y">756</int>
					</object>
					<object id="lens_grass_2_1307725023714">
						<int id="z">12</int>
						<str id="sprite_class">lens_grass_2</str>
						<int id="h">65</int>
						<int id="w">888</int>
						<int id="r">-3</int>
						<str id="name">lens_grass_2_1307725023672</str>
						<int id="x">5155</int>
						<int id="y">783</int>
					</object>
					<object id="lens_grass_2_1307725023702">
						<int id="z">7</int>
						<str id="sprite_class">lens_grass_2</str>
						<int id="h">65</int>
						<int id="w">888</int>
						<int id="r">1</int>
						<str id="name">lens_grass_2_1307725023672</str>
						<int id="x">238</int>
						<int id="y">783</int>
					</object>
					<object id="lens_grass_1_1307731442924">
						<int id="z">27</int>
						<str id="sprite_class">lens_grass_1</str>
						<int id="h">12</int>
						<int id="w">63</int>
						<str id="name">lens_grass_1_1307725023671</str>
						<int id="x">3918</int>
						<int id="y">721</int>
					</object>
					<object id="lens_grass_1_1307731442910">
						<int id="z">24</int>
						<str id="sprite_class">lens_grass_1</str>
						<int id="h">13</int>
						<int id="w">68</int>
						<str id="name">lens_grass_1_1307725023671</str>
						<int id="x">2516</int>
						<int id="y">754</int>
					</object>
					<object id="lens_grass_1_1307731442930">
						<int id="z">32</int>
						<str id="sprite_class">lens_grass_1</str>
						<int id="h">12</int>
						<int id="w">63</int>
						<str id="name">lens_grass_1_1307725023671</str>
						<int id="x">5436</int>
						<int id="y">729</int>
					</object>
				</object>
			</object>
			<object id="T_1307725023670">
				<int id="z">-4</int>
				<object id="filtersNEW">
					<object id="contrast">
						<int id="value">0</int>
					</object>
					<object id="tintColor">
						<int id="value">0</int>
					</object>
					<object id="blur">
						<int id="value">3</int>
					</object>
					<object id="brightness">
						<int id="value">25</int>
					</object>
					<object id="saturation">
						<int id="value">6</int>
					</object>
				</object>
				<int id="w">5280</int>
				<str id="name">bg_3</str>
				<int id="h">1000</int>
				<object id="decos">
					<object id="alakol_water_rock_2_1308041830116">
						<int id="z">41</int>
						<str id="sprite_class">alakol_water_rock_2</str>
						<int id="h">9</int>
						<int id="w">24</int>
						<str id="name">alakol_water_rock_2_1307731442936</str>
						<int id="x">777</int>
						<int id="y">732</int>
					</object>
					<object id="heights_bush_4_1308041830114">
						<int id="z">4</int>
						<str id="sprite_class">heights_bush_4</str>
						<int id="h">24</int>
						<int id="w">374</int>
						<int id="r">-2</int>
						<str id="name">heights_bush_4_1307731442857</str>
						<int id="x">1349</int>
						<int id="y">737</int>
					</object>
					<object id="alakol_water_rock_1_1307731442959">
						<int id="z">31</int>
						<str id="sprite_class">alakol_water_rock_1</str>
						<int id="h">26</int>
						<int id="w">32</int>
						<str id="name">alakol_water_rock_1_1307731442935</str>
						<int id="x">5440</int>
						<int id="y">715</int>
					</object>
					<object id="lens_grass_2_1307725023720">
						<int id="z">12</int>
						<str id="sprite_class">lens_grass_2</str>
						<int id="h">47</int>
						<int id="w">1158</int>
						<str id="name">lens_grass_2_1307725023672</str>
						<int id="x">2351</int>
						<int id="y">748</int>
					</object>
					<object id="tree_acacia_1_1308213477380">
						<int id="z">45</int>
						<str id="sprite_class">tree_acacia_1</str>
						<int id="h">20</int>
						<int id="w">31</int>
						<str id="name">tree_acacia_1_1307731442861</str>
						<int id="x">4869</int>
						<int id="y">710</int>
					</object>
					<object id="alakol_water_rock_2_1307731442956">
						<int id="z">29</int>
						<str id="sprite_class">alakol_water_rock_2</str>
						<int id="h">30</int>
						<int id="w">109</int>
						<str id="name">alakol_water_rock_2_1307731442936</str>
						<int id="x">5353</int>
						<int id="y">713</int>
					</object>
					<object id="alakol_water_rock_2_1307731442955">
						<int id="z">27</int>
						<str id="sprite_class">alakol_water_rock_2</str>
						<int id="h">54</int>
						<int id="w">85</int>
						<str id="name">alakol_water_rock_2_1307731442936</str>
						<int id="x">5400</int>
						<int id="y">702</int>
					</object>
					<object id="alakol_cliff_2_1308041830117">
						<int id="z">40</int>
						<str id="sprite_class">alakol_cliff_2</str>
						<int id="h">7</int>
						<int id="w">25</int>
						<str id="name">alakol_cliff_2_1307731442934</str>
						<int id="x">813</int>
						<int id="y">731</int>
					</object>
					<object id="heights_bush_4_1308041830123">
						<int id="z">6</int>
						<str id="sprite_class">heights_bush_4</str>
						<int id="h">23</int>
						<int id="w">497</int>
						<int id="r">1</int>
						<str id="name">heights_bush_4_1307731442857</str>
						<int id="x">2798</int>
						<int id="y">723</int>
					</object>
					<object id="heights_bush_4_1308041830124">
						<int id="z">7</int>
						<str id="sprite_class">heights_bush_4</str>
						<int id="h">25</int>
						<int id="w">527</int>
						<str id="name">heights_bush_4_1307731442857</str>
						<int id="x">2523</int>
						<int id="y">719</int>
						<bool id="h_flip">true</bool>
					</object>
					<object id="tree_acacia_1_1308213477379">
						<int id="z">22</int>
						<str id="sprite_class">tree_acacia_1</str>
						<int id="h">20</int>
						<int id="w">31</int>
						<str id="name">tree_acacia_1_1307731442861</str>
						<int id="x">2867</int>
						<int id="y">717</int>
						<bool id="h_flip">true</bool>
					</object>
					<object id="heights_bush_4_1308041830113">
						<int id="z">5</int>
						<str id="sprite_class">heights_bush_4</str>
						<int id="h">22</int>
						<int id="w">592</int>
						<str id="name">heights_bush_4_1307731442857</str>
						<int id="x">1640</int>
						<int id="y">735</int>
					</object>
					<object id="alakol_cliff_2_1307731442934">
						<int id="z">25</int>
						<str id="sprite_class">alakol_cliff_2</str>
						<int id="h">9</int>
						<int id="w">32</int>
						<str id="name">alakol_cliff_2_1307731442934</str>
						<int id="x">2599</int>
						<int id="y">714</int>
					</object>
					<object id="alakol_water_rock_2_1307731442962">
						<int id="z">30</int>
						<str id="sprite_class">alakol_water_rock_2</str>
						<int id="h">18</int>
						<int id="w">43</int>
						<str id="name">alakol_water_rock_2_1307731442936</str>
						<int id="x">5299</int>
						<int id="y">708</int>
					</object>
					<object id="tree_acacia_1_1308041830128">
						<int id="z">23</int>
						<str id="sprite_class">tree_acacia_1</str>
						<int id="h">19</int>
						<int id="w">31</int>
						<str id="name">tree_acacia_1_1307731442861</str>
						<int id="x">3566</int>
						<int id="y">708</int>
					</object>
					<object id="lens_grass_2_1307725023722">
						<int id="z">18</int>
						<str id="sprite_class">lens_grass_2</str>
						<int id="h">47</int>
						<int id="w">1158</int>
						<int id="r">-1</int>
						<str id="name">lens_grass_2_1307725023672</str>
						<int id="x">3517</int>
						<int id="y">748</int>
					</object>
					<object id="lens_grass_2_1307725023719">
						<int id="z">15</int>
						<str id="sprite_class">lens_grass_2</str>
						<int id="h">47</int>
						<int id="w">1158</int>
						<int id="r">-1</int>
						<str id="name">lens_grass_2_1307725023672</str>
						<int id="x">1886</int>
						<int id="y">761</int>
					</object>
					<object id="tree_acacia_3_1307735717328">
						<int id="z">43</int>
						<str id="sprite_class">tree_acacia_3</str>
						<int id="h">26</int>
						<int id="w">56</int>
						<str id="name">tree_acacia_3_1307731442854</str>
						<int id="x">361</int>
						<int id="y">716</int>
					</object>
					<object id="alakol_water_rock_1_1307731442960">
						<int id="z">10</int>
						<str id="sprite_class">alakol_water_rock_1</str>
						<int id="h">19</int>
						<int id="w">72</int>
						<str id="name">alakol_water_rock_1_1307731442935</str>
						<int id="x">5452</int>
						<int id="y">687</int>
					</object>
					<object id="lens_grass_2_1307725023724">
						<int id="z">19</int>
						<str id="sprite_class">lens_grass_2</str>
						<int id="h">47</int>
						<int id="w">1158</int>
						<int id="r">1</int>
						<str id="name">lens_grass_2_1307725023672</str>
						<int id="x">4690</int>
						<int id="y">748</int>
					</object>
					<object id="heights_bush_4_1308041830115">
						<int id="z">3</int>
						<str id="sprite_class">heights_bush_4</str>
						<int id="h">22</int>
						<int id="w">599</int>
						<int id="r">-1</int>
						<str id="name">heights_bush_4_1307731442857</str>
						<int id="x">1729</int>
						<int id="y">731</int>
					</object>
					<object id="tree_acacia_4_1307735717330">
						<int id="z">37</int>
						<str id="sprite_class">tree_acacia_4</str>
						<int id="h">37</int>
						<int id="w">49</int>
						<str id="name">tree_acacia_4_1307731442853</str>
						<int id="x">650</int>
						<int id="y">732</int>
					</object>
					<object id="heights_bush_4_1307731442858">
						<int id="z">1</int>
						<str id="sprite_class">heights_bush_4</str>
						<int id="h">16</int>
						<int id="w">469</int>
						<int id="r">3</int>
						<str id="name">heights_bush_4_1307731442857</str>
						<int id="x">441</int>
						<int id="y">721</int>
					</object>
					<object id="tree_acacia_2_1307735717324">
						<int id="z">35</int>
						<str id="sprite_class">tree_acacia_2</str>
						<int id="h">23</int>
						<int id="w">41</int>
						<str id="name">tree_acacia_2_1307731442855</str>
						<int id="x">29</int>
						<int id="y">718</int>
					</object>
					<object id="lens_grass_2_1307725023723">
						<int id="z">11</int>
						<str id="sprite_class">lens_grass_2</str>
						<int id="h">47</int>
						<int id="w">1158</int>
						<str id="name">lens_grass_2_1307725023672</str>
						<int id="x">4029</int>
						<int id="y">733</int>
					</object>
					<object id="heights_bush_4_1308041830120">
						<int id="z">9</int>
						<str id="sprite_class">heights_bush_4</str>
						<int id="h">23</int>
						<int id="w">586</int>
						<int id="r">-3</int>
						<str id="name">heights_bush_4_1307731442857</str>
						<int id="x">1157</int>
						<int id="y">742</int>
					</object>
					<object id="alakol_water_rock_2_1308041830121">
						<int id="z">42</int>
						<str id="sprite_class">alakol_water_rock_2</str>
						<int id="h">8</int>
						<int id="w">28</int>
						<int id="r">-2</int>
						<str id="name">alakol_water_rock_2_1307731442936</str>
						<int id="x">1845</int>
						<int id="y">723</int>
					</object>
					<object id="lens_grass_2_1307725023721">
						<int id="z">17</int>
						<str id="sprite_class">lens_grass_2</str>
						<int id="h">47</int>
						<int id="w">1158</int>
						<int id="r">1</int>
						<str id="name">lens_grass_2_1307725023672</str>
						<int id="x">2980</int>
						<int id="y">758</int>
					</object>
					<object id="alakol_water_rock_1_1307731442938">
						<int id="z">0</int>
						<str id="sprite_class">alakol_water_rock_1</str>
						<int id="h">11</int>
						<int id="w">17</int>
						<str id="name">alakol_water_rock_1_1307731442935</str>
						<int id="x">2578</int>
						<int id="y">710</int>
					</object>
					<object id="alakol_cliff_1_1308041830118">
						<int id="z">39</int>
						<str id="sprite_class">alakol_cliff_1</str>
						<int id="h">9</int>
						<int id="w">53</int>
						<str id="name">alakol_cliff_1_1307731442933</str>
						<int id="x">787</int>
						<int id="y">729</int>
					</object>
					<object id="heights_bush_4_1307731442857">
						<int id="z">2</int>
						<str id="sprite_class">heights_bush_4</str>
						<int id="h">29</int>
						<int id="w">374</int>
						<str id="name">heights_bush_4_1307731442857</str>
						<int id="x">161</int>
						<int id="y">722</int>
					</object>
					<object id="tree_acacia_1_1307735717322">
						<int id="z">33</int>
						<str id="sprite_class">tree_acacia_1</str>
						<int id="h">25</int>
						<int id="w">40</int>
						<str id="name">tree_acacia_1_1307731442861</str>
						<int id="x">677</int>
						<int id="y">732</int>
					</object>
					<object id="lens_grass_2_1307725023716">
						<int id="z">13</int>
						<str id="sprite_class">lens_grass_2</str>
						<int id="h">47</int>
						<int id="w">1158</int>
						<int id="r">1</int>
						<str id="name">lens_grass_2_1307725023672</str>
						<int id="x">350</int>
						<int id="y">757</int>
					</object>
					<object id="alakol_cliff_1_1307731442933">
						<int id="z">24</int>
						<str id="sprite_class">alakol_cliff_1</str>
						<int id="h">9</int>
						<int id="w">54</int>
						<str id="name">alakol_cliff_1_1307731442933</str>
						<int id="x">2577</int>
						<int id="y">711</int>
					</object>
					<object id="tree_acacia_1_1307731442861">
						<int id="z">21</int>
						<str id="sprite_class">tree_acacia_1</str>
						<int id="h">20</int>
						<int id="w">31</int>
						<str id="name">tree_acacia_1_1307731442861</str>
						<int id="x">2947</int>
						<int id="y">718</int>
					</object>
					<object id="tree_acacia_3_1307735717326">
						<int id="z">36</int>
						<str id="sprite_class">tree_acacia_3</str>
						<int id="h">27</int>
						<int id="w">58</int>
						<str id="name">tree_acacia_3_1307731442854</str>
						<int id="x">617</int>
						<int id="y">731</int>
					</object>
					<object id="tree_acacia_1_1307735717323">
						<int id="z">34</int>
						<str id="sprite_class">tree_acacia_1</str>
						<int id="h">28</int>
						<int id="w">44</int>
						<str id="name">tree_acacia_1_1307731442861</str>
						<int id="x">325</int>
						<int id="y">721</int>
					</object>
					<object id="lens_grass_2_1307725023725">
						<int id="z">20</int>
						<str id="sprite_class">lens_grass_2</str>
						<int id="h">47</int>
						<int id="w">1158</int>
						<int id="r">-1</int>
						<str id="name">lens_grass_2_1307725023672</str>
						<int id="x">5130</int>
						<int id="y">743</int>
					</object>
					<object id="alakol_water_rock_2_1308041830119">
						<int id="z">38</int>
						<str id="sprite_class">alakol_water_rock_2</str>
						<int id="h">10</int>
						<int id="w">20</int>
						<str id="name">alakol_water_rock_2_1307731442936</str>
						<int id="x">812</int>
						<int id="y">727</int>
					</object>
					<object id="lens_grass_2_1307725023717">
						<int id="z">16</int>
						<str id="sprite_class">lens_grass_2</str>
						<int id="h">47</int>
						<int id="w">1158</int>
						<int id="r">1</int>
						<str id="name">lens_grass_2_1307725023672</str>
						<int id="x">1027</int>
						<int id="y">771</int>
					</object>
					<object id="lens_grass_2_1307725023718">
						<int id="z">14</int>
						<str id="sprite_class">lens_grass_2</str>
						<int id="h">47</int>
						<int id="w">1158</int>
						<int id="r">1</int>
						<str id="name">lens_grass_2_1307725023672</str>
						<int id="x">1548</int>
						<int id="y">770</int>
					</object>
					<object id="heights_bush_1_1307731442942">
						<int id="z">44</int>
						<str id="sprite_class">heights_bush_1</str>
						<int id="h">6</int>
						<int id="w">11</int>
						<str id="name">heights_bush_1_1307731442942</str>
						<int id="x">2581</int>
						<int id="y">713</int>
					</object>
					<object id="alakol_water_rock_2_1307731442945">
						<int id="z">26</int>
						<str id="sprite_class">alakol_water_rock_2</str>
						<int id="h">7</int>
						<int id="w">22</int>
						<str id="name">alakol_water_rock_2_1307731442936</str>
						<int id="x">2628</int>
						<int id="y">715</int>
					</object>
					<object id="heights_bush_1_1307731442963">
						<int id="z">32</int>
						<str id="sprite_class">heights_bush_1</str>
						<int id="h">16</int>
						<int id="w">28</int>
						<str id="name">heights_bush_1_1307731442942</str>
						<int id="x">5399</int>
						<int id="y">710</int>
					</object>
					<object id="alakol_cliff_2_1307731442954">
						<int id="z">28</int>
						<str id="sprite_class">alakol_cliff_2</str>
						<int id="h">31</int>
						<int id="w">112</int>
						<int id="r">1</int>
						<str id="name">alakol_cliff_2_1307731442934</str>
						<int id="x">5414</int>
						<int id="y">707</int>
					</object>
				</object>
			</object>
			<object id="T_1307725023667">
				<int id="z">-2</int>
				<object id="filtersNEW">
					<object id="contrast">
						<int id="value">0</int>
					</object>
					<object id="brightness">
						<int id="value">13</int>
					</object>
					<object id="saturation">
						<int id="value">13</int>
					</object>
				</object>
				<int id="w">5700</int>
				<str id="name">bg_1</str>
				<int id="h">1000</int>
				<object id="decos">
					<object id="lens_grass_1_1307731442916">
						<int id="z">21</int>
						<str id="sprite_class">lens_grass_1</str>
						<int id="h">19</int>
						<int id="w">98</int>
						<str id="name">lens_grass_1_1307725023671</str>
						<int id="x">3199</int>
						<int id="y">789</int>
					</object>
					<object id="tree_acacia_1_1308107342150">
						<int id="z">50</int>
						<str id="sprite_class">tree_acacia_1</str>
						<int id="h">497</int>
						<int id="w">793</int>
						<str id="name">tree_acacia_1_1307731442861</str>
						<int id="x">4726</int>
						<int id="y">812</int>
					</object>
					<object id="lens_grass_2_1307725023697">
						<int id="z">3</int>
						<str id="sprite_class">lens_grass_2</str>
						<int id="h">102</int>
						<int id="w">1400</int>
						<int id="r">5</int>
						<str id="name">lens_grass_2_1307725023672</str>
						<int id="x">3288</int>
						<int id="y">874</int>
					</object>
					<object id="lens_grass_2_1307725023694">
						<int id="z">8</int>
						<str id="sprite_class">lens_grass_2</str>
						<int id="h">102</int>
						<int id="w">1400</int>
						<int id="r">3</int>
						<str id="name">lens_grass_2_1307725023672</str>
						<int id="x">1089</int>
						<int id="y">869</int>
					</object>
					<object id="pampas_1_1308107342152">
						<int id="z">48</int>
						<str id="sprite_class">pampas_1</str>
						<int id="h">43</int>
						<int id="w">30</int>
						<str id="name">pampas_1_1307731442969</str>
						<int id="x">155</int>
						<int id="y">810</int>
						<bool id="h_flip">true</bool>
					</object>
					<object id="lens_grass_2_1308107342162">
						<int id="z">38</int>
						<str id="sprite_class">lens_grass_2</str>
						<int id="h">178</int>
						<int id="w">1763</int>
						<int id="r">-1</int>
						<str id="name">lens_grass_2_1307725023672</str>
						<int id="x">2419</int>
						<int id="y">955</int>
					</object>
					<object id="lens_grass_1_1308107342148">
						<int id="z">52</int>
						<str id="sprite_class">lens_grass_1</str>
						<int id="h">29</int>
						<int id="w">147</int>
						<str id="name">lens_grass_1_1307725023671</str>
						<int id="x">5146</int>
						<int id="y">824</int>
					</object>
					<object id="lens_grass_2_1308107342165">
						<int id="z">35</int>
						<str id="sprite_class">lens_grass_2</str>
						<int id="h">178</int>
						<int id="w">1763</int>
						<str id="name">lens_grass_2_1307725023672</str>
						<int id="x">198</int>
						<int id="y">952</int>
					</object>
					<object id="lens_grass_2_1308107342161">
						<int id="z">39</int>
						<str id="sprite_class">lens_grass_2</str>
						<int id="h">178</int>
						<int id="w">1763</int>
						<int id="r">1</int>
						<str id="name">lens_grass_2_1307725023672</str>
						<int id="x">2942</int>
						<int id="y">960</int>
					</object>
					<object id="lens_grass_1_1308107342158">
						<int id="z">42</int>
						<str id="sprite_class">lens_grass_1</str>
						<int id="h">29</int>
						<int id="w">147</int>
						<str id="name">lens_grass_1_1307725023671</str>
						<int id="x">178</int>
						<int id="y">804</int>
					</object>
					<object id="lens_grass_2_1308107342164">
						<int id="z">36</int>
						<str id="sprite_class">lens_grass_2</str>
						<int id="h">178</int>
						<int id="w">1763</int>
						<int id="r">2</int>
						<str id="name">lens_grass_2_1307725023672</str>
						<int id="x">897</int>
						<int id="y">974</int>
					</object>
					<object id="lens_grass_1_1307731442917">
						<int id="z">22</int>
						<str id="sprite_class">lens_grass_1</str>
						<int id="h">19</int>
						<int id="w">98</int>
						<str id="name">lens_grass_1_1307725023671</str>
						<int id="x">3074</int>
						<int id="y">785</int>
					</object>
					<object id="lens_grass_2_1307725023693">
						<int id="z">7</int>
						<str id="sprite_class">lens_grass_2</str>
						<int id="h">102</int>
						<int id="w">1400</int>
						<int id="r">2</int>
						<str id="name">lens_grass_2_1307725023672</str>
						<int id="x">388</int>
						<int id="y">853</int>
					</object>
					<object id="tree_acacia_2_1307731442870">
						<int id="z">12</int>
						<str id="sprite_class">tree_acacia_2</str>
						<int id="h">269</int>
						<int id="w">479</int>
						<str id="name">tree_acacia_2_1307731442855</str>
						<int id="x">5370</int>
						<int id="y">761</int>
					</object>
					<object id="lens_grass_1_1307731442921">
						<int id="z">26</int>
						<str id="sprite_class">lens_grass_1</str>
						<int id="h">19</int>
						<int id="w">98</int>
						<str id="name">lens_grass_1_1307725023671</str>
						<int id="x">4558</int>
						<int id="y">764</int>
					</object>
					<object id="pampas_1_1307741552430">
						<int id="z">11</int>
						<str id="sprite_class">pampas_1</str>
						<int id="h">24</int>
						<int id="w">17</int>
						<str id="name">pampas_1_1307731442969</str>
						<int id="x">5342</int>
						<int id="y">756</int>
						<bool id="h_flip">true</bool>
					</object>
					<object id="lens_grass_2_1308107342166">
						<int id="z">34</int>
						<str id="sprite_class">lens_grass_2</str>
						<int id="h">178</int>
						<int id="w">1763</int>
						<str id="name">lens_grass_2_1307725023672</str>
						<int id="x">5130</int>
						<int id="y">963</int>
					</object>
					<object id="lens_grass_1_1308107342154">
						<int id="z">46</int>
						<str id="sprite_class">lens_grass_1</str>
						<int id="h">29</int>
						<int id="w">147</int>
						<str id="name">lens_grass_1_1307725023671</str>
						<int id="x">292</int>
						<int id="y">815</int>
					</object>
					<object id="lens_grass_1_1307731442913">
						<int id="z">18</int>
						<str id="sprite_class">lens_grass_1</str>
						<int id="h">19</int>
						<int id="w">98</int>
						<str id="name">lens_grass_1_1307725023671</str>
						<int id="x">3059</int>
						<int id="y">771</int>
					</object>
					<object id="pampas_2_1307731442986">
						<int id="z">28</int>
						<str id="sprite_class">pampas_2</str>
						<int id="h">26</int>
						<int id="w">17</int>
						<str id="name">pampas_2_1307731442968</str>
						<int id="x">4261</int>
						<int id="y">752</int>
					</object>
					<object id="lens_grass_1_1308107342146">
						<int id="z">54</int>
						<str id="sprite_class">lens_grass_1</str>
						<int id="h">29</int>
						<int id="w">147</int>
						<str id="name">lens_grass_1_1307725023671</str>
						<int id="x">3775</int>
						<int id="y">826</int>
					</object>
					<object id="tree_acacia_3_1308875721223">
						<int id="z">32</int>
						<str id="sprite_class">tree_acacia_3</str>
						<int id="h">274</int>
						<int id="w">530</int>
						<str id="name">tree_acacia_3_1308875721223</str>
						<int id="x">2413</int>
						<int id="y">774</int>
					</object>
					<object id="pampas_2_1307731443044">
						<int id="z">29</int>
						<str id="sprite_class">pampas_2</str>
						<int id="h">34</int>
						<int id="w">22</int>
						<str id="name">pampas_2_1307731442968</str>
						<int id="x">1295</int>
						<int id="y">779</int>
					</object>
					<object id="lens_grass_1_1307731442902">
						<int id="z">17</int>
						<str id="sprite_class">lens_grass_1</str>
						<int id="h">21</int>
						<int id="w">107</int>
						<str id="name">lens_grass_1_1307725023671</str>
						<int id="x">1359</int>
						<int id="y">792</int>
					</object>
					<object id="lens_grass_1_1307731442912">
						<int id="z">6</int>
						<str id="sprite_class">lens_grass_1</str>
						<int id="h">19</int>
						<int id="w">98</int>
						<str id="name">lens_grass_1_1307725023671</str>
						<int id="x">2010</int>
						<int id="y">781</int>
					</object>
					<object id="lens_grass_1_1308107342149">
						<int id="z">51</int>
						<str id="sprite_class">lens_grass_1</str>
						<int id="h">29</int>
						<int id="w">147</int>
						<str id="name">lens_grass_1_1307725023671</str>
						<int id="x">5210</int>
						<int id="y">816</int>
					</object>
					<object id="lens_grass_1_1307731442918">
						<int id="z">23</int>
						<str id="sprite_class">lens_grass_1</str>
						<int id="h">19</int>
						<int id="w">98</int>
						<str id="name">lens_grass_1_1307725023671</str>
						<int id="x">4484</int>
						<int id="y">747</int>
					</object>
					<object id="tree_acacia_2_1307731442855">
						<int id="z">30</int>
						<str id="sprite_class">tree_acacia_2</str>
						<int id="h">243</int>
						<int id="w">434</int>
						<str id="name">tree_acacia_2_1307731442855</str>
						<int id="x">1276</int>
						<int id="y">784</int>
					</object>
					<object id="lens_grass_1_1307731442915">
						<int id="z">20</int>
						<str id="sprite_class">lens_grass_1</str>
						<int id="h">19</int>
						<int id="w">98</int>
						<str id="name">lens_grass_1_1307725023671</str>
						<int id="x">3167</int>
						<int id="y">781</int>
					</object>
					<object id="lens_grass_1_1307731442900">
						<int id="z">15</int>
						<str id="sprite_class">lens_grass_1</str>
						<int id="h">21</int>
						<int id="w">107</int>
						<str id="name">lens_grass_1_1307725023671</str>
						<int id="x">1303</int>
						<int id="y">790</int>
					</object>
					<object id="lens_grass_1_1307731442911">
						<int id="z">5</int>
						<str id="sprite_class">lens_grass_1</str>
						<int id="h">19</int>
						<int id="w">98</int>
						<str id="name">lens_grass_1_1307725023671</str>
						<int id="x">2056</int>
						<int id="y">775</int>
					</object>
					<object id="lens_grass_1_1308107342143">
						<int id="z">57</int>
						<str id="sprite_class">lens_grass_1</str>
						<int id="h">29</int>
						<int id="w">147</int>
						<str id="name">lens_grass_1_1307725023671</str>
						<int id="x">2386</int>
						<int id="y">812</int>
					</object>
					<object id="lens_grass_1_1307731442901">
						<int id="z">14</int>
						<str id="sprite_class">lens_grass_1</str>
						<int id="h">21</int>
						<int id="w">107</int>
						<str id="name">lens_grass_1_1307725023671</str>
						<int id="x">1374</int>
						<int id="y">784</int>
					</object>
					<object id="lens_grass_2_1307725023695">
						<int id="z">9</int>
						<str id="sprite_class">lens_grass_2</str>
						<int id="h">102</int>
						<int id="w">1400</int>
						<int id="r">-1</int>
						<str id="name">lens_grass_2_1307725023672</str>
						<int id="x">1599</int>
						<int id="y">863</int>
					</object>
					<object id="lens_grass_2_1308107342159">
						<int id="z">41</int>
						<str id="sprite_class">lens_grass_2</str>
						<int id="h">178</int>
						<int id="w">1763</int>
						<int id="r">-1</int>
						<str id="name">lens_grass_2_1307725023672</str>
						<int id="x">5735</int>
						<int id="y">953</int>
					</object>
					<object id="lens_grass_2_1307725023696">
						<int id="z">4</int>
						<str id="sprite_class">lens_grass_2</str>
						<int id="h">102</int>
						<int id="w">1400</int>
						<int id="r">-1</int>
						<str id="name">lens_grass_2_1307725023672</str>
						<int id="x">2344</int>
						<int id="y">848</int>
					</object>
					<object id="lens_grass_1_1307731442922">
						<int id="z">27</int>
						<str id="sprite_class">lens_grass_1</str>
						<int id="h">19</int>
						<int id="w">98</int>
						<str id="name">lens_grass_1_1307725023671</str>
						<int id="x">4531</int>
						<int id="y">772</int>
					</object>
					<object id="lens_grass_1_1308107342153">
						<int id="z">47</int>
						<str id="sprite_class">lens_grass_1</str>
						<int id="h">29</int>
						<int id="w">147</int>
						<str id="name">lens_grass_1_1307725023671</str>
						<int id="x">264</int>
						<int id="y">826</int>
					</object>
					<object id="lens_grass_1_1308107342142">
						<int id="z">58</int>
						<str id="sprite_class">lens_grass_1</str>
						<int id="h">29</int>
						<int id="w">147</int>
						<str id="name">lens_grass_1_1307725023671</str>
						<int id="x">2291</int>
						<int id="y">819</int>
					</object>
					<object id="pampas_1_1308107342140">
						<int id="z">60</int>
						<str id="sprite_class">pampas_1</str>
						<int id="h">46</int>
						<int id="w">32</int>
						<str id="name">pampas_1_1307731442969</str>
						<int id="x">4757</int>
						<int id="y">808</int>
					</object>
					<object id="lens_grass_1_1308107342145">
						<int id="z">55</int>
						<str id="sprite_class">lens_grass_1</str>
						<int id="h">29</int>
						<int id="w">147</int>
						<str id="name">lens_grass_1_1307725023671</str>
						<int id="x">3707</int>
						<int id="y">835</int>
					</object>
					<object id="lens_grass_1_1307731442920">
						<int id="z">25</int>
						<str id="sprite_class">lens_grass_1</str>
						<int id="h">19</int>
						<int id="w">98</int>
						<str id="name">lens_grass_1_1307725023671</str>
						<int id="x">4563</int>
						<int id="y">755</int>
					</object>
					<object id="lens_grass_1_1308107342141">
						<int id="z">59</int>
						<str id="sprite_class">lens_grass_1</str>
						<int id="h">29</int>
						<int id="w">147</int>
						<str id="name">lens_grass_1_1307725023671</str>
						<int id="x">2474</int>
						<int id="y">819</int>
					</object>
					<object id="lens_grass_1_1307731442899">
						<int id="z">16</int>
						<str id="sprite_class">lens_grass_1</str>
						<int id="h">21</int>
						<int id="w">107</int>
						<str id="name">lens_grass_1_1307725023671</str>
						<int id="x">1228</int>
						<int id="y">795</int>
					</object>
					<object id="lens_grass_2_1307725023700">
						<int id="z">1</int>
						<str id="sprite_class">lens_grass_2</str>
						<int id="h">102</int>
						<int id="w">1400</int>
						<int id="r">2</int>
						<str id="name">lens_grass_2_1307725023672</str>
						<int id="x">4658</int>
						<int id="y">838</int>
					</object>
					<object id="lens_grass_1_1307731442919">
						<int id="z">24</int>
						<str id="sprite_class">lens_grass_1</str>
						<int id="h">19</int>
						<int id="w">98</int>
						<str id="name">lens_grass_1_1307725023671</str>
						<int id="x">4509</int>
						<int id="y">750</int>
					</object>
					<object id="lens_grass_1_1307731442914">
						<int id="z">19</int>
						<str id="sprite_class">lens_grass_1</str>
						<int id="h">19</int>
						<int id="w">98</int>
						<str id="name">lens_grass_1_1307725023671</str>
						<int id="x">3104</int>
						<int id="y">778</int>
					</object>
					<object id="lens_grass_1_1308107342157">
						<int id="z">43</int>
						<str id="sprite_class">lens_grass_1</str>
						<int id="h">29</int>
						<int id="w">147</int>
						<str id="name">lens_grass_1_1307725023671</str>
						<int id="x">222</int>
						<int id="y">816</int>
					</object>
					<object id="lens_grass_2_1308107342160">
						<int id="z">40</int>
						<str id="sprite_class">lens_grass_2</str>
						<int id="h">178</int>
						<int id="w">1763</int>
						<str id="name">lens_grass_2_1307725023672</str>
						<int id="x">3991</int>
						<int id="y">976</int>
					</object>
					<object id="lens_grass_2_1308107342167">
						<int id="z">33</int>
						<str id="sprite_class">lens_grass_2</str>
						<int id="h">178</int>
						<int id="w">1763</int>
						<int id="r">-1</int>
						<str id="name">lens_grass_2_1307725023672</str>
						<int id="x">4382</int>
						<int id="y">943</int>
					</object>
					<object id="lens_grass_1_1308107342156">
						<int id="z">44</int>
						<str id="sprite_class">lens_grass_1</str>
						<int id="h">29</int>
						<int id="w">147</int>
						<str id="name">lens_grass_1_1307725023671</str>
						<int id="x">307</int>
						<int id="y">804</int>
					</object>
					<object id="lens_grass_2_1307725023698">
						<int id="z">10</int>
						<str id="sprite_class">lens_grass_2</str>
						<int id="h">102</int>
						<int id="w">1400</int>
						<int id="r">-1</int>
						<str id="name">lens_grass_2_1307725023672</str>
						<int id="x">3650</int>
						<int id="y">868</int>
					</object>
					<object id="lens_grass_1_1308107342147">
						<int id="z">53</int>
						<str id="sprite_class">lens_grass_1</str>
						<int id="h">29</int>
						<int id="w">147</int>
						<str id="name">lens_grass_1_1307725023671</str>
						<int id="x">5078</int>
						<int id="y">831</int>
					</object>
					<object id="pampas_1_1308107342151">
						<int id="z">49</int>
						<str id="sprite_class">pampas_1</str>
						<int id="h">45</int>
						<int id="w">31</int>
						<str id="name">pampas_1_1307731442969</str>
						<int id="x">4684</int>
						<int id="y">797</int>
						<bool id="h_flip">true</bool>
					</object>
					<object id="lens_grass_2_1307725023701">
						<int id="z">0</int>
						<str id="sprite_class">lens_grass_2</str>
						<int id="h">102</int>
						<int id="w">1400</int>
						<str id="name">lens_grass_2_1307725023672</str>
						<int id="x">5510</int>
						<int id="y">843</int>
					</object>
					<object id="tree_acacia_2_1308041830127">
						<int id="z">13</int>
						<str id="sprite_class">tree_acacia_2</str>
						<int id="h">234</int>
						<int id="w">417</int>
						<str id="name">tree_acacia_2_1307731442855</str>
						<int id="x">4250</int>
						<int id="y">752</int>
					</object>
					<object id="lens_grass_2_1307725023699">
						<int id="z">2</int>
						<str id="sprite_class">lens_grass_2</str>
						<int id="h">102</int>
						<int id="w">1400</int>
						<str id="name">lens_grass_2_1307725023672</str>
						<int id="x">4145</int>
						<int id="y">838</int>
					</object>
					<object id="lens_grass_1_1308107342155">
						<int id="z">45</int>
						<str id="sprite_class">lens_grass_1</str>
						<int id="h">29</int>
						<int id="w">147</int>
						<str id="name">lens_grass_1_1307725023671</str>
						<int id="x">408</int>
						<int id="y">810</int>
					</object>
					<object id="lens_grass_2_1308107342163">
						<int id="z">37</int>
						<str id="sprite_class">lens_grass_2</str>
						<int id="h">178</int>
						<int id="w">1763</int>
						<int id="r">-1</int>
						<str id="name">lens_grass_2_1307725023672</str>
						<int id="x">1630</int>
						<int id="y">969</int>
					</object>
					<object id="lens_grass_1_1308107342144">
						<int id="z">56</int>
						<str id="sprite_class">lens_grass_1</str>
						<int id="h">29</int>
						<int id="w">147</int>
						<str id="name">lens_grass_1_1307725023671</str>
						<int id="x">2441</int>
						<int id="y">803</int>
					</object>
				</object>
			</object>
		</object>
		<null id="physics"/>
		<null id="img_file_versioned"/>
		<null id="loading_label"/>
		<int id="ground_y">0</int>
		<str id="tsid">LA512UR70J52M1G</str>
		<int id="rookable_type">0</int>
		<str id="swf_file_versioned">http://c2.glitch.bz/locations/groddle1/1341875645.swf</str>
		<object id="gradient">
			<str id="bottom">FFCF54</str>
			<str id="top">678EB8</str>
		</object>
		<object id="sources">
			<int id="LA513PFS0J52F45">1</int>
			<int id="LA5130090J525IQ">1</int>
			<int id="LA513QET0J523AD">1</int>
		</object>
		<str id="music_file"></str>
		<bool id="wall_jump">false</bool>
	</object>
</game_object>
