<game_object tsid="GA5157TDPC42IGK" ts="1343261598519" label="Plains Rte C" class_tsid="" lastUpdateTime="1343261588" upd_gs="gs8" load_time="2012-07-25 16:38:20.269" upd_time="2012-07-25 17:08:40.080">
	<object id="dynamic">
		<int id="l">-3000</int>
		<int id="r">3000</int>
		<int id="t">-1000</int>
		<int id="b">0</int>
		<str id="label">Plains Rte C</str>
		<str id="swf_file">groddle1.swf</str>
		<object id="layers">
			<object id="T_1307741552414">
				<object id="decos">
					<object id="pampas_2_1307741552428">
						<int id="w">96</int>
						<int id="z">6</int>
						<int id="x">36</int>
						<int id="y">1021</int>
						<int id="h">148</int>
						<str id="name">pampas_2_1307731442968</str>
						<str id="sprite_class">pampas_2</str>
					</object>
					<object id="pampas_2_1308041830212">
						<int id="w">72</int>
						<int id="z">5</int>
						<int id="r">10</int>
						<int id="x">5478</int>
						<int id="y">990</int>
						<int id="h">111</int>
						<str id="name">pampas_2_1307731442968</str>
						<str id="sprite_class">pampas_2</str>
					</object>
					<object id="tree_acacia_1_1308041830207">
						<int id="w">1290</int>
						<int id="z">10</int>
						<int id="x">5432</int>
						<int id="y">1026</int>
						<int id="h">808</int>
						<str id="name">tree_acacia_1_1307731442861</str>
						<str id="sprite_class">tree_acacia_1</str>
					</object>
					<object id="pampas_2_1308041830199">
						<int id="w">51</int>
						<int id="z">8</int>
						<int id="r">10</int>
						<int id="x">619</int>
						<int id="y">982</int>
						<int id="h">79</int>
						<str id="name">pampas_2_1307731442968</str>
						<str id="sprite_class">pampas_2</str>
					</object>
					<object id="pampas_2_1307741552419">
						<int id="w">95</int>
						<int id="z">0</int>
						<int id="x">1834</int>
						<int id="y">1043</int>
						<int id="h">146</int>
						<str id="name">pampas_2_1307731442968</str>
						<str id="sprite_class">pampas_2</str>
					</object>
					<object id="pampas_2_1308041830174">
						<int id="w">48</int>
						<int id="z">2</int>
						<int id="x">2318</int>
						<int id="y">950</int>
						<int id="h">74</int>
						<str id="name">pampas_2_1307731442968</str>
						<str id="sprite_class">pampas_2</str>
					</object>
					<object id="pampas_2_1307741552420">
						<int id="w">51</int>
						<int id="z">1</int>
						<int id="x">3451</int>
						<int id="y">979</int>
						<int id="h">78</int>
						<str id="name">pampas_2_1307731442968</str>
						<str id="sprite_class">pampas_2</str>
					</object>
					<object id="tree_acacia_1_1308041830159">
						<int id="w">1290</int>
						<int id="z">9</int>
						<int id="x">558</int>
						<int id="y">1011</int>
						<int id="h">808</int>
						<str id="name">tree_acacia_1_1307731442861</str>
						<str id="sprite_class">tree_acacia_1</str>
					</object>
					<object id="pampas_2_1307741552427">
						<int id="w">48</int>
						<int id="z">3</int>
						<int id="x">4939</int>
						<int id="y">928</int>
						<int id="h">74</int>
						<str id="name">pampas_2_1307731442968</str>
						<str id="sprite_class">pampas_2</str>
					</object>
					<object id="pampas_2_1308041830198">
						<int id="w">65</int>
						<int id="z">7</int>
						<int id="r">-10</int>
						<int id="x">496</int>
						<bool id="h_flip">true</bool>
						<int id="y">975</int>
						<int id="h">101</int>
						<str id="name">pampas_2_1307731442968</str>
						<str id="sprite_class">pampas_2</str>
					</object>
					<object id="pampas_2_1308041830216">
						<int id="w">106</int>
						<int id="z">4</int>
						<int id="x">5963</int>
						<bool id="h_flip">true</bool>
						<int id="y">1039</int>
						<int id="h">163</int>
						<str id="name">pampas_2_1307731442968</str>
						<str id="sprite_class">pampas_2</str>
					</object>
				</object>
				<int id="w">6000</int>
				<int id="h">1000</int>
				<int id="z">1</int>
				<object id="filtersNEW">
					<object id="saturation">
						<int id="value">18</int>
					</object>
					<object id="contrast">
						<int id="value">0</int>
					</object>
					<object id="brightness">
						<int id="value">9</int>
					</object>
				</object>
				<str id="name">middleplus</str>
			</object>
			<object id="middleground">
				<object id="decos">
					<object id="lens_grass_1_1307725023688">
						<int id="w">329</int>
						<int id="z">8</int>
						<int id="x">-2025</int>
						<int id="y">1</int>
						<int id="h">65</int>
						<str id="name">lens_grass_1_1307725023671</str>
						<str id="sprite_class">lens_grass_1</str>
					</object>
					<object id="lens_grass_1_1307731442882">
						<int id="w">269</int>
						<int id="z">25</int>
						<int id="x">2905</int>
						<int id="y">-103</int>
						<int id="h">53</int>
						<str id="name">lens_grass_1_1307725023671</str>
						<str id="sprite_class">lens_grass_1</str>
					</object>
					<object id="lens_grass_1_1307731442877">
						<int id="w">269</int>
						<int id="z">19</int>
						<int id="x">1742</int>
						<int id="y">-119</int>
						<int id="h">53</int>
						<str id="name">lens_grass_1_1307725023671</str>
						<str id="sprite_class">lens_grass_1</str>
					</object>
					<object id="lens_grass_1_1307731442874">
						<int id="w">269</int>
						<int id="z">14</int>
						<int id="x">201</int>
						<int id="y">13</int>
						<int id="h">53</int>
						<str id="name">lens_grass_1_1307725023671</str>
						<str id="sprite_class">lens_grass_1</str>
					</object>
					<object id="lens_grass_1_1307731442872">
						<int id="w">269</int>
						<int id="z">11</int>
						<int id="x">-97</int>
						<int id="y">-126</int>
						<int id="h">53</int>
						<str id="name">lens_grass_1_1307725023671</str>
						<str id="sprite_class">lens_grass_1</str>
					</object>
					<object id="lens_grass_1_1307725023671">
						<int id="w">329</int>
						<int id="z">6</int>
						<int id="x">-2108</int>
						<int id="y">-40</int>
						<int id="h">65</int>
						<str id="name">lens_grass_1_1307725023671</str>
						<str id="sprite_class">lens_grass_1</str>
					</object>
					<object id="lens_grass_2_1307725023677">
						<int id="w">2168</int>
						<int id="z">5</int>
						<int id="r">-1</int>
						<int id="x">2582</int>
						<int id="y">60</int>
						<int id="h">219</int>
						<str id="name">lens_grass_2_1307725023672</str>
						<str id="sprite_class">lens_grass_2</str>
					</object>
					<object id="lens_grass_1_1307725023687">
						<int id="w">329</int>
						<int id="z">7</int>
						<int id="x">-1994</int>
						<int id="y">-21</int>
						<int id="h">65</int>
						<str id="name">lens_grass_1_1307725023671</str>
						<str id="sprite_class">lens_grass_1</str>
					</object>
					<object id="lens_grass_1_1308041830210">
						<int id="w">269</int>
						<int id="z">23</int>
						<int id="x">2160</int>
						<int id="y">31</int>
						<int id="h">53</int>
						<str id="name">lens_grass_1_1307725023671</str>
						<str id="sprite_class">lens_grass_1</str>
					</object>
					<object id="lens_grass_1_1307725023691">
						<int id="w">223</int>
						<int id="z">9</int>
						<int id="x">-1162</int>
						<int id="y">-110</int>
						<int id="h">33</int>
						<str id="name">lens_grass_1_1307725023671</str>
						<str id="sprite_class">lens_grass_1</str>
					</object>
					<object id="lens_grass_1_1307731442881">
						<int id="w">269</int>
						<int id="z">24</int>
						<int id="x">2592</int>
						<int id="y">5</int>
						<int id="h">53</int>
						<str id="name">lens_grass_1_1307725023671</str>
						<str id="sprite_class">lens_grass_1</str>
					</object>
					<object id="lens_grass_1_1307731442880">
						<int id="w">269</int>
						<int id="z">20</int>
						<int id="x">2463</int>
						<int id="y">-10</int>
						<int id="h">53</int>
						<str id="name">lens_grass_1_1307725023671</str>
						<str id="sprite_class">lens_grass_1</str>
					</object>
					<object id="lens_grass_1_1307731442878">
						<int id="w">271</int>
						<int id="z">16</int>
						<int id="x">1474</int>
						<int id="y">-148</int>
						<int id="h">35</int>
						<str id="name">lens_grass_1_1307725023671</str>
						<str id="sprite_class">lens_grass_1</str>
					</object>
					<object id="lens_grass_1_1307731442879">
						<int id="w">269</int>
						<int id="z">17</int>
						<int id="x">1185</int>
						<int id="y">-9</int>
						<int id="h">53</int>
						<str id="name">lens_grass_1_1307725023671</str>
						<str id="sprite_class">lens_grass_1</str>
					</object>
					<object id="lens_grass_2_1307725023675">
						<int id="w">2168</int>
						<int id="z">4</int>
						<int id="x">702</int>
						<int id="y">88</int>
						<int id="h">219</int>
						<str id="name">lens_grass_2_1307725023672</str>
						<str id="sprite_class">lens_grass_2</str>
					</object>
					<object id="lens_grass_2_1307725023676">
						<int id="w">2469</int>
						<int id="z">0</int>
						<int id="r">-1</int>
						<int id="x">1429</int>
						<int id="y">45</int>
						<int id="h">219</int>
						<str id="name">lens_grass_2_1307725023672</str>
						<str id="sprite_class">lens_grass_2</str>
					</object>
					<object id="lens_grass_2_1307725023672">
						<int id="w">2168</int>
						<int id="z">2</int>
						<int id="x">-2486</int>
						<int id="y">56</int>
						<int id="h">219</int>
						<str id="name">lens_grass_2_1307725023672</str>
						<str id="sprite_class">lens_grass_2</str>
					</object>
					<object id="alakol_cliff_2_1308041830202">
						<int id="w">328</int>
						<int id="z">27</int>
						<int id="x">1136</int>
						<int id="y">-84</int>
						<int id="h">91</int>
						<str id="name">alakol_cliff_2_1308041830202</str>
						<str id="sprite_class">alakol_cliff_2</str>
					</object>
					<object id="lens_grass_1_1307731442876">
						<int id="w">269</int>
						<int id="z">18</int>
						<int id="x">1610</int>
						<int id="y">-131</int>
						<int id="h">53</int>
						<str id="name">lens_grass_1_1307725023671</str>
						<str id="sprite_class">lens_grass_1</str>
					</object>
					<object id="lens_grass_1_1307725023689">
						<int id="w">223</int>
						<int id="z">15</int>
						<int id="x">-1061</int>
						<int id="y">-95</int>
						<int id="h">44</int>
						<str id="name">lens_grass_1_1307725023671</str>
						<str id="sprite_class">lens_grass_1</str>
					</object>
					<object id="lens_grass_2_1307725023673">
						<int id="w">2168</int>
						<int id="z">3</int>
						<int id="x">-1362</int>
						<int id="y">72</int>
						<int id="h">219</int>
						<str id="name">lens_grass_2_1307725023672</str>
						<str id="sprite_class">lens_grass_2</str>
					</object>
					<object id="lens_grass_1_1307731442875">
						<int id="w">269</int>
						<int id="z">13</int>
						<int id="x">345</int>
						<int id="y">-10</int>
						<int id="h">53</int>
						<str id="name">lens_grass_1_1307725023671</str>
						<str id="sprite_class">lens_grass_1</str>
					</object>
					<object id="lens_grass_1_1308041830208">
						<int id="w">269</int>
						<int id="z">21</int>
						<int id="x">2345</int>
						<int id="y">-3</int>
						<int id="h">53</int>
						<str id="name">lens_grass_1_1307725023671</str>
						<str id="sprite_class">lens_grass_1</str>
					</object>
					<object id="lens_grass_1_1308041830211">
						<int id="w">269</int>
						<int id="z">26</int>
						<int id="x">2708</int>
						<int id="y">27</int>
						<int id="h">53</int>
						<str id="name">lens_grass_1_1307725023671</str>
						<str id="sprite_class">lens_grass_1</str>
					</object>
					<object id="lens_grass_1_1307725023692">
						<int id="w">269</int>
						<int id="z">10</int>
						<int id="x">-738</int>
						<int id="y">-8</int>
						<int id="h">53</int>
						<str id="name">lens_grass_1_1307725023671</str>
						<str id="sprite_class">lens_grass_1</str>
					</object>
					<object id="lens_grass_2_1307725023674">
						<int id="w">2536</int>
						<int id="z">1</int>
						<int id="x">-201</int>
						<int id="y">48</int>
						<int id="h">219</int>
						<str id="name">lens_grass_2_1307725023672</str>
						<str id="sprite_class">lens_grass_2</str>
					</object>
					<object id="lens_grass_1_1308041830209">
						<int id="w">269</int>
						<int id="z">22</int>
						<int id="x">2238</int>
						<int id="y">16</int>
						<int id="h">53</int>
						<str id="name">lens_grass_1_1307725023671</str>
						<str id="sprite_class">lens_grass_1</str>
					</object>
					<object id="lens_grass_1_1307731442873">
						<int id="w">269</int>
						<int id="z">12</int>
						<int id="x">35</int>
						<int id="y">-110</int>
						<int id="h">53</int>
						<str id="name">lens_grass_1_1307725023671</str>
						<str id="sprite_class">lens_grass_1</str>
					</object>
				</object>
				<object id="doors">
				</object>
				<object id="signposts">
					<object id="signpost_1">
						<int id="y">-100</int>
						<int id="h">200</int>
						<int id="w">100</int>
						<int id="x">-2805</int>
						<object id="connects">
							<object id="0">
								<str id="hub_id">86</str>
								<int id="y">-100</int>
								<str id="swf_file_versioned">http://c2.glitch.bz/locations/groddle1/1316726082.swf</str>
								<int id="x">2708</int>
								<str id="mote_id">9</str>
								<objref id="target" tsid="LA514BBVLC423BJ" label="Range Rd 4"/>
							</object>
							<object id="1">
								<str id="hub_id">86</str>
								<int id="y">-115</int>
								<str id="swf_file_versioned">http://c2.glitch.bz/locations/groddle1/1316726082.swf</str>
								<int id="x">2600</int>
								<str id="mote_id">9</str>
								<objref id="target" tsid="LA51488SJC424V7" label="Plains Rte B"/>
							</object>
							<object id="2">
								<str id="hub_id">86</str>
								<int id="y">-100</int>
								<str id="swf_file_versioned">http://c2.glitch.bz/locations/groddle1/1316726082.swf</str>
								<int id="x">-2680</int>
								<str id="mote_id">9</str>
								<objref id="target" tsid="LA5N7KV0CM42DKT" label="Range Rd 5"/>
							</object>
						</object>
					</object>
					<object id="signpost_2">
						<int id="y">-91</int>
						<int id="h">200</int>
						<str id="id">signpost_2</str>
						<int id="w">100</int>
						<int id="x">2767</int>
						<object id="connects">
							<object id="0">
								<str id="hub_id">86</str>
								<int id="y">-130</int>
								<str id="swf_file_versioned">http://c2.glitch.bz/locations/groddle1/1316726082.swf</str>
								<int id="x">2618</int>
								<str id="mote_id">9</str>
								<objref id="target" tsid="LA5146P2JC42B1Q" label="Empty Via 4"/>
							</object>
							<object id="1">
								<str id="hub_id">86</str>
								<int id="y">-122</int>
								<str id="swf_file_versioned">http://c2.glitch.bz/locations/groddle1/1316726082.swf</str>
								<int id="x">-2700</int>
								<str id="mote_id">9</str>
								<objref id="target" tsid="LA5CTEP5UH42CQC" label="Plains Rte D"/>
							</object>
							<object id="2">
								<str id="hub_id">86</str>
								<int id="y">-420</int>
								<str id="swf_file_versioned">http://c2.glitch.bz/locations/groddle1/1316726082.swf</str>
								<int id="x">-2600</int>
								<str id="mote_id">9</str>
								<objref id="target" tsid="LA5101HF7F429V5" label="Empty Via 5"/>
							</object>
						</object>
					</object>
				</object>
				<object id="targets">
				</object>
				<int id="w">6000</int>
				<str id="name">middleground</str>
				<int id="h">1000</int>
				<object id="platform_lines">
					<object id="plat_1308041830240">
						<int id="platform_pc_perm">-1</int>
						<object id="start">
							<int id="y">-82</int>
							<int id="x">823</int>
						</object>
						<object id="end">
							<int id="y">-89</int>
							<int id="x">927</int>
						</object>
						<int id="platform_item_perm">-1</int>
					</object>
					<object id="plat_1308041830247">
						<int id="platform_pc_perm">-1</int>
						<object id="start">
							<int id="y">-103</int>
							<int id="x">1438</int>
						</object>
						<object id="end">
							<int id="y">-94</int>
							<int id="x">1649</int>
						</object>
						<int id="platform_item_perm">-1</int>
					</object>
					<object id="plat_1308041830227">
						<int id="platform_pc_perm">-1</int>
						<object id="start">
							<int id="y">-88</int>
							<int id="x">-1993</int>
						</object>
						<object id="end">
							<int id="y">-87</int>
							<int id="x">-1926</int>
						</object>
						<int id="platform_item_perm">-1</int>
					</object>
					<object id="plat_1308041830252">
						<int id="platform_pc_perm">-1</int>
						<object id="start">
							<int id="y">-97</int>
							<int id="x">2558</int>
						</object>
						<object id="end">
							<int id="y">-75</int>
							<int id="x">2757</int>
						</object>
						<int id="platform_item_perm">-1</int>
					</object>
					<object id="plat_1308041830238">
						<int id="platform_pc_perm">-1</int>
						<object id="start">
							<int id="y">-72</int>
							<int id="x">404</int>
						</object>
						<object id="end">
							<int id="y">-73</int>
							<int id="x">576</int>
						</object>
						<int id="platform_item_perm">-1</int>
					</object>
					<object id="plat_1308041830232">
						<int id="platform_pc_perm">-1</int>
						<object id="start">
							<int id="y">-72</int>
							<int id="x">-992</int>
						</object>
						<object id="end">
							<int id="y">-77</int>
							<int id="x">-792</int>
						</object>
						<int id="platform_item_perm">-1</int>
					</object>
					<object id="plat_1308041830254">
						<int id="platform_pc_perm">-1</int>
						<object id="start">
							<int id="y">-69</int>
							<int id="x">2871</int>
						</object>
						<object id="end">
							<int id="y">-70</int>
							<int id="x">2998</int>
						</object>
						<int id="platform_item_perm">-1</int>
					</object>
					<object id="plat_1308041830253">
						<int id="platform_pc_perm">-1</int>
						<object id="start">
							<int id="y">-75</int>
							<int id="x">2757</int>
						</object>
						<object id="end">
							<int id="y">-69</int>
							<int id="x">2871</int>
						</object>
						<int id="platform_item_perm">-1</int>
					</object>
					<object id="plat_1308041830229">
						<int id="platform_pc_perm">-1</int>
						<object id="start">
							<int id="y">-98</int>
							<int id="x">-1699</int>
						</object>
						<object id="end">
							<int id="y">-101</int>
							<int id="x">-1388</int>
						</object>
						<int id="platform_item_perm">-1</int>
					</object>
					<object id="plat_1308041830230">
						<int id="platform_pc_perm">-1</int>
						<object id="start">
							<int id="y">-101</int>
							<int id="x">-1388</int>
						</object>
						<object id="end">
							<int id="y">-86</int>
							<int id="x">-1158</int>
						</object>
						<int id="platform_item_perm">-1</int>
					</object>
					<object id="plat_1308041830233">
						<int id="platform_pc_perm">-1</int>
						<object id="start">
							<int id="y">-77</int>
							<int id="x">-792</int>
						</object>
						<object id="end">
							<int id="y">-84</int>
							<int id="x">-586</int>
						</object>
						<int id="platform_item_perm">-1</int>
					</object>
					<object id="plat_1308041830231">
						<int id="platform_pc_perm">-1</int>
						<object id="start">
							<int id="y">-86</int>
							<int id="x">-1158</int>
						</object>
						<object id="end">
							<int id="y">-72</int>
							<int id="x">-992</int>
						</object>
						<int id="platform_item_perm">-1</int>
					</object>
					<object id="plat_1308041830251">
						<int id="platform_pc_perm">-1</int>
						<object id="start">
							<int id="y">-110</int>
							<int id="x">2313</int>
						</object>
						<object id="end">
							<int id="y">-97</int>
							<int id="x">2558</int>
						</object>
						<int id="platform_item_perm">-1</int>
					</object>
					<object id="plat_1308041830204">
						<int id="platform_pc_perm">-1</int>
						<object id="start">
							<int id="y">-166</int>
							<int id="x">1140</int>
						</object>
						<object id="end">
							<int id="y">-164</int>
							<int id="x">1249</int>
						</object>
						<int id="platform_item_perm">-1</int>
					</object>
					<object id="plat_1308041830203">
						<int id="platform_pc_perm">-1</int>
						<object id="start">
							<int id="y">-164</int>
							<int id="x">1024</int>
						</object>
						<object id="end">
							<int id="y">-166</int>
							<int id="x">1140</int>
						</object>
						<int id="platform_item_perm">-1</int>
					</object>
					<object id="plat_1308041830243">
						<int id="platform_pc_perm">-1</int>
						<object id="start">
							<int id="y">-68</int>
							<int id="x">1111</int>
						</object>
						<object id="end">
							<int id="y">-72</int>
							<int id="x">1227</int>
						</object>
						<int id="platform_item_perm">-1</int>
					</object>
					<object id="plat_1308041830241">
						<int id="platform_pc_perm">-1</int>
						<object id="start">
							<int id="y">-89</int>
							<int id="x">927</int>
						</object>
						<object id="end">
							<int id="y">-73</int>
							<int id="x">1000</int>
						</object>
						<int id="platform_item_perm">-1</int>
					</object>
					<object id="plat_1308041830221">
						<int id="platform_pc_perm">-1</int>
						<object id="start">
							<int id="y">-87</int>
							<int id="x">-2732</int>
						</object>
						<object id="end">
							<int id="y">-102</int>
							<int id="x">-2549</int>
						</object>
						<int id="platform_item_perm">-1</int>
					</object>
					<object id="plat_1308041830246">
						<int id="platform_pc_perm">-1</int>
						<object id="start">
							<int id="y">-100</int>
							<int id="x">1360</int>
						</object>
						<object id="end">
							<int id="y">-103</int>
							<int id="x">1438</int>
						</object>
						<int id="platform_item_perm">-1</int>
					</object>
					<object id="plat_1308041830226">
						<int id="platform_pc_perm">-1</int>
						<object id="start">
							<int id="y">-97</int>
							<int id="x">-2073</int>
						</object>
						<object id="end">
							<int id="y">-88</int>
							<int id="x">-1993</int>
						</object>
						<int id="platform_item_perm">-1</int>
					</object>
					<object id="plat_1308041830222">
						<int id="platform_pc_perm">-1</int>
						<object id="start">
							<int id="y">-102</int>
							<int id="x">-2549</int>
						</object>
						<object id="end">
							<int id="y">-103</int>
							<int id="x">-2345</int>
						</object>
						<int id="platform_item_perm">-1</int>
					</object>
					<object id="plat_1308041830248">
						<int id="platform_pc_perm">-1</int>
						<object id="start">
							<int id="y">-94</int>
							<int id="x">1649</int>
						</object>
						<object id="end">
							<int id="y">-93</int>
							<int id="x">1844</int>
						</object>
						<int id="platform_item_perm">-1</int>
					</object>
					<object id="plat_1308041830225">
						<int id="platform_pc_perm">-1</int>
						<object id="start">
							<int id="y">-96</int>
							<int id="x">-2169</int>
						</object>
						<object id="end">
							<int id="y">-97</int>
							<int id="x">-2073</int>
						</object>
						<int id="platform_item_perm">-1</int>
					</object>
					<object id="plat_1308041830235">
						<int id="platform_pc_perm">-1</int>
						<object id="start">
							<int id="y">-99</int>
							<int id="x">-370</int>
						</object>
						<object id="end">
							<int id="y">-92</int>
							<int id="x">-35</int>
						</object>
						<int id="platform_item_perm">-1</int>
					</object>
					<object id="plat_1308041830223">
						<int id="platform_pc_perm">-1</int>
						<object id="start">
							<int id="y">-103</int>
							<int id="x">-2345</int>
						</object>
						<object id="end">
							<int id="y">-91</int>
							<int id="x">-2239</int>
						</object>
						<int id="platform_item_perm">-1</int>
					</object>
					<object id="plat_1308041830244">
						<int id="platform_pc_perm">-1</int>
						<object id="start">
							<int id="y">-72</int>
							<int id="x">1227</int>
						</object>
						<object id="end">
							<int id="y">-84</int>
							<int id="x">1317</int>
						</object>
						<int id="platform_item_perm">-1</int>
					</object>
					<object id="plat_1308041830245">
						<int id="platform_pc_perm">-1</int>
						<object id="start">
							<int id="y">-84</int>
							<int id="x">1317</int>
						</object>
						<object id="end">
							<int id="y">-100</int>
							<int id="x">1360</int>
						</object>
						<int id="platform_item_perm">-1</int>
					</object>
					<object id="plat_1308041830234">
						<int id="platform_pc_perm">-1</int>
						<object id="start">
							<int id="y">-84</int>
							<int id="x">-586</int>
						</object>
						<object id="end">
							<int id="y">-99</int>
							<int id="x">-370</int>
						</object>
						<int id="platform_item_perm">-1</int>
					</object>
					<object id="plat_1308041830237">
						<int id="platform_pc_perm">-1</int>
						<object id="start">
							<int id="y">-78</int>
							<int id="x">212</int>
						</object>
						<object id="end">
							<int id="y">-72</int>
							<int id="x">404</int>
						</object>
						<int id="platform_item_perm">-1</int>
					</object>
					<object id="plat_1308041830224">
						<int id="platform_pc_perm">-1</int>
						<object id="start">
							<int id="y">-91</int>
							<int id="x">-2239</int>
						</object>
						<object id="end">
							<int id="y">-96</int>
							<int id="x">-2169</int>
						</object>
						<int id="platform_item_perm">-1</int>
					</object>
					<object id="plat_1308041830239">
						<int id="platform_pc_perm">-1</int>
						<object id="start">
							<int id="y">-73</int>
							<int id="x">576</int>
						</object>
						<object id="end">
							<int id="y">-82</int>
							<int id="x">823</int>
						</object>
						<int id="platform_item_perm">-1</int>
					</object>
					<object id="plat_1308041830236">
						<int id="platform_pc_perm">-1</int>
						<object id="start">
							<int id="y">-92</int>
							<int id="x">-35</int>
						</object>
						<object id="end">
							<int id="y">-78</int>
							<int id="x">212</int>
						</object>
						<int id="platform_item_perm">-1</int>
					</object>
					<object id="plat_1308041830228">
						<int id="platform_pc_perm">-1</int>
						<object id="start">
							<int id="y">-87</int>
							<int id="x">-1926</int>
						</object>
						<object id="end">
							<int id="y">-98</int>
							<int id="x">-1699</int>
						</object>
						<int id="platform_item_perm">-1</int>
					</object>
					<object id="plat_1308041830242">
						<int id="platform_pc_perm">-1</int>
						<object id="start">
							<int id="y">-73</int>
							<int id="x">1000</int>
						</object>
						<object id="end">
							<int id="y">-68</int>
							<int id="x">1111</int>
						</object>
						<int id="platform_item_perm">-1</int>
					</object>
					<object id="plat_1308041830220">
						<int id="platform_pc_perm">-1</int>
						<object id="start">
							<int id="y">-75</int>
							<int id="x">-2999</int>
						</object>
						<object id="end">
							<int id="y">-87</int>
							<int id="x">-2732</int>
						</object>
						<int id="platform_item_perm">-1</int>
					</object>
					<object id="plat_1308041830250">
						<int id="platform_pc_perm">-1</int>
						<object id="start">
							<int id="y">-104</int>
							<int id="x">2015</int>
						</object>
						<object id="end">
							<int id="y">-110</int>
							<int id="x">2313</int>
						</object>
						<int id="platform_item_perm">-1</int>
					</object>
					<object id="plat_1308041830249">
						<int id="platform_pc_perm">-1</int>
						<object id="start">
							<int id="y">-93</int>
							<int id="x">1844</int>
						</object>
						<object id="end">
							<int id="y">-104</int>
							<int id="x">2015</int>
						</object>
						<int id="platform_item_perm">-1</int>
					</object>
				</object>
				<object id="boxes">
				</object>
				<object id="filtersNEW">
					<object id="saturation">
						<int id="value">18</int>
					</object>
					<object id="tintColor">
						<int id="value">0</int>
					</object>
					<object id="contrast">
						<int id="value">0</int>
					</object>
					<object id="brightness">
						<int id="value">9</int>
					</object>
				</object>
				<int id="z">0</int>
				<object id="walls">
				</object>
				<object id="ladders">
				</object>
			</object>
			<object id="T_1307725023670">
				<object id="decos">
					<object id="lens_grass_2_1307725023718">
						<int id="w">1158</int>
						<int id="z">14</int>
						<int id="r">1</int>
						<int id="x">1548</int>
						<int id="y">770</int>
						<int id="h">47</int>
						<str id="name">lens_grass_2_1307725023672</str>
						<str id="sprite_class">lens_grass_2</str>
					</object>
					<object id="heights_bush_1_1307731442963">
						<int id="w">28</int>
						<int id="z">35</int>
						<int id="x">5399</int>
						<int id="y">710</int>
						<int id="h">16</int>
						<str id="name">heights_bush_1_1307731442942</str>
						<str id="sprite_class">heights_bush_1</str>
					</object>
					<object id="lens_grass_2_1307725023719">
						<int id="w">1158</int>
						<int id="z">15</int>
						<int id="r">-1</int>
						<int id="x">1886</int>
						<int id="y">761</int>
						<int id="h">47</int>
						<str id="name">lens_grass_2_1307725023672</str>
						<str id="sprite_class">lens_grass_2</str>
					</object>
					<object id="tree_acacia_4_1307741552435">
						<int id="w">48</int>
						<int id="z">40</int>
						<int id="x">2256</int>
						<int id="y">707</int>
						<int id="h">37</int>
						<str id="name">tree_acacia_4_1307731442868</str>
						<str id="sprite_class">tree_acacia_4</str>
					</object>
					<object id="heights_bush_4_1308041830115">
						<int id="w">562</int>
						<int id="z">1</int>
						<int id="x">1785</int>
						<int id="y">735</int>
						<int id="h">26</int>
						<str id="name">heights_bush_4_1307731442857</str>
						<str id="sprite_class">heights_bush_4</str>
					</object>
					<object id="lens_grass_2_1307725023717">
						<int id="w">1158</int>
						<int id="z">16</int>
						<int id="r">1</int>
						<int id="x">1027</int>
						<int id="y">771</int>
						<int id="h">47</int>
						<str id="name">lens_grass_2_1307725023672</str>
						<str id="sprite_class">lens_grass_2</str>
					</object>
					<object id="heights_bush_4_1308041830120">
						<int id="w">523</int>
						<int id="z">7</int>
						<int id="r">-3</int>
						<int id="x">1222</int>
						<int id="y">739</int>
						<int id="h">23</int>
						<str id="name">heights_bush_4_1307731442857</str>
						<str id="sprite_class">heights_bush_4</str>
					</object>
					<object id="lens_grass_2_1307725023720">
						<int id="w">1158</int>
						<int id="z">12</int>
						<int id="x">2351</int>
						<int id="y">748</int>
						<int id="h">47</int>
						<str id="name">lens_grass_2_1307725023672</str>
						<str id="sprite_class">lens_grass_2</str>
					</object>
					<object id="tree_acacia_1_1307731442861">
						<int id="w">36</int>
						<int id="z">21</int>
						<int id="x">2954</int>
						<int id="y">718</int>
						<int id="h">23</int>
						<str id="name">tree_acacia_1_1307731442861</str>
						<str id="sprite_class">tree_acacia_1</str>
					</object>
					<object id="alakol_water_rock_1_1307731442960">
						<int id="w">72</int>
						<int id="z">9</int>
						<int id="x">5452</int>
						<int id="y">687</int>
						<int id="h">19</int>
						<str id="name">alakol_water_rock_1_1307731442935</str>
						<str id="sprite_class">alakol_water_rock_1</str>
					</object>
					<object id="heights_bush_4_1308041830125">
						<int id="w">374</int>
						<int id="z">6</int>
						<int id="x">5200</int>
						<bool id="h_flip">true</bool>
						<int id="y">708</int>
						<int id="h">29</int>
						<str id="name">heights_bush_4_1307731442857</str>
						<str id="sprite_class">heights_bush_4</str>
					</object>
					<object id="lens_grass_2_1307725023721">
						<int id="w">1158</int>
						<int id="z">17</int>
						<int id="r">1</int>
						<int id="x">2980</int>
						<int id="y">758</int>
						<int id="h">47</int>
						<str id="name">lens_grass_2_1307725023672</str>
						<str id="sprite_class">lens_grass_2</str>
					</object>
					<object id="alakol_water_rock_2_1307731442956">
						<int id="w">109</int>
						<int id="z">32</int>
						<int id="x">5353</int>
						<int id="y">713</int>
						<int id="h">30</int>
						<str id="name">alakol_water_rock_2_1307731442936</str>
						<str id="sprite_class">alakol_water_rock_2</str>
					</object>
					<object id="alakol_water_rock_1_1307731442938">
						<int id="w">18</int>
						<int id="z">26</int>
						<int id="x">2744</int>
						<int id="y">716</int>
						<int id="h">15</int>
						<str id="name">alakol_water_rock_1_1307731442935</str>
						<str id="sprite_class">alakol_water_rock_1</str>
					</object>
					<object id="lens_grass_2_1307725023725">
						<int id="w">1158</int>
						<int id="z">20</int>
						<int id="r">-1</int>
						<int id="x">5130</int>
						<int id="y">743</int>
						<int id="h">47</int>
						<str id="name">lens_grass_2_1307725023672</str>
						<str id="sprite_class">lens_grass_2</str>
					</object>
					<object id="alakol_cliff_2_1307731442934">
						<int id="w">36</int>
						<int id="z">25</int>
						<int id="x">2758</int>
						<int id="y">716</int>
						<int id="h">10</int>
						<str id="name">alakol_cliff_2_1307731442934</str>
						<str id="sprite_class">alakol_cliff_2</str>
					</object>
					<object id="heights_bush_4_1308041830124">
						<int id="w">374</int>
						<int id="z">5</int>
						<int id="x">2595</int>
						<bool id="h_flip">true</bool>
						<int id="y">722</int>
						<int id="h">29</int>
						<str id="name">heights_bush_4_1307731442857</str>
						<str id="sprite_class">heights_bush_4</str>
					</object>
					<object id="lens_grass_2_1307725023724">
						<int id="w">1158</int>
						<int id="z">19</int>
						<int id="r">1</int>
						<int id="x">4690</int>
						<int id="y">748</int>
						<int id="h">47</int>
						<str id="name">lens_grass_2_1307725023672</str>
						<str id="sprite_class">lens_grass_2</str>
					</object>
					<object id="lens_grass_2_1307725023716">
						<int id="w">1158</int>
						<int id="z">13</int>
						<int id="r">1</int>
						<int id="x">350</int>
						<int id="y">757</int>
						<int id="h">47</int>
						<str id="name">lens_grass_2_1307725023672</str>
						<str id="sprite_class">lens_grass_2</str>
					</object>
					<object id="heights_bush_1_1307731442942">
						<int id="w">13</int>
						<int id="z">44</int>
						<int id="x">2745</int>
						<int id="y">719</int>
						<int id="h">7</int>
						<str id="name">heights_bush_1_1307731442942</str>
						<str id="sprite_class">heights_bush_1</str>
					</object>
					<object id="tree_acacia_2_1307735717324">
						<int id="w">33</int>
						<int id="z">37</int>
						<int id="x">322</int>
						<int id="y">715</int>
						<int id="h">18</int>
						<str id="name">tree_acacia_2_1307731442855</str>
						<str id="sprite_class">tree_acacia_2</str>
					</object>
					<object id="tree_acacia_1_1307735717322">
						<int id="w">36</int>
						<int id="z">36</int>
						<int id="x">694</int>
						<int id="y">731</int>
						<int id="h">23</int>
						<str id="name">tree_acacia_1_1307731442861</str>
						<str id="sprite_class">tree_acacia_1</str>
					</object>
					<object id="alakol_water_rock_2_1307731442962">
						<int id="w">43</int>
						<int id="z">33</int>
						<int id="x">5299</int>
						<int id="y">708</int>
						<int id="h">18</int>
						<str id="name">alakol_water_rock_2_1307731442936</str>
						<str id="sprite_class">alakol_water_rock_2</str>
					</object>
					<object id="alakol_water_rock_2_1307731442955">
						<int id="w">85</int>
						<int id="z">30</int>
						<int id="x">5400</int>
						<int id="y">702</int>
						<int id="h">54</int>
						<str id="name">alakol_water_rock_2_1307731442936</str>
						<str id="sprite_class">alakol_water_rock_2</str>
					</object>
					<object id="alakol_cliff_1_1307731442933">
						<int id="w">69</int>
						<int id="z">29</int>
						<int id="x">2716</int>
						<int id="y">718</int>
						<int id="h">12</int>
						<str id="name">alakol_cliff_1_1307731442933</str>
						<str id="sprite_class">alakol_cliff_1</str>
					</object>
					<object id="alakol_cliff_2_1307731442954">
						<int id="w">112</int>
						<int id="z">31</int>
						<int id="r">1</int>
						<int id="x">5414</int>
						<int id="y">707</int>
						<int id="h">31</int>
						<str id="name">alakol_cliff_2_1307731442934</str>
						<str id="sprite_class">alakol_cliff_2</str>
					</object>
					<object id="tree_acacia_1_1308041830219">
						<int id="w">46</int>
						<int id="z">24</int>
						<int id="x">5191</int>
						<int id="y">702</int>
						<int id="h">28</int>
						<str id="name">tree_acacia_1_1307731442861</str>
						<str id="sprite_class">tree_acacia_1</str>
					</object>
					<object id="alakol_water_rock_2_1308041830121">
						<int id="w">30</int>
						<int id="z">42</int>
						<int id="r">-2</int>
						<int id="x">1825</int>
						<int id="y">721</int>
						<int id="h">9</int>
						<str id="name">alakol_water_rock_2_1307731442936</str>
						<str id="sprite_class">alakol_water_rock_2</str>
					</object>
					<object id="tree_acacia_3_1307741552436">
						<int id="w">58</int>
						<int id="z">43</int>
						<int id="x">2217</int>
						<int id="y">707</int>
						<int id="h">27</int>
						<str id="name">tree_acacia_3_1307731442854</str>
						<str id="sprite_class">tree_acacia_3</str>
					</object>
					<object id="heights_bush_4_1308041830114">
						<int id="w">573</int>
						<int id="z">2</int>
						<int id="r">-2</int>
						<int id="x">1410</int>
						<int id="y">733</int>
						<int id="h">24</int>
						<str id="name">heights_bush_4_1307731442857</str>
						<str id="sprite_class">heights_bush_4</str>
					</object>
					<object id="alakol_water_rock_2_1308041830116">
						<int id="w">25</int>
						<int id="z">41</int>
						<int id="x">821</int>
						<int id="y">735</int>
						<int id="h">10</int>
						<str id="name">alakol_water_rock_2_1307731442936</str>
						<str id="sprite_class">alakol_water_rock_2</str>
					</object>
					<object id="tree_acacia_1_1308041830128">
						<int id="w">37</int>
						<int id="z">22</int>
						<int id="x">3563</int>
						<int id="y">706</int>
						<int id="h">23</int>
						<str id="name">tree_acacia_1_1307731442861</str>
						<str id="sprite_class">tree_acacia_1</str>
					</object>
					<object id="alakol_water_rock_2_1307731442945">
						<int id="w">25</int>
						<int id="z">28</int>
						<int id="x">2757</int>
						<int id="y">720</int>
						<int id="h">8</int>
						<str id="name">alakol_water_rock_2_1307731442936</str>
						<str id="sprite_class">alakol_water_rock_2</str>
					</object>
					<object id="alakol_water_rock_1_1307731442959">
						<int id="w">32</int>
						<int id="z">34</int>
						<int id="x">5440</int>
						<int id="y">715</int>
						<int id="h">26</int>
						<str id="name">alakol_water_rock_1_1307731442935</str>
						<str id="sprite_class">alakol_water_rock_1</str>
					</object>
					<object id="lens_grass_2_1307725023723">
						<int id="w">1158</int>
						<int id="z">11</int>
						<int id="x">4029</int>
						<int id="y">733</int>
						<int id="h">47</int>
						<str id="name">lens_grass_2_1307725023672</str>
						<str id="sprite_class">lens_grass_2</str>
					</object>
					<object id="heights_bush_4_1308041830123">
						<int id="w">374</int>
						<int id="z">4</int>
						<int id="x">2769</int>
						<int id="y">722</int>
						<int id="h">29</int>
						<str id="name">heights_bush_4_1307731442857</str>
						<str id="sprite_class">heights_bush_4</str>
					</object>
					<object id="heights_bush_4_1307731442858">
						<int id="w">662</int>
						<int id="z">0</int>
						<int id="x">565</int>
						<int id="y">730</int>
						<int id="h">24</int>
						<str id="name">heights_bush_4_1307731442857</str>
						<str id="sprite_class">heights_bush_4</str>
					</object>
					<object id="tree_acacia_1_1308041830195">
						<int id="w">36</int>
						<int id="z">23</int>
						<int id="x">4537</int>
						<int id="y">705</int>
						<int id="h">22</int>
						<str id="name">tree_acacia_1_1307731442861</str>
						<str id="sprite_class">tree_acacia_1</str>
					</object>
					<object id="lens_grass_2_1307725023722">
						<int id="w">1158</int>
						<int id="z">18</int>
						<int id="r">-1</int>
						<int id="x">3517</int>
						<int id="y">748</int>
						<int id="h">47</int>
						<str id="name">lens_grass_2_1307725023672</str>
						<str id="sprite_class">lens_grass_2</str>
					</object>
				</object>
				<int id="w">5280</int>
				<int id="h">1000</int>
				<int id="z">-4</int>
				<object id="filtersNEW">
					<object id="saturation">
						<int id="value">6</int>
					</object>
					<object id="tintColor">
						<int id="value">0</int>
					</object>
					<object id="contrast">
						<int id="value">0</int>
					</object>
					<object id="blur">
						<int id="value">3</int>
					</object>
					<object id="brightness">
						<int id="value">25</int>
					</object>
				</object>
				<str id="name">bg_4</str>
			</object>
			<object id="T_1307725023669">
				<object id="decos">
					<object id="cloud_fluffy_2_1308273255289">
						<int id="w">1231</int>
						<int id="z">2</int>
						<int id="x">842</int>
						<int id="y">707</int>
						<int id="h">89</int>
						<str id="name">cloud_fluffy_2_1307725023726</str>
						<str id="sprite_class">cloud_fluffy_2</str>
					</object>
					<object id="cloud_fluffy_2_1308273255291">
						<int id="w">1231</int>
						<int id="z">0</int>
						<int id="x">3423</int>
						<int id="y">569</int>
						<int id="h">89</int>
						<str id="name">cloud_fluffy_2_1307725023726</str>
						<str id="sprite_class">cloud_fluffy_2</str>
					</object>
					<object id="cloud_fluffy_1_1308273255290">
						<int id="w">1009</int>
						<int id="z">1</int>
						<int id="x">2112</int>
						<int id="y">706</int>
						<int id="h">95</int>
						<str id="name">cloud_fluffy_1_1307731442949</str>
						<str id="sprite_class">cloud_fluffy_1</str>
					</object>
					<object id="cloud_fluffy_2_1308273255292">
						<int id="w">1231</int>
						<int id="z">4</int>
						<int id="x">4267</int>
						<int id="y">650</int>
						<int id="h">89</int>
						<str id="name">cloud_fluffy_2_1307725023726</str>
						<str id="sprite_class">cloud_fluffy_2</str>
					</object>
					<object id="cloud_fluffy_1_1308273255288">
						<int id="w">1009</int>
						<int id="z">3</int>
						<int id="x">3028</int>
						<int id="y">664</int>
						<int id="h">95</int>
						<str id="name">cloud_fluffy_1_1307731442949</str>
						<str id="sprite_class">cloud_fluffy_1</str>
					</object>
				</object>
				<int id="w">4800</int>
				<int id="h">1000</int>
				<int id="z">-5</int>
				<object id="filtersNEW">
					<object id="contrast">
						<int id="value">-10</int>
					</object>
					<object id="blur">
						<int id="value">3</int>
					</object>
					<object id="saturation">
						<int id="value">-60</int>
					</object>
					<object id="tintColor">
						<int id="value">16759552</int>
					</object>
					<object id="tintAmount">
						<int id="value">80</int>
					</object>
					<object id="brightness">
						<int id="value">19</int>
					</object>
				</object>
				<str id="name">sky</str>
			</object>
			<object id="T_1307725023667">
				<object id="decos">
					<object id="lens_grass_2_1307725023696">
						<int id="w">1400</int>
						<int id="z">4</int>
						<int id="r">-1</int>
						<int id="x">2344</int>
						<int id="y">848</int>
						<int id="h">102</int>
						<str id="name">lens_grass_2_1307725023672</str>
						<str id="sprite_class">lens_grass_2</str>
					</object>
					<object id="lens_grass_1_1307731442920">
						<int id="w">98</int>
						<int id="z">25</int>
						<int id="x">4563</int>
						<int id="y">755</int>
						<int id="h">19</int>
						<str id="name">lens_grass_1_1307725023671</str>
						<str id="sprite_class">lens_grass_1</str>
					</object>
					<object id="lens_grass_2_1308107342220">
						<int id="w">1763</int>
						<int id="z">37</int>
						<int id="r">2</int>
						<int id="x">801</int>
						<int id="y">974</int>
						<int id="h">178</int>
						<str id="name">lens_grass_2_1307725023672</str>
						<str id="sprite_class">lens_grass_2</str>
					</object>
					<object id="pampas_1_1308107342196">
						<int id="w">26</int>
						<int id="z">61</int>
						<int id="x">4658</int>
						<int id="y">808</int>
						<int id="h">37</int>
						<str id="name">pampas_1_1307731442969</str>
						<str id="sprite_class">pampas_1</str>
					</object>
					<object id="lens_grass_1_1307731442921">
						<int id="w">98</int>
						<int id="z">26</int>
						<int id="x">4558</int>
						<int id="y">764</int>
						<int id="h">19</int>
						<str id="name">lens_grass_1_1307725023671</str>
						<str id="sprite_class">lens_grass_1</str>
					</object>
					<object id="lens_grass_1_1308107342203">
						<int id="w">147</int>
						<int id="z">54</int>
						<int id="x">4982</int>
						<int id="y">831</int>
						<int id="h">29</int>
						<str id="name">lens_grass_1_1307725023671</str>
						<str id="sprite_class">lens_grass_1</str>
					</object>
					<object id="lens_grass_1_1308107342210">
						<int id="w">147</int>
						<int id="z">47</int>
						<int id="x">196</int>
						<int id="y">815</int>
						<int id="h">29</int>
						<str id="name">lens_grass_1_1307725023671</str>
						<str id="sprite_class">lens_grass_1</str>
					</object>
					<object id="lens_grass_2_1307725023699">
						<int id="w">1400</int>
						<int id="z">2</int>
						<int id="x">4145</int>
						<int id="y">838</int>
						<int id="h">102</int>
						<str id="name">lens_grass_2_1307725023672</str>
						<str id="sprite_class">lens_grass_2</str>
					</object>
					<object id="lens_grass_1_1307731442901">
						<int id="w">107</int>
						<int id="z">14</int>
						<int id="x">1374</int>
						<int id="y">784</int>
						<int id="h">21</int>
						<str id="name">lens_grass_1_1307725023671</str>
						<str id="sprite_class">lens_grass_1</str>
					</object>
					<object id="lens_grass_1_1307731442913">
						<int id="w">98</int>
						<int id="z">18</int>
						<int id="x">3059</int>
						<int id="y">771</int>
						<int id="h">19</int>
						<str id="name">lens_grass_1_1307725023671</str>
						<str id="sprite_class">lens_grass_1</str>
					</object>
					<object id="lens_grass_1_1308107342212">
						<int id="w">147</int>
						<int id="z">45</int>
						<int id="x">211</int>
						<int id="y">804</int>
						<int id="h">29</int>
						<str id="name">lens_grass_1_1307725023671</str>
						<str id="sprite_class">lens_grass_1</str>
					</object>
					<object id="lens_grass_1_1307731442912">
						<int id="w">98</int>
						<int id="z">6</int>
						<int id="x">2010</int>
						<int id="y">781</int>
						<int id="h">19</int>
						<str id="name">lens_grass_1_1307725023671</str>
						<str id="sprite_class">lens_grass_1</str>
					</object>
					<object id="lens_grass_1_1308107342200">
						<int id="w">147</int>
						<int id="z">57</int>
						<int id="x">2345</int>
						<int id="y">803</int>
						<int id="h">29</int>
						<str id="name">lens_grass_1_1307725023671</str>
						<str id="sprite_class">lens_grass_1</str>
					</object>
					<object id="lens_grass_2_1308107342219">
						<int id="w">1763</int>
						<int id="z">38</int>
						<int id="r">-1</int>
						<int id="x">1534</int>
						<int id="y">969</int>
						<int id="h">178</int>
						<str id="name">lens_grass_2_1307725023672</str>
						<str id="sprite_class">lens_grass_2</str>
					</object>
					<object id="lens_grass_1_1307731442918">
						<int id="w">98</int>
						<int id="z">23</int>
						<int id="x">4484</int>
						<int id="y">747</int>
						<int id="h">19</int>
						<str id="name">lens_grass_1_1307725023671</str>
						<str id="sprite_class">lens_grass_1</str>
					</object>
					<object id="tree_acacia_1_1308041830215">
						<int id="w">368</int>
						<int id="z">33</int>
						<int id="x">4851</int>
						<bool id="h_flip">true</bool>
						<int id="y">768</int>
						<int id="h">228</int>
						<str id="name">tree_acacia_1_1307731442861</str>
						<str id="sprite_class">tree_acacia_1</str>
					</object>
					<object id="lens_grass_1_1308107342204">
						<int id="w">147</int>
						<int id="z">53</int>
						<int id="x">5050</int>
						<int id="y">824</int>
						<int id="h">29</int>
						<str id="name">lens_grass_1_1307725023671</str>
						<str id="sprite_class">lens_grass_1</str>
					</object>
					<object id="tree_acacia_2_1308041830126">
						<int id="w">460</int>
						<int id="z">32</int>
						<int id="x">2829</int>
						<int id="y">776</int>
						<int id="h">258</int>
						<str id="name">tree_acacia_2_1307731442855</str>
						<str id="sprite_class">tree_acacia_2</str>
					</object>
					<object id="tree_acacia_2_1308041830127">
						<int id="w">479</int>
						<int id="z">13</int>
						<int id="x">3999</int>
						<int id="y">766</int>
						<int id="h">269</int>
						<str id="name">tree_acacia_2_1307731442855</str>
						<str id="sprite_class">tree_acacia_2</str>
					</object>
					<object id="tree_acacia_1_1308107342206">
						<int id="w">578</int>
						<int id="z">51</int>
						<int id="x">4639</int>
						<int id="y">809</int>
						<int id="h">362</int>
						<str id="name">tree_acacia_1_1307731442861</str>
						<str id="sprite_class">tree_acacia_1</str>
					</object>
					<object id="lens_grass_1_1307731442919">
						<int id="w">98</int>
						<int id="z">24</int>
						<int id="x">4509</int>
						<int id="y">750</int>
						<int id="h">19</int>
						<str id="name">lens_grass_1_1307725023671</str>
						<str id="sprite_class">lens_grass_1</str>
					</object>
					<object id="lens_grass_1_1308107342197">
						<int id="w">147</int>
						<int id="z">60</int>
						<int id="x">2378</int>
						<int id="y">819</int>
						<int id="h">29</int>
						<str id="name">lens_grass_1_1307725023671</str>
						<str id="sprite_class">lens_grass_1</str>
					</object>
					<object id="lens_grass_2_1307725023698">
						<int id="w">1400</int>
						<int id="z">10</int>
						<int id="r">-1</int>
						<int id="x">3650</int>
						<int id="y">868</int>
						<int id="h">102</int>
						<str id="name">lens_grass_2_1307725023672</str>
						<str id="sprite_class">lens_grass_2</str>
					</object>
					<object id="lens_grass_1_1308107342211">
						<int id="w">147</int>
						<int id="z">46</int>
						<int id="x">312</int>
						<int id="y">810</int>
						<int id="h">29</int>
						<str id="name">lens_grass_1_1307725023671</str>
						<str id="sprite_class">lens_grass_1</str>
					</object>
					<object id="pampas_1_1308107342208">
						<int id="w">23</int>
						<int id="z">49</int>
						<int id="x">87</int>
						<bool id="h_flip">true</bool>
						<int id="y">812</int>
						<int id="h">33</int>
						<str id="name">pampas_1_1307731442969</str>
						<str id="sprite_class">pampas_1</str>
					</object>
					<object id="lens_grass_2_1308107342222">
						<int id="w">1763</int>
						<int id="z">35</int>
						<int id="x">5034</int>
						<int id="y">963</int>
						<int id="h">178</int>
						<str id="name">lens_grass_2_1307725023672</str>
						<str id="sprite_class">lens_grass_2</str>
					</object>
					<object id="lens_grass_2_1307725023695">
						<int id="w">1400</int>
						<int id="z">9</int>
						<int id="r">-1</int>
						<int id="x">1599</int>
						<int id="y">863</int>
						<int id="h">102</int>
						<str id="name">lens_grass_2_1307725023672</str>
						<str id="sprite_class">lens_grass_2</str>
					</object>
					<object id="lens_grass_2_1307725023694">
						<int id="w">1400</int>
						<int id="z">8</int>
						<int id="r">3</int>
						<int id="x">1089</int>
						<int id="y">869</int>
						<int id="h">102</int>
						<str id="name">lens_grass_2_1307725023672</str>
						<str id="sprite_class">lens_grass_2</str>
					</object>
					<object id="lens_grass_2_1307725023701">
						<int id="w">1400</int>
						<int id="z">0</int>
						<int id="x">5510</int>
						<int id="y">843</int>
						<int id="h">102</int>
						<str id="name">lens_grass_2_1307725023672</str>
						<str id="sprite_class">lens_grass_2</str>
					</object>
					<object id="lens_grass_2_1307725023697">
						<int id="w">1400</int>
						<int id="z">3</int>
						<int id="r">5</int>
						<int id="x">3288</int>
						<int id="y">874</int>
						<int id="h">102</int>
						<str id="name">lens_grass_2_1307725023672</str>
						<str id="sprite_class">lens_grass_2</str>
					</object>
					<object id="lens_grass_1_1308107342213">
						<int id="w">147</int>
						<int id="z">44</int>
						<int id="x">126</int>
						<int id="y">816</int>
						<int id="h">29</int>
						<str id="name">lens_grass_1_1307725023671</str>
						<str id="sprite_class">lens_grass_1</str>
					</object>
					<object id="pampas_1_1308107342207">
						<int id="w">20</int>
						<int id="z">50</int>
						<int id="x">4609</int>
						<bool id="h_flip">true</bool>
						<int id="y">795</int>
						<int id="h">29</int>
						<str id="name">pampas_1_1307731442969</str>
						<str id="sprite_class">pampas_1</str>
					</object>
					<object id="tree_acacia_2_1307731442870">
						<int id="w">326</int>
						<int id="z">12</int>
						<int id="x">5366</int>
						<int id="y">763</int>
						<int id="h">183</int>
						<str id="name">tree_acacia_2_1307731442855</str>
						<str id="sprite_class">tree_acacia_2</str>
					</object>
					<object id="lens_grass_1_1308107342199">
						<int id="w">147</int>
						<int id="z">58</int>
						<int id="x">2290</int>
						<int id="y">812</int>
						<int id="h">29</int>
						<str id="name">lens_grass_1_1307725023671</str>
						<str id="sprite_class">lens_grass_1</str>
					</object>
					<object id="lens_grass_2_1307725023693">
						<int id="w">1400</int>
						<int id="z">7</int>
						<int id="r">2</int>
						<int id="x">388</int>
						<int id="y">853</int>
						<int id="h">102</int>
						<str id="name">lens_grass_2_1307725023672</str>
						<str id="sprite_class">lens_grass_2</str>
					</object>
					<object id="tree_acacia_2_1308041830196">
						<int id="w">336</int>
						<int id="z">31</int>
						<int id="x">401</int>
						<int id="y">776</int>
						<int id="h">188</int>
						<str id="name">tree_acacia_2_1307731442855</str>
						<str id="sprite_class">tree_acacia_2</str>
					</object>
					<object id="lens_grass_1_1307731442917">
						<int id="w">98</int>
						<int id="z">22</int>
						<int id="x">3074</int>
						<int id="y">785</int>
						<int id="h">19</int>
						<str id="name">lens_grass_1_1307725023671</str>
						<str id="sprite_class">lens_grass_1</str>
					</object>
					<object id="lens_grass_2_1308107342217">
						<int id="w">1763</int>
						<int id="z">40</int>
						<int id="r">1</int>
						<int id="x">2846</int>
						<int id="y">960</int>
						<int id="h">178</int>
						<str id="name">lens_grass_2_1307725023672</str>
						<str id="sprite_class">lens_grass_2</str>
					</object>
					<object id="lens_grass_1_1308107342202">
						<int id="w">147</int>
						<int id="z">55</int>
						<int id="x">3679</int>
						<int id="y">826</int>
						<int id="h">29</int>
						<str id="name">lens_grass_1_1307725023671</str>
						<str id="sprite_class">lens_grass_1</str>
					</object>
					<object id="lens_grass_2_1308107342216">
						<int id="w">1763</int>
						<int id="z">41</int>
						<int id="x">3895</int>
						<int id="y">976</int>
						<int id="h">178</int>
						<str id="name">lens_grass_2_1307725023672</str>
						<str id="sprite_class">lens_grass_2</str>
					</object>
					<object id="lens_grass_1_1307731442900">
						<int id="w">107</int>
						<int id="z">15</int>
						<int id="x">1303</int>
						<int id="y">790</int>
						<int id="h">21</int>
						<str id="name">lens_grass_1_1307725023671</str>
						<str id="sprite_class">lens_grass_1</str>
					</object>
					<object id="pampas_1_1307741552430">
						<int id="w">14</int>
						<int id="z">11</int>
						<int id="x">5350</int>
						<bool id="h_flip">true</bool>
						<int id="y">759</int>
						<int id="h">21</int>
						<str id="name">pampas_1_1307731442969</str>
						<str id="sprite_class">pampas_1</str>
					</object>
					<object id="lens_grass_2_1308107342223">
						<int id="w">1763</int>
						<int id="z">34</int>
						<int id="r">-1</int>
						<int id="x">4286</int>
						<int id="y">943</int>
						<int id="h">178</int>
						<str id="name">lens_grass_2_1307725023672</str>
						<str id="sprite_class">lens_grass_2</str>
					</object>
					<object id="lens_grass_1_1307731442911">
						<int id="w">98</int>
						<int id="z">5</int>
						<int id="x">2056</int>
						<int id="y">775</int>
						<int id="h">19</int>
						<str id="name">lens_grass_1_1307725023671</str>
						<str id="sprite_class">lens_grass_1</str>
					</object>
					<object id="lens_grass_1_1308107342209">
						<int id="w">147</int>
						<int id="z">48</int>
						<int id="x">168</int>
						<int id="y">826</int>
						<int id="h">29</int>
						<str id="name">lens_grass_1_1307725023671</str>
						<str id="sprite_class">lens_grass_1</str>
					</object>
					<object id="lens_grass_2_1308107342221">
						<int id="w">1763</int>
						<int id="z">36</int>
						<int id="x">102</int>
						<int id="y">952</int>
						<int id="h">178</int>
						<str id="name">lens_grass_2_1307725023672</str>
						<str id="sprite_class">lens_grass_2</str>
					</object>
					<object id="tree_acacia_2_1307731442855">
						<int id="w">434</int>
						<int id="z">30</int>
						<int id="x">1564</int>
						<int id="y">783</int>
						<int id="h">243</int>
						<str id="name">tree_acacia_2_1307731442855</str>
						<str id="sprite_class">tree_acacia_2</str>
					</object>
					<object id="lens_grass_1_1307731442899">
						<int id="w">107</int>
						<int id="z">16</int>
						<int id="x">1228</int>
						<int id="y">795</int>
						<int id="h">21</int>
						<str id="name">lens_grass_1_1307725023671</str>
						<str id="sprite_class">lens_grass_1</str>
					</object>
					<object id="lens_grass_1_1307731442922">
						<int id="w">98</int>
						<int id="z">27</int>
						<int id="x">4531</int>
						<int id="y">772</int>
						<int id="h">19</int>
						<str id="name">lens_grass_1_1307725023671</str>
						<str id="sprite_class">lens_grass_1</str>
					</object>
					<object id="lens_grass_1_1307731442914">
						<int id="w">98</int>
						<int id="z">19</int>
						<int id="x">3104</int>
						<int id="y">778</int>
						<int id="h">19</int>
						<str id="name">lens_grass_1_1307725023671</str>
						<str id="sprite_class">lens_grass_1</str>
					</object>
					<object id="lens_grass_1_1308107342214">
						<int id="w">147</int>
						<int id="z">43</int>
						<int id="x">82</int>
						<int id="y">804</int>
						<int id="h">29</int>
						<str id="name">lens_grass_1_1307725023671</str>
						<str id="sprite_class">lens_grass_1</str>
					</object>
					<object id="lens_grass_1_1307731442915">
						<int id="w">98</int>
						<int id="z">20</int>
						<int id="x">3167</int>
						<int id="y">781</int>
						<int id="h">19</int>
						<str id="name">lens_grass_1_1307725023671</str>
						<str id="sprite_class">lens_grass_1</str>
					</object>
					<object id="pampas_2_1307731443044">
						<int id="w">16</int>
						<int id="z">29</int>
						<int id="x">1582</int>
						<int id="y">780</int>
						<int id="h">29</int>
						<str id="name">pampas_2_1307731442968</str>
						<str id="sprite_class">pampas_2</str>
					</object>
					<object id="pampas_2_1307731442986">
						<int id="w">25</int>
						<int id="z">28</int>
						<int id="x">4454</int>
						<int id="y">744</int>
						<int id="h">38</int>
						<str id="name">pampas_2_1307731442968</str>
						<str id="sprite_class">pampas_2</str>
					</object>
					<object id="lens_grass_2_1308107342215">
						<int id="w">1763</int>
						<int id="z">42</int>
						<int id="r">-1</int>
						<int id="x">5639</int>
						<int id="y">953</int>
						<int id="h">178</int>
						<str id="name">lens_grass_2_1307725023672</str>
						<str id="sprite_class">lens_grass_2</str>
					</object>
					<object id="lens_grass_1_1307731442902">
						<int id="w">107</int>
						<int id="z">17</int>
						<int id="x">1359</int>
						<int id="y">792</int>
						<int id="h">21</int>
						<str id="name">lens_grass_1_1307725023671</str>
						<str id="sprite_class">lens_grass_1</str>
					</object>
					<object id="lens_grass_1_1308107342198">
						<int id="w">147</int>
						<int id="z">59</int>
						<int id="x">2195</int>
						<int id="y">819</int>
						<int id="h">29</int>
						<str id="name">lens_grass_1_1307725023671</str>
						<str id="sprite_class">lens_grass_1</str>
					</object>
					<object id="lens_grass_2_1308107342218">
						<int id="w">1763</int>
						<int id="z">39</int>
						<int id="r">-1</int>
						<int id="x">2323</int>
						<int id="y">955</int>
						<int id="h">178</int>
						<str id="name">lens_grass_2_1307725023672</str>
						<str id="sprite_class">lens_grass_2</str>
					</object>
					<object id="lens_grass_1_1307731442916">
						<int id="w">98</int>
						<int id="z">21</int>
						<int id="x">3199</int>
						<int id="y">789</int>
						<int id="h">19</int>
						<str id="name">lens_grass_1_1307725023671</str>
						<str id="sprite_class">lens_grass_1</str>
					</object>
					<object id="lens_grass_1_1308107342201">
						<int id="w">147</int>
						<int id="z">56</int>
						<int id="x">3611</int>
						<int id="y">835</int>
						<int id="h">29</int>
						<str id="name">lens_grass_1_1307725023671</str>
						<str id="sprite_class">lens_grass_1</str>
					</object>
					<object id="lens_grass_2_1307725023700">
						<int id="w">1400</int>
						<int id="z">1</int>
						<int id="r">2</int>
						<int id="x">4658</int>
						<int id="y">838</int>
						<int id="h">102</int>
						<str id="name">lens_grass_2_1307725023672</str>
						<str id="sprite_class">lens_grass_2</str>
					</object>
					<object id="lens_grass_1_1308107342205">
						<int id="w">147</int>
						<int id="z">52</int>
						<int id="x">5114</int>
						<int id="y">816</int>
						<int id="h">29</int>
						<str id="name">lens_grass_1_1307725023671</str>
						<str id="sprite_class">lens_grass_1</str>
					</object>
				</object>
				<int id="w">5700</int>
				<int id="h">1000</int>
				<int id="z">-2</int>
				<object id="filtersNEW">
					<object id="saturation">
						<int id="value">13</int>
					</object>
					<object id="contrast">
						<int id="value">0</int>
					</object>
					<object id="brightness">
						<int id="value">13</int>
					</object>
				</object>
				<str id="name">bg_2</str>
			</object>
			<object id="T_1307725023668">
				<object id="decos">
					<object id="lens_grass_2_1307725023709">
						<int id="w">888</int>
						<int id="z">7</int>
						<int id="r">2</int>
						<int id="x">3070</int>
						<int id="y">798</int>
						<int id="h">65</int>
						<str id="name">lens_grass_2_1307725023672</str>
						<str id="sprite_class">lens_grass_2</str>
					</object>
					<object id="lens_grass_2_1307725023715">
						<int id="w">888</int>
						<int id="z">16</int>
						<int id="r">1</int>
						<int id="x">5535</int>
						<int id="y">783</int>
						<int id="h">65</int>
						<str id="name">lens_grass_2_1307725023672</str>
						<str id="sprite_class">lens_grass_2</str>
					</object>
					<object id="lens_grass_2_1307725023703">
						<int id="w">888</int>
						<int id="z">11</int>
						<int id="r">1</int>
						<int id="x">735</int>
						<int id="y">803</int>
						<int id="h">65</int>
						<str id="name">lens_grass_2_1307725023672</str>
						<str id="sprite_class">lens_grass_2</str>
					</object>
					<object id="lens_grass_2_1307725023711">
						<int id="w">888</int>
						<int id="z">4</int>
						<int id="x">3948</int>
						<int id="y">773</int>
						<int id="h">65</int>
						<str id="name">lens_grass_2_1307725023672</str>
						<str id="sprite_class">lens_grass_2</str>
					</object>
					<object id="lens_grass_2_1307725023707">
						<int id="w">888</int>
						<int id="z">8</int>
						<int id="r">-1</int>
						<int id="x">2221</int>
						<int id="y">788</int>
						<int id="h">65</int>
						<str id="name">lens_grass_2_1307725023672</str>
						<str id="sprite_class">lens_grass_2</str>
					</object>
					<object id="pampas_2_1308041830218">
						<int id="w">9</int>
						<int id="z">40</int>
						<int id="x">5471</int>
						<int id="y">725</int>
						<int id="h">14</int>
						<str id="name">pampas_2_1307731442968</str>
						<str id="sprite_class">pampas_2</str>
					</object>
					<object id="lens_grass_2_1307725023704">
						<int id="w">888</int>
						<int id="z">12</int>
						<int id="r">1</int>
						<int id="x">1047</int>
						<int id="y">808</int>
						<int id="h">65</int>
						<str id="name">lens_grass_2_1307725023672</str>
						<str id="sprite_class">lens_grass_2</str>
					</object>
					<object id="lens_grass_2_1307725023713">
						<int id="w">888</int>
						<int id="z">14</int>
						<int id="r">1</int>
						<int id="x">4799</int>
						<int id="y">783</int>
						<int id="h">65</int>
						<str id="name">lens_grass_2_1307725023672</str>
						<str id="sprite_class">lens_grass_2</str>
					</object>
					<object id="lens_grass_2_1307725023702">
						<int id="w">888</int>
						<int id="z">10</int>
						<int id="r">1</int>
						<int id="x">238</int>
						<int id="y">783</int>
						<int id="h">65</int>
						<str id="name">lens_grass_2_1307725023672</str>
						<str id="sprite_class">lens_grass_2</str>
					</object>
					<object id="lens_grass_1_1307731442924">
						<int id="w">63</int>
						<int id="z">30</int>
						<int id="x">3918</int>
						<int id="y">721</int>
						<int id="h">12</int>
						<str id="name">lens_grass_1_1307725023671</str>
						<str id="sprite_class">lens_grass_1</str>
					</object>
					<object id="tree_acacia_4_1307731442868">
						<int id="w">149</int>
						<int id="z">17</int>
						<int id="x">3012</int>
						<int id="y">748</int>
						<int id="h">114</int>
						<str id="name">tree_acacia_4_1307731442868</str>
						<str id="sprite_class">tree_acacia_4</str>
					</object>
					<object id="lens_grass_1_1307731442908">
						<int id="w">68</int>
						<int id="z">25</int>
						<int id="x">2501</int>
						<int id="y">742</int>
						<int id="h">13</int>
						<str id="name">lens_grass_1_1307725023671</str>
						<str id="sprite_class">lens_grass_1</str>
					</object>
					<object id="lens_grass_2_1307725023705">
						<int id="w">888</int>
						<int id="z">13</int>
						<int id="r">-1</int>
						<int id="x">1497</int>
						<int id="y">804</int>
						<int id="h">65</int>
						<str id="name">lens_grass_2_1307725023672</str>
						<str id="sprite_class">lens_grass_2</str>
					</object>
					<object id="tree_acacia_3_1308041830197">
						<int id="w">230</int>
						<int id="z">19</int>
						<int id="x">780</int>
						<int id="y">750</int>
						<int id="h">105</int>
						<str id="name">tree_acacia_3_1307731442854</str>
						<str id="sprite_class">tree_acacia_3</str>
					</object>
					<object id="lens_grass_1_1307731442926">
						<int id="w">63</int>
						<int id="z">31</int>
						<int id="x">3923</int>
						<int id="y">726</int>
						<int id="h">12</int>
						<str id="name">lens_grass_1_1307725023671</str>
						<str id="sprite_class">lens_grass_1</str>
					</object>
					<object id="lens_grass_2_1307725023710">
						<int id="w">888</int>
						<int id="z">5</int>
						<int id="r">-2</int>
						<int id="x">3526</int>
						<int id="y">793</int>
						<int id="h">65</int>
						<str id="name">lens_grass_2_1307725023672</str>
						<str id="sprite_class">lens_grass_2</str>
					</object>
					<object id="lens_grass_1_1307731442932">
						<int id="w">63</int>
						<int id="z">37</int>
						<int id="x">5466</int>
						<int id="y">738</int>
						<int id="h">12</int>
						<str id="name">lens_grass_1_1307725023671</str>
						<str id="sprite_class">lens_grass_1</str>
					</object>
					<object id="lens_grass_1_1307731442929">
						<int id="w">63</int>
						<int id="z">34</int>
						<int id="x">5408</int>
						<int id="y">724</int>
						<int id="h">12</int>
						<str id="name">lens_grass_1_1307725023671</str>
						<str id="sprite_class">lens_grass_1</str>
					</object>
					<object id="lens_grass_1_1307731442904">
						<int id="w">68</int>
						<int id="z">21</int>
						<int id="x">740</int>
						<int id="y">749</int>
						<int id="h">13</int>
						<str id="name">lens_grass_1_1307725023671</str>
						<str id="sprite_class">lens_grass_1</str>
					</object>
					<object id="lens_grass_1_1307731442925">
						<int id="w">63</int>
						<int id="z">29</int>
						<int id="x">3954</int>
						<int id="y">717</int>
						<int id="h">12</int>
						<str id="name">lens_grass_1_1307725023671</str>
						<str id="sprite_class">lens_grass_1</str>
					</object>
					<object id="lens_grass_2_1307725023714">
						<int id="w">888</int>
						<int id="z">15</int>
						<int id="r">-3</int>
						<int id="x">5155</int>
						<int id="y">783</int>
						<int id="h">65</int>
						<str id="name">lens_grass_2_1307725023672</str>
						<str id="sprite_class">lens_grass_2</str>
					</object>
					<object id="lens_grass_1_1307731442931">
						<int id="w">63</int>
						<int id="z">36</int>
						<int id="x">5437</int>
						<int id="y">736</int>
						<int id="h">12</int>
						<str id="name">lens_grass_1_1307725023671</str>
						<str id="sprite_class">lens_grass_1</str>
					</object>
					<object id="tree_acacia_3_1307731442869">
						<int id="w">242</int>
						<int id="z">18</int>
						<int id="x">3250</int>
						<int id="y">761</int>
						<int id="h">111</int>
						<str id="name">tree_acacia_3_1307731442854</str>
						<str id="sprite_class">tree_acacia_3</str>
					</object>
					<object id="lens_grass_2_1307725023708">
						<int id="w">888</int>
						<int id="z">6</int>
						<int id="r">1</int>
						<int id="x">2650</int>
						<int id="y">788</int>
						<int id="h">65</int>
						<str id="name">lens_grass_2_1307725023672</str>
						<str id="sprite_class">lens_grass_2</str>
					</object>
					<object id="lens_grass_1_1307731442930">
						<int id="w">63</int>
						<int id="z">35</int>
						<int id="x">5436</int>
						<int id="y">729</int>
						<int id="h">12</int>
						<str id="name">lens_grass_1_1307725023671</str>
						<str id="sprite_class">lens_grass_1</str>
					</object>
					<object id="lens_grass_1_1307731442906">
						<int id="w">68</int>
						<int id="z">23</int>
						<int id="x">761</int>
						<int id="y">761</int>
						<int id="h">13</int>
						<str id="name">lens_grass_1_1307725023671</str>
						<str id="sprite_class">lens_grass_1</str>
					</object>
					<object id="lens_grass_2_1307725023712">
						<int id="w">888</int>
						<int id="z">3</int>
						<int id="r">1</int>
						<int id="x">4362</int>
						<int id="y">773</int>
						<int id="h">65</int>
						<str id="name">lens_grass_2_1307725023672</str>
						<str id="sprite_class">lens_grass_2</str>
					</object>
					<object id="lens_grass_1_1307731442927">
						<int id="w">63</int>
						<int id="z">32</int>
						<int id="x">5148</int>
						<int id="y">746</int>
						<int id="h">12</int>
						<str id="name">lens_grass_1_1307725023671</str>
						<str id="sprite_class">lens_grass_1</str>
					</object>
					<object id="lens_grass_1_1307731442923">
						<int id="w">63</int>
						<int id="z">28</int>
						<int id="x">3894</int>
						<int id="y">718</int>
						<int id="h">12</int>
						<str id="name">lens_grass_1_1307725023671</str>
						<str id="sprite_class">lens_grass_1</str>
					</object>
					<object id="lens_grass_1_1307731442928">
						<int id="w">63</int>
						<int id="z">33</int>
						<int id="x">5180</int>
						<int id="y">750</int>
						<int id="h">12</int>
						<str id="name">lens_grass_1_1307725023671</str>
						<str id="sprite_class">lens_grass_1</str>
					</object>
					<object id="lens_grass_1_1307731442907">
						<int id="w">68</int>
						<int id="z">24</int>
						<int id="x">2482</int>
						<int id="y">736</int>
						<int id="h">13</int>
						<str id="name">lens_grass_1_1307725023671</str>
						<str id="sprite_class">lens_grass_1</str>
					</object>
					<object id="lens_grass_1_1307731442910">
						<int id="w">68</int>
						<int id="z">27</int>
						<int id="x">2516</int>
						<int id="y">754</int>
						<int id="h">13</int>
						<str id="name">lens_grass_1_1307725023671</str>
						<str id="sprite_class">lens_grass_1</str>
					</object>
					<object id="lens_grass_1_1307731442909">
						<int id="w">68</int>
						<int id="z">26</int>
						<int id="x">2535</int>
						<int id="y">747</int>
						<int id="h">13</int>
						<str id="name">lens_grass_1_1307725023671</str>
						<str id="sprite_class">lens_grass_1</str>
					</object>
					<object id="lens_grass_2_1307725023706">
						<int id="w">888</int>
						<int id="z">9</int>
						<int id="r">-1</int>
						<int id="x">1853</int>
						<int id="y">798</int>
						<int id="h">65</int>
						<str id="name">lens_grass_2_1307725023672</str>
						<str id="sprite_class">lens_grass_2</str>
					</object>
					<object id="lens_grass_1_1307731442905">
						<int id="w">68</int>
						<int id="z">22</int>
						<int id="x">746</int>
						<int id="y">756</int>
						<int id="h">13</int>
						<str id="name">lens_grass_1_1307725023671</str>
						<str id="sprite_class">lens_grass_1</str>
					</object>
					<object id="alakol_water_rock_1_1307731443038">
						<int id="w">35</int>
						<int id="z">38</int>
						<int id="x">833</int>
						<int id="y">736</int>
						<int id="h">10</int>
						<str id="name">alakol_water_rock_1_1307731442935</str>
						<str id="sprite_class">alakol_water_rock_1</str>
					</object>
					<object id="lens_grass_1_1307731442903">
						<int id="w">68</int>
						<int id="z">20</int>
						<int id="x">715</int>
						<int id="y">748</int>
						<int id="h">13</int>
						<str id="name">lens_grass_1_1307725023671</str>
						<str id="sprite_class">lens_grass_1</str>
					</object>
				</object>
				<int id="w">5520</int>
				<int id="h">1000</int>
				<int id="z">-3</int>
				<object id="filtersNEW">
					<object id="saturation">
						<int id="value">10</int>
					</object>
					<object id="contrast">
						<int id="value">0</int>
					</object>
					<object id="blur">
						<int id="value">2</int>
					</object>
					<object id="brightness">
						<int id="value">20</int>
					</object>
				</object>
				<str id="name">bg_3</str>
			</object>
		</object>
		<null id="physics"/>
		<null id="img_file_versioned"/>
		<null id="loading_label"/>
		<int id="ground_y">0</int>
		<str id="tsid">LA5157TDPC42IGK</str>
		<int id="rookable_type">0</int>
		<str id="swf_file_versioned">http://c2.glitch.bz/locations/groddle1/1316726082.swf</str>
		<object id="gradient">
			<str id="top">678EB8</str>
			<str id="bottom">FFCF54</str>
		</object>
		<object id="sources">
			<int id="LA5146P2JC42B1Q">1</int>
			<int id="LA51488SJC424V7">1</int>
			<int id="LA5101HF7F429V5">1</int>
			<int id="LA514BBVLC423BJ">1</int>
			<int id="LA5N7KV0CM42DKT">1</int>
			<int id="LA5CTEP5UH42CQC">1</int>
		</object>
		<str id="music_file"></str>
		<bool id="wall_jump">false</bool>
		<bool id="no_zoom">false</bool>
	</object>
</game_object>
