<game_object tsid="GA513QET0J523AD" ts="1346349600561" label="Swain Way 2" class_tsid="" lastUpdateTime="1346349590" upd_gs="gs11" load_time="2012-08-30 10:40:14.000" upd_time="2012-08-30 10:59:47.252">
	<object id="dynamic">
		<int id="l">-3000</int>
		<int id="r">3000</int>
		<int id="t">-1000</int>
		<int id="b">0</int>
		<str id="label">Swain Way 2</str>
		<str id="swf_file">groddle1.swf</str>
		<object id="layers">
			<object id="T_1307741552438">
				<object id="decos">
					<object id="lens_grass_1_1307987031053">
						<int id="w">365</int>
						<int id="z">10</int>
						<int id="h">100</int>
						<int id="y">1018</int>
						<str id="sprite_class">lens_grass_1</str>
						<str id="name">lens_grass_1_1307987031014</str>
						<int id="x">540</int>
					</object>
					<object id="lens_grass_1_1307987031057">
						<int id="w">365</int>
						<int id="z">12</int>
						<int id="h">76</int>
						<int id="y">988</int>
						<str id="sprite_class">lens_grass_1</str>
						<str id="name">lens_grass_1_1307987031014</str>
						<int id="x">2491</int>
					</object>
					<object id="lens_grass_1_1307987031054">
						<int id="w">631</int>
						<int id="z">11</int>
						<int id="h">130</int>
						<int id="y">1063</int>
						<str id="sprite_class">lens_grass_1</str>
						<str id="name">lens_grass_1_1307987031014</str>
						<int id="x">259</int>
					</object>
					<object id="pampas_2_1309195990722">
						<int id="w">58</int>
						<int id="z">23</int>
						<int id="r">-15</int>
						<int id="h">74</int>
						<int id="y">926</int>
						<str id="sprite_class">pampas_2</str>
						<str id="name">pampas_2_1307749098499</str>
						<int id="x">5941</int>
					</object>
					<object id="lens_grass_1_1307987031058">
						<int id="w">365</int>
						<int id="z">16</int>
						<int id="h">90</int>
						<int id="y">1021</int>
						<str id="sprite_class">lens_grass_1</str>
						<str id="name">lens_grass_1_1307987031014</str>
						<int id="x">2287</int>
					</object>
					<object id="stalagmite_base_3_1308256230860">
						<int id="w">143</int>
						<int id="z">19</int>
						<int id="h">31</int>
						<int id="y">983</int>
						<str id="sprite_class">stalagmite_base_3</str>
						<str id="name">stalagmite_base_3_1307741552481</str>
						<int id="x">3190</int>
					</object>
					<object id="stalagmite_base_3_1308256230859">
						<int id="w">258</int>
						<int id="z">20</int>
						<int id="h">53</int>
						<int id="y">983</int>
						<str id="sprite_class">stalagmite_base_3</str>
						<str id="name">stalagmite_base_3_1307741552481</str>
						<int id="x">2835</int>
					</object>
					<object id="lens_grass_1_1307987031022">
						<int id="w">593</int>
						<int id="z">2</int>
						<int id="h">79</int>
						<int id="y">1004</int>
						<str id="sprite_class">lens_grass_1</str>
						<str id="name">lens_grass_1_1307987031014</str>
						<int id="x">4577</int>
					</object>
					<object id="lens_grass_1_1309195990742">
						<int id="w">306</int>
						<int id="z">15</int>
						<int id="h">66</int>
						<int id="y">1022</int>
						<str id="sprite_class">lens_grass_1</str>
						<str id="name">lens_grass_1_1307987031014</str>
						<int id="x">1249</int>
					</object>
					<object id="lens_grass_1_1308256230835">
						<int id="w">359</int>
						<int id="z">6</int>
						<int id="h">81</int>
						<int id="y">1021</int>
						<str id="sprite_class">lens_grass_1</str>
						<str id="name">lens_grass_1_1307987031014</str>
						<int id="x">5905</int>
					</object>
					<object id="lens_grass_1_1308256230833">
						<int id="w">593</int>
						<int id="z">7</int>
						<int id="h">79</int>
						<int id="y">1032</int>
						<str id="sprite_class">lens_grass_1</str>
						<str id="name">lens_grass_1_1307987031014</str>
						<int id="x">5368</int>
					</object>
					<object id="lens_grass_1_1307987031021">
						<int id="w">338</int>
						<int id="z">0</int>
						<int id="r">1</int>
						<int id="h">71</int>
						<int id="y">1026</int>
						<str id="sprite_class">lens_grass_1</str>
						<str id="name">lens_grass_1_1307987031014</str>
						<int id="x">4895</int>
					</object>
					<object id="lens_grass_1_1308256230834">
						<int id="w">445</int>
						<int id="z">5</int>
						<int id="h">67</int>
						<int id="y">998</int>
						<str id="sprite_class">lens_grass_1</str>
						<str id="name">lens_grass_1_1307987031014</str>
						<int id="x">5649</int>
					</object>
					<object id="lens_grass_1_1307987031019">
						<int id="w">285</int>
						<int id="z">1</int>
						<int id="h">50</int>
						<int id="y">967</int>
						<str id="sprite_class">lens_grass_1</str>
						<str id="name">lens_grass_1_1307987031014</str>
						<int id="x">4824</int>
					</object>
					<object id="tree_acacia_1_1308242885195">
						<int id="w">1042</int>
						<int id="z">24</int>
						<int id="h">724</int>
						<int id="y">961</int>
						<str id="sprite_class">tree_acacia_1</str>
						<str id="name">tree_acacia_1_1307749098552</str>
						<int id="x">582</int>
					</object>
					<object id="stalagmite_base_1_1308256230861">
						<int id="w">124</int>
						<int id="z">18</int>
						<int id="h">33</int>
						<int id="y">925</int>
						<str id="sprite_class">stalagmite_base_1</str>
						<str id="name">stalagmite_base_1_1307741552479</str>
						<int id="x">3023</int>
					</object>
					<object id="lens_grass_1_1307987031020">
						<int id="w">285</int>
						<int id="z">8</int>
						<int id="h">60</int>
						<int id="y">1036</int>
						<str id="sprite_class">lens_grass_1</str>
						<str id="name">lens_grass_1_1307987031014</str>
						<int id="x">5054</int>
					</object>
					<object id="lens_grass_1_1309195990741">
						<int id="w">306</int>
						<int id="z">14</int>
						<int id="h">66</int>
						<int id="y">1002</int>
						<str id="sprite_class">lens_grass_1</str>
						<str id="name">lens_grass_1_1307987031014</str>
						<int id="x">1401</int>
					</object>
					<object id="lens_grass_1_1308242885149">
						<int id="w">365</int>
						<int id="z">9</int>
						<int id="h">67</int>
						<int id="y">978</int>
						<str id="sprite_class">lens_grass_1</str>
						<str id="name">lens_grass_1_1307987031014</str>
						<int id="x">705</int>
					</object>
					<object id="lens_grass_1_1308256230848">
						<int id="w">397</int>
						<int id="z">3</int>
						<int id="h">80</int>
						<int id="y">1002</int>
						<str id="sprite_class">lens_grass_1</str>
						<str id="name">lens_grass_1_1307987031014</str>
						<int id="x">3852</int>
					</object>
					<object id="stalagmite_base_1_1308256230862">
						<int id="w">93</int>
						<int id="z">21</int>
						<int id="h">21</int>
						<int id="y">949</int>
						<str id="sprite_class">stalagmite_base_1</str>
						<str id="name">stalagmite_base_1_1307741552479</str>
						<int id="x">2816</int>
					</object>
					<object id="stalagmite_base_1_1308256230858">
						<int id="w">294</int>
						<int id="z">17</int>
						<int id="h">78</int>
						<int id="y">969</int>
						<str id="sprite_class">stalagmite_base_1</str>
						<str id="name">stalagmite_base_1_1307741552479</str>
						<int id="x">2990</int>
					</object>
					<object id="lens_grass_1_1307987031059">
						<int id="w">365</int>
						<int id="z">13</int>
						<int id="h">65</int>
						<int id="y">988</int>
						<str id="sprite_class">lens_grass_1</str>
						<str id="name">lens_grass_1_1307987031014</str>
						<int id="x">2050</int>
					</object>
					<object id="pampas_2_1309195990721">
						<int id="w">62</int>
						<int id="z">22</int>
						<int id="h">97</int>
						<int id="y">928</int>
						<str id="sprite_class">pampas_2</str>
						<str id="name">pampas_2_1307749098499</str>
						<int id="x">5956</int>
					</object>
					<object id="lens_grass_1_1308256230847">
						<int id="w">397</int>
						<int id="z">4</int>
						<int id="h">80</int>
						<int id="y">1026</int>
						<str id="sprite_class">lens_grass_1</str>
						<str id="name">lens_grass_1_1307987031014</str>
						<int id="x">3721</int>
					</object>
				</object>
				<str id="name">middleplus</str>
				<int id="w">6000</int>
				<int id="h">1000</int>
				<int id="z">1</int>
				<object id="filtersNEW">
					<object id="contrast">
						<int id="value">0</int>
					</object>
					<object id="brightness">
						<int id="value">9</int>
					</object>
					<object id="saturation">
						<int id="value">18</int>
					</object>
					<object id="tintColor">
						<int id="value">0</int>
					</object>
				</object>
			</object>
			<object id="T_1307741552440">
				<object id="decos">
					<object id="alakol_water_rock_2_1308242885176">
						<int id="w">65</int>
						<int id="z">45</int>
						<int id="h">22</int>
						<int id="y">806</int>
						<str id="sprite_class">alakol_water_rock_2</str>
						<str id="name">alakol_water_rock_2_1307749098574</str>
						<int id="x">1373</int>
					</object>
					<object id="lens_grass_1_1307987031050">
						<int id="w">99</int>
						<int id="z">17</int>
						<int id="h">27</int>
						<int id="y">807</int>
						<str id="sprite_class">lens_grass_1</str>
						<str id="name">lens_grass_1_1307987031014</str>
						<int id="x">302</int>
					</object>
					<object id="lens_grass_1_1307741552471">
						<int id="w">1172</int>
						<int id="z">2</int>
						<int id="h">71</int>
						<int id="y">856</int>
						<str id="sprite_class">lens_grass_1</str>
						<str id="name">lens_grass_1_1307741552445</str>
						<int id="x">4124</int>
					</object>
					<object id="lens_grass_1_1307987031045">
						<int id="w">97</int>
						<int id="z">10</int>
						<int id="h">24</int>
						<int id="y">808</int>
						<str id="sprite_class">lens_grass_1</str>
						<str id="name">lens_grass_1_1307987031014</str>
						<int id="x">760</int>
					</object>
					<object id="lens_grass_1_1307992844138">
						<int id="w">103</int>
						<int id="z">34</int>
						<int id="h">16</int>
						<int id="y">813</int>
						<str id="sprite_class">lens_grass_1</str>
						<str id="name">lens_grass_1_1307987031014</str>
						<int id="x">3498</int>
					</object>
					<object id="alakol_water_rock_2_1307992844133">
						<int id="w">61</int>
						<int id="z">30</int>
						<int id="h">27</int>
						<int id="y">801</int>
						<str id="sprite_class">alakol_water_rock_2</str>
						<str id="name">alakol_water_rock_2_1307749098574</str>
						<int id="x">3771</int>
					</object>
					<object id="alakol_water_rock_1_1308242885178">
						<int id="w">38</int>
						<int id="z">41</int>
						<int id="h">26</int>
						<int id="y">782</int>
						<str id="sprite_class">alakol_water_rock_1</str>
						<str id="name">alakol_water_rock_1_1307749098577</str>
						<int id="x">1357</int>
					</object>
					<object id="alakol_water_rock_1_1309195990737">
						<int id="w">44</int>
						<int id="z">32</int>
						<int id="h">23</int>
						<int id="y">801</int>
						<str id="sprite_class">alakol_water_rock_1</str>
						<str id="name">alakol_water_rock_1_1307749098577</str>
						<int id="x">3910</int>
					</object>
					<object id="alakol_water_rock_1_1307992844132">
						<int id="w">44</int>
						<int id="z">31</int>
						<int id="h">23</int>
						<int id="y">801</int>
						<str id="sprite_class">alakol_water_rock_1</str>
						<str id="name">alakol_water_rock_1_1307749098577</str>
						<int id="x">3802</int>
					</object>
					<object id="heights_bush_2_1307992844144">
						<int id="w">27</int>
						<int id="z">39</int>
						<int id="h">13</int>
						<int id="y">800</int>
						<str id="sprite_class">heights_bush_2</str>
						<str id="name">heights_bush_2_1307741552493</str>
						<int id="x">3773</int>
						<bool id="h_flip">true</bool>
					</object>
					<object id="alakol_water_rock_1_1308242885177">
						<int id="w">84</int>
						<int id="z">40</int>
						<int id="h">24</int>
						<int id="y">781</int>
						<str id="sprite_class">alakol_water_rock_1</str>
						<str id="name">alakol_water_rock_1_1307749098577</str>
						<int id="x">1414</int>
					</object>
					<object id="lens_grass_1_1307987031064">
						<int id="w">125</int>
						<int id="z">23</int>
						<int id="h">20</int>
						<int id="y">820</int>
						<str id="sprite_class">lens_grass_1</str>
						<str id="name">lens_grass_1_1307987031014</str>
						<int id="x">4871</int>
					</object>
					<object id="tree_acacia_2_1307992844131">
						<int id="w">268</int>
						<int id="z">28</int>
						<int id="h">150</int>
						<int id="y">806</int>
						<str id="sprite_class">tree_acacia_2</str>
						<str id="name">tree_acacia_2_1307749098540</str>
						<int id="x">4659</int>
					</object>
					<object id="alakol_water_rock_1_1307992844134">
						<int id="w">28</int>
						<int id="z">33</int>
						<int id="h">23</int>
						<int id="y">809</int>
						<str id="sprite_class">alakol_water_rock_1</str>
						<str id="name">alakol_water_rock_1_1307749098577</str>
						<int id="x">4645</int>
					</object>
					<object id="heights_bush_1_1309195990730">
						<int id="w">45</int>
						<int id="z">44</int>
						<int id="h">26</int>
						<int id="y">807</int>
						<str id="sprite_class">heights_bush_1</str>
						<str id="name">heights_bush_1_1308242885163</str>
						<int id="x">1419</int>
					</object>
					<object id="alakol_water_rock_2_1308041830262">
						<int id="w">62</int>
						<int id="z">29</int>
						<int id="h">26</int>
						<int id="y">793</int>
						<str id="sprite_class">alakol_water_rock_2</str>
						<str id="name">alakol_water_rock_2_1307749098574</str>
						<int id="x">3784</int>
					</object>
					<object id="lens_grass_1_1307992844141">
						<int id="w">103</int>
						<int id="z">36</int>
						<int id="h">16</int>
						<int id="y">820</int>
						<str id="sprite_class">lens_grass_1</str>
						<str id="name">lens_grass_1_1307987031014</str>
						<int id="x">3608</int>
					</object>
					<object id="lens_grass_2_1307741552466">
						<int id="w">1202</int>
						<int id="z">6</int>
						<int id="h">72</int>
						<int id="y">838</int>
						<str id="sprite_class">lens_grass_2</str>
						<str id="name">lens_grass_2_1307741552444</str>
						<int id="x">232</int>
					</object>
					<object id="lens_grass_1_1307987031067">
						<int id="w">125</int>
						<int id="z">27</int>
						<int id="h">20</int>
						<int id="y">835</int>
						<str id="sprite_class">lens_grass_1</str>
						<str id="name">lens_grass_1_1307987031014</str>
						<int id="x">4763</int>
					</object>
					<object id="tree_acacia_3_1308242885182">
						<int id="w">333</int>
						<int id="z">20</int>
						<int id="h">152</int>
						<int id="y">801</int>
						<str id="sprite_class">tree_acacia_3</str>
						<str id="name">tree_acacia_3_1307749098496</str>
						<int id="x">2154</int>
					</object>
					<object id="lens_grass_1_1307741552469">
						<int id="w">1229</int>
						<int id="z">12</int>
						<int id="h">66</int>
						<int id="y">865</int>
						<str id="sprite_class">lens_grass_1</str>
						<str id="name">lens_grass_1_1307741552445</str>
						<int id="x">3174</int>
					</object>
					<object id="lens_grass_1_1307741552467">
						<int id="w">1426</int>
						<int id="z">5</int>
						<int id="r">1</int>
						<int id="h">77</int>
						<int id="y">860</int>
						<str id="sprite_class">lens_grass_1</str>
						<str id="name">lens_grass_1_1307741552445</str>
						<int id="x">2073</int>
					</object>
					<object id="tree_acacia_4_1307749098568">
						<int id="w">228</int>
						<int id="z">14</int>
						<int id="h">174</int>
						<int id="y">800</int>
						<str id="sprite_class">tree_acacia_4</str>
						<str id="name">tree_acacia_4_1307749098538</str>
						<int id="x">3874</int>
					</object>
					<object id="lens_grass_1_1307987031066">
						<int id="w">125</int>
						<int id="z">26</int>
						<int id="h">20</int>
						<int id="y">833</int>
						<str id="sprite_class">lens_grass_1</str>
						<str id="name">lens_grass_1_1307987031014</str>
						<int id="x">4978</int>
					</object>
					<object id="lens_grass_1_1307987031051">
						<int id="w">99</int>
						<int id="z">18</int>
						<int id="h">22</int>
						<int id="y">790</int>
						<str id="sprite_class">lens_grass_1</str>
						<str id="name">lens_grass_1_1307987031014</str>
						<int id="x">186</int>
					</object>
					<object id="lens_grass_2_1307749098467">
						<int id="w">1280</int>
						<int id="z">13</int>
						<int id="r">1</int>
						<int id="h">73</int>
						<int id="y">869</int>
						<str id="sprite_class">lens_grass_2</str>
						<str id="name">lens_grass_2_1307741552444</str>
						<int id="x">4675</int>
					</object>
					<object id="lens_grass_2_1307741552468">
						<int id="w">1392</int>
						<int id="z">4</int>
						<int id="h">75</int>
						<int id="y">855</int>
						<str id="sprite_class">lens_grass_2</str>
						<str id="name">lens_grass_2_1307741552444</str>
						<int id="x">1421</int>
					</object>
					<object id="lens_grass_2_1307741552472">
						<int id="w">1242</int>
						<int id="z">1</int>
						<int id="r">-2</int>
						<int id="h">59</int>
						<int id="y">851</int>
						<str id="sprite_class">lens_grass_2</str>
						<str id="name">lens_grass_2_1307741552444</str>
						<int id="x">3671</int>
					</object>
					<object id="lens_grass_1_1307741552465">
						<int id="w">1317</int>
						<int id="z">7</int>
						<int id="r">1</int>
						<int id="h">86</int>
						<int id="y">861</int>
						<str id="sprite_class">lens_grass_1</str>
						<str id="name">lens_grass_1_1307741552445</str>
						<int id="x">871</int>
					</object>
					<object id="lens_grass_1_1307987031065">
						<int id="w">125</int>
						<int id="z">25</int>
						<int id="h">20</int>
						<int id="y">828</int>
						<str id="sprite_class">lens_grass_1</str>
						<str id="name">lens_grass_1_1307987031014</str>
						<int id="x">4932</int>
					</object>
					<object id="lens_grass_1_1307987031062">
						<int id="w">125</int>
						<int id="z">22</int>
						<int id="h">20</int>
						<int id="y">815</int>
						<str id="sprite_class">lens_grass_1</str>
						<str id="name">lens_grass_1_1307987031014</str>
						<int id="x">5009</int>
					</object>
					<object id="lens_grass_1_1307987031063">
						<int id="w">125</int>
						<int id="z">24</int>
						<int id="h">20</int>
						<int id="y">822</int>
						<str id="sprite_class">lens_grass_1</str>
						<str id="name">lens_grass_1_1307987031014</str>
						<int id="x">4952</int>
					</object>
					<object id="lens_grass_1_1307987031044">
						<int id="w">125</int>
						<int id="z">9</int>
						<int id="h">20</int>
						<int id="y">797</int>
						<str id="sprite_class">lens_grass_1</str>
						<str id="name">lens_grass_1_1307987031014</str>
						<int id="x">769</int>
					</object>
					<object id="lens_grass_1_1307987031046">
						<int id="w">97</int>
						<int id="z">11</int>
						<int id="h">24</int>
						<int id="y">815</int>
						<str id="sprite_class">lens_grass_1</str>
						<str id="name">lens_grass_1_1307987031014</str>
						<int id="x">799</int>
					</object>
					<object id="heights_bush_2_1308242885183">
						<int id="w">54</int>
						<int id="z">19</int>
						<int id="h">27</int>
						<int id="y">799</int>
						<str id="sprite_class">heights_bush_2</str>
						<str id="name">heights_bush_2_1308242885164</str>
						<int id="x">2144</int>
					</object>
					<object id="lens_grass_1_1307987031049">
						<int id="w">117</int>
						<int id="z">15</int>
						<int id="h">17</int>
						<int id="y">785</int>
						<str id="sprite_class">lens_grass_1</str>
						<str id="name">lens_grass_1_1307987031014</str>
						<int id="x">260</int>
					</object>
					<object id="alakol_cliff_2_1308242885173">
						<int id="w">139</int>
						<int id="z">43</int>
						<int id="h">32</int>
						<int id="y">803</int>
						<str id="sprite_class">alakol_cliff_2</str>
						<str id="name">alakol_cliff_2_1307749098573</str>
						<int id="x">1391</int>
					</object>
					<object id="lens_grass_2_1307741552470">
						<int id="w">1348</int>
						<int id="z">3</int>
						<int id="r">1</int>
						<int id="h">73</int>
						<int id="y">863</int>
						<str id="sprite_class">lens_grass_2</str>
						<str id="name">lens_grass_2_1307741552444</str>
						<int id="x">2667</int>
					</object>
					<object id="lens_grass_1_1307987031043">
						<int id="w">125</int>
						<int id="z">8</int>
						<int id="h">20</int>
						<int id="y">792</int>
						<str id="sprite_class">lens_grass_1</str>
						<str id="name">lens_grass_1_1307987031014</str>
						<int id="x">703</int>
					</object>
					<object id="alakol_water_rock_1_1308242885179">
						<int id="w">38</int>
						<int id="z">42</int>
						<int id="h">28</int>
						<int id="y">799</int>
						<str id="sprite_class">alakol_water_rock_1</str>
						<str id="name">alakol_water_rock_1_1307749098577</str>
						<int id="x">1489</int>
					</object>
					<object id="lens_grass_1_1307749098466">
						<int id="w">1282</int>
						<int id="z">0</int>
						<int id="r">1</int>
						<int id="h">80</int>
						<int id="y">875</int>
						<str id="sprite_class">lens_grass_1</str>
						<str id="name">lens_grass_1_1307741552445</str>
						<int id="x">5326</int>
					</object>
					<object id="heights_bush_2_1309195990731">
						<int id="w">54</int>
						<int id="z">21</int>
						<int id="h">27</int>
						<int id="y">797</int>
						<str id="sprite_class">heights_bush_2</str>
						<str id="name">heights_bush_2_1308242885164</str>
						<int id="x">1303</int>
					</object>
					<object id="lens_grass_1_1307992844139">
						<int id="w">103</int>
						<int id="z">35</int>
						<int id="h">16</int>
						<int id="y">816</int>
						<str id="sprite_class">lens_grass_1</str>
						<str id="name">lens_grass_1_1307987031014</str>
						<int id="x">3551</int>
					</object>
					<object id="lens_grass_1_1307992844143">
						<int id="w">103</int>
						<int id="z">37</int>
						<int id="h">16</int>
						<int id="y">821</int>
						<str id="sprite_class">lens_grass_1</str>
						<str id="name">lens_grass_1_1307987031014</str>
						<int id="x">3633</int>
					</object>
					<object id="lens_grass_1_1307987031048">
						<int id="w">97</int>
						<int id="z">16</int>
						<int id="h">24</int>
						<int id="y">793</int>
						<str id="sprite_class">lens_grass_1</str>
						<str id="name">lens_grass_1_1307987031014</str>
						<int id="x">305</int>
					</object>
					<object id="lens_grass_1_1307992844142">
						<int id="w">103</int>
						<int id="z">38</int>
						<int id="h">16</int>
						<int id="y">827</int>
						<str id="sprite_class">lens_grass_1</str>
						<str id="name">lens_grass_1_1307987031014</str>
						<int id="x">3582</int>
					</object>
				</object>
				<str id="name">bg_2</str>
				<int id="w">5640</int>
				<int id="h">1000</int>
				<int id="z">-2</int>
				<object id="filtersNEW">
					<object id="contrast">
						<int id="value">0</int>
					</object>
					<object id="blur">
						<int id="value">2</int>
					</object>
					<object id="brightness">
						<int id="value">20</int>
					</object>
					<object id="saturation">
						<int id="value">10</int>
					</object>
					<object id="tintColor">
						<int id="value">0</int>
					</object>
				</object>
			</object>
			<object id="T_1307741552439">
				<object id="decos">
					<object id="alakol_water_rock_2_1309195990735">
						<int id="w">166</int>
						<int id="z">29</int>
						<int id="h">63</int>
						<int id="y">849</int>
						<str id="sprite_class">alakol_water_rock_2</str>
						<str id="name">alakol_water_rock_2_1307749098574</str>
						<int id="x">74</int>
					</object>
					<object id="lens_grass_1_1307987031095">
						<int id="w">186</int>
						<int id="z">20</int>
						<int id="h">28</int>
						<int id="y">852</int>
						<str id="sprite_class">lens_grass_1</str>
						<str id="name">lens_grass_1_1307987031014</str>
						<int id="x">1817</int>
					</object>
					<object id="pampas_2_1309195990718">
						<int id="w">25</int>
						<int id="z">14</int>
						<int id="h">39</int>
						<int id="y">833</int>
						<str id="sprite_class">pampas_2</str>
						<str id="name">pampas_2_1307749098499</str>
						<int id="x">5300</int>
					</object>
					<object id="lens_grass_1_1308242885190">
						<int id="w">241</int>
						<int id="z">26</int>
						<int id="h">39</int>
						<int id="y">860</int>
						<str id="sprite_class">lens_grass_1</str>
						<str id="name">lens_grass_1_1307987031014</str>
						<int id="x">4514</int>
					</object>
					<object id="lens_grass_2_1307741552462">
						<int id="w">2075</int>
						<int id="z">7</int>
						<int id="h">97</int>
						<int id="y">913</int>
						<str id="sprite_class">lens_grass_2</str>
						<str id="name">lens_grass_2_1307741552444</str>
						<int id="x">4457</int>
					</object>
					<object id="pampas_2_1309195990719">
						<int id="w">28</int>
						<int id="z">15</int>
						<int id="r">-15</int>
						<int id="h">30</int>
						<int id="y">829</int>
						<str id="sprite_class">pampas_2</str>
						<str id="name">pampas_2_1307749098499</str>
						<int id="x">5292</int>
					</object>
					<object id="stalagmite_base_3_1307749098627">
						<int id="w">63</int>
						<int id="z">18</int>
						<int id="h">18</int>
						<int id="y">841</int>
						<str id="sprite_class">stalagmite_base_3</str>
						<str id="name">stalagmite_base_3_1307741552481</str>
						<int id="x">1010</int>
					</object>
					<object id="lens_grass_1_1307987031070">
						<int id="w">241</int>
						<int id="z">22</int>
						<int id="h">39</int>
						<int id="y">862</int>
						<str id="sprite_class">lens_grass_1</str>
						<str id="name">lens_grass_1_1307987031014</str>
						<int id="x">4186</int>
					</object>
					<object id="lens_grass_1_1307741552459">
						<int id="w">1578</int>
						<int id="z">3</int>
						<int id="h">104</int>
						<int id="y">911</int>
						<str id="sprite_class">lens_grass_1</str>
						<str id="name">lens_grass_1_1307741552445</str>
						<int id="x">1745</int>
					</object>
					<object id="lens_grass_1_1307987031040">
						<int id="w">190</int>
						<int id="z">16</int>
						<int id="h">40</int>
						<int id="y">847</int>
						<str id="sprite_class">lens_grass_1</str>
						<str id="name">lens_grass_1_1307987031014</str>
						<int id="x">2750</int>
					</object>
					<object id="alakol_water_rock_1_1309195990734">
						<int id="w">117</int>
						<int id="z">30</int>
						<int id="h">61</int>
						<int id="y">852</int>
						<str id="sprite_class">alakol_water_rock_1</str>
						<str id="name">alakol_water_rock_1_1307749098577</str>
						<int id="x">165</int>
					</object>
					<object id="tree_acacia_4_1308242885192">
						<int id="w">616</int>
						<int id="z">11</int>
						<int id="h">470</int>
						<int id="y">849</int>
						<str id="sprite_class">tree_acacia_4</str>
						<str id="name">tree_acacia_4_1307749098538</str>
						<int id="x">5321</int>
					</object>
					<object id="alakol_water_rock_1_1309195990736">
						<int id="w">118</int>
						<int id="z">28</int>
						<int id="h">116</int>
						<int id="y">846</int>
						<str id="sprite_class">alakol_water_rock_1</str>
						<str id="name">alakol_water_rock_1_1307749098577</str>
						<int id="x">15</int>
					</object>
					<object id="lens_grass_1_1307987031039">
						<int id="w">190</int>
						<int id="z">17</int>
						<int id="h">40</int>
						<int id="y">855</int>
						<str id="sprite_class">lens_grass_1</str>
						<str id="name">lens_grass_1_1307987031014</str>
						<int id="x">2886</int>
					</object>
					<object id="lens_grass_1_1307741552463">
						<int id="w">1718</int>
						<int id="z">9</int>
						<int id="r">-1</int>
						<int id="h">89</int>
						<int id="y">912</int>
						<str id="sprite_class">lens_grass_1</str>
						<str id="name">lens_grass_1_1307741552445</str>
						<int id="x">5299</int>
					</object>
					<object id="lens_grass_2_1307741552457">
						<int id="w">1670</int>
						<int id="z">0</int>
						<int id="h">99</int>
						<int id="y">904</int>
						<str id="sprite_class">lens_grass_2</str>
						<str id="name">lens_grass_2_1307741552444</str>
						<int id="x">977</int>
					</object>
					<object id="lens_grass_1_1307987031033">
						<int id="w">190</int>
						<int id="z">6</int>
						<int id="h">40</int>
						<int id="y">904</int>
						<str id="sprite_class">lens_grass_1</str>
						<str id="name">lens_grass_1_1307987031014</str>
						<int id="x">2237</int>
					</object>
					<object id="tree_acacia_3_1309195990713">
						<int id="w">619</int>
						<int id="z">23</int>
						<int id="h">283</int>
						<int id="y">841</int>
						<str id="sprite_class">tree_acacia_3</str>
						<str id="name">tree_acacia_3_1307749098496</str>
						<int id="x">1086</int>
					</object>
					<object id="lens_grass_1_1307987031031">
						<int id="w">190</int>
						<int id="z">4</int>
						<int id="h">40</int>
						<int id="y">884</int>
						<str id="sprite_class">lens_grass_1</str>
						<str id="name">lens_grass_1_1307987031014</str>
						<int id="x">2477</int>
					</object>
					<object id="lens_grass_1_1307987031032">
						<int id="w">190</int>
						<int id="z">5</int>
						<int id="h">40</int>
						<int id="y">897</int>
						<str id="sprite_class">lens_grass_1</str>
						<str id="name">lens_grass_1_1307987031014</str>
						<int id="x">2332</int>
					</object>
					<object id="alakol_water_rock_2_1309195990715">
						<int id="w">166</int>
						<int id="z">10</int>
						<int id="h">63</int>
						<int id="y">840</int>
						<str id="sprite_class">alakol_water_rock_2</str>
						<str id="name">alakol_water_rock_2_1307749098574</str>
						<int id="x">5322</int>
					</object>
					<object id="heights_bush_1_1309195990732">
						<int id="w">85</int>
						<int id="z">32</int>
						<int id="r">5</int>
						<int id="h">50</int>
						<int id="y">855</int>
						<str id="sprite_class">heights_bush_1</str>
						<str id="name">heights_bush_1_1308242885191</str>
						<int id="x">115</int>
					</object>
					<object id="lens_grass_1_1307741552458">
						<int id="w">1626</int>
						<int id="z">1</int>
						<int id="h">110</int>
						<int id="y">918</int>
						<str id="sprite_class">lens_grass_1</str>
						<str id="name">lens_grass_1_1307741552445</str>
						<int id="x">207</int>
					</object>
					<object id="lens_grass_1_1308242885189">
						<int id="w">241</int>
						<int id="z">27</int>
						<int id="h">39</int>
						<int id="y">872</int>
						<str id="sprite_class">lens_grass_1</str>
						<str id="name">lens_grass_1_1307987031014</str>
						<int id="x">4848</int>
					</object>
					<object id="lens_grass_1_1307987031069">
						<int id="w">241</int>
						<int id="z">21</int>
						<int id="h">39</int>
						<int id="y">853</int>
						<str id="sprite_class">lens_grass_1</str>
						<str id="name">lens_grass_1_1307987031014</str>
						<int id="x">4106</int>
					</object>
					<object id="lens_grass_1_1307987031042">
						<int id="w">186</int>
						<int id="z">19</int>
						<int id="h">28</int>
						<int id="y">842</int>
						<str id="sprite_class">lens_grass_1</str>
						<str id="name">lens_grass_1_1307987031014</str>
						<int id="x">1876</int>
					</object>
					<object id="pampas_2_1308041830329">
						<int id="w">20</int>
						<int id="z">24</int>
						<int id="h">31</int>
						<int id="y">842</int>
						<str id="sprite_class">pampas_2</str>
						<str id="name">pampas_2_1307749098499</str>
						<int id="x">1095</int>
					</object>
					<object id="lens_grass_2_1307741552460">
						<int id="w">1612</int>
						<int id="z">2</int>
						<int id="h">95</int>
						<int id="y">907</int>
						<str id="sprite_class">lens_grass_2</str>
						<str id="name">lens_grass_2_1307741552444</str>
						<int id="x">2620</int>
					</object>
					<object id="pampas_2_1309195990717">
						<int id="w">25</int>
						<int id="z">12</int>
						<int id="h">39</int>
						<int id="y">839</int>
						<str id="sprite_class">pampas_2</str>
						<str id="name">pampas_2_1307749098499</str>
						<int id="x">5466</int>
					</object>
					<object id="lens_grass_1_1307741552461">
						<int id="w">1681</int>
						<int id="z">8</int>
						<int id="h">110</int>
						<int id="y">927</int>
						<str id="sprite_class">lens_grass_1</str>
						<str id="name">lens_grass_1_1307741552445</str>
						<int id="x">3590</int>
					</object>
					<object id="lens_grass_1_1307987031052">
						<int id="w">213</int>
						<int id="z">31</int>
						<int id="h">45</int>
						<int id="y">877</int>
						<str id="sprite_class">lens_grass_1</str>
						<str id="name">lens_grass_1_1307987031014</str>
						<int id="x">-19</int>
					</object>
					<object id="alakol_water_rock_1_1309195990716">
						<int id="w">70</int>
						<int id="z">25</int>
						<int id="h">36</int>
						<int id="y">847</int>
						<str id="sprite_class">alakol_water_rock_1</str>
						<str id="name">alakol_water_rock_1_1307749098577</str>
						<int id="x">5442</int>
					</object>
					<object id="pampas_2_1309195990720">
						<int id="w">25</int>
						<int id="z">13</int>
						<int id="h">39</int>
						<int id="y">846</int>
						<str id="sprite_class">pampas_2</str>
						<str id="name">pampas_2_1307749098499</str>
						<int id="x">5397</int>
					</object>
				</object>
				<str id="name">bg_1</str>
				<int id="w">5820</int>
				<int id="h">1000</int>
				<int id="z">-1</int>
				<object id="filtersNEW">
					<object id="contrast">
						<int id="value">0</int>
					</object>
					<object id="brightness">
						<int id="value">13</int>
					</object>
					<object id="saturation">
						<int id="value">13</int>
					</object>
					<object id="tintColor">
						<int id="value">0</int>
					</object>
				</object>
			</object>
			<object id="middleground">
				<object id="decos">
					<object id="lens_grass_2_1307741552455">
						<int id="w">2108</int>
						<int id="z">12</int>
						<int id="h">161</int>
						<int id="y">93</int>
						<str id="sprite_class">lens_grass_2</str>
						<str id="name">lens_grass_2_1307741552444</str>
						<int id="x">-158</int>
					</object>
					<object id="lens_grass_2_1307741552454">
						<int id="w">2108</int>
						<int id="z">2</int>
						<int id="h">161</int>
						<int id="y">23</int>
						<str id="sprite_class">lens_grass_2</str>
						<str id="name">lens_grass_2_1307741552444</str>
						<int id="x">1694</int>
					</object>
					<object id="lens_grass_1_1309195990723">
						<int id="w">251</int>
						<int id="z">18</int>
						<int id="h">80</int>
						<int id="y">-50</int>
						<str id="sprite_class">lens_grass_1</str>
						<str id="name">lens_grass_1_1307987031014</str>
						<int id="x">2731</int>
					</object>
					<object id="lens_grass_2_1307741552446">
						<int id="w">2108</int>
						<int id="z">9</int>
						<int id="h">161</int>
						<int id="y">92</int>
						<str id="sprite_class">lens_grass_2</str>
						<str id="name">lens_grass_2_1307741552444</str>
						<int id="x">-359</int>
					</object>
					<object id="lens_grass_2_1307741552453">
						<int id="w">2108</int>
						<int id="z">1</int>
						<int id="h">161</int>
						<int id="y">21</int>
						<str id="sprite_class">lens_grass_2</str>
						<str id="name">lens_grass_2_1307741552444</str>
						<int id="x">1004</int>
					</object>
					<object id="lens_grass_1_1308256230840">
						<int id="w">298</int>
						<int id="z">16</int>
						<int id="h">67</int>
						<int id="y">-74</int>
						<str id="sprite_class">lens_grass_1</str>
						<str id="name">lens_grass_1_1307987031014</str>
						<int id="x">2920</int>
					</object>
					<object id="lens_grass_2_1307741552444">
						<int id="w">2108</int>
						<int id="z">7</int>
						<int id="h">161</int>
						<int id="y">19</int>
						<str id="sprite_class">lens_grass_2</str>
						<str id="name">lens_grass_2_1307741552444</str>
						<int id="x">-2527</int>
					</object>
					<object id="lens_grass_2_1307741552456">
						<int id="w">2108</int>
						<int id="z">0</int>
						<int id="h">161</int>
						<int id="y">17</int>
						<str id="sprite_class">lens_grass_2</str>
						<str id="name">lens_grass_2_1307741552444</str>
						<int id="x">-1995</int>
					</object>
					<object id="lens_grass_1_1307741552445">
						<int id="w">2026</int>
						<int id="z">8</int>
						<int id="h">202</int>
						<int id="y">68</int>
						<str id="sprite_class">lens_grass_1</str>
						<str id="name">lens_grass_1_1307741552445</str>
						<int id="x">-1389</int>
					</object>
					<object id="lens_grass_1_1307741552448">
						<int id="w">2026</int>
						<int id="z">10</int>
						<int id="h">202</int>
						<int id="y">77</int>
						<str id="sprite_class">lens_grass_1</str>
						<str id="name">lens_grass_1_1307741552445</str>
						<int id="x">556</int>
					</object>
					<object id="lens_grass_2_1307741552451">
						<int id="w">2108</int>
						<int id="z">4</int>
						<int id="h">161</int>
						<int id="y">33</int>
						<str id="sprite_class">lens_grass_2</str>
						<str id="name">lens_grass_2_1307741552444</str>
						<int id="x">2285</int>
					</object>
					<object id="lens_grass_2_1307741552447">
						<int id="w">2108</int>
						<int id="z">6</int>
						<int id="h">161</int>
						<int id="y">25</int>
						<str id="sprite_class">lens_grass_2</str>
						<str id="name">lens_grass_2_1307741552444</str>
						<int id="x">-73</int>
					</object>
					<object id="lens_grass_1_1307987031060">
						<int id="w">285</int>
						<int id="z">13</int>
						<int id="r">1</int>
						<int id="h">55</int>
						<int id="y">-89</int>
						<str id="sprite_class">lens_grass_1</str>
						<str id="name">lens_grass_1_1307987031014</str>
						<int id="x">460</int>
					</object>
					<object id="lens_grass_2_1307741552452">
						<int id="w">2108</int>
						<int id="z">3</int>
						<int id="h">151</int>
						<int id="y">18</int>
						<str id="sprite_class">lens_grass_2</str>
						<str id="name">lens_grass_2_1307741552444</str>
						<int id="x">2875</int>
					</object>
					<object id="lens_grass_1_1308256230839">
						<int id="w">330</int>
						<int id="z">15</int>
						<int id="h">47</int>
						<int id="y">-105</int>
						<str id="sprite_class">lens_grass_1</str>
						<str id="name">lens_grass_1_1307987031014</str>
						<int id="x">2766</int>
					</object>
					<object id="lens_grass_1_1309195990724">
						<int id="w">310</int>
						<int id="z">17</int>
						<int id="h">63</int>
						<int id="y">-77</int>
						<str id="sprite_class">lens_grass_1</str>
						<str id="name">lens_grass_1_1307987031014</str>
						<int id="x">2589</int>
					</object>
					<object id="lens_grass_2_1307741552450">
						<int id="w">2108</int>
						<int id="z">5</int>
						<int id="r">2</int>
						<int id="h">161</int>
						<int id="y">52</int>
						<str id="sprite_class">lens_grass_2</str>
						<str id="name">lens_grass_2_1307741552444</str>
						<int id="x">1593</int>
					</object>
					<object id="lens_grass_2_1307741552449">
						<int id="w">2108</int>
						<int id="z">11</int>
						<int id="h">161</int>
						<int id="y">90</int>
						<str id="sprite_class">lens_grass_2</str>
						<str id="name">lens_grass_2_1307741552444</str>
						<int id="x">1543</int>
					</object>
					<object id="lens_grass_1_1307987031061">
						<int id="w">285</int>
						<int id="z">14</int>
						<int id="r">3</int>
						<int id="h">55</int>
						<int id="y">-81</int>
						<str id="sprite_class">lens_grass_1</str>
						<str id="name">lens_grass_1_1307987031014</str>
						<int id="x">361</int>
					</object>
				</object>
				<int id="h">1000</int>
				<object id="signposts">
					<object id="signpost_1">
						<int id="y">-97</int>
						<int id="h">200</int>
						<int id="w">100</int>
						<int id="x">-2798</int>
						<object id="connects">
							<object id="0">
								<str id="hub_id">91</str>
								<int id="x">2655</int>
								<str id="mote_id">9</str>
								<int id="y">-77</int>
								<str id="swf_file_versioned">http://c2.glitch.bz/locations/groddle1/1317079592.swf</str>
								<objref id="target" tsid="LA512UR70J52M1G" label="Swain Way 1"/>
							</object>
							<object id="1">
								<str id="hub_id">91</str>
								<int id="x">-2662</int>
								<str id="mote_id">9</str>
								<int id="y">-107</int>
								<str id="swf_file_versioned">http://c2.glitch.bz/locations/groddle1/1317079592.swf</str>
								<objref id="target" tsid="LA513PFS0J52F45" label="Cornfed Crt D"/>
							</object>
							<object id="2">
								<str id="hub_id">91</str>
								<int id="x">2663</int>
								<str id="mote_id">9</str>
								<int id="y">-115</int>
								<str id="swf_file_versioned">http://c2.glitch.bz/locations/groddle1/1317079592.swf</str>
								<objref id="target" tsid="LA5130090J525IQ" label="Cornfed Crt C"/>
							</object>
						</object>
					</object>
					<object id="signpost_2">
						<int id="y">-123</int>
						<int id="h">200</int>
						<str id="id">signpost_2</str>
						<int id="w">100</int>
						<int id="x">2800</int>
						<object id="connects">
							<object id="0">
								<str id="hub_id">91</str>
								<int id="x">-2655</int>
								<str id="mote_id">9</str>
								<int id="y">-70</int>
								<str id="swf_file_versioned">http://c2.glitch.bz/locations/groddle1/1317079592.swf</str>
								<objref id="target" tsid="LA5136CE0J52562" label="Swain Way 3"/>
							</object>
							<object id="1">
								<str id="hub_id">91</str>
								<int id="x">-2767</int>
								<str id="mote_id">9</str>
								<int id="y">-332</int>
								<str id="swf_file_versioned">http://c2.glitch.bz/locations/groddle1/1317079592.swf</str>
								<objref id="target" tsid="LA5147561J525G7" label="Chuff Chase 4"/>
							</object>
							<object id="2">
								<str id="hub_id">91</str>
								<int id="x">2663</int>
								<str id="mote_id">9</str>
								<int id="y">-122</int>
								<str id="swf_file_versioned">http://c2.glitch.bz/locations/groddle1/1317079592.swf</str>
								<objref id="target" tsid="LA5144431J524TC" label="Chuff Chase 3"/>
							</object>
						</object>
					</object>
				</object>
				<object id="filtersNEW">
					<object id="contrast">
						<int id="value">0</int>
					</object>
					<object id="brightness">
						<int id="value">9</int>
					</object>
					<object id="saturation">
						<int id="value">18</int>
					</object>
					<object id="tintColor">
						<int id="value">0</int>
					</object>
				</object>
				<object id="platform_lines">
					<object id="plat_1308256230850">
						<int id="platform_item_perm">-1</int>
						<object id="start">
							<int id="y">-65</int>
							<int id="x">376</int>
						</object>
						<object id="end">
							<int id="y">-70</int>
							<int id="x">577</int>
						</object>
						<int id="platform_pc_perm">-1</int>
					</object>
					<object id="plat_1308256230853">
						<int id="platform_item_perm">-1</int>
						<object id="start">
							<int id="y">-101</int>
							<int id="x">-409</int>
						</object>
						<object id="end">
							<int id="y">-99</int>
							<int id="x">81</int>
						</object>
						<int id="platform_pc_perm">-1</int>
					</object>
					<object id="plat_1309195990727">
						<int id="platform_item_perm">-1</int>
						<object id="start">
							<int id="y">-114</int>
							<int id="x">2493</int>
						</object>
						<object id="end">
							<int id="y">-114</int>
							<int id="x">2586</int>
						</object>
						<int id="platform_pc_perm">-1</int>
					</object>
					<object id="plat_1308256230849">
						<int id="platform_item_perm">-1</int>
						<object id="start">
							<int id="y">-84</int>
							<int id="x">800</int>
						</object>
						<object id="end">
							<int id="y">-66</int>
							<int id="x">1178</int>
						</object>
						<int id="platform_pc_perm">-1</int>
					</object>
					<object id="plat_1309195990726">
						<int id="platform_item_perm">-1</int>
						<object id="start">
							<int id="y">-91</int>
							<int id="x">2465</int>
						</object>
						<object id="end">
							<int id="y">-114</int>
							<int id="x">2493</int>
						</object>
						<int id="platform_pc_perm">-1</int>
					</object>
					<object id="plat_1308256230846">
						<int id="platform_item_perm">-1</int>
						<object id="start">
							<int id="y">-66</int>
							<int id="x">1178</int>
						</object>
						<object id="end">
							<int id="y">-81</int>
							<int id="x">1614</int>
						</object>
						<int id="platform_pc_perm">-1</int>
					</object>
					<object id="plat_1309195990729">
						<int id="platform_item_perm">-1</int>
						<object id="start">
							<int id="y">-106</int>
							<int id="x">2798</int>
						</object>
						<object id="end">
							<int id="y">-115</int>
							<int id="x">2999</int>
						</object>
						<int id="platform_pc_perm">-1</int>
					</object>
					<object id="plat_1309195990740">
						<int id="platform_item_perm">-1</int>
						<object id="start">
							<int id="y">-89</int>
							<int id="x">-2203</int>
						</object>
						<object id="end">
							<int id="y">-65</int>
							<int id="x">-1861</int>
						</object>
						<int id="platform_pc_perm">-1</int>
					</object>
					<object id="plat_1308256230845">
						<int id="platform_item_perm">-1</int>
						<object id="start">
							<int id="y">-81</int>
							<int id="x">1614</int>
						</object>
						<object id="end">
							<int id="y">-91</int>
							<int id="x">2465</int>
						</object>
						<int id="platform_pc_perm">-1</int>
					</object>
					<object id="plat_1308256230855">
						<int id="platform_item_perm">-1</int>
						<object id="start">
							<int id="y">-71</int>
							<int id="x">-1229</int>
						</object>
						<object id="end">
							<int id="y">-84</int>
							<int id="x">-890</int>
						</object>
						<int id="platform_pc_perm">-1</int>
					</object>
					<object id="plat_1309195990728">
						<int id="platform_item_perm">-1</int>
						<object id="start">
							<int id="y">-114</int>
							<int id="x">2586</int>
						</object>
						<object id="end">
							<int id="y">-106</int>
							<int id="x">2798</int>
						</object>
						<int id="platform_pc_perm">-1</int>
					</object>
					<object id="plat_1308256230857">
						<int id="platform_item_perm">-1</int>
						<object id="start">
							<int id="y">-82</int>
							<int id="x">-3000</int>
						</object>
						<object id="end">
							<int id="y">-89</int>
							<int id="x">-2203</int>
						</object>
						<int id="platform_pc_perm">-1</int>
					</object>
					<object id="plat_1308256230852">
						<int id="platform_item_perm">-1</int>
						<object id="start">
							<int id="y">-99</int>
							<int id="x">81</int>
						</object>
						<object id="end">
							<int id="y">-65</int>
							<int id="x">376</int>
						</object>
						<int id="platform_pc_perm">-1</int>
					</object>
					<object id="plat_1308256230856">
						<int id="platform_item_perm">-1</int>
						<object id="start">
							<int id="y">-65</int>
							<int id="x">-1861</int>
						</object>
						<object id="end">
							<int id="y">-71</int>
							<int id="x">-1229</int>
						</object>
						<int id="platform_pc_perm">-1</int>
					</object>
					<object id="plat_1308256230851">
						<int id="platform_item_perm">-1</int>
						<object id="start">
							<int id="y">-70</int>
							<int id="x">577</int>
						</object>
						<object id="end">
							<int id="y">-84</int>
							<int id="x">800</int>
						</object>
						<int id="platform_pc_perm">-1</int>
					</object>
					<object id="plat_1308256230854">
						<int id="platform_item_perm">-1</int>
						<object id="start">
							<int id="y">-84</int>
							<int id="x">-890</int>
						</object>
						<object id="end">
							<int id="y">-101</int>
							<int id="x">-409</int>
						</object>
						<int id="platform_pc_perm">-1</int>
					</object>
				</object>
				<object id="walls">
				</object>
				<object id="targets">
				</object>
				<str id="name">middleground</str>
				<object id="boxes">
				</object>
				<object id="doors">
				</object>
				<int id="w">6000</int>
				<object id="ladders">
				</object>
				<int id="z">0</int>
			</object>
			<object id="T_1307741552441">
				<object id="decos">
					<object id="cloud_fluffy_2_1307984015711">
						<int id="w">1069</int>
						<int id="z">5</int>
						<int id="h">114</int>
						<int id="y">637</int>
						<str id="sprite_class">cloud_fluffy_2</str>
						<str id="name">cloud_fluffy_2_1307749098529</str>
						<int id="x">4954</int>
					</object>
					<object id="cloud_fluffy_1_1307984015708">
						<int id="w">943</int>
						<int id="z">7</int>
						<int id="h">84</int>
						<int id="y">745</int>
						<str id="sprite_class">cloud_fluffy_1</str>
						<str id="name">cloud_fluffy_1_1307749098737</str>
						<int id="x">662</int>
					</object>
					<object id="cloud_fluffy_2_1307984015709">
						<int id="w">964</int>
						<int id="z">10</int>
						<int id="h">82</int>
						<int id="y">749</int>
						<str id="sprite_class">cloud_fluffy_2</str>
						<str id="name">cloud_fluffy_2_1307749098529</str>
						<int id="x">1719</int>
					</object>
					<object id="mountain_trees_darker_1_1309195990739">
						<int id="w">560</int>
						<int id="z">0</int>
						<int id="r">1</int>
						<int id="h">66</int>
						<int id="y">790</int>
						<str id="sprite_class">mountain_trees_darker_1</str>
						<str id="name">mountain_trees_darker_1_1309195990739</str>
						<int id="x">2442</int>
					</object>
					<object id="heights_bush_4_1308242885150">
						<int id="w">578</int>
						<int id="z">2</int>
						<int id="r">1</int>
						<int id="h">17</int>
						<int id="y">773</int>
						<str id="sprite_class">heights_bush_4</str>
						<str id="name">heights_bush_4_1307741552494</str>
						<int id="x">2594</int>
					</object>
					<object id="heights_bush_4_1309195990738">
						<int id="w">578</int>
						<int id="z">3</int>
						<int id="h">17</int>
						<int id="y">768</int>
						<str id="sprite_class">heights_bush_4</str>
						<str id="name">heights_bush_4_1307741552494</str>
						<int id="x">2367</int>
					</object>
					<object id="heights_bush_4_1307749098584">
						<int id="w">616</int>
						<int id="z">1</int>
						<int id="r">1</int>
						<int id="h">16</int>
						<int id="y">781</int>
						<str id="sprite_class">heights_bush_4</str>
						<str id="name">heights_bush_4_1307741552494</str>
						<int id="x">5057</int>
					</object>
					<object id="cloud_fluffy_2_1307984015710">
						<int id="w">1076</int>
						<int id="z">6</int>
						<int id="h">78</int>
						<int id="y">755</int>
						<str id="sprite_class">cloud_fluffy_2</str>
						<str id="name">cloud_fluffy_2_1307749098529</str>
						<int id="x">3953</int>
					</object>
					<object id="cloud_fluffy_1_1307984015705">
						<int id="w">798</int>
						<int id="z">9</int>
						<int id="h">119</int>
						<int id="y">770</int>
						<str id="sprite_class">cloud_fluffy_1</str>
						<str id="name">cloud_fluffy_1_1307749098737</str>
						<int id="x">2721</int>
					</object>
					<object id="heights_bush_4_1307749098587">
						<int id="w">510</int>
						<int id="z">4</int>
						<int id="r">2</int>
						<int id="h">21</int>
						<int id="y">779</int>
						<str id="sprite_class">heights_bush_4</str>
						<str id="name">heights_bush_4_1307741552494</str>
						<int id="x">3675</int>
						<bool id="h_flip">true</bool>
					</object>
				</object>
				<str id="name">sky</str>
				<int id="w">5160</int>
				<int id="h">992</int>
				<int id="z">-5</int>
				<object id="filtersNEW">
					<object id="contrast">
						<int id="value">-10</int>
					</object>
					<object id="saturation">
						<int id="value">-60</int>
					</object>
					<object id="tintColor">
						<int id="value">16763904</int>
					</object>
					<object id="blur">
						<int id="value">3</int>
					</object>
					<object id="tintAmount">
						<int id="value">80</int>
					</object>
					<object id="brightness">
						<int id="value">19</int>
					</object>
				</object>
			</object>
			<object id="T_1307741552442">
				<object id="decos">
					<object id="lens_grass_1_1307749098480">
						<int id="w">1063</int>
						<int id="z">12</int>
						<int id="h">85</int>
						<int id="y">838</int>
						<str id="sprite_class">lens_grass_1</str>
						<str id="name">lens_grass_1_1307741552445</str>
						<int id="x">449</int>
					</object>
					<object id="lens_grass_1_1307749098476">
						<int id="w">1212</int>
						<int id="z">8</int>
						<int id="h">68</int>
						<int id="y">832</int>
						<str id="sprite_class">lens_grass_1</str>
						<str id="name">lens_grass_1_1307741552445</str>
						<int id="x">1869</int>
					</object>
					<object id="lens_grass_2_1307749098477">
						<int id="w">1106</int>
						<int id="z">1</int>
						<int id="r">1</int>
						<int id="h">36</int>
						<int id="y">806</int>
						<str id="sprite_class">lens_grass_2</str>
						<str id="name">lens_grass_2_1307741552444</str>
						<int id="x">2474</int>
					</object>
					<object id="tree_acacia_4_1307749098591">
						<int id="w">54</int>
						<int id="z">13</int>
						<int id="h">52</int>
						<int id="y">780</int>
						<str id="sprite_class">tree_acacia_4</str>
						<str id="name">tree_acacia_4_1307749098538</str>
						<int id="x">2819</int>
						<bool id="h_flip">true</bool>
					</object>
					<object id="heights_bush_2_1308242885171">
						<int id="w">16</int>
						<int id="z">49</int>
						<int id="h">8</int>
						<int id="y">754</int>
						<str id="sprite_class">heights_bush_2</str>
						<str id="name">heights_bush_2_1308242885164</str>
						<int id="x">128</int>
					</object>
					<object id="alakol_water_rock_1_1308242885158">
						<int id="w">22</int>
						<int id="z">38</int>
						<int id="h">12</int>
						<int id="y">753</int>
						<str id="sprite_class">alakol_water_rock_1</str>
						<str id="name">alakol_water_rock_1_1307749098577</str>
						<int id="x">112</int>
					</object>
					<object id="heights_bush_1_1308242885167">
						<int id="w">14</int>
						<int id="z">43</int>
						<int id="h">8</int>
						<int id="y">769</int>
						<str id="sprite_class">heights_bush_1</str>
						<str id="name">heights_bush_1_1308242885163</str>
						<int id="x">1867</int>
					</object>
					<object id="alakol_water_rock_1_1308242885157">
						<int id="w">44</int>
						<int id="z">0</int>
						<int id="h">19</int>
						<int id="y">772</int>
						<str id="sprite_class">alakol_water_rock_1</str>
						<str id="name">alakol_water_rock_1_1307749098577</str>
						<int id="x">1867</int>
					</object>
					<object id="alakol_water_rock_1_1308041830321">
						<int id="w">28</int>
						<int id="z">29</int>
						<int id="h">23</int>
						<int id="y">763</int>
						<str id="sprite_class">alakol_water_rock_1</str>
						<str id="name">alakol_water_rock_1_1307749098577</str>
						<int id="x">-159</int>
					</object>
					<object id="alakol_water_rock_2_1308041830323">
						<int id="w">72</int>
						<int id="z">25</int>
						<int id="h">28</int>
						<int id="y">767</int>
						<str id="sprite_class">alakol_water_rock_2</str>
						<str id="name">alakol_water_rock_2_1307749098574</str>
						<int id="x">-70</int>
					</object>
					<object id="alakol_water_rock_2_1308242885160">
						<int id="w">25</int>
						<int id="z">28</int>
						<int id="h">10</int>
						<int id="y">771</int>
						<str id="sprite_class">alakol_water_rock_2</str>
						<str id="name">alakol_water_rock_2_1307749098574</str>
						<int id="x">1950</int>
					</object>
					<object id="alakol_water_rock_1_1308242885156">
						<int id="w">38</int>
						<int id="z">37</int>
						<int id="h">9</int>
						<int id="y">769</int>
						<str id="sprite_class">alakol_water_rock_1</str>
						<str id="name">alakol_water_rock_1_1307749098577</str>
						<int id="x">1851</int>
					</object>
					<object id="tree_acacia_3_1308242885193">
						<int id="w">62</int>
						<int id="z">50</int>
						<int id="h">28</int>
						<int id="y">784</int>
						<str id="sprite_class">tree_acacia_3</str>
						<str id="name">tree_acacia_3_1307749098496</str>
						<int id="x">5201</int>
					</object>
					<object id="heights_bush_2_1308041830319">
						<int id="w">26</int>
						<int id="z">31</int>
						<int id="h">12</int>
						<int id="y">764</int>
						<str id="sprite_class">heights_bush_2</str>
						<str id="name">heights_bush_2_1307741552493</str>
						<int id="x">-170</int>
					</object>
					<object id="alakol_water_rock_1_1308041830320">
						<int id="w">46</int>
						<int id="z">30</int>
						<int id="h">12</int>
						<int id="y">752</int>
						<str id="sprite_class">alakol_water_rock_1</str>
						<str id="name">alakol_water_rock_1_1307749098577</str>
						<int id="x">385</int>
					</object>
					<object id="alakol_cliff_1_1308041830325">
						<int id="w">137</int>
						<int id="z">23</int>
						<int id="r">1</int>
						<int id="h">8</int>
						<int id="y">768</int>
						<str id="sprite_class">alakol_cliff_1</str>
						<str id="name">alakol_cliff_1_1307749098572</str>
						<int id="x">1537</int>
					</object>
					<object id="heights_bush_1_1308242885163">
						<int id="w">14</int>
						<int id="z">41</int>
						<int id="h">8</int>
						<int id="y">775</int>
						<str id="sprite_class">heights_bush_1</str>
						<str id="name">heights_bush_1_1308242885163</str>
						<int id="x">1621</int>
					</object>
					<object id="lens_grass_2_1307749098473">
						<int id="w">1258</int>
						<int id="z">2</int>
						<int id="r">1</int>
						<int id="h">71</int>
						<int id="y">841</int>
						<str id="sprite_class">lens_grass_2</str>
						<str id="name">lens_grass_2_1307741552444</str>
						<int id="x">4283</int>
					</object>
					<object id="alakol_water_rock_1_1308242885154">
						<int id="w">23</int>
						<int id="z">35</int>
						<int id="h">9</int>
						<int id="y">760</int>
						<str id="sprite_class">alakol_water_rock_1</str>
						<str id="name">alakol_water_rock_1_1307749098577</str>
						<int id="x">282</int>
					</object>
					<object id="alakol_water_rock_1_1308242885162">
						<int id="w">23</int>
						<int id="z">39</int>
						<int id="h">8</int>
						<int id="y">769</int>
						<str id="sprite_class">alakol_water_rock_1</str>
						<str id="name">alakol_water_rock_1_1307749098577</str>
						<int id="x">1911</int>
					</object>
					<object id="heights_bush_1_1308242885168">
						<int id="w">14</int>
						<int id="z">47</int>
						<int id="h">8</int>
						<int id="y">769</int>
						<str id="sprite_class">heights_bush_1</str>
						<str id="name">heights_bush_1_1308242885163</str>
						<int id="x">1877</int>
					</object>
					<object id="tree_acacia_3_1308041830335">
						<int id="w">75</int>
						<int id="z">32</int>
						<int id="h">34</int>
						<int id="y">780</int>
						<str id="sprite_class">tree_acacia_3</str>
						<str id="name">tree_acacia_3_1307749098496</str>
						<int id="x">2797</int>
					</object>
					<object id="alakol_water_rock_2_1308041830326">
						<int id="w">62</int>
						<int id="z">22</int>
						<int id="h">14</int>
						<int id="y">770</int>
						<str id="sprite_class">alakol_water_rock_2</str>
						<str id="name">alakol_water_rock_2_1307749098574</str>
						<int id="x">1591</int>
					</object>
					<object id="heights_bush_2_1308242885170">
						<int id="w">16</int>
						<int id="z">46</int>
						<int id="h">8</int>
						<int id="y">761</int>
						<str id="sprite_class">heights_bush_2</str>
						<str id="name">heights_bush_2_1308242885164</str>
						<int id="x">309</int>
					</object>
					<object id="alakol_water_rock_2_1308242885159">
						<int id="w">58</int>
						<int id="z">27</int>
						<int id="h">10</int>
						<int id="y">754</int>
						<str id="sprite_class">alakol_water_rock_2</str>
						<str id="name">alakol_water_rock_2_1307749098574</str>
						<int id="x">133</int>
					</object>
					<object id="lens_grass_2_1307749098468">
						<int id="w">1035</int>
						<int id="z">3</int>
						<int id="r">1</int>
						<int id="h">71</int>
						<int id="y">850</int>
						<str id="sprite_class">lens_grass_2</str>
						<str id="name">lens_grass_2_1307741552444</str>
						<int id="x">5247</int>
					</object>
					<object id="alakol_water_rock_1_1308242885155">
						<int id="w">23</int>
						<int id="z">36</int>
						<int id="h">9</int>
						<int id="y">761</int>
						<str id="sprite_class">alakol_water_rock_1</str>
						<str id="name">alakol_water_rock_1_1307749098577</str>
						<int id="x">368</int>
					</object>
					<object id="lens_grass_2_1307749098481">
						<int id="w">934</int>
						<int id="z">11</int>
						<int id="r">1</int>
						<int id="h">71</int>
						<int id="y">816</int>
						<str id="sprite_class">lens_grass_2</str>
						<str id="name">lens_grass_2_1307741552444</str>
						<int id="x">67</int>
					</object>
					<object id="alakol_water_rock_1_1308242885153">
						<int id="w">74</int>
						<int id="z">20</int>
						<int id="h">13</int>
						<int id="y">768</int>
						<str id="sprite_class">alakol_water_rock_1</str>
						<str id="name">alakol_water_rock_1_1307749098577</str>
						<int id="x">1560</int>
					</object>
					<object id="lens_grass_1_1307749098474">
						<int id="w">1322</int>
						<int id="z">7</int>
						<int id="h">85</int>
						<int id="y">860</int>
						<str id="sprite_class">lens_grass_1</str>
						<str id="name">lens_grass_1_1307741552445</str>
						<int id="x">2721</int>
					</object>
					<object id="heights_bush_2_1308242885164">
						<int id="w">16</int>
						<int id="z">44</int>
						<int id="h">8</int>
						<int id="y">771</int>
						<str id="sprite_class">heights_bush_2</str>
						<str id="name">heights_bush_2_1308242885164</str>
						<int id="x">1943</int>
					</object>
					<object id="heights_bush_2_1308242885165">
						<int id="w">16</int>
						<int id="z">45</int>
						<int id="h">8</int>
						<int id="y">774</int>
						<str id="sprite_class">heights_bush_2</str>
						<str id="name">heights_bush_2_1308242885164</str>
						<int id="x">1633</int>
					</object>
					<object id="lens_grass_2_1307749098475">
						<int id="w">1009</int>
						<int id="z">6</int>
						<int id="h">55</int>
						<int id="y">831</int>
						<str id="sprite_class">lens_grass_2</str>
						<str id="name">lens_grass_2_1307741552444</str>
						<int id="x">3136</int>
					</object>
					<object id="alakol_cliff_2_1308242885152">
						<int id="w">86</int>
						<int id="z">33</int>
						<int id="h">9</int>
						<int id="y">758</int>
						<str id="sprite_class">alakol_cliff_2</str>
						<str id="name">alakol_cliff_2_1307749098573</str>
						<int id="x">371</int>
					</object>
					<object id="lens_grass_1_1307749098469">
						<int id="w">1140</int>
						<int id="z">4</int>
						<int id="h">78</int>
						<int id="y">857</int>
						<str id="sprite_class">lens_grass_1</str>
						<str id="name">lens_grass_1_1307741552445</str>
						<int id="x">4776</int>
					</object>
					<object id="alakol_water_rock_1_1308041830327">
						<int id="w">71</int>
						<int id="z">21</int>
						<int id="h">21</int>
						<int id="y">747</int>
						<str id="sprite_class">alakol_water_rock_1</str>
						<str id="name">alakol_water_rock_1_1307749098577</str>
						<int id="x">-98</int>
					</object>
					<object id="lens_grass_2_1307749098479">
						<int id="w">1152</int>
						<int id="z">9</int>
						<int id="r">1</int>
						<int id="h">68</int>
						<int id="y">828</int>
						<str id="sprite_class">lens_grass_2</str>
						<str id="name">lens_grass_2_1307741552444</str>
						<int id="x">1435</int>
					</object>
					<object id="tree_acacia_1_1307749098541">
						<int id="w">47</int>
						<int id="z">16</int>
						<int id="h">29</int>
						<int id="y">775</int>
						<str id="sprite_class">tree_acacia_1</str>
						<str id="name">tree_acacia_1_1307749098541</str>
						<int id="x">3769</int>
					</object>
					<object id="tree_acacia_4_1309195990714">
						<int id="w">51</int>
						<int id="z">51</int>
						<int id="h">39</int>
						<int id="y">785</int>
						<str id="sprite_class">tree_acacia_4</str>
						<str id="name">tree_acacia_4_1307749098538</str>
						<int id="x">5231</int>
					</object>
					<object id="alakol_cliff_2_1308041830324">
						<int id="w">69</int>
						<int id="z">24</int>
						<int id="h">8</int>
						<int id="y">773</int>
						<str id="sprite_class">alakol_cliff_2</str>
						<str id="name">alakol_cliff_2_1307749098573</str>
						<int id="x">1614</int>
					</object>
					<object id="heights_bush_1_1308242885166">
						<int id="w">14</int>
						<int id="z">42</int>
						<int id="h">8</int>
						<int id="y">769</int>
						<str id="sprite_class">heights_bush_1</str>
						<str id="name">heights_bush_1_1308242885163</str>
						<int id="x">1529</int>
					</object>
					<object id="heights_bush_1_1308242885169">
						<int id="w">14</int>
						<int id="z">48</int>
						<int id="h">8</int>
						<int id="y">759</int>
						<str id="sprite_class">heights_bush_1</str>
						<str id="name">heights_bush_1_1308242885163</str>
						<int id="x">355</int>
					</object>
					<object id="alakol_cliff_2_1308242885151">
						<int id="w">61</int>
						<int id="z">34</int>
						<int id="h">6</int>
						<int id="y">759</int>
						<str id="sprite_class">alakol_cliff_2</str>
						<str id="name">alakol_cliff_2_1307749098573</str>
						<int id="x">327</int>
					</object>
					<object id="lens_grass_1_1307749098478">
						<int id="w">1089</int>
						<int id="z">10</int>
						<int id="h">69</int>
						<int id="y">827</int>
						<str id="sprite_class">lens_grass_1</str>
						<str id="name">lens_grass_1_1307741552445</str>
						<int id="x">892</int>
					</object>
					<object id="alakol_water_rock_1_1308041830328">
						<int id="w">44</int>
						<int id="z">19</int>
						<int id="h">11</int>
						<int id="y">764</int>
						<str id="sprite_class">alakol_water_rock_1</str>
						<str id="name">alakol_water_rock_1_1307749098577</str>
						<int id="x">1512</int>
					</object>
					<object id="alakol_water_rock_1_1308242885161">
						<int id="w">22</int>
						<int id="z">40</int>
						<int id="h">16</int>
						<int id="y">755</int>
						<str id="sprite_class">alakol_water_rock_1</str>
						<str id="name">alakol_water_rock_1_1307749098577</str>
						<int id="x">168</int>
					</object>
					<object id="alakol_water_rock_2_1308041830322">
						<int id="w">54</int>
						<int id="z">26</int>
						<int id="h">10</int>
						<int id="y">771</int>
						<str id="sprite_class">alakol_water_rock_2</str>
						<str id="name">alakol_water_rock_2_1307749098574</str>
						<int id="x">1498</int>
					</object>
					<object id="tree_acacia_2_1307749098589">
						<int id="w">61</int>
						<int id="z">15</int>
						<int id="h">34</int>
						<int id="y">774</int>
						<str id="sprite_class">tree_acacia_2</str>
						<str id="name">tree_acacia_2_1307749098540</str>
						<int id="x">2272</int>
					</object>
					<object id="lens_grass_1_1307749098472">
						<int id="w">1289</int>
						<int id="z">5</int>
						<int id="h">81</int>
						<int id="y">850</int>
						<str id="sprite_class">lens_grass_1</str>
						<str id="name">lens_grass_1_1307741552445</str>
						<int id="x">3702</int>
					</object>
				</object>
				<str id="name">bg_3</str>
				<int id="w">5400</int>
				<int id="h">1000</int>
				<int id="z">-3</int>
				<object id="filtersNEW">
					<object id="contrast">
						<int id="value">0</int>
					</object>
					<object id="saturation">
						<int id="value">6</int>
					</object>
					<object id="tintColor">
						<int id="value">0</int>
					</object>
					<object id="blur">
						<int id="value">3</int>
					</object>
					<object id="tintAmount">
						<int id="value">0</int>
					</object>
					<object id="brightness">
						<int id="value">25</int>
					</object>
				</object>
			</object>
		</object>
		<null id="loading_label"/>
		<int id="ground_y">0</int>
		<int id="rookable_type">0</int>
		<null id="physics"/>
		<null id="img_file_versioned"/>
		<str id="tsid">LA513QET0J523AD</str>
		<str id="swf_file_versioned">http://c2.glitch.bz/locations/groddle1/1317079592.swf</str>
		<object id="gradient">
			<str id="top">7395BF</str>
			<str id="bottom">FFD859</str>
		</object>
		<object id="sources">
			<int id="LA512UR70J52M1G">1</int>
			<int id="LA513PFS0J52F45">1</int>
			<int id="LA5130090J525IQ">1</int>
			<int id="LA5136CE0J52562">1</int>
			<int id="LA5147561J525G7">1</int>
			<int id="LA5144431J524TC">1</int>
		</object>
		<str id="music_file"></str>
		<bool id="wall_jump">false</bool>
		<bool id="no_zoom">false</bool>
	</object>
</game_object>
