<game_object tsid="GA515KVOUC42I7T" ts="1337668895254" label="Dust Path 1D" class_tsid="" lastUpdateTime="1337668884999" upd_gs="gs8" load_time="2012-05-21 22:56:04.817" upd_time="2012-05-21 23:37:15.471">
	<object id="dynamic">
		<int id="l">-3000</int>
		<int id="r">3000</int>
		<int id="t">-1000</int>
		<int id="b">0</int>
		<str id="label">Dust Path 1D</str>
		<str id="swf_file">groddle1.swf</str>
		<object id="layers">
			<object id="middleground">
				<object id="decos">
					<object id="lens_grass_2_1307741552444">
						<int id="w">2108</int>
						<int id="z">7</int>
						<int id="x">-2527</int>
						<int id="y">19</int>
						<int id="h">161</int>
						<str id="name">lens_grass_2_1307741552444</str>
						<str id="sprite_class">lens_grass_2</str>
					</object>
					<object id="stalagmite_base_2_1307749098435">
						<int id="w">330</int>
						<int id="z">13</int>
						<int id="x">-1411</int>
						<int id="y">-52</int>
						<int id="h">92</int>
						<str id="name">stalagmite_base_2_1307741552480</str>
						<str id="sprite_class">stalagmite_base_2</str>
					</object>
					<object id="lens_grass_1_1307987031023">
						<int id="w">285</int>
						<int id="z">19</int>
						<int id="x">838</int>
						<int id="y">-70</int>
						<int id="h">60</int>
						<str id="name">lens_grass_1_1307987031014</str>
						<str id="sprite_class">lens_grass_1</str>
					</object>
					<object id="lens_grass_2_1307741552452">
						<int id="w">2108</int>
						<int id="z">3</int>
						<int id="x">2875</int>
						<int id="y">18</int>
						<int id="h">151</int>
						<str id="name">lens_grass_2_1307741552444</str>
						<str id="sprite_class">lens_grass_2</str>
					</object>
					<object id="stalagmite_base_3_1307749098436">
						<int id="w">127</int>
						<int id="z">15</int>
						<int id="x">-1644</int>
						<int id="y">-87</int>
						<int id="h">36</int>
						<str id="name">stalagmite_base_3_1307741552481</str>
						<str id="sprite_class">stalagmite_base_3</str>
					</object>
					<object id="lens_grass_1_1307987031029">
						<int id="w">278</int>
						<int id="z">21</int>
						<int id="x">789</int>
						<int id="y">-14</int>
						<int id="h">54</int>
						<str id="name">lens_grass_1_1307987031014</str>
						<str id="sprite_class">lens_grass_1</str>
					</object>
					<object id="lens_grass_2_1307741552447">
						<int id="w">2108</int>
						<int id="z">6</int>
						<int id="x">-73</int>
						<int id="y">25</int>
						<int id="h">161</int>
						<str id="name">lens_grass_2_1307741552444</str>
						<str id="sprite_class">lens_grass_2</str>
					</object>
					<object id="gravel_2_1307987031078">
						<int id="w">14</int>
						<int id="z">28</int>
						<int id="x">-2424</int>
						<int id="y">-99</int>
						<int id="h">8</int>
						<str id="name">gravel_2_1307741552484</str>
						<str id="sprite_class">gravel_2</str>
					</object>
					<object id="gravel_2_1307987031077">
						<int id="w">24</int>
						<int id="z">27</int>
						<int id="x">-2533</int>
						<bool id="h_flip">true</bool>
						<int id="y">-99</int>
						<int id="h">13</int>
						<str id="name">gravel_2_1307741552484</str>
						<str id="sprite_class">gravel_2</str>
					</object>
					<object id="lens_grass_1_1307987031060">
						<int id="w">285</int>
						<int id="z">23</int>
						<int id="r">1</int>
						<int id="x">460</int>
						<int id="y">-89</int>
						<int id="h">55</int>
						<str id="name">lens_grass_1_1307987031014</str>
						<str id="sprite_class">lens_grass_1</str>
					</object>
					<object id="gravel_2_1307741552484">
						<int id="w">39</int>
						<int id="z">18</int>
						<int id="x">-1690</int>
						<int id="y">-82</int>
						<int id="h">22</int>
						<str id="name">gravel_2_1307741552484</str>
						<str id="sprite_class">gravel_2</str>
					</object>
					<object id="lens_grass_2_1307741552450">
						<int id="w">2108</int>
						<int id="z">5</int>
						<int id="r">2</int>
						<int id="x">1593</int>
						<int id="y">52</int>
						<int id="h">161</int>
						<str id="name">lens_grass_2_1307741552444</str>
						<str id="sprite_class">lens_grass_2</str>
					</object>
					<object id="lens_grass_1_1307987031030">
						<int id="w">285</int>
						<int id="z">22</int>
						<int id="r">1</int>
						<int id="x">685</int>
						<int id="y">5</int>
						<int id="h">60</int>
						<str id="name">lens_grass_1_1307987031014</str>
						<str id="sprite_class">lens_grass_1</str>
					</object>
					<object id="stalagmite_base_2_1307987031071">
						<int id="w">122</int>
						<int id="z">25</int>
						<int id="x">-2531</int>
						<int id="y">-104</int>
						<int id="h">34</int>
						<str id="name">stalagmite_base_2_1307741552480</str>
						<str id="sprite_class">stalagmite_base_2</str>
					</object>
					<object id="lens_grass_2_1307741552456">
						<int id="w">2108</int>
						<int id="z">0</int>
						<int id="x">-1995</int>
						<int id="y">17</int>
						<int id="h">161</int>
						<str id="name">lens_grass_2_1307741552444</str>
						<str id="sprite_class">lens_grass_2</str>
					</object>
					<object id="lens_grass_1_1307741552448">
						<int id="w">2026</int>
						<int id="z">10</int>
						<int id="x">556</int>
						<int id="y">77</int>
						<int id="h">202</int>
						<str id="name">lens_grass_1_1307741552445</str>
						<str id="sprite_class">lens_grass_1</str>
					</object>
					<object id="lens_grass_1_1307741552445">
						<int id="w">2026</int>
						<int id="z">8</int>
						<int id="x">-1389</int>
						<int id="y">68</int>
						<int id="h">202</int>
						<str id="name">lens_grass_1_1307741552445</str>
						<str id="sprite_class">lens_grass_1</str>
					</object>
					<object id="lens_grass_2_1307741552453">
						<int id="w">2108</int>
						<int id="z">1</int>
						<int id="x">1004</int>
						<int id="y">21</int>
						<int id="h">161</int>
						<str id="name">lens_grass_2_1307741552444</str>
						<str id="sprite_class">lens_grass_2</str>
					</object>
					<object id="stalagmite_base_2_1308041830384">
						<int id="w">165</int>
						<int id="z">14</int>
						<int id="x">-1287</int>
						<int id="y">-64</int>
						<int id="h">46</int>
						<str id="name">stalagmite_base_2_1307741552480</str>
						<str id="sprite_class">stalagmite_base_2</str>
					</object>
					<object id="lens_grass_1_1307987031028">
						<int id="w">285</int>
						<int id="z">20</int>
						<int id="x">911</int>
						<int id="y">-36</int>
						<int id="h">60</int>
						<str id="name">lens_grass_1_1307987031014</str>
						<str id="sprite_class">lens_grass_1</str>
					</object>
					<object id="lens_grass_1_1308041830388">
						<int id="w">365</int>
						<int id="z">30</int>
						<int id="x">-2301</int>
						<int id="y">-14</int>
						<int id="h">100</int>
						<str id="name">lens_grass_1_1307987031014</str>
						<str id="sprite_class">lens_grass_1</str>
					</object>
					<object id="lens_grass_2_1307741552455">
						<int id="w">2108</int>
						<int id="z">12</int>
						<int id="x">-158</int>
						<int id="y">93</int>
						<int id="h">161</int>
						<str id="name">lens_grass_2_1307741552444</str>
						<str id="sprite_class">lens_grass_2</str>
					</object>
					<object id="lens_grass_1_1308107342106">
						<int id="w">365</int>
						<int id="z">29</int>
						<int id="x">-2206</int>
						<int id="y">-23</int>
						<int id="h">100</int>
						<str id="name">lens_grass_1_1307987031014</str>
						<str id="sprite_class">lens_grass_1</str>
					</object>
					<object id="lens_grass_2_1307741552446">
						<int id="w">2108</int>
						<int id="z">9</int>
						<int id="x">-359</int>
						<int id="y">92</int>
						<int id="h">161</int>
						<str id="name">lens_grass_2_1307741552444</str>
						<str id="sprite_class">lens_grass_2</str>
					</object>
					<object id="lens_grass_2_1307741552451">
						<int id="w">2108</int>
						<int id="z">4</int>
						<int id="x">2285</int>
						<int id="y">33</int>
						<int id="h">161</int>
						<str id="name">lens_grass_2_1307741552444</str>
						<str id="sprite_class">lens_grass_2</str>
					</object>
					<object id="lens_grass_2_1307741552454">
						<int id="w">2108</int>
						<int id="z">2</int>
						<int id="x">1694</int>
						<int id="y">23</int>
						<int id="h">161</int>
						<str id="name">lens_grass_2_1307741552444</str>
						<str id="sprite_class">lens_grass_2</str>
					</object>
					<object id="stalagmite_base_2_1307987031072">
						<int id="w">65</int>
						<int id="z">26</int>
						<int id="x">-2455</int>
						<int id="y">-97</int>
						<int id="h">18</int>
						<str id="name">stalagmite_base_2_1307741552480</str>
						<str id="sprite_class">stalagmite_base_2</str>
					</object>
					<object id="lens_grass_1_1307987031061">
						<int id="w">285</int>
						<int id="z">24</int>
						<int id="r">3</int>
						<int id="x">361</int>
						<int id="y">-81</int>
						<int id="h">55</int>
						<str id="name">lens_grass_1_1307987031014</str>
						<str id="sprite_class">lens_grass_1</str>
					</object>
					<object id="stalagmite_base_2_1308041830383">
						<int id="w">238</int>
						<int id="z">17</int>
						<int id="x">-1519</int>
						<int id="y">-35</int>
						<int id="h">66</int>
						<str id="name">stalagmite_base_2_1307741552480</str>
						<str id="sprite_class">stalagmite_base_2</str>
					</object>
					<object id="lens_grass_2_1307741552449">
						<int id="w">2108</int>
						<int id="z">11</int>
						<int id="x">1543</int>
						<int id="y">90</int>
						<int id="h">161</int>
						<str id="name">lens_grass_2_1307741552444</str>
						<str id="sprite_class">lens_grass_2</str>
					</object>
					<object id="stalagmite_base_2_1307741552480">
						<int id="w">238</int>
						<int id="z">16</int>
						<int id="x">-1300</int>
						<int id="y">-33</int>
						<int id="h">66</int>
						<str id="name">stalagmite_base_2_1307741552480</str>
						<str id="sprite_class">stalagmite_base_2</str>
					</object>
				</object>
				<object id="doors">
				</object>
				<object id="signposts">
					<object id="signpost_1">
						<int id="y">-84</int>
						<int id="h">200</int>
						<int id="w">100</int>
						<int id="x">-2819</int>
						<object id="connects">
							<object id="0">
								<str id="hub_id">86</str>
								<int id="y">-85</int>
								<str id="swf_file_versioned">http://c2.glitch.bz/locations/groddle1/1316726082.swf</str>
								<int id="x">2505</int>
								<str id="mote_id">9</str>
								<objref id="target" tsid="LA5M6H0P2I42BQJ" label="Range Rd 3"/>
							</object>
							<object id="1">
								<str id="hub_id">86</str>
								<int id="y">-385</int>
								<str id="swf_file_versioned">http://c2.glitch.bz/locations/groddle1/1316726082.swf</str>
								<int id="x">2600</int>
								<str id="mote_id">9</str>
								<objref id="target" tsid="LA51DET7GF42FKO" label="Dust Path 1C"/>
							</object>
							<object id="2">
								<str id="hub_id">86</str>
								<int id="y">-100</int>
								<str id="swf_file_versioned">http://c2.glitch.bz/locations/groddle1/1316726082.swf</str>
								<int id="x">-2715</int>
								<str id="mote_id">9</str>
								<objref id="target" tsid="LA514BBVLC423BJ" label="Range Rd 4"/>
							</object>
						</object>
					</object>
					<object id="signpost_2">
						<int id="y">-90</int>
						<int id="h">200</int>
						<str id="id">signpost_2</str>
						<int id="w">100</int>
						<int id="x">2746</int>
						<object id="connects">
							<object id="0">
								<str id="hub_id">86</str>
								<int id="y">-122</int>
								<str id="swf_file_versioned">http://c2.glitch.bz/locations/groddle1/1316726082.swf</str>
								<int id="x">2535</int>
								<str id="mote_id">9</str>
								<objref id="target" tsid="LA52G8H9PJ420LQ" label="Empty Via 3"/>
							</object>
							<object id="1">
								<str id="hub_id">86</str>
								<int id="y">-110</int>
								<str id="swf_file_versioned">http://c2.glitch.bz/locations/groddle1/1316726082.swf</str>
								<int id="x">-2700</int>
								<str id="mote_id">9</str>
								<objref id="target" tsid="LA55S7P5RJ42VTG" label="Dust Path 1E"/>
							</object>
							<object id="2">
								<str id="hub_id">86</str>
								<int id="y">-110</int>
								<str id="swf_file_versioned">http://c2.glitch.bz/locations/groddle1/1316726082.swf</str>
								<int id="x">-2680</int>
								<str id="mote_id">9</str>
								<objref id="target" tsid="LA5146P2JC42B1Q" label="Empty Via 4"/>
							</object>
						</object>
					</object>
				</object>
				<object id="targets">
				</object>
				<int id="w">6000</int>
				<str id="name">middleground</str>
				<int id="h">1000</int>
				<object id="platform_lines">
					<object id="plat_1308213477369">
						<int id="platform_pc_perm">-1</int>
						<object id="start">
							<int id="y">-87</int>
							<int id="x">1827</int>
						</object>
						<object id="end">
							<int id="y">-76</int>
							<int id="x">2265</int>
						</object>
						<int id="platform_item_perm">-1</int>
					</object>
					<object id="plat_1308213477366">
						<int id="platform_pc_perm">-1</int>
						<object id="start">
							<int id="y">-70</int>
							<int id="x">1097</int>
						</object>
						<object id="end">
							<int id="y">-86</int>
							<int id="x">1304</int>
						</object>
						<int id="platform_item_perm">-1</int>
					</object>
					<object id="plat_1308213477335">
						<int id="platform_pc_perm">-1</int>
						<object id="start">
							<int id="y">-70</int>
							<int id="x">-2643</int>
						</object>
						<object id="end">
							<int id="y">-66</int>
							<int id="x">-2472</int>
						</object>
						<int id="platform_item_perm">-1</int>
					</object>
					<object id="plat_1308213477347">
						<int id="platform_pc_perm">-1</int>
						<object id="start">
							<int id="y">-100</int>
							<int id="x">-1320</int>
						</object>
						<object id="end">
							<int id="y">-90</int>
							<int id="x">-1264</int>
						</object>
						<int id="platform_item_perm">-1</int>
					</object>
					<object id="plat_1308213477352">
						<int id="platform_pc_perm">-1</int>
						<object id="start">
							<int id="y">-66</int>
							<int id="x">-947</int>
						</object>
						<object id="end">
							<int id="y">-79</int>
							<int id="x">-816</int>
						</object>
						<int id="platform_item_perm">-1</int>
					</object>
					<object id="plat_1308213477370">
						<int id="platform_pc_perm">-1</int>
						<object id="start">
							<int id="y">-76</int>
							<int id="x">2265</int>
						</object>
						<object id="end">
							<int id="y">-78</int>
							<int id="x">2651</int>
						</object>
						<int id="platform_item_perm">-1</int>
					</object>
					<object id="plat_1308777548878">
						<int id="platform_pc_perm">-1</int>
						<object id="start">
							<int id="y">-49</int>
							<int id="x">-1612</int>
						</object>
						<object id="end">
							<int id="y">-66</int>
							<int id="x">-1587</int>
						</object>
						<int id="platform_item_perm">-1</int>
					</object>
					<object id="plat_1308213477372">
						<int id="platform_pc_perm">-1</int>
						<object id="start">
							<int id="y">-77</int>
							<int id="x">2934</int>
						</object>
						<object id="end">
							<int id="y">-74</int>
							<int id="x">2997</int>
						</object>
						<int id="platform_item_perm">-1</int>
					</object>
					<object id="plat_1308213477333">
						<int id="platform_pc_perm">-1</int>
						<object id="start">
							<int id="y">-80</int>
							<int id="x">-2998</int>
						</object>
						<object id="end">
							<int id="y">-70</int>
							<int id="x">-2796</int>
						</object>
						<int id="platform_item_perm">-1</int>
					</object>
					<object id="plat_1308213477371">
						<int id="platform_pc_perm">-1</int>
						<object id="start">
							<int id="y">-78</int>
							<int id="x">2651</int>
						</object>
						<object id="end">
							<int id="y">-77</int>
							<int id="x">2934</int>
						</object>
						<int id="platform_item_perm">-1</int>
					</object>
					<object id="plat_1308213477360">
						<int id="platform_pc_perm">-1</int>
						<object id="start">
							<int id="y">-70</int>
							<int id="x">777</int>
						</object>
						<object id="end">
							<int id="y">-80</int>
							<int id="x">821</int>
						</object>
						<int id="platform_item_perm">-1</int>
					</object>
					<object id="plat_1308213477349">
						<int id="platform_pc_perm">-1</int>
						<object id="start">
							<int id="y">-68</int>
							<int id="x">-1218</int>
						</object>
						<object id="end">
							<int id="y">-52</int>
							<int id="x">-1192</int>
						</object>
						<int id="platform_item_perm">-1</int>
					</object>
					<object id="plat_1308213477356">
						<int id="platform_pc_perm">-1</int>
						<object id="start">
							<int id="y">-77</int>
							<int id="x">41</int>
						</object>
						<object id="end">
							<int id="y">-66</int>
							<int id="x">276</int>
						</object>
						<int id="platform_item_perm">-1</int>
					</object>
					<object id="plat_1308213477359">
						<int id="platform_pc_perm">-1</int>
						<object id="start">
							<int id="y">-66</int>
							<int id="x">692</int>
						</object>
						<object id="end">
							<int id="y">-70</int>
							<int id="x">777</int>
						</object>
						<int id="platform_item_perm">-1</int>
					</object>
					<object id="plat_1308213477363">
						<int id="platform_pc_perm">-1</int>
						<object id="start">
							<int id="y">-84</int>
							<int id="x">938</int>
						</object>
						<object id="end">
							<int id="y">-76</int>
							<int id="x">989</int>
						</object>
						<int id="platform_item_perm">-1</int>
					</object>
					<object id="plat_1308213477368">
						<int id="platform_pc_perm">-1</int>
						<object id="start">
							<int id="y">-95</int>
							<int id="x">1542</int>
						</object>
						<object id="end">
							<int id="y">-87</int>
							<int id="x">1827</int>
						</object>
						<int id="platform_item_perm">-1</int>
					</object>
					<object id="plat_1308213477338">
						<int id="platform_pc_perm">-1</int>
						<object id="start">
							<int id="y">-89</int>
							<int id="x">-2212</int>
						</object>
						<object id="end">
							<int id="y">-66</int>
							<int id="x">-2020</int>
						</object>
						<int id="platform_item_perm">-1</int>
					</object>
					<object id="plat_1308213477344">
						<int id="platform_pc_perm">-1</int>
						<object id="start">
							<int id="y">-90</int>
							<int id="x">-1506</int>
						</object>
						<object id="end">
							<int id="y">-115</int>
							<int id="x">-1438</int>
						</object>
						<int id="platform_item_perm">-1</int>
					</object>
					<object id="plat_1308213477337">
						<int id="platform_pc_perm">-1</int>
						<object id="start">
							<int id="y">-85</int>
							<int id="x">-2341</int>
						</object>
						<object id="end">
							<int id="y">-89</int>
							<int id="x">-2212</int>
						</object>
						<int id="platform_item_perm">-1</int>
					</object>
					<object id="plat_1308213477348">
						<int id="platform_pc_perm">-1</int>
						<object id="start">
							<int id="y">-90</int>
							<int id="x">-1264</int>
						</object>
						<object id="end">
							<int id="y">-68</int>
							<int id="x">-1218</int>
						</object>
						<int id="platform_item_perm">-1</int>
					</object>
					<object id="plat_1308213477354">
						<int id="platform_pc_perm">-1</int>
						<object id="start">
							<int id="y">-81</int>
							<int id="x">-538</int>
						</object>
						<object id="end">
							<int id="y">-83</int>
							<int id="x">-216</int>
						</object>
						<int id="platform_item_perm">-1</int>
					</object>
					<object id="plat_1308213477353">
						<int id="platform_pc_perm">-1</int>
						<object id="start">
							<int id="y">-79</int>
							<int id="x">-816</int>
						</object>
						<object id="end">
							<int id="y">-81</int>
							<int id="x">-538</int>
						</object>
						<int id="platform_item_perm">-1</int>
					</object>
					<object id="plat_1308213477351">
						<int id="platform_pc_perm">-1</int>
						<object id="start">
							<int id="y">-46</int>
							<int id="x">-1108</int>
						</object>
						<object id="end">
							<int id="y">-66</int>
							<int id="x">-947</int>
						</object>
						<int id="platform_item_perm">-1</int>
					</object>
					<object id="plat_1308213477334">
						<int id="platform_pc_perm">-1</int>
						<object id="start">
							<int id="y">-70</int>
							<int id="x">-2796</int>
						</object>
						<object id="end">
							<int id="y">-70</int>
							<int id="x">-2643</int>
						</object>
						<int id="platform_item_perm">-1</int>
					</object>
					<object id="plat_1308213477365">
						<int id="platform_pc_perm">-1</int>
						<object id="start">
							<int id="y">-67</int>
							<int id="x">1037</int>
						</object>
						<object id="end">
							<int id="y">-70</int>
							<int id="x">1097</int>
						</object>
						<int id="platform_item_perm">-1</int>
					</object>
					<object id="plat_1308213477367">
						<int id="platform_pc_perm">-1</int>
						<object id="start">
							<int id="y">-86</int>
							<int id="x">1304</int>
						</object>
						<object id="end">
							<int id="y">-95</int>
							<int id="x">1542</int>
						</object>
						<int id="platform_item_perm">-1</int>
					</object>
					<object id="plat_1308213477339">
						<int id="platform_pc_perm">-1</int>
						<object id="start">
							<int id="y">-66</int>
							<int id="x">-2020</int>
						</object>
						<object id="end">
							<int id="y">-53</int>
							<int id="x">-1825</int>
						</object>
						<int id="platform_item_perm">-1</int>
					</object>
					<object id="plat_1308213477345">
						<int id="platform_pc_perm">-1</int>
						<object id="start">
							<int id="y">-115</int>
							<int id="x">-1438</int>
						</object>
						<object id="end">
							<int id="y">-116</int>
							<int id="x">-1386</int>
						</object>
						<int id="platform_item_perm">-1</int>
					</object>
					<object id="plat_1308213477355">
						<int id="platform_pc_perm">-1</int>
						<object id="start">
							<int id="y">-83</int>
							<int id="x">-216</int>
						</object>
						<object id="end">
							<int id="y">-77</int>
							<int id="x">41</int>
						</object>
						<int id="platform_item_perm">-1</int>
					</object>
					<object id="plat_1308213477350">
						<int id="platform_pc_perm">-1</int>
						<object id="start">
							<int id="y">-52</int>
							<int id="x">-1192</int>
						</object>
						<object id="end">
							<int id="y">-46</int>
							<int id="x">-1108</int>
						</object>
						<int id="platform_item_perm">-1</int>
					</object>
					<object id="plat_1308213477346">
						<int id="platform_pc_perm">-1</int>
						<object id="start">
							<int id="y">-116</int>
							<int id="x">-1386</int>
						</object>
						<object id="end">
							<int id="y">-100</int>
							<int id="x">-1320</int>
						</object>
						<int id="platform_item_perm">-1</int>
					</object>
					<object id="plat_1308777548879">
						<int id="platform_pc_perm">-1</int>
						<object id="start">
							<int id="y">-66</int>
							<int id="x">-1587</int>
						</object>
						<object id="end">
							<int id="y">-90</int>
							<int id="x">-1506</int>
						</object>
						<int id="platform_item_perm">-1</int>
					</object>
					<object id="plat_1308213477358">
						<int id="platform_pc_perm">-1</int>
						<object id="start">
							<int id="y">-65</int>
							<int id="x">495</int>
						</object>
						<object id="end">
							<int id="y">-66</int>
							<int id="x">692</int>
						</object>
						<int id="platform_item_perm">-1</int>
					</object>
					<object id="plat_1308213477364">
						<int id="platform_pc_perm">-1</int>
						<object id="start">
							<int id="y">-76</int>
							<int id="x">989</int>
						</object>
						<object id="end">
							<int id="y">-67</int>
							<int id="x">1037</int>
						</object>
						<int id="platform_item_perm">-1</int>
					</object>
					<object id="plat_1308213477357">
						<int id="platform_pc_perm">-1</int>
						<object id="start">
							<int id="y">-66</int>
							<int id="x">276</int>
						</object>
						<object id="end">
							<int id="y">-65</int>
							<int id="x">495</int>
						</object>
						<int id="platform_item_perm">-1</int>
					</object>
					<object id="plat_1308213477340">
						<int id="platform_pc_perm">-1</int>
						<object id="start">
							<int id="y">-53</int>
							<int id="x">-1825</int>
						</object>
						<object id="end">
							<int id="y">-49</int>
							<int id="x">-1612</int>
						</object>
						<int id="platform_item_perm">-1</int>
					</object>
					<object id="plat_1308213477361">
						<int id="platform_pc_perm">-1</int>
						<object id="start">
							<int id="y">-80</int>
							<int id="x">821</int>
						</object>
						<object id="end">
							<int id="y">-86</int>
							<int id="x">892</int>
						</object>
						<int id="platform_item_perm">-1</int>
					</object>
					<object id="plat_1308213477336">
						<int id="platform_pc_perm">-1</int>
						<object id="start">
							<int id="y">-66</int>
							<int id="x">-2472</int>
						</object>
						<object id="end">
							<int id="y">-85</int>
							<int id="x">-2341</int>
						</object>
						<int id="platform_item_perm">-1</int>
					</object>
					<object id="plat_1308213477362">
						<int id="platform_pc_perm">-1</int>
						<object id="start">
							<int id="y">-86</int>
							<int id="x">892</int>
						</object>
						<object id="end">
							<int id="y">-84</int>
							<int id="x">938</int>
						</object>
						<int id="platform_item_perm">-1</int>
					</object>
				</object>
				<object id="boxes">
				</object>
				<object id="filtersNEW">
					<object id="saturation">
						<int id="value">18</int>
					</object>
					<object id="tintColor">
						<int id="value">0</int>
					</object>
					<object id="contrast">
						<int id="value">0</int>
					</object>
					<object id="brightness">
						<int id="value">9</int>
					</object>
				</object>
				<int id="z">0</int>
				<object id="walls">
				</object>
				<object id="ladders">
				</object>
			</object>
			<object id="T_1307741552440">
				<object id="decos">
					<object id="lens_grass_1_1307987031066">
						<int id="w">125</int>
						<int id="z">38</int>
						<int id="x">4978</int>
						<int id="y">833</int>
						<int id="h">20</int>
						<str id="name">lens_grass_1_1307987031014</str>
						<str id="sprite_class">lens_grass_1</str>
					</object>
					<object id="lens_grass_1_1307987031065">
						<int id="w">125</int>
						<int id="z">37</int>
						<int id="x">4932</int>
						<int id="y">828</int>
						<int id="h">20</int>
						<str id="name">lens_grass_1_1307987031014</str>
						<str id="sprite_class">lens_grass_1</str>
					</object>
					<object id="lens_grass_1_1307992844142">
						<int id="w">103</int>
						<int id="z">47</int>
						<int id="x">3582</int>
						<int id="y">827</int>
						<int id="h">16</int>
						<str id="name">lens_grass_1_1307987031014</str>
						<str id="sprite_class">lens_grass_1</str>
					</object>
					<object id="lens_grass_1_1307987031048">
						<int id="w">97</int>
						<int id="z">29</int>
						<int id="x">305</int>
						<int id="y">793</int>
						<int id="h">24</int>
						<str id="name">lens_grass_1_1307987031014</str>
						<str id="sprite_class">lens_grass_1</str>
					</object>
					<object id="tree_acacia_2_1307992844131">
						<int id="w">301</int>
						<int id="z">41</int>
						<int id="x">4481</int>
						<int id="y">816</int>
						<int id="h">169</int>
						<str id="name">tree_acacia_2_1307749098540</str>
						<str id="sprite_class">tree_acacia_2</str>
					</object>
					<object id="tree_acacia_2_1307749098706">
						<int id="w">285</int>
						<int id="z">32</int>
						<int id="x">353</int>
						<int id="y">790</int>
						<int id="h">159</int>
						<str id="name">tree_acacia_2_1307749098540</str>
						<str id="sprite_class">tree_acacia_2</str>
					</object>
					<object id="lens_grass_1_1307987031044">
						<int id="w">125</int>
						<int id="z">11</int>
						<int id="x">769</int>
						<int id="y">797</int>
						<int id="h">20</int>
						<str id="name">lens_grass_1_1307987031014</str>
						<str id="sprite_class">lens_grass_1</str>
					</object>
					<object id="lens_grass_1_1307749098466">
						<int id="w">1282</int>
						<int id="z">2</int>
						<int id="r">1</int>
						<int id="x">5326</int>
						<int id="y">875</int>
						<int id="h">80</int>
						<str id="name">lens_grass_1_1307741552445</str>
						<str id="sprite_class">lens_grass_1</str>
					</object>
					<object id="lens_grass_2_1307741552470">
						<int id="w">1348</int>
						<int id="z">5</int>
						<int id="r">1</int>
						<int id="x">2667</int>
						<int id="y">863</int>
						<int id="h">73</int>
						<str id="name">lens_grass_2_1307741552444</str>
						<str id="sprite_class">lens_grass_2</str>
					</object>
					<object id="lens_grass_1_1307741552465">
						<int id="w">1317</int>
						<int id="z">9</int>
						<int id="r">1</int>
						<int id="x">871</int>
						<int id="y">861</int>
						<int id="h">86</int>
						<str id="name">lens_grass_1_1307741552445</str>
						<str id="sprite_class">lens_grass_1</str>
					</object>
					<object id="pampas_2_1307749098558">
						<int id="w">14</int>
						<int id="z">19</int>
						<int id="x">4490</int>
						<int id="y">814</int>
						<int id="h">22</int>
						<str id="name">pampas_2_1307749098499</str>
						<str id="sprite_class">pampas_2</str>
					</object>
					<object id="lens_grass_2_1307749098467">
						<int id="w">1280</int>
						<int id="z">15</int>
						<int id="r">1</int>
						<int id="x">4675</int>
						<int id="y">869</int>
						<int id="h">73</int>
						<str id="name">lens_grass_2_1307741552444</str>
						<str id="sprite_class">lens_grass_2</str>
					</object>
					<object id="lens_grass_1_1307992844138">
						<int id="w">103</int>
						<int id="z">43</int>
						<int id="x">3498</int>
						<int id="y">813</int>
						<int id="h">16</int>
						<str id="name">lens_grass_1_1307987031014</str>
						<str id="sprite_class">lens_grass_1</str>
					</object>
					<object id="lens_grass_2_1307741552468">
						<int id="w">1392</int>
						<int id="z">6</int>
						<int id="x">1421</int>
						<int id="y">855</int>
						<int id="h">75</int>
						<str id="name">lens_grass_2_1307741552444</str>
						<str id="sprite_class">lens_grass_2</str>
					</object>
					<object id="lens_grass_2_1307741552472">
						<int id="w">1242</int>
						<int id="z">3</int>
						<int id="r">-2</int>
						<int id="x">3671</int>
						<int id="y">851</int>
						<int id="h">59</int>
						<str id="name">lens_grass_2_1307741552444</str>
						<str id="sprite_class">lens_grass_2</str>
					</object>
					<object id="lens_grass_1_1307987031067">
						<int id="w">125</int>
						<int id="z">39</int>
						<int id="x">4763</int>
						<int id="y">835</int>
						<int id="h">20</int>
						<str id="name">lens_grass_1_1307987031014</str>
						<str id="sprite_class">lens_grass_1</str>
					</object>
					<object id="lens_grass_1_1307987031064">
						<int id="w">125</int>
						<int id="z">35</int>
						<int id="x">4871</int>
						<int id="y">820</int>
						<int id="h">20</int>
						<str id="name">lens_grass_1_1307987031014</str>
						<str id="sprite_class">lens_grass_1</str>
					</object>
					<object id="lens_grass_1_1307987031050">
						<int id="w">99</int>
						<int id="z">30</int>
						<int id="x">302</int>
						<int id="y">807</int>
						<int id="h">27</int>
						<str id="name">lens_grass_1_1307987031014</str>
						<str id="sprite_class">lens_grass_1</str>
					</object>
					<object id="lens_grass_1_1307992844139">
						<int id="w">103</int>
						<int id="z">44</int>
						<int id="x">3551</int>
						<int id="y">816</int>
						<int id="h">16</int>
						<str id="name">lens_grass_1_1307987031014</str>
						<str id="sprite_class">lens_grass_1</str>
					</object>
					<object id="lens_grass_1_1307987031063">
						<int id="w">125</int>
						<int id="z">36</int>
						<int id="x">4952</int>
						<int id="y">822</int>
						<int id="h">20</int>
						<str id="name">lens_grass_1_1307987031014</str>
						<str id="sprite_class">lens_grass_1</str>
					</object>
					<object id="tree_acacia_4_1307749098568">
						<int id="w">129</int>
						<int id="z">17</int>
						<int id="x">4531</int>
						<int id="y">806</int>
						<int id="h">98</int>
						<str id="name">tree_acacia_4_1307749098538</str>
						<str id="sprite_class">tree_acacia_4</str>
					</object>
					<object id="lens_grass_1_1307992844143">
						<int id="w">103</int>
						<int id="z">46</int>
						<int id="x">3633</int>
						<int id="y">821</int>
						<int id="h">16</int>
						<str id="name">lens_grass_1_1307987031014</str>
						<str id="sprite_class">lens_grass_1</str>
					</object>
					<object id="lens_grass_1_1307987031043">
						<int id="w">125</int>
						<int id="z">10</int>
						<int id="x">703</int>
						<int id="y">792</int>
						<int id="h">20</int>
						<str id="name">lens_grass_1_1307987031014</str>
						<str id="sprite_class">lens_grass_1</str>
					</object>
					<object id="lens_grass_1_1307987031049">
						<int id="w">117</int>
						<int id="z">28</int>
						<int id="x">260</int>
						<int id="y">785</int>
						<int id="h">17</int>
						<str id="name">lens_grass_1_1307987031014</str>
						<str id="sprite_class">lens_grass_1</str>
					</object>
					<object id="lens_grass_2_1307741552466">
						<int id="w">1202</int>
						<int id="z">8</int>
						<int id="x">232</int>
						<int id="y">838</int>
						<int id="h">72</int>
						<str id="name">lens_grass_2_1307741552444</str>
						<str id="sprite_class">lens_grass_2</str>
					</object>
					<object id="lens_grass_1_1307741552469">
						<int id="w">1229</int>
						<int id="z">14</int>
						<int id="x">3174</int>
						<int id="y">865</int>
						<int id="h">66</int>
						<str id="name">lens_grass_1_1307741552445</str>
						<str id="sprite_class">lens_grass_1</str>
					</object>
					<object id="lens_grass_1_1307987031051">
						<int id="w">99</int>
						<int id="z">31</int>
						<int id="x">186</int>
						<int id="y">790</int>
						<int id="h">22</int>
						<str id="name">lens_grass_1_1307987031014</str>
						<str id="sprite_class">lens_grass_1</str>
					</object>
					<object id="lens_grass_1_1307741552467">
						<int id="w">1426</int>
						<int id="z">7</int>
						<int id="r">1</int>
						<int id="x">2073</int>
						<int id="y">860</int>
						<int id="h">77</int>
						<str id="name">lens_grass_1_1307741552445</str>
						<str id="sprite_class">lens_grass_1</str>
					</object>
					<object id="lens_grass_1_1307992844141">
						<int id="w">103</int>
						<int id="z">45</int>
						<int id="x">3608</int>
						<int id="y">820</int>
						<int id="h">16</int>
						<str id="name">lens_grass_1_1307987031014</str>
						<str id="sprite_class">lens_grass_1</str>
					</object>
					<object id="lens_grass_1_1307987031045">
						<int id="w">97</int>
						<int id="z">12</int>
						<int id="x">760</int>
						<int id="y">808</int>
						<int id="h">24</int>
						<str id="name">lens_grass_1_1307987031014</str>
						<str id="sprite_class">lens_grass_1</str>
					</object>
					<object id="lens_grass_1_1307741552471">
						<int id="w">1172</int>
						<int id="z">4</int>
						<int id="x">4124</int>
						<int id="y">856</int>
						<int id="h">71</int>
						<str id="name">lens_grass_1_1307741552445</str>
						<str id="sprite_class">lens_grass_1</str>
					</object>
					<object id="lens_grass_1_1307987031046">
						<int id="w">97</int>
						<int id="z">13</int>
						<int id="x">799</int>
						<int id="y">815</int>
						<int id="h">24</int>
						<str id="name">lens_grass_1_1307987031014</str>
						<str id="sprite_class">lens_grass_1</str>
					</object>
					<object id="lens_grass_1_1307987031062">
						<int id="w">125</int>
						<int id="z">34</int>
						<int id="x">5009</int>
						<int id="y">815</int>
						<int id="h">20</int>
						<str id="name">lens_grass_1_1307987031014</str>
						<str id="sprite_class">lens_grass_1</str>
					</object>
				</object>
				<int id="w">5640</int>
				<int id="h">1000</int>
				<int id="z">-2</int>
				<object id="filtersNEW">
					<object id="saturation">
						<int id="value">10</int>
					</object>
					<object id="tintColor">
						<int id="value">0</int>
					</object>
					<object id="contrast">
						<int id="value">0</int>
					</object>
					<object id="blur">
						<int id="value">2</int>
					</object>
					<object id="brightness">
						<int id="value">20</int>
					</object>
				</object>
				<str id="name">bg_2</str>
			</object>
			<object id="T_1307741552438">
				<object id="decos">
					<object id="gravel_2_1308041830386">
						<int id="w">39</int>
						<int id="z">20</int>
						<int id="x">1608</int>
						<int id="y">959</int>
						<int id="h">22</int>
						<str id="name">gravel_2_1307741552484</str>
						<str id="sprite_class">gravel_2</str>
					</object>
					<object id="lens_grass_1_1307987031021">
						<int id="w">338</int>
						<int id="z">7</int>
						<int id="r">1</int>
						<int id="x">5069</int>
						<int id="y">971</int>
						<int id="h">55</int>
						<str id="name">lens_grass_1_1307987031014</str>
						<str id="sprite_class">lens_grass_1</str>
					</object>
					<object id="pampas_1_1307749098571">
						<int id="w">54</int>
						<int id="z">16</int>
						<int id="x">4408</int>
						<int id="y">977</int>
						<int id="h">79</int>
						<str id="name">pampas_1_1307749098498</str>
						<str id="sprite_class">pampas_1</str>
					</object>
					<object id="lens_grass_1_1307987031019">
						<int id="w">285</int>
						<int id="z">9</int>
						<int id="x">4824</int>
						<int id="y">967</int>
						<int id="h">51</int>
						<str id="name">lens_grass_1_1307987031014</str>
						<str id="sprite_class">lens_grass_1</str>
					</object>
					<object id="lens_grass_1_1308777548875">
						<int id="w">384</int>
						<int id="z">23</int>
						<int id="r">1</int>
						<int id="x">552</int>
						<int id="y">1020</int>
						<int id="h">89</int>
						<str id="name">lens_grass_1_1307987031014</str>
						<str id="sprite_class">lens_grass_1</str>
					</object>
					<object id="lens_grass_1_1307987031058">
						<int id="w">365</int>
						<int id="z">19</int>
						<int id="x">2405</int>
						<int id="y">1021</int>
						<int id="h">90</int>
						<str id="name">lens_grass_1_1307987031014</str>
						<str id="sprite_class">lens_grass_1</str>
					</object>
					<object id="stalagmite_base_2_1307749098615">
						<int id="w">227</int>
						<int id="z">2</int>
						<int id="x">207</int>
						<int id="y">986</int>
						<int id="h">34</int>
						<str id="name">stalagmite_base_2_1307741552480</str>
						<str id="sprite_class">stalagmite_base_2</str>
					</object>
					<object id="pampas_1_1307749098570">
						<int id="w">43</int>
						<int id="z">14</int>
						<int id="x">4494</int>
						<int id="y">960</int>
						<int id="h">63</int>
						<str id="name">pampas_1_1307749098498</str>
						<str id="sprite_class">pampas_1</str>
					</object>
					<object id="stalagmite_base_3_1307749098619">
						<int id="w">94</int>
						<int id="z">1</int>
						<int id="x">31</int>
						<int id="y">982</int>
						<int id="h">22</int>
						<str id="name">stalagmite_base_3_1307741552481</str>
						<str id="sprite_class">stalagmite_base_3</str>
					</object>
					<object id="stalagmite_base_3_1307749098617">
						<int id="w">236</int>
						<int id="z">0</int>
						<int id="x">275</int>
						<int id="y">973</int>
						<int id="h">43</int>
						<str id="name">stalagmite_base_3_1307741552481</str>
						<str id="sprite_class">stalagmite_base_3</str>
					</object>
					<object id="lens_grass_1_1307987031022">
						<int id="w">593</int>
						<int id="z">10</int>
						<int id="x">4577</int>
						<int id="y">1004</int>
						<int id="h">79</int>
						<str id="name">lens_grass_1_1307987031014</str>
						<str id="sprite_class">lens_grass_1</str>
					</object>
					<object id="lens_grass_1_1308777548876">
						<int id="w">365</int>
						<int id="z">22</int>
						<int id="x">909</int>
						<int id="y">1012</int>
						<int id="h">81</int>
						<str id="name">lens_grass_1_1307987031014</str>
						<str id="sprite_class">lens_grass_1</str>
					</object>
					<object id="gravel_2_1307749098654">
						<int id="w">44</int>
						<int id="z">6</int>
						<int id="x">171</int>
						<int id="y">992</int>
						<int id="h">24</int>
						<str id="name">gravel_2_1307741552484</str>
						<str id="sprite_class">gravel_2</str>
					</object>
					<object id="lens_grass_1_1307987031057">
						<int id="w">365</int>
						<int id="z">17</int>
						<int id="x">2613</int>
						<int id="y">987</int>
						<int id="h">61</int>
						<str id="name">lens_grass_1_1307987031014</str>
						<str id="sprite_class">lens_grass_1</str>
					</object>
					<object id="pampas_2_1307749098692">
						<int id="w">42</int>
						<int id="z">11</int>
						<int id="x">4967</int>
						<int id="y">958</int>
						<int id="h">65</int>
						<str id="name">pampas_2_1307749098499</str>
						<str id="sprite_class">pampas_2</str>
					</object>
					<object id="lens_grass_1_1307987031020">
						<int id="w">285</int>
						<int id="z">13</int>
						<int id="x">5105</int>
						<int id="y">988</int>
						<int id="h">60</int>
						<str id="name">lens_grass_1_1307987031014</str>
						<str id="sprite_class">lens_grass_1</str>
					</object>
					<object id="gravel_2_1307749098655">
						<int id="w">24</int>
						<int id="z">8</int>
						<int id="x">151</int>
						<int id="y">990</int>
						<int id="h">13</int>
						<str id="name">gravel_2_1307741552484</str>
						<str id="sprite_class">gravel_2</str>
					</object>
					<object id="stalagmite_base_1_1307749098618">
						<int id="w">82</int>
						<int id="z">4</int>
						<int id="x">178</int>
						<int id="y">971</int>
						<int id="h">22</int>
						<str id="name">stalagmite_base_1_1307741552479</str>
						<str id="sprite_class">stalagmite_base_1</str>
					</object>
					<object id="pampas_2_1308041830385">
						<int id="w">42</int>
						<int id="z">12</int>
						<int id="x">1590</int>
						<int id="y">953</int>
						<int id="h">64</int>
						<str id="name">pampas_2_1307749098499</str>
						<str id="sprite_class">pampas_2</str>
					</object>
					<object id="lens_grass_1_1307987031059">
						<int id="w">365</int>
						<int id="z">18</int>
						<int id="x">2168</int>
						<int id="y">988</int>
						<int id="h">63</int>
						<str id="name">lens_grass_1_1307987031014</str>
						<str id="sprite_class">lens_grass_1</str>
					</object>
					<object id="stalagmite_base_1_1307749098616">
						<int id="w">186</int>
						<int id="z">3</int>
						<int id="x">262</int>
						<int id="y">966</int>
						<int id="h">50</int>
						<str id="name">stalagmite_base_1_1307741552479</str>
						<str id="sprite_class">stalagmite_base_1</str>
					</object>
					<object id="lens_grass_1_1308777548877">
						<int id="w">446</int>
						<int id="z">21</int>
						<int id="r">1</int>
						<int id="x">761</int>
						<int id="y">979</int>
						<int id="h">63</int>
						<str id="name">lens_grass_1_1307987031014</str>
						<str id="sprite_class">lens_grass_1</str>
					</object>
					<object id="gravel_2_1307749098653">
						<int id="w">24</int>
						<int id="z">5</int>
						<int id="x">272</int>
						<int id="y">970</int>
						<int id="h">13</int>
						<str id="name">gravel_2_1307741552484</str>
						<str id="sprite_class">gravel_2</str>
					</object>
					<object id="tree_acacia_3_1307984015712">
						<int id="w">1678</int>
						<int id="z">15</int>
						<int id="x">4465</int>
						<int id="y">983</int>
						<int id="h">768</int>
						<str id="name">tree_acacia_3_1307749098496</str>
						<str id="sprite_class">tree_acacia_3</str>
					</object>
				</object>
				<int id="w">6000</int>
				<int id="h">1000</int>
				<int id="z">1</int>
				<object id="filtersNEW">
					<object id="saturation">
						<int id="value">18</int>
					</object>
					<object id="tintColor">
						<int id="value">0</int>
					</object>
					<object id="contrast">
						<int id="value">0</int>
					</object>
					<object id="brightness">
						<int id="value">9</int>
					</object>
				</object>
				<str id="name">middleplus</str>
			</object>
			<object id="T_1307741552442">
				<object id="decos">
					<object id="alakol_water_rock_2_1307749098575">
						<int id="w">19</int>
						<int id="z">2</int>
						<int id="x">3291</int>
						<int id="y">776</int>
						<int id="h">7</int>
						<str id="name">alakol_water_rock_2_1307749098574</str>
						<str id="sprite_class">alakol_water_rock_2</str>
					</object>
					<object id="alakol_water_rock_1_1307749098577">
						<int id="w">16</int>
						<int id="z">9</int>
						<int id="x">3228</int>
						<int id="y">783</int>
						<int id="h">13</int>
						<str id="name">alakol_water_rock_1_1307749098577</str>
						<str id="sprite_class">alakol_water_rock_1</str>
					</object>
					<object id="alakol_water_rock_2_1307749098576">
						<int id="w">43</int>
						<int id="z">19</int>
						<int id="x">3482</int>
						<int id="y">787</int>
						<int id="h">10</int>
						<str id="name">alakol_water_rock_2_1307749098574</str>
						<str id="sprite_class">alakol_water_rock_2</str>
					</object>
					<object id="lens_grass_2_1307749098475">
						<int id="w">1009</int>
						<int id="z">8</int>
						<int id="x">3136</int>
						<int id="y">831</int>
						<int id="h">55</int>
						<str id="name">lens_grass_2_1307741552444</str>
						<str id="sprite_class">lens_grass_2</str>
					</object>
					<object id="alakol_water_rock_1_1308037220491">
						<int id="w">37</int>
						<int id="z">29</int>
						<int id="x">1259</int>
						<int id="y">766</int>
						<int id="h">10</int>
						<str id="name">alakol_water_rock_1_1307749098577</str>
						<str id="sprite_class">alakol_water_rock_1</str>
					</object>
					<object id="lens_grass_1_1307749098476">
						<int id="w">1212</int>
						<int id="z">11</int>
						<int id="x">1869</int>
						<int id="y">832</int>
						<int id="h">68</int>
						<str id="name">lens_grass_1_1307741552445</str>
						<str id="sprite_class">lens_grass_1</str>
					</object>
					<object id="lens_grass_2_1307749098479">
						<int id="w">1152</int>
						<int id="z">12</int>
						<int id="r">1</int>
						<int id="x">1435</int>
						<int id="y">828</int>
						<int id="h">68</int>
						<str id="name">lens_grass_2_1307741552444</str>
						<str id="sprite_class">lens_grass_2</str>
					</object>
					<object id="alakol_cliff_1_1308210720153">
						<int id="w">49</int>
						<int id="z">36</int>
						<int id="x">1899</int>
						<int id="y">771</int>
						<int id="h">9</int>
						<str id="name">alakol_cliff_1_1307749098572</str>
						<str id="sprite_class">alakol_cliff_1</str>
					</object>
					<object id="alakol_water_rock_1_1307749098578">
						<int id="w">30</int>
						<int id="z">1</int>
						<int id="x">3253</int>
						<int id="y">777</int>
						<int id="h">9</int>
						<str id="name">alakol_water_rock_1_1307749098577</str>
						<str id="sprite_class">alakol_water_rock_1</str>
					</object>
					<object id="alakol_cliff_2_1308210720152">
						<int id="w">50</int>
						<int id="z">37</int>
						<int id="x">1924</int>
						<int id="y">775</int>
						<int id="h">9</int>
						<str id="name">alakol_cliff_2_1307749098573</str>
						<str id="sprite_class">alakol_cliff_2</str>
					</object>
					<object id="lens_grass_1_1307749098469">
						<int id="w">1140</int>
						<int id="z">6</int>
						<int id="x">4776</int>
						<int id="y">857</int>
						<int id="h">78</int>
						<str id="name">lens_grass_1_1307741552445</str>
						<str id="sprite_class">lens_grass_1</str>
					</object>
					<object id="tree_acacia_3_1307749098704">
						<int id="w">66</int>
						<int id="z">26</int>
						<int id="x">127</int>
						<int id="y">755</int>
						<int id="h">30</int>
						<str id="name">tree_acacia_3_1307749098496</str>
						<str id="sprite_class">tree_acacia_3</str>
					</object>
					<object id="tree_acacia_4_1308041830399">
						<int id="w">43</int>
						<int id="z">32</int>
						<int id="r">-11</int>
						<int id="x">2175</int>
						<bool id="h_flip">true</bool>
						<int id="y">773</int>
						<int id="h">36</int>
						<str id="name">tree_acacia_4_1307749098538</str>
						<str id="sprite_class">tree_acacia_4</str>
					</object>
					<object id="lens_grass_1_1307749098478">
						<int id="w">1089</int>
						<int id="z">13</int>
						<int id="x">892</int>
						<int id="y">827</int>
						<int id="h">69</int>
						<str id="name">lens_grass_1_1307741552445</str>
						<str id="sprite_class">lens_grass_1</str>
					</object>
					<object id="tree_acacia_2_1308041830398">
						<int id="w">54</int>
						<int id="z">33</int>
						<int id="x">2202</int>
						<int id="y">775</int>
						<int id="h">30</int>
						<str id="name">tree_acacia_2_1307749098540</str>
						<str id="sprite_class">tree_acacia_2</str>
					</object>
					<object id="lens_grass_1_1307749098472">
						<int id="w">1289</int>
						<int id="z">7</int>
						<int id="x">3702</int>
						<int id="y">850</int>
						<int id="h">81</int>
						<str id="name">lens_grass_1_1307741552445</str>
						<str id="sprite_class">lens_grass_1</str>
					</object>
					<object id="lens_grass_1_1307749098474">
						<int id="w">1322</int>
						<int id="z">10</int>
						<int id="x">2721</int>
						<int id="y">860</int>
						<int id="h">85</int>
						<str id="name">lens_grass_1_1307741552445</str>
						<str id="sprite_class">lens_grass_1</str>
					</object>
					<object id="alakol_water_rock_2_1308210720154">
						<int id="w">17</int>
						<int id="z">35</int>
						<int id="x">1897</int>
						<int id="y">767</int>
						<int id="h">9</int>
						<str id="name">alakol_water_rock_2_1307749098574</str>
						<str id="sprite_class">alakol_water_rock_2</str>
					</object>
					<object id="alakol_water_rock_1_1307987031088">
						<int id="w">23</int>
						<int id="z">28</int>
						<int id="x">2284</int>
						<int id="y">772</int>
						<int id="h">6</int>
						<str id="name">alakol_water_rock_1_1307749098577</str>
						<str id="sprite_class">alakol_water_rock_1</str>
					</object>
					<object id="tree_acacia_3_1307749098588">
						<int id="w">57</int>
						<int id="z">24</int>
						<int id="x">4406</int>
						<int id="y">782</int>
						<int id="h">26</int>
						<str id="name">tree_acacia_3_1307749098496</str>
						<str id="sprite_class">tree_acacia_3</str>
					</object>
					<object id="tree_acacia_4_1308041830400">
						<int id="w">55</int>
						<int id="z">31</int>
						<int id="x">2218</int>
						<bool id="h_flip">true</bool>
						<int id="y">774</int>
						<int id="h">42</int>
						<str id="name">tree_acacia_4_1307749098538</str>
						<str id="sprite_class">tree_acacia_4</str>
					</object>
					<object id="lens_grass_2_1307749098477">
						<int id="w">1106</int>
						<int id="z">3</int>
						<int id="r">1</int>
						<int id="x">2474</int>
						<int id="y">806</int>
						<int id="h">36</int>
						<str id="name">lens_grass_2_1307741552444</str>
						<str id="sprite_class">lens_grass_2</str>
					</object>
					<object id="alakol_water_rock_2_1307749098574">
						<int id="w">26</int>
						<int id="z">18</int>
						<int id="x">3274</int>
						<int id="y">789</int>
						<int id="h">10</int>
						<str id="name">alakol_water_rock_2_1307749098574</str>
						<str id="sprite_class">alakol_water_rock_2</str>
					</object>
					<object id="alakol_cliff_2_1307749098573">
						<int id="w">33</int>
						<int id="z">17</int>
						<int id="x">3271</int>
						<int id="y">775</int>
						<int id="h">6</int>
						<str id="name">alakol_cliff_2_1307749098573</str>
						<str id="sprite_class">alakol_cliff_2</str>
					</object>
					<object id="lens_grass_1_1307749098480">
						<int id="w">1063</int>
						<int id="z">15</int>
						<int id="x">449</int>
						<int id="y">838</int>
						<int id="h">85</int>
						<str id="name">lens_grass_1_1307741552445</str>
						<str id="sprite_class">lens_grass_1</str>
					</object>
					<object id="tree_acacia_2_1308041830390">
						<int id="w">55</int>
						<int id="z">30</int>
						<int id="x">634</int>
						<int id="y">767</int>
						<int id="h">31</int>
						<str id="name">tree_acacia_2_1307749098540</str>
						<str id="sprite_class">tree_acacia_2</str>
					</object>
					<object id="lens_grass_2_1307749098468">
						<int id="w">1035</int>
						<int id="z">5</int>
						<int id="r">1</int>
						<int id="x">5247</int>
						<int id="y">850</int>
						<int id="h">71</int>
						<str id="name">lens_grass_2_1307741552444</str>
						<str id="sprite_class">lens_grass_2</str>
					</object>
					<object id="lens_grass_2_1307749098473">
						<int id="w">1258</int>
						<int id="z">4</int>
						<int id="r">1</int>
						<int id="x">4283</int>
						<int id="y">841</int>
						<int id="h">71</int>
						<str id="name">lens_grass_2_1307741552444</str>
						<str id="sprite_class">lens_grass_2</str>
					</object>
					<object id="alakol_water_rock_1_1307749098579">
						<int id="w">26</int>
						<int id="z">20</int>
						<int id="x">3348</int>
						<int id="y">785</int>
						<int id="h">8</int>
						<str id="name">alakol_water_rock_1_1307749098577</str>
						<str id="sprite_class">alakol_water_rock_1</str>
					</object>
					<object id="alakol_cliff_1_1307749098572">
						<int id="w">116</int>
						<int id="z">16</int>
						<int id="r">-1</int>
						<int id="x">3281</int>
						<int id="y">784</int>
						<int id="h">11</int>
						<str id="name">alakol_cliff_1_1307749098572</str>
						<str id="sprite_class">alakol_cliff_1</str>
					</object>
					<object id="tree_acacia_3_1308041830389">
						<int id="w">56</int>
						<int id="z">27</int>
						<int id="x">572</int>
						<int id="y">763</int>
						<int id="h">26</int>
						<str id="name">tree_acacia_3_1307749098496</str>
						<str id="sprite_class">tree_acacia_3</str>
					</object>
					<object id="lens_grass_2_1307749098481">
						<int id="w">934</int>
						<int id="z">14</int>
						<int id="r">1</int>
						<int id="x">67</int>
						<int id="y">816</int>
						<int id="h">71</int>
						<str id="name">lens_grass_2_1307741552444</str>
						<str id="sprite_class">lens_grass_2</str>
					</object>
					<object id="tree_acacia_1_1307749098703">
						<int id="w">48</int>
						<int id="z">25</int>
						<int id="x">25</int>
						<int id="y">750</int>
						<int id="h">30</int>
						<str id="name">tree_acacia_1_1307749098552</str>
						<str id="sprite_class">tree_acacia_1</str>
					</object>
					<object id="alakol_water_rock_1_1308210720155">
						<int id="w">18</int>
						<int id="z">34</int>
						<int id="x">1920</int>
						<int id="y">772</int>
						<int id="h">11</int>
						<str id="name">alakol_water_rock_1_1307749098577</str>
						<str id="sprite_class">alakol_water_rock_1</str>
					</object>
					<object id="heights_bush_2_1307749098583">
						<int id="w">15</int>
						<int id="z">23</int>
						<int id="x">3250</int>
						<int id="y">786</int>
						<int id="h">7</int>
						<str id="name">heights_bush_2_1307741552493</str>
						<str id="sprite_class">heights_bush_2</str>
					</object>
				</object>
				<int id="w">5400</int>
				<int id="h">1000</int>
				<int id="z">-3</int>
				<object id="filtersNEW">
					<object id="saturation">
						<int id="value">6</int>
					</object>
					<object id="tintColor">
						<int id="value">0</int>
					</object>
					<object id="contrast">
						<int id="value">0</int>
					</object>
					<object id="blur">
						<int id="value">3</int>
					</object>
					<object id="brightness">
						<int id="value">25</int>
					</object>
				</object>
				<str id="name">bg_3</str>
			</object>
			<object id="T_1307741552441">
				<object id="decos">
					<object id="mountain_trees_darker_1_1308041830397">
						<int id="w">601</int>
						<int id="z">2</int>
						<int id="r">1</int>
						<int id="x">1046</int>
						<int id="y">801</int>
						<int id="h">89</int>
						<str id="name">mountain_trees_darker_1_1307749098702</str>
						<str id="sprite_class">mountain_trees_darker_1</str>
					</object>
					<object id="heights_bush_4_1307987031100">
						<int id="w">340</int>
						<int id="z">15</int>
						<int id="x">2169</int>
						<int id="y">781</int>
						<int id="h">30</int>
						<str id="name">heights_bush_4_1307741552494</str>
						<str id="sprite_class">heights_bush_4</str>
					</object>
					<object id="mountain_trees_darker_1_1307749098702">
						<int id="w">601</int>
						<int id="z">1</int>
						<int id="r">2</int>
						<int id="x">108</int>
						<int id="y">785</int>
						<int id="h">89</int>
						<str id="name">mountain_trees_darker_1_1307749098702</str>
						<str id="sprite_class">mountain_trees_darker_1</str>
					</object>
					<object id="heights_bush_4_1307749098699">
						<int id="w">340</int>
						<int id="z">6</int>
						<int id="r">2</int>
						<int id="x">32</int>
						<int id="y">762</int>
						<int id="h">37</int>
						<str id="name">heights_bush_4_1307741552494</str>
						<str id="sprite_class">heights_bush_4</str>
					</object>
					<object id="heights_bush_4_1307987031097">
						<int id="w">611</int>
						<int id="z">14</int>
						<int id="r">-1</int>
						<int id="x">1993</int>
						<int id="y">769</int>
						<int id="h">19</int>
						<str id="name">heights_bush_4_1307741552494</str>
						<str id="sprite_class">heights_bush_4</str>
					</object>
					<object id="cloud_fluffy_1_1307984015706">
						<int id="w">539</int>
						<int id="z">12</int>
						<int id="x">3601</int>
						<int id="y">743</int>
						<int id="h">59</int>
						<str id="name">cloud_fluffy_1_1307749098737</str>
						<str id="sprite_class">cloud_fluffy_1</str>
					</object>
					<object id="heights_bush_4_1307749098584">
						<int id="w">493</int>
						<int id="z">3</int>
						<int id="r">-2</int>
						<int id="x">3607</int>
						<int id="y">779</int>
						<int id="h">19</int>
						<str id="name">heights_bush_4_1307741552494</str>
						<str id="sprite_class">heights_bush_4</str>
					</object>
					<object id="cloud_fluffy_2_1307984015709">
						<int id="w">771</int>
						<int id="z">18</int>
						<int id="x">1348</int>
						<int id="y">733</int>
						<int id="h">82</int>
						<str id="name">cloud_fluffy_2_1307749098529</str>
						<str id="sprite_class">cloud_fluffy_2</str>
					</object>
					<object id="heights_bush_4_1307749098587">
						<int id="w">538</int>
						<int id="z">5</int>
						<int id="r">2</int>
						<int id="x">4156</int>
						<int id="y">782</int>
						<int id="h">23</int>
						<str id="name">heights_bush_4_1307741552494</str>
						<str id="sprite_class">heights_bush_4</str>
					</object>
					<object id="heights_bush_4_1307987031098">
						<int id="w">533</int>
						<int id="z">16</int>
						<int id="x">1779</int>
						<bool id="h_flip">true</bool>
						<int id="y">774</int>
						<int id="h">20</int>
						<str id="name">heights_bush_4_1307741552494</str>
						<str id="sprite_class">heights_bush_4</str>
					</object>
					<object id="heights_bush_4_1307987031102">
						<int id="w">421</int>
						<int id="z">17</int>
						<int id="r">1</int>
						<int id="x">2314</int>
						<int id="y">780</int>
						<int id="h">28</int>
						<str id="name">heights_bush_4_1307741552494</str>
						<str id="sprite_class">heights_bush_4</str>
					</object>
					<object id="cloud_fluffy_1_1307984015705">
						<int id="w">798</int>
						<int id="z">13</int>
						<int id="x">2339</int>
						<int id="y">729</int>
						<int id="h">119</int>
						<str id="name">cloud_fluffy_1_1307749098737</str>
						<str id="sprite_class">cloud_fluffy_1</str>
					</object>
					<object id="mountain_trees_darker_1_1307987031101">
						<int id="w">454</int>
						<int id="z">0</int>
						<int id="r">1</int>
						<int id="x">2165</int>
						<int id="y">784</int>
						<int id="h">72</int>
						<str id="name">mountain_trees_darker_1_1307749098702</str>
						<str id="sprite_class">mountain_trees_darker_1</str>
					</object>
					<object id="cloud_fluffy_1_1307984015708">
						<int id="w">798</int>
						<int id="z">10</int>
						<int id="x">517</int>
						<int id="y">686</int>
						<int id="h">119</int>
						<str id="name">cloud_fluffy_1_1307749098737</str>
						<str id="sprite_class">cloud_fluffy_1</str>
					</object>
					<object id="cloud_fluffy_2_1307984015711">
						<int id="w">1069</int>
						<int id="z">8</int>
						<int id="x">4644</int>
						<int id="y">733</int>
						<int id="h">114</int>
						<str id="name">cloud_fluffy_2_1307749098529</str>
						<str id="sprite_class">cloud_fluffy_2</str>
					</object>
					<object id="cloud_fluffy_1_1307984015707">
						<int id="w">1093</int>
						<int id="z">11</int>
						<int id="x">3931</int>
						<int id="y">536</int>
						<int id="h">163</int>
						<str id="name">cloud_fluffy_1_1307749098737</str>
						<str id="sprite_class">cloud_fluffy_1</str>
					</object>
					<object id="cloud_fluffy_2_1307984015710">
						<int id="w">1069</int>
						<int id="z">9</int>
						<int id="x">3181</int>
						<int id="y">720</int>
						<int id="h">114</int>
						<str id="name">cloud_fluffy_2_1307749098529</str>
						<str id="sprite_class">cloud_fluffy_2</str>
					</object>
					<object id="heights_bush_4_1307749098700">
						<int id="w">340</int>
						<int id="z">7</int>
						<int id="r">1</int>
						<int id="x">227</int>
						<int id="y">774</int>
						<int id="h">37</int>
						<str id="name">heights_bush_4_1307741552494</str>
						<str id="sprite_class">heights_bush_4</str>
					</object>
					<object id="heights_bush_4_1307749098585">
						<int id="w">473</int>
						<int id="z">4</int>
						<int id="r">-3</int>
						<int id="x">3825</int>
						<int id="y">779</int>
						<int id="h">23</int>
						<str id="name">heights_bush_4_1307741552494</str>
						<str id="sprite_class">heights_bush_4</str>
					</object>
				</object>
				<int id="w">5160</int>
				<int id="h">1000</int>
				<int id="z">-5</int>
				<object id="filtersNEW">
					<object id="contrast">
						<int id="value">-10</int>
					</object>
					<object id="blur">
						<int id="value">3</int>
					</object>
					<object id="saturation">
						<int id="value">-60</int>
					</object>
					<object id="tintColor">
						<int id="value">16763904</int>
					</object>
					<object id="tintAmount">
						<int id="value">80</int>
					</object>
					<object id="brightness">
						<int id="value">19</int>
					</object>
				</object>
				<str id="name">sky</str>
			</object>
			<object id="T_1307741552439">
				<object id="decos">
					<object id="stalagmite_base_3_1307749098627">
						<int id="w">93</int>
						<int id="z">26</int>
						<int id="x">901</int>
						<int id="y">837</int>
						<int id="h">19</int>
						<str id="name">stalagmite_base_3_1307741552481</str>
						<str id="sprite_class">stalagmite_base_3</str>
					</object>
					<object id="alakol_water_rock_2_1307749098606">
						<int id="w">141</int>
						<int id="z">3</int>
						<int id="x">3155</int>
						<int id="y">791</int>
						<int id="h">39</int>
						<str id="name">alakol_water_rock_2_1307749098574</str>
						<str id="sprite_class">alakol_water_rock_2</str>
					</object>
					<object id="lens_grass_1_1307987031052">
						<int id="w">213</int>
						<int id="z">39</int>
						<int id="x">3</int>
						<int id="y">856</int>
						<int id="h">45</int>
						<str id="name">lens_grass_1_1307987031014</str>
						<str id="sprite_class">lens_grass_1</str>
					</object>
					<object id="alakol_cliff_2_1307749098602">
						<int id="w">292</int>
						<int id="z">18</int>
						<int id="x">3102</int>
						<int id="y">849</int>
						<int id="h">73</int>
						<str id="name">alakol_cliff_2_1307749098573</str>
						<str id="sprite_class">alakol_cliff_2</str>
					</object>
					<object id="stalagmite_base_3_1307749098626">
						<int id="w">93</int>
						<int id="z">25</int>
						<int id="x">865</int>
						<int id="y">833</int>
						<int id="h">19</int>
						<str id="name">stalagmite_base_3_1307741552481</str>
						<str id="sprite_class">stalagmite_base_3</str>
					</object>
					<object id="tree_acacia_1_1307992844130">
						<int id="w">471</int>
						<int id="z">0</int>
						<int id="x">3067</int>
						<int id="y">818</int>
						<int id="h">294</int>
						<str id="name">tree_acacia_1_1307749098541</str>
						<str id="sprite_class">tree_acacia_1</str>
					</object>
					<object id="lens_grass_1_1307987031031">
						<int id="w">190</int>
						<int id="z">8</int>
						<int id="x">2477</int>
						<int id="y">884</int>
						<int id="h">40</int>
						<str id="name">lens_grass_1_1307987031014</str>
						<str id="sprite_class">lens_grass_1</str>
					</object>
					<object id="stalagmite_base_3_1307749098630">
						<int id="w">48</int>
						<int id="z">29</int>
						<int id="x">918</int>
						<int id="y">827</int>
						<int id="h">11</int>
						<str id="name">stalagmite_base_3_1307741552481</str>
						<str id="sprite_class">stalagmite_base_3</str>
					</object>
					<object id="stalagmite_base_1_1307749098628">
						<int id="w">45</int>
						<int id="z">27</int>
						<int id="x">863</int>
						<int id="y">825</int>
						<int id="h">18</int>
						<str id="name">stalagmite_base_1_1307741552479</str>
						<str id="sprite_class">stalagmite_base_1</str>
					</object>
					<object id="pampas_2_1307749098663">
						<int id="w">22</int>
						<int id="z">34</int>
						<int id="x">3214</int>
						<int id="y">847</int>
						<int id="h">34</int>
						<str id="name">pampas_2_1307749098499</str>
						<str id="sprite_class">pampas_2</str>
					</object>
					<object id="stalagmite_base_3_1307749098631">
						<int id="w">48</int>
						<int id="z">30</int>
						<int id="x">1031</int>
						<int id="y">853</int>
						<int id="h">11</int>
						<str id="name">stalagmite_base_3_1307741552481</str>
						<str id="sprite_class">stalagmite_base_3</str>
					</object>
					<object id="gravel_2_1307749098659">
						<int id="w">20</int>
						<int id="z">24</int>
						<int id="x">882</int>
						<int id="y">817</int>
						<int id="h">11</int>
						<str id="name">gravel_2_1307741552484</str>
						<str id="sprite_class">gravel_2</str>
					</object>
					<object id="alakol_water_rock_1_1307749098605">
						<int id="w">79</int>
						<int id="z">21</int>
						<int id="x">3280</int>
						<int id="y">849</int>
						<int id="h">44</int>
						<str id="name">alakol_water_rock_1_1307749098577</str>
						<str id="sprite_class">alakol_water_rock_1</str>
					</object>
					<object id="tree_acacia_2_1308037220490">
						<int id="w">606</int>
						<int id="z">42</int>
						<int id="x">1623</int>
						<int id="y">836</int>
						<int id="h">391</int>
						<str id="name">tree_acacia_2_1307749098540</str>
						<str id="sprite_class">tree_acacia_2</str>
					</object>
					<object id="alakol_water_rock_1_1307749098603">
						<int id="w">45</int>
						<int id="z">20</int>
						<int id="x">2951</int>
						<int id="y">839</int>
						<int id="h">28</int>
						<str id="name">alakol_water_rock_1_1307749098577</str>
						<str id="sprite_class">alakol_water_rock_1</str>
					</object>
					<object id="stalagmite_base_1_1307749098629">
						<int id="w">98</int>
						<int id="z">28</int>
						<int id="x">1008</int>
						<int id="y">852</int>
						<int id="h">26</int>
						<str id="name">stalagmite_base_1_1307741552479</str>
						<str id="sprite_class">stalagmite_base_1</str>
					</object>
					<object id="alakol_water_rock_2_1307749098604">
						<int id="w">117</int>
						<int id="z">19</int>
						<int id="x">3045</int>
						<int id="y">861</int>
						<int id="h">48</int>
						<str id="name">alakol_water_rock_2_1307749098574</str>
						<str id="sprite_class">alakol_water_rock_2</str>
					</object>
					<object id="lens_grass_1_1307987031070">
						<int id="w">241</int>
						<int id="z">41</int>
						<int id="x">4186</int>
						<int id="y">862</int>
						<int id="h">39</int>
						<str id="name">lens_grass_1_1307987031014</str>
						<str id="sprite_class">lens_grass_1</str>
					</object>
					<object id="lens_grass_1_1307987031069">
						<int id="w">241</int>
						<int id="z">40</int>
						<int id="x">4106</int>
						<int id="y">853</int>
						<int id="h">39</int>
						<str id="name">lens_grass_1_1307987031014</str>
						<str id="sprite_class">lens_grass_1</str>
					</object>
					<object id="lens_grass_1_1307741552458">
						<int id="w">1626</int>
						<int id="z">5</int>
						<int id="x">207</int>
						<int id="y">918</int>
						<int id="h">110</int>
						<str id="name">lens_grass_1_1307741552445</str>
						<str id="sprite_class">lens_grass_1</str>
					</object>
					<object id="lens_grass_1_1307987031040">
						<int id="w">190</int>
						<int id="z">16</int>
						<int id="x">2750</int>
						<int id="y">847</int>
						<int id="h">40</int>
						<str id="name">lens_grass_1_1307987031014</str>
						<str id="sprite_class">lens_grass_1</str>
					</object>
					<object id="lens_grass_1_1307987031095">
						<int id="w">186</int>
						<int id="z">37</int>
						<int id="x">1817</int>
						<int id="y">852</int>
						<int id="h">28</int>
						<str id="name">lens_grass_1_1307987031014</str>
						<str id="sprite_class">lens_grass_1</str>
					</object>
					<object id="lens_grass_2_1307741552460">
						<int id="w">1612</int>
						<int id="z">6</int>
						<int id="x">2620</int>
						<int id="y">907</int>
						<int id="h">95</int>
						<str id="name">lens_grass_2_1307741552444</str>
						<str id="sprite_class">lens_grass_2</str>
					</object>
					<object id="stalagmite_base_1_1307749098624">
						<int id="w">126</int>
						<int id="z">23</int>
						<int id="x">948</int>
						<int id="y">817</int>
						<int id="h">29</int>
						<str id="name">stalagmite_base_1_1307741552479</str>
						<str id="sprite_class">stalagmite_base_1</str>
					</object>
					<object id="gravel_2_1307749098661">
						<int id="w">20</int>
						<int id="z">32</int>
						<int id="x">952</int>
						<int id="y">834</int>
						<int id="h">11</int>
						<str id="name">gravel_2_1307741552484</str>
						<str id="sprite_class">gravel_2</str>
					</object>
					<object id="lens_grass_1_1307987031039">
						<int id="w">190</int>
						<int id="z">17</int>
						<int id="x">2886</int>
						<int id="y">855</int>
						<int id="h">40</int>
						<str id="name">lens_grass_1_1307987031014</str>
						<str id="sprite_class">lens_grass_1</str>
					</object>
					<object id="stalagmite_base_2_1307749098625">
						<int id="w">191</int>
						<int id="z">22</int>
						<int id="x">939</int>
						<int id="y">830</int>
						<int id="h">36</int>
						<str id="name">stalagmite_base_2_1307741552480</str>
						<str id="sprite_class">stalagmite_base_2</str>
					</object>
					<object id="pampas_2_1307749098731">
						<int id="w">18</int>
						<int id="z">38</int>
						<int id="x">1779</int>
						<int id="y">851</int>
						<int id="h">28</int>
						<str id="name">pampas_2_1307749098499</str>
						<str id="sprite_class">pampas_2</str>
					</object>
					<object id="lens_grass_2_1307741552462">
						<int id="w">2075</int>
						<int id="z">11</int>
						<int id="x">4457</int>
						<int id="y">913</int>
						<int id="h">97</int>
						<str id="name">lens_grass_2_1307741552444</str>
						<str id="sprite_class">lens_grass_2</str>
					</object>
					<object id="alakol_water_rock_2_1307749098607">
						<int id="w">141</int>
						<int id="z">2</int>
						<int id="x">3118</int>
						<int id="y">792</int>
						<int id="h">39</int>
						<str id="name">alakol_water_rock_2_1307749098574</str>
						<str id="sprite_class">alakol_water_rock_2</str>
					</object>
					<object id="lens_grass_1_1307741552463">
						<int id="w">1718</int>
						<int id="z">13</int>
						<int id="r">-1</int>
						<int id="x">5299</int>
						<int id="y">912</int>
						<int id="h">89</int>
						<str id="name">lens_grass_1_1307741552445</str>
						<str id="sprite_class">lens_grass_1</str>
					</object>
					<object id="lens_grass_1_1307741552459">
						<int id="w">1578</int>
						<int id="z">7</int>
						<int id="x">1745</int>
						<int id="y">911</int>
						<int id="h">104</int>
						<str id="name">lens_grass_1_1307741552445</str>
						<str id="sprite_class">lens_grass_1</str>
					</object>
					<object id="lens_grass_1_1307987031033">
						<int id="w">190</int>
						<int id="z">10</int>
						<int id="x">2237</int>
						<int id="y">904</int>
						<int id="h">40</int>
						<str id="name">lens_grass_1_1307987031014</str>
						<str id="sprite_class">lens_grass_1</str>
					</object>
					<object id="lens_grass_1_1307987031032">
						<int id="w">190</int>
						<int id="z">9</int>
						<int id="x">2332</int>
						<int id="y">897</int>
						<int id="h">40</int>
						<str id="name">lens_grass_1_1307987031014</str>
						<str id="sprite_class">lens_grass_1</str>
					</object>
					<object id="pampas_2_1307749098665">
						<int id="w">18</int>
						<int id="z">1</int>
						<int id="x">2956</int>
						<bool id="h_flip">true</bool>
						<int id="y">827</int>
						<int id="h">28</int>
						<str id="name">pampas_2_1307749098499</str>
						<str id="sprite_class">pampas_2</str>
					</object>
					<object id="lens_grass_1_1307987031042">
						<int id="w">186</int>
						<int id="z">36</int>
						<int id="x">1876</int>
						<int id="y">842</int>
						<int id="h">28</int>
						<str id="name">lens_grass_1_1307987031014</str>
						<str id="sprite_class">lens_grass_1</str>
					</object>
					<object id="tree_acacia_1_1307992844129">
						<int id="w">717</int>
						<int id="z">33</int>
						<int id="x">212</int>
						<int id="y">832</int>
						<int id="h">446</int>
						<str id="name">tree_acacia_1_1307749098552</str>
						<str id="sprite_class">tree_acacia_1</str>
					</object>
					<object id="lens_grass_2_1307741552457">
						<int id="w">1670</int>
						<int id="z">4</int>
						<int id="x">977</int>
						<int id="y">904</int>
						<int id="h">99</int>
						<str id="name">lens_grass_2_1307741552444</str>
						<str id="sprite_class">lens_grass_2</str>
					</object>
					<object id="lens_grass_1_1307741552461">
						<int id="w">1681</int>
						<int id="z">12</int>
						<int id="x">3590</int>
						<int id="y">927</int>
						<int id="h">110</int>
						<str id="name">lens_grass_1_1307741552445</str>
						<str id="sprite_class">lens_grass_1</str>
					</object>
				</object>
				<int id="w">5820</int>
				<int id="h">1000</int>
				<int id="z">-1</int>
				<object id="filtersNEW">
					<object id="saturation">
						<int id="value">13</int>
					</object>
					<object id="tintColor">
						<int id="value">0</int>
					</object>
					<object id="contrast">
						<int id="value">0</int>
					</object>
					<object id="brightness">
						<int id="value">13</int>
					</object>
				</object>
				<str id="name">bg_1</str>
			</object>
		</object>
		<null id="loading_label"/>
		<int id="ground_y">0</int>
		<int id="rookable_type">0</int>
		<null id="physics"/>
		<null id="img_file_versioned"/>
		<str id="tsid">LA515KVOUC42I7T</str>
		<str id="swf_file_versioned">http://c2.glitch.bz/locations/groddle1/1316726082.swf</str>
		<object id="gradient">
			<str id="top">7395BF</str>
			<str id="bottom">FFD859</str>
		</object>
		<object id="sources">
			<int id="LA5146P2JC42B1Q">1</int>
			<int id="LA51DET7GF42FKO">1</int>
			<int id="LA55S7P5RJ42VTG">1</int>
			<int id="LA5M6H0P2I42BQJ">1</int>
			<int id="LA514BBVLC423BJ">1</int>
			<int id="LA52G8H9PJ420LQ">1</int>
		</object>
		<str id="music_file"></str>
		<bool id="wall_jump">false</bool>
		<bool id="no_zoom">false</bool>
	</object>
</game_object>
