<game_object tsid="GA512V480J52NMN" ts="1346349296522" label="Boor Bane C" class_tsid="" lastUpdateTime="1346349286" upd_gs="gs11" load_time="2012-08-30 10:44:27.000" upd_time="2012-08-30 10:54:43.412">
	<object id="dynamic">
		<int id="l">-3000</int>
		<int id="r">3000</int>
		<int id="t">-1000</int>
		<int id="b">0</int>
		<str id="label">Boor Bane C</str>
		<str id="swf_file">groddle1.swf</str>
		<object id="layers">
			<object id="T_1307741552438">
				<str id="name">middleplus</str>
				<object id="decos">
					<object id="lens_grass_1_1308256230833">
						<int id="w">593</int>
						<str id="sprite_class">lens_grass_1</str>
						<int id="x">5368</int>
						<int id="y">1032</int>
						<str id="name">lens_grass_1_1307987031014</str>
						<int id="h">79</int>
						<int id="z">9</int>
					</object>
					<object id="pampas_2_1308256230836">
						<int id="w">63</int>
						<str id="sprite_class">pampas_2</str>
						<int id="x">5281</int>
						<int id="y">965</int>
						<str id="name">pampas_2_1307749098499</str>
						<int id="h">88</int>
						<int id="z">6</int>
					</object>
					<object id="pampas_2_1308256230837">
						<int id="w">47</int>
						<str id="sprite_class">pampas_2</str>
						<int id="r">-25</int>
						<int id="x">5265</int>
						<int id="y">961</int>
						<str id="name">pampas_2_1307749098499</str>
						<int id="h">73</int>
						<int id="z">7</int>
					</object>
					<object id="pampas_1_1308264891972">
						<int id="w">79</int>
						<str id="sprite_class">pampas_1</str>
						<int id="x">2423</int>
						<int id="y">1000</int>
						<str id="name">pampas_1_1307749098498</str>
						<int id="h">115</int>
						<int id="z">20</int>
					</object>
					<object id="lens_grass_1_1308256230834">
						<int id="w">445</int>
						<str id="sprite_class">lens_grass_1</str>
						<int id="x">5649</int>
						<int id="y">998</int>
						<str id="name">lens_grass_1_1307987031014</str>
						<int id="h">67</int>
						<int id="z">5</int>
					</object>
					<object id="lens_grass_1_1307987031059">
						<int id="w">356</int>
						<str id="sprite_class">lens_grass_1</str>
						<int id="x">2040</int>
						<int id="y">992</int>
						<str id="name">lens_grass_1_1307987031014</str>
						<int id="h">81</int>
						<int id="z">17</int>
					</object>
					<object id="lens_grass_1_1307987031057">
						<int id="w">365</int>
						<str id="sprite_class">lens_grass_1</str>
						<int id="x">2388</int>
						<int id="y">998</int>
						<str id="name">lens_grass_1_1307987031014</str>
						<int id="h">90</int>
						<int id="z">16</int>
					</object>
					<object id="lens_grass_1_1308264891971">
						<int id="w">388</int>
						<str id="sprite_class">lens_grass_1</str>
						<int id="x">2595</int>
						<int id="y">1023</int>
						<str id="name">lens_grass_1_1307987031014</str>
						<int id="h">91</int>
						<int id="z">19</int>
					</object>
					<object id="lens_grass_1_1307987031058">
						<int id="w">388</int>
						<str id="sprite_class">lens_grass_1</str>
						<int id="x">2221</int>
						<int id="y">1026</int>
						<str id="name">lens_grass_1_1307987031014</str>
						<int id="h">91</int>
						<int id="z">18</int>
					</object>
					<object id="lens_grass_1_1308256230847">
						<int id="w">397</int>
						<str id="sprite_class">lens_grass_1</str>
						<int id="x">3721</int>
						<int id="y">1026</int>
						<str id="name">lens_grass_1_1307987031014</str>
						<int id="h">80</int>
						<int id="z">4</int>
					</object>
					<object id="lens_grass_1_1307987031020">
						<int id="w">285</int>
						<str id="sprite_class">lens_grass_1</str>
						<int id="x">5054</int>
						<int id="y">1036</int>
						<str id="name">lens_grass_1_1307987031014</str>
						<int id="h">60</int>
						<int id="z">10</int>
					</object>
					<object id="lens_grass_1_1308256230848">
						<int id="w">397</int>
						<str id="sprite_class">lens_grass_1</str>
						<int id="x">3852</int>
						<int id="y">1002</int>
						<str id="name">lens_grass_1_1307987031014</str>
						<int id="h">80</int>
						<int id="z">3</int>
					</object>
					<object id="lens_grass_1_1307987031021">
						<int id="w">338</int>
						<str id="sprite_class">lens_grass_1</str>
						<int id="r">1</int>
						<int id="x">4895</int>
						<int id="y">1026</int>
						<str id="name">lens_grass_1_1307987031014</str>
						<int id="h">71</int>
						<int id="z">0</int>
					</object>
					<object id="lens_grass_1_1308256230835">
						<int id="w">359</int>
						<str id="sprite_class">lens_grass_1</str>
						<int id="x">5905</int>
						<int id="y">1021</int>
						<str id="name">lens_grass_1_1307987031014</str>
						<int id="h">81</int>
						<int id="z">8</int>
					</object>
				</object>
				<int id="w">6000</int>
				<int id="h">1000</int>
				<int id="z">1</int>
				<object id="filtersNEW">
					<object id="saturation">
						<int id="value">18</int>
					</object>
					<object id="tintColor">
						<int id="value">0</int>
					</object>
					<object id="contrast">
						<int id="value">0</int>
					</object>
					<object id="brightness">
						<int id="value">9</int>
					</object>
				</object>
			</object>
			<object id="T_1307741552439">
				<str id="name">bg_1</str>
				<object id="decos">
					<object id="lens_grass_1_1308264891975">
						<int id="w">135</int>
						<str id="sprite_class">lens_grass_1</str>
						<int id="r">1</int>
						<int id="x">2920</int>
						<int id="y">873</int>
						<str id="name">lens_grass_1_1307987031014</str>
						<int id="h">42</int>
						<int id="z">22</int>
					</object>
					<object id="lens_grass_1_1307987031033">
						<int id="w">190</int>
						<str id="sprite_class">lens_grass_1</str>
						<int id="x">2237</int>
						<int id="y">904</int>
						<str id="name">lens_grass_1_1307987031014</str>
						<int id="h">40</int>
						<int id="z">6</int>
					</object>
					<object id="heights_bush_2_1308264891977">
						<int id="w">82</int>
						<str id="sprite_class">heights_bush_2</str>
						<int id="x">3222</int>
						<int id="y">840</int>
						<str id="name">heights_bush_2_1308242885164</str>
						<int id="h">41</int>
						<int id="z">11</int>
					</object>
					<object id="lens_grass_1_1307741552463">
						<int id="w">1718</int>
						<str id="sprite_class">lens_grass_1</str>
						<int id="r">-1</int>
						<int id="x">5299</int>
						<int id="y">912</int>
						<str id="name">lens_grass_1_1307741552445</str>
						<int id="h">89</int>
						<int id="z">9</int>
					</object>
					<object id="lens_grass_1_1307741552458">
						<int id="w">1626</int>
						<str id="sprite_class">lens_grass_1</str>
						<int id="x">207</int>
						<int id="y">918</int>
						<str id="name">lens_grass_1_1307741552445</str>
						<int id="h">110</int>
						<int id="z">1</int>
					</object>
					<object id="alakol_water_rock_2_1308242885186">
						<int id="w">166</int>
						<str id="sprite_class">alakol_water_rock_2</str>
						<int id="x">3072</int>
						<int id="y">842</int>
						<str id="name">alakol_water_rock_2_1307749098574</str>
						<int id="h">63</int>
						<int id="z">20</int>
					</object>
					<object id="lens_grass_1_1307987031031">
						<int id="w">190</int>
						<str id="sprite_class">lens_grass_1</str>
						<int id="x">2456</int>
						<int id="y">884</int>
						<str id="name">lens_grass_1_1307987031014</str>
						<int id="h">40</int>
						<int id="z">4</int>
					</object>
					<object id="lens_grass_2_1307741552460">
						<int id="w">1612</int>
						<str id="sprite_class">lens_grass_2</str>
						<int id="x">2620</int>
						<int id="y">907</int>
						<str id="name">lens_grass_2_1307741552444</str>
						<int id="h">95</int>
						<int id="z">2</int>
					</object>
					<object id="lens_grass_1_1307987031052">
						<int id="w">213</int>
						<str id="sprite_class">lens_grass_1</str>
						<int id="x">3</int>
						<int id="y">856</int>
						<str id="name">lens_grass_1_1307987031014</str>
						<int id="h">45</int>
						<int id="z">27</int>
					</object>
					<object id="heights_bush_1_1308242885191">
						<int id="w">85</int>
						<str id="sprite_class">heights_bush_1</str>
						<int id="r">5</int>
						<int id="x">3104</int>
						<int id="y">849</int>
						<str id="name">heights_bush_1_1308242885191</str>
						<int id="h">50</int>
						<int id="z">26</int>
					</object>
					<object id="lens_grass_1_1307741552461">
						<int id="w">1681</int>
						<str id="sprite_class">lens_grass_1</str>
						<int id="x">3590</int>
						<int id="y">927</int>
						<str id="name">lens_grass_1_1307741552445</str>
						<int id="h">110</int>
						<int id="z">8</int>
					</object>
					<object id="lens_grass_1_1307987031032">
						<int id="w">190</int>
						<str id="sprite_class">lens_grass_1</str>
						<int id="x">2332</int>
						<int id="y">897</int>
						<str id="name">lens_grass_1_1307987031014</str>
						<int id="h">40</int>
						<int id="z">5</int>
					</object>
					<object id="lens_grass_1_1308264891974">
						<int id="w">135</int>
						<str id="sprite_class">lens_grass_1</str>
						<int id="r">-2</int>
						<int id="x">2998</int>
						<int id="y">863</int>
						<str id="name">lens_grass_1_1307987031014</str>
						<int id="h">42</int>
						<int id="z">21</int>
					</object>
					<object id="lens_grass_1_1307987031042">
						<int id="w">186</int>
						<str id="sprite_class">lens_grass_1</str>
						<int id="x">1876</int>
						<int id="y">842</int>
						<str id="name">lens_grass_1_1307987031014</str>
						<int id="h">28</int>
						<int id="z">14</int>
					</object>
					<object id="tree_acacia_3_1307749098496">
						<int id="w">863</int>
						<str id="sprite_class">tree_acacia_3</str>
						<int id="x">3223</int>
						<int id="y">839</int>
						<str id="name">tree_acacia_3_1307749098496</str>
						<int id="h">395</int>
						<int id="z">10</int>
					</object>
					<object id="lens_grass_1_1308242885190">
						<int id="w">241</int>
						<str id="sprite_class">lens_grass_1</str>
						<int id="x">4514</int>
						<int id="y">860</int>
						<str id="name">lens_grass_1_1307987031014</str>
						<int id="h">39</int>
						<int id="z">24</int>
					</object>
					<object id="alakol_water_rock_1_1308242885185">
						<int id="w">117</int>
						<str id="sprite_class">alakol_water_rock_1</str>
						<int id="x">3162</int>
						<int id="y">847</int>
						<str id="name">alakol_water_rock_1_1307749098577</str>
						<int id="h">61</int>
						<int id="z">23</int>
					</object>
					<object id="lens_grass_1_1307987031095">
						<int id="w">186</int>
						<str id="sprite_class">lens_grass_1</str>
						<int id="x">1817</int>
						<int id="y">852</int>
						<str id="name">lens_grass_1_1307987031014</str>
						<int id="h">28</int>
						<int id="z">15</int>
					</object>
					<object id="lens_grass_2_1307741552462">
						<int id="w">2075</int>
						<str id="sprite_class">lens_grass_2</str>
						<int id="x">4457</int>
						<int id="y">913</int>
						<str id="name">lens_grass_2_1307741552444</str>
						<int id="h">97</int>
						<int id="z">7</int>
					</object>
					<object id="lens_grass_1_1308264891993">
						<int id="w">207</int>
						<str id="sprite_class">lens_grass_1</str>
						<int id="x">1013</int>
						<int id="y">864</int>
						<str id="name">lens_grass_1_1307987031014</str>
						<int id="h">50</int>
						<int id="z">29</int>
					</object>
					<object id="lens_grass_1_1308242885189">
						<int id="w">241</int>
						<str id="sprite_class">lens_grass_1</str>
						<int id="x">4608</int>
						<int id="y">874</int>
						<str id="name">lens_grass_1_1307987031014</str>
						<int id="h">39</int>
						<int id="z">25</int>
					</object>
					<object id="lens_grass_1_1307741552459">
						<int id="w">1578</int>
						<str id="sprite_class">lens_grass_1</str>
						<int id="x">1745</int>
						<int id="y">911</int>
						<str id="name">lens_grass_1_1307741552445</str>
						<int id="h">104</int>
						<int id="z">3</int>
					</object>
					<object id="lens_grass_1_1307987031039">
						<int id="w">190</int>
						<str id="sprite_class">lens_grass_1</str>
						<int id="x">2886</int>
						<int id="y">855</int>
						<str id="name">lens_grass_1_1307987031014</str>
						<int id="h">40</int>
						<int id="z">13</int>
					</object>
					<object id="lens_grass_1_1307987031070">
						<int id="w">241</int>
						<str id="sprite_class">lens_grass_1</str>
						<int id="x">4186</int>
						<int id="y">862</int>
						<str id="name">lens_grass_1_1307987031014</str>
						<int id="h">39</int>
						<int id="z">17</int>
					</object>
					<object id="lens_grass_1_1307987031069">
						<int id="w">241</int>
						<str id="sprite_class">lens_grass_1</str>
						<int id="x">4106</int>
						<int id="y">853</int>
						<str id="name">lens_grass_1_1307987031014</str>
						<int id="h">39</int>
						<int id="z">16</int>
					</object>
					<object id="lens_grass_1_1307987031040">
						<int id="w">190</int>
						<str id="sprite_class">lens_grass_1</str>
						<int id="x">2750</int>
						<int id="y">847</int>
						<str id="name">lens_grass_1_1307987031014</str>
						<int id="h">40</int>
						<int id="z">12</int>
					</object>
					<object id="pampas_2_1308041830329">
						<int id="w">30</int>
						<str id="sprite_class">pampas_2</str>
						<int id="x">129</int>
						<int id="y">833</int>
						<str id="name">pampas_2_1307749098499</str>
						<int id="h">46</int>
						<int id="z">19</int>
					</object>
					<object id="lens_grass_2_1307741552457">
						<int id="w">1670</int>
						<str id="sprite_class">lens_grass_2</str>
						<int id="x">977</int>
						<int id="y">904</int>
						<str id="name">lens_grass_2_1307741552444</str>
						<int id="h">99</int>
						<int id="z">0</int>
					</object>
					<object id="lens_grass_1_1308264891992">
						<int id="w">207</int>
						<str id="sprite_class">lens_grass_1</str>
						<int id="x">1109</int>
						<int id="y">846</int>
						<str id="name">lens_grass_1_1307987031014</str>
						<int id="h">50</int>
						<int id="z">28</int>
					</object>
					<object id="tree_acacia_1_1308242885184">
						<int id="w">491</int>
						<str id="sprite_class">tree_acacia_1</str>
						<int id="x">111</int>
						<int id="y">832</int>
						<str id="name">tree_acacia_1_1307749098541</str>
						<int id="h">306</int>
						<int id="z">18</int>
					</object>
				</object>
				<int id="w">5820</int>
				<int id="h">1000</int>
				<int id="z">-1</int>
				<object id="filtersNEW">
					<object id="saturation">
						<int id="value">13</int>
					</object>
					<object id="tintColor">
						<int id="value">0</int>
					</object>
					<object id="contrast">
						<int id="value">0</int>
					</object>
					<object id="brightness">
						<int id="value">13</int>
					</object>
				</object>
			</object>
			<object id="T_1307741552440">
				<str id="name">bg_2</str>
				<object id="decos">
					<object id="lens_grass_2_1307741552468">
						<int id="w">1392</int>
						<str id="sprite_class">lens_grass_2</str>
						<int id="x">1421</int>
						<int id="y">855</int>
						<str id="name">lens_grass_2_1307741552444</str>
						<int id="h">75</int>
						<int id="z">4</int>
					</object>
					<object id="heights_bush_2_1307992844144">
						<int id="w">27</int>
						<str id="sprite_class">heights_bush_2</str>
						<bool id="h_flip">true</bool>
						<int id="x">4017</int>
						<int id="y">795</int>
						<str id="name">heights_bush_2_1307741552493</str>
						<int id="h">13</int>
						<int id="z">43</int>
					</object>
					<object id="heights_bush_2_1308264891957">
						<int id="w">35</int>
						<str id="sprite_class">heights_bush_2</str>
						<bool id="h_flip">true</bool>
						<int id="x">1938</int>
						<int id="y">796</int>
						<str id="name">heights_bush_2_1308242885164</str>
						<int id="h">18</int>
						<int id="z">26</int>
					</object>
					<object id="alakol_water_rock_2_1308264891958">
						<int id="w">51</int>
						<str id="sprite_class">alakol_water_rock_2</str>
						<int id="x">1871</int>
						<int id="y">793</int>
						<str id="name">alakol_water_rock_2_1307749098574</str>
						<int id="h">17</int>
						<int id="z">53</int>
					</object>
					<object id="lens_grass_1_1307749098466">
						<int id="w">1282</int>
						<str id="sprite_class">lens_grass_1</str>
						<int id="r">1</int>
						<int id="x">5326</int>
						<int id="y">875</int>
						<str id="name">lens_grass_1_1307741552445</str>
						<int id="h">80</int>
						<int id="z">0</int>
					</object>
					<object id="lens_grass_1_1307987031065">
						<int id="w">125</int>
						<str id="sprite_class">lens_grass_1</str>
						<int id="x">4932</int>
						<int id="y">828</int>
						<str id="name">lens_grass_1_1307987031014</str>
						<int id="h">20</int>
						<int id="z">30</int>
					</object>
					<object id="lens_grass_1_1307992844142">
						<int id="w">103</int>
						<str id="sprite_class">lens_grass_1</str>
						<int id="x">3582</int>
						<int id="y">827</int>
						<str id="name">lens_grass_1_1307987031014</str>
						<int id="h">16</int>
						<int id="z">42</int>
					</object>
					<object id="lens_grass_1_1307741552467">
						<int id="w">1426</int>
						<str id="sprite_class">lens_grass_1</str>
						<int id="r">1</int>
						<int id="x">2073</int>
						<int id="y">860</int>
						<str id="name">lens_grass_1_1307741552445</str>
						<int id="h">77</int>
						<int id="z">5</int>
					</object>
					<object id="pampas_2_1308041830332">
						<int id="w">14</int>
						<str id="sprite_class">pampas_2</str>
						<int id="r">20</int>
						<int id="x">428</int>
						<int id="y">795</int>
						<str id="name">pampas_2_1307749098499</str>
						<int id="h">21</int>
						<int id="z">51</int>
					</object>
					<object id="alakol_water_rock_2_1307992844133">
						<int id="w">61</int>
						<str id="sprite_class">alakol_water_rock_2</str>
						<int id="x">4015</int>
						<int id="y">796</int>
						<str id="name">alakol_water_rock_2_1307749098574</str>
						<int id="h">27</int>
						<int id="z">35</int>
					</object>
					<object id="lens_grass_1_1308264891989">
						<int id="w">97</int>
						<str id="sprite_class">lens_grass_1</str>
						<int id="x">1480</int>
						<int id="y">810</int>
						<str id="name">lens_grass_1_1307987031014</str>
						<int id="h">24</int>
						<int id="z">12</int>
					</object>
					<object id="alakol_water_rock_1_1308242885178">
						<int id="w">38</int>
						<str id="sprite_class">alakol_water_rock_1</str>
						<int id="x">369</int>
						<int id="y">789</int>
						<str id="name">alakol_water_rock_1_1307749098577</str>
						<int id="h">26</int>
						<int id="z">46</int>
					</object>
					<object id="lens_grass_1_1307992844141">
						<int id="w">103</int>
						<str id="sprite_class">lens_grass_1</str>
						<int id="x">3608</int>
						<int id="y">820</int>
						<str id="name">lens_grass_1_1307987031014</str>
						<int id="h">16</int>
						<int id="z">40</int>
					</object>
					<object id="lens_grass_2_1307741552466">
						<int id="w">1202</int>
						<str id="sprite_class">lens_grass_2</str>
						<int id="x">232</int>
						<int id="y">838</int>
						<str id="name">lens_grass_2_1307741552444</str>
						<int id="h">72</int>
						<int id="z">6</int>
					</object>
					<object id="tree_acacia_2_1307749098706">
						<int id="w">300</int>
						<str id="sprite_class">tree_acacia_2</str>
						<int id="x">361</int>
						<int id="y">789</int>
						<str id="name">tree_acacia_2_1307749098540</str>
						<int id="h">168</int>
						<int id="z">22</int>
					</object>
					<object id="lens_grass_1_1307741552469">
						<int id="w">1229</int>
						<str id="sprite_class">lens_grass_1</str>
						<int id="x">3174</int>
						<int id="y">865</int>
						<str id="name">lens_grass_1_1307741552445</str>
						<int id="h">66</int>
						<int id="z">15</int>
					</object>
					<object id="lens_grass_1_1307987031063">
						<int id="w">125</int>
						<str id="sprite_class">lens_grass_1</str>
						<int id="x">4952</int>
						<int id="y">822</int>
						<str id="name">lens_grass_1_1307987031014</str>
						<int id="h">20</int>
						<int id="z">29</int>
					</object>
					<object id="alakol_water_rock_1_1307992844134">
						<int id="w">28</int>
						<str id="sprite_class">alakol_water_rock_1</str>
						<int id="x">5595</int>
						<int id="y">819</int>
						<str id="name">alakol_water_rock_1_1307749098577</str>
						<int id="h">23</int>
						<int id="z">37</int>
					</object>
					<object id="lens_grass_1_1308264891990">
						<int id="w">97</int>
						<str id="sprite_class">lens_grass_1</str>
						<int id="x">1430</int>
						<int id="y">818</int>
						<str id="name">lens_grass_1_1307987031014</str>
						<int id="h">24</int>
						<int id="z">14</int>
					</object>
					<object id="lens_grass_2_1307749098467">
						<int id="w">1280</int>
						<str id="sprite_class">lens_grass_2</str>
						<int id="r">1</int>
						<int id="x">4675</int>
						<int id="y">869</int>
						<str id="name">lens_grass_2_1307741552444</str>
						<int id="h">73</int>
						<int id="z">16</int>
					</object>
					<object id="alakol_water_rock_1_1308242885179">
						<int id="w">38</int>
						<str id="sprite_class">alakol_water_rock_1</str>
						<int id="x">546</int>
						<int id="y">793</int>
						<str id="name">alakol_water_rock_1_1307749098577</str>
						<int id="h">26</int>
						<int id="z">47</int>
					</object>
					<object id="lens_grass_2_1307741552472">
						<int id="w">1242</int>
						<str id="sprite_class">lens_grass_2</str>
						<int id="r">-2</int>
						<int id="x">3671</int>
						<int id="y">851</int>
						<str id="name">lens_grass_2_1307741552444</str>
						<int id="h">59</int>
						<int id="z">1</int>
					</object>
					<object id="lens_grass_1_1307987031062">
						<int id="w">125</int>
						<str id="sprite_class">lens_grass_1</str>
						<int id="x">5009</int>
						<int id="y">815</int>
						<str id="name">lens_grass_1_1307987031014</str>
						<int id="h">20</int>
						<int id="z">27</int>
					</object>
					<object id="lens_grass_1_1307992844138">
						<int id="w">103</int>
						<str id="sprite_class">lens_grass_1</str>
						<int id="x">3498</int>
						<int id="y">813</int>
						<str id="name">lens_grass_1_1307987031014</str>
						<int id="h">16</int>
						<int id="z">38</int>
					</object>
					<object id="lens_grass_1_1307987031048">
						<int id="w">97</int>
						<str id="sprite_class">lens_grass_1</str>
						<int id="x">305</int>
						<int id="y">793</int>
						<str id="name">lens_grass_1_1307987031014</str>
						<int id="h">24</int>
						<int id="z">19</int>
					</object>
					<object id="heights_bush_2_1308264891954">
						<int id="w">27</int>
						<str id="sprite_class">heights_bush_2</str>
						<bool id="h_flip">true</bool>
						<int id="x">4076</int>
						<int id="y">794</int>
						<str id="name">heights_bush_2_1307741552493</str>
						<int id="h">13</int>
						<int id="z">44</int>
					</object>
					<object id="tree_acacia_2_1307992844131">
						<int id="w">268</int>
						<str id="sprite_class">tree_acacia_2</str>
						<int id="x">5609</int>
						<int id="y">816</int>
						<str id="name">tree_acacia_2_1307749098540</str>
						<int id="h">150</int>
						<int id="z">33</int>
					</object>
					<object id="pampas_2_1308041830331">
						<int id="w">17</int>
						<str id="sprite_class">pampas_2</str>
						<bool id="h_flip">true</bool>
						<int id="x">347</int>
						<int id="y">791</int>
						<str id="name">pampas_2_1307749098499</str>
						<int id="h">26</int>
						<int id="z">49</int>
						<int id="r">-10</int>
					</object>
					<object id="lens_grass_1_1307987031043">
						<int id="w">125</int>
						<str id="sprite_class">lens_grass_1</str>
						<int id="x">703</int>
						<int id="y">792</int>
						<str id="name">lens_grass_1_1307987031014</str>
						<int id="h">20</int>
						<int id="z">8</int>
					</object>
					<object id="tree_acacia_4_1307749098568">
						<int id="w">228</int>
						<str id="sprite_class">tree_acacia_4</str>
						<int id="x">4042</int>
						<int id="y">794</int>
						<str id="name">tree_acacia_4_1307749098538</str>
						<int id="h">174</int>
						<int id="z">17</int>
					</object>
					<object id="tree_acacia_1_1308264891956">
						<int id="w">242</int>
						<str id="sprite_class">tree_acacia_1</str>
						<int id="x">1970</int>
						<int id="y">792</int>
						<str id="name">tree_acacia_1_1307749098541</str>
						<int id="h">150</int>
						<int id="z">24</int>
					</object>
					<object id="pampas_2_1308242885180">
						<int id="w">16</int>
						<str id="sprite_class">pampas_2</str>
						<bool id="h_flip">true</bool>
						<int id="x">548</int>
						<int id="y">794</int>
						<str id="name">pampas_2_1307749098499</str>
						<int id="h">24</int>
						<int id="z">50</int>
						<int id="r">-10</int>
					</object>
					<object id="lens_grass_1_1307987031067">
						<int id="w">125</int>
						<str id="sprite_class">lens_grass_1</str>
						<int id="x">4763</int>
						<int id="y">835</int>
						<str id="name">lens_grass_1_1307987031014</str>
						<int id="h">20</int>
						<int id="z">32</int>
					</object>
					<object id="lens_grass_1_1307987031066">
						<int id="w">125</int>
						<str id="sprite_class">lens_grass_1</str>
						<int id="x">4978</int>
						<int id="y">833</int>
						<str id="name">lens_grass_1_1307987031014</str>
						<int id="h">20</int>
						<int id="z">31</int>
					</object>
					<object id="lens_grass_2_1307741552470">
						<int id="w">1348</int>
						<str id="sprite_class">lens_grass_2</str>
						<int id="r">1</int>
						<int id="x">2667</int>
						<int id="y">863</int>
						<str id="name">lens_grass_2_1307741552444</str>
						<int id="h">73</int>
						<int id="z">3</int>
					</object>
					<object id="lens_grass_1_1307741552471">
						<int id="w">1172</int>
						<str id="sprite_class">lens_grass_1</str>
						<int id="x">4124</int>
						<int id="y">856</int>
						<str id="name">lens_grass_1_1307741552445</str>
						<int id="h">71</int>
						<int id="z">2</int>
					</object>
					<object id="alakol_water_rock_2_1308242885176">
						<int id="w">99</int>
						<str id="sprite_class">alakol_water_rock_2</str>
						<int id="x">387</int>
						<int id="y">801</int>
						<str id="name">alakol_water_rock_2_1307749098574</str>
						<int id="h">33</int>
						<int id="z">48</int>
					</object>
					<object id="lens_grass_1_1307987031064">
						<int id="w">125</int>
						<str id="sprite_class">lens_grass_1</str>
						<int id="x">4871</int>
						<int id="y">820</int>
						<str id="name">lens_grass_1_1307987031014</str>
						<int id="h">20</int>
						<int id="z">28</int>
					</object>
					<object id="lens_grass_1_1307992844139">
						<int id="w">103</int>
						<str id="sprite_class">lens_grass_1</str>
						<int id="x">3551</int>
						<int id="y">816</int>
						<str id="name">lens_grass_1_1307987031014</str>
						<int id="h">16</int>
						<int id="z">39</int>
					</object>
					<object id="lens_grass_1_1307741552465">
						<int id="w">1317</int>
						<str id="sprite_class">lens_grass_1</str>
						<int id="r">1</int>
						<int id="x">871</int>
						<int id="y">861</int>
						<str id="name">lens_grass_1_1307741552445</str>
						<int id="h">86</int>
						<int id="z">7</int>
					</object>
					<object id="lens_grass_1_1307987031049">
						<int id="w">117</int>
						<str id="sprite_class">lens_grass_1</str>
						<int id="x">260</int>
						<int id="y">785</int>
						<str id="name">lens_grass_1_1307987031014</str>
						<int id="h">17</int>
						<int id="z">18</int>
					</object>
					<object id="heights_bush_2_1308242885183">
						<int id="w">35</int>
						<str id="sprite_class">heights_bush_2</str>
						<int id="x">1962</int>
						<int id="y">795</int>
						<str id="name">heights_bush_2_1308242885164</str>
						<int id="h">18</int>
						<int id="z">25</int>
					</object>
					<object id="lens_grass_1_1307987031051">
						<int id="w">99</int>
						<str id="sprite_class">lens_grass_1</str>
						<int id="x">186</int>
						<int id="y">790</int>
						<str id="name">lens_grass_1_1307987031014</str>
						<int id="h">22</int>
						<int id="z">21</int>
					</object>
					<object id="lens_grass_1_1307987031045">
						<int id="w">97</int>
						<str id="sprite_class">lens_grass_1</str>
						<int id="x">760</int>
						<int id="y">808</int>
						<str id="name">lens_grass_1_1307987031014</str>
						<int id="h">24</int>
						<int id="z">10</int>
					</object>
					<object id="lens_grass_1_1307987031046">
						<int id="w">97</int>
						<str id="sprite_class">lens_grass_1</str>
						<int id="x">799</int>
						<int id="y">815</int>
						<str id="name">lens_grass_1_1307987031014</str>
						<int id="h">24</int>
						<int id="z">11</int>
					</object>
					<object id="pampas_2_1308242885181">
						<int id="w">12</int>
						<str id="sprite_class">pampas_2</str>
						<int id="r">20</int>
						<int id="x">552</int>
						<int id="y">791</int>
						<str id="name">pampas_2_1307749098499</str>
						<int id="h">18</int>
						<int id="z">52</int>
					</object>
					<object id="lens_grass_1_1307987031050">
						<int id="w">99</int>
						<str id="sprite_class">lens_grass_1</str>
						<int id="x">302</int>
						<int id="y">807</int>
						<str id="name">lens_grass_1_1307987031014</str>
						<int id="h">27</int>
						<int id="z">20</int>
					</object>
					<object id="alakol_water_rock_1_1307992844132">
						<int id="w">44</int>
						<str id="sprite_class">alakol_water_rock_1</str>
						<int id="x">4046</int>
						<int id="y">796</int>
						<str id="name">alakol_water_rock_1_1307749098577</str>
						<int id="h">23</int>
						<int id="z">36</int>
					</object>
					<object id="lens_grass_1_1307987031044">
						<int id="w">125</int>
						<str id="sprite_class">lens_grass_1</str>
						<int id="x">769</int>
						<int id="y">797</int>
						<str id="name">lens_grass_1_1307987031014</str>
						<int id="h">20</int>
						<int id="z">9</int>
					</object>
					<object id="alakol_water_rock_1_1308242885177">
						<int id="w">96</int>
						<str id="sprite_class">alakol_water_rock_1</str>
						<int id="x">427</int>
						<int id="y">794</int>
						<str id="name">alakol_water_rock_1_1307749098577</str>
						<int id="h">27</int>
						<int id="z">45</int>
					</object>
					<object id="tree_acacia_3_1308242885182">
						<int id="w">333</int>
						<str id="sprite_class">tree_acacia_3</str>
						<int id="x">1898</int>
						<int id="y">792</int>
						<str id="name">tree_acacia_3_1307749098496</str>
						<int id="h">152</int>
						<int id="z">23</int>
					</object>
					<object id="alakol_water_rock_2_1308041830262">
						<int id="w">62</int>
						<str id="sprite_class">alakol_water_rock_2</str>
						<int id="x">4028</int>
						<int id="y">788</int>
						<str id="name">alakol_water_rock_2_1307749098574</str>
						<int id="h">26</int>
						<int id="z">34</int>
					</object>
					<object id="lens_grass_1_1307992844143">
						<int id="w">103</int>
						<str id="sprite_class">lens_grass_1</str>
						<int id="x">3633</int>
						<int id="y">821</int>
						<str id="name">lens_grass_1_1307987031014</str>
						<int id="h">16</int>
						<int id="z">41</int>
					</object>
				</object>
				<int id="w">5640</int>
				<int id="h">1000</int>
				<int id="z">-2</int>
				<object id="filtersNEW">
					<object id="saturation">
						<int id="value">10</int>
					</object>
					<object id="tintColor">
						<int id="value">0</int>
					</object>
					<object id="contrast">
						<int id="value">0</int>
					</object>
					<object id="blur">
						<int id="value">2</int>
					</object>
					<object id="brightness">
						<int id="value">20</int>
					</object>
				</object>
			</object>
			<object id="middleground">
				<object id="decos">
					<object id="lens_grass_1_1308264891962">
						<int id="w">365</int>
						<str id="sprite_class">lens_grass_1</str>
						<int id="x">-1433</int>
						<int id="y">-88</int>
						<str id="name">lens_grass_1_1307987031014</str>
						<int id="h">77</int>
						<int id="z">9</int>
					</object>
					<object id="lens_grass_1_1307987031061">
						<int id="w">285</int>
						<str id="sprite_class">lens_grass_1</str>
						<int id="r">3</int>
						<int id="x">361</int>
						<int id="y">-81</int>
						<str id="name">lens_grass_1_1307987031014</str>
						<int id="h">55</int>
						<int id="z">16</int>
					</object>
					<object id="lens_grass_1_1308905121206">
						<int id="w">593</int>
						<str id="sprite_class">lens_grass_1</str>
						<int id="x">1576</int>
						<int id="y">9</int>
						<str id="name">lens_grass_1_1307987031014</str>
						<int id="h">79</int>
						<int id="z">24</int>
					</object>
					<object id="lens_grass_2_1307741552447">
						<int id="w">2108</int>
						<str id="sprite_class">lens_grass_2</str>
						<int id="x">-73</int>
						<int id="y">18</int>
						<str id="name">lens_grass_2_1307741552444</str>
						<int id="h">161</int>
						<int id="z">6</int>
					</object>
					<object id="lens_grass_2_1307741552449">
						<int id="w">2108</int>
						<str id="sprite_class">lens_grass_2</str>
						<int id="x">1543</int>
						<int id="y">90</int>
						<str id="name">lens_grass_2_1307741552444</str>
						<int id="h">161</int>
						<int id="z">13</int>
					</object>
					<object id="lens_grass_1_1308905121211">
						<int id="w">365</int>
						<str id="sprite_class">lens_grass_1</str>
						<int id="x">-2303</int>
						<int id="y">-24</int>
						<str id="name">lens_grass_1_1307987031014</str>
						<int id="h">77</int>
						<int id="z">25</int>
					</object>
					<object id="lens_grass_1_1308905121208">
						<int id="w">631</int>
						<str id="sprite_class">lens_grass_1</str>
						<int id="x">-2749</int>
						<int id="y">61</int>
						<str id="name">lens_grass_1_1307987031014</str>
						<int id="h">130</int>
						<int id="z">28</int>
					</object>
					<object id="lens_grass_1_1307741552448">
						<int id="w">2026</int>
						<str id="sprite_class">lens_grass_1</str>
						<int id="x">556</int>
						<int id="y">76</int>
						<str id="name">lens_grass_1_1307741552445</str>
						<int id="h">202</int>
						<int id="z">12</int>
					</object>
					<object id="lens_grass_1_1308264891963">
						<int id="w">341</int>
						<str id="sprite_class">lens_grass_1</str>
						<int id="r">6</int>
						<int id="x">-1668</int>
						<int id="y">-92</int>
						<str id="name">lens_grass_1_1307987031014</str>
						<int id="h">55</int>
						<int id="z">10</int>
					</object>
					<object id="pampas_2_1308264891961">
						<int id="w">42</int>
						<str id="sprite_class">pampas_2</str>
						<bool id="h_flip">true</bool>
						<int id="x">-1285</int>
						<int id="y">-109</int>
						<str id="name">pampas_2_1307749098499</str>
						<int id="h">60</int>
						<int id="z">20</int>
					</object>
					<object id="lens_grass_1_1307741552445">
						<int id="w">2026</int>
						<str id="sprite_class">lens_grass_1</str>
						<int id="x">-1389</int>
						<int id="y">68</int>
						<str id="name">lens_grass_1_1307741552445</str>
						<int id="h">202</int>
						<int id="z">8</int>
					</object>
					<object id="lens_grass_2_1307741552453">
						<int id="w">2108</int>
						<str id="sprite_class">lens_grass_2</str>
						<int id="x">998</int>
						<int id="y">15</int>
						<str id="name">lens_grass_2_1307741552444</str>
						<int id="h">161</int>
						<int id="z">1</int>
					</object>
					<object id="lens_grass_1_1308256230839">
						<int id="w">246</int>
						<str id="sprite_class">lens_grass_1</str>
						<int id="x">2749</int>
						<int id="y">-105</int>
						<str id="name">lens_grass_1_1307987031014</str>
						<int id="h">44</int>
						<int id="z">17</int>
					</object>
					<object id="lens_grass_2_1307741552444">
						<int id="w">2108</int>
						<str id="sprite_class">lens_grass_2</str>
						<int id="x">-2527</int>
						<int id="y">19</int>
						<str id="name">lens_grass_2_1307741552444</str>
						<int id="h">161</int>
						<int id="z">7</int>
					</object>
					<object id="lens_grass_1_1308905121210">
						<int id="w">271</int>
						<str id="sprite_class">lens_grass_1</str>
						<int id="x">-2134</int>
						<int id="y">24</int>
						<str id="name">lens_grass_1_1307987031014</str>
						<int id="h">108</int>
						<int id="z">26</int>
					</object>
					<object id="lens_grass_2_1307741552456">
						<int id="w">2108</int>
						<str id="sprite_class">lens_grass_2</str>
						<int id="x">-1995</int>
						<int id="y">9</int>
						<str id="name">lens_grass_2_1307741552444</str>
						<int id="h">161</int>
						<int id="z">0</int>
					</object>
					<object id="lens_grass_2_1307741552454">
						<int id="w">2108</int>
						<str id="sprite_class">lens_grass_2</str>
						<int id="x">1694</int>
						<int id="y">23</int>
						<str id="name">lens_grass_2_1307741552444</str>
						<int id="h">161</int>
						<int id="z">2</int>
					</object>
					<object id="lens_grass_1_1308256230840">
						<int id="w">298</int>
						<str id="sprite_class">lens_grass_1</str>
						<int id="x">2920</int>
						<int id="y">-74</int>
						<str id="name">lens_grass_1_1307987031014</str>
						<int id="h">67</int>
						<int id="z">18</int>
					</object>
					<object id="pampas_2_1308264891979">
						<int id="w">38</int>
						<str id="sprite_class">pampas_2</str>
						<int id="r">-10</int>
						<int id="x">2613</int>
						<int id="y">-112</int>
						<str id="name">pampas_2_1307749098499</str>
						<int id="h">61</int>
						<int id="z">22</int>
					</object>
					<object id="lens_grass_1_1308905121207">
						<int id="w">285</int>
						<str id="sprite_class">lens_grass_1</str>
						<int id="x">1823</int>
						<int id="y">-28</int>
						<str id="name">lens_grass_1_1307987031014</str>
						<int id="h">60</int>
						<int id="z">23</int>
					</object>
					<object id="tree_acacia_4_1308264891960">
						<int id="w">873</int>
						<str id="sprite_class">tree_acacia_4</str>
						<int id="x">-1304</int>
						<int id="y">-105</int>
						<str id="name">tree_acacia_4_1307749098538</str>
						<int id="h">666</int>
						<int id="z">19</int>
					</object>
					<object id="lens_grass_1_1307987031060">
						<int id="w">285</int>
						<str id="sprite_class">lens_grass_1</str>
						<int id="r">1</int>
						<int id="x">460</int>
						<int id="y">-89</int>
						<str id="name">lens_grass_1_1307987031014</str>
						<int id="h">55</int>
						<int id="z">15</int>
					</object>
					<object id="lens_grass_2_1307741552452">
						<int id="w">2108</int>
						<str id="sprite_class">lens_grass_2</str>
						<int id="x">2875</int>
						<int id="y">18</int>
						<str id="name">lens_grass_2_1307741552444</str>
						<int id="h">151</int>
						<int id="z">3</int>
					</object>
					<object id="tree_acacia_2_1308264891978">
						<int id="w">1120</int>
						<str id="sprite_class">tree_acacia_2</str>
						<int id="x">2579</int>
						<int id="y">-107</int>
						<str id="name">tree_acacia_2_1307749098540</str>
						<int id="h">626</int>
						<int id="z">21</int>
					</object>
					<object id="lens_grass_1_1308905121209">
						<int id="w">365</int>
						<str id="sprite_class">lens_grass_1</str>
						<int id="x">-2468</int>
						<int id="y">16</int>
						<str id="name">lens_grass_1_1307987031014</str>
						<int id="h">100</int>
						<int id="z">27</int>
					</object>
					<object id="lens_grass_2_1307741552450">
						<int id="w">2108</int>
						<str id="sprite_class">lens_grass_2</str>
						<int id="r">2</int>
						<int id="x">1593</int>
						<int id="y">52</int>
						<str id="name">lens_grass_2_1307741552444</str>
						<int id="h">161</int>
						<int id="z">5</int>
					</object>
					<object id="lens_grass_2_1307741552446">
						<int id="w">2108</int>
						<str id="sprite_class">lens_grass_2</str>
						<int id="x">-359</int>
						<int id="y">92</int>
						<str id="name">lens_grass_2_1307741552444</str>
						<int id="h">161</int>
						<int id="z">11</int>
					</object>
					<object id="lens_grass_2_1307741552455">
						<int id="w">2108</int>
						<str id="sprite_class">lens_grass_2</str>
						<int id="x">-158</int>
						<int id="y">93</int>
						<str id="name">lens_grass_2_1307741552444</str>
						<int id="h">161</int>
						<int id="z">14</int>
					</object>
					<object id="lens_grass_2_1307741552451">
						<int id="w">2108</int>
						<str id="sprite_class">lens_grass_2</str>
						<int id="x">2285</int>
						<int id="y">33</int>
						<str id="name">lens_grass_2_1307741552444</str>
						<int id="h">161</int>
						<int id="z">4</int>
					</object>
				</object>
				<str id="name">middleground</str>
				<object id="doors">
				</object>
				<object id="signposts">
					<object id="signpost_1">
						<int id="y">-88</int>
						<int id="h">200</int>
						<int id="w">100</int>
						<int id="x">-2773</int>
						<object id="connects">
							<object id="0">
								<str id="hub_id">91</str>
								<str id="swf_file_versioned">http://c2.glitch.bz/locations/groddle1/1328057050.swf</str>
								<int id="x">2693</int>
								<int id="y">-70</int>
								<str id="mote_id">9</str>
								<objref id="target" tsid="LA5131390J52DJR" label="Boor Bane B"/>
							</object>
							<object id="1">
								<str id="hub_id">91</str>
								<str id="swf_file_versioned">http://c2.glitch.bz/locations/groddle1/1328057050.swf</str>
								<int id="x">2663</int>
								<int id="y">-145</int>
								<str id="mote_id">9</str>
								<objref id="target" tsid="LA5138OK0J526HB" label="Chuff Chase 1"/>
							</object>
							<object id="2">
								<str id="hub_id">91</str>
								<str id="swf_file_versioned">http://c2.glitch.bz/locations/groddle1/1328057050.swf</str>
								<int id="x">-2655</int>
								<int id="y">-122</int>
								<str id="mote_id">9</str>
								<objref id="target" tsid="LA5145S31J52BA2" label="Chuff Chase 2"/>
							</object>
						</object>
					</object>
					<object id="signpost_2">
						<int id="y">-114</int>
						<int id="h">200</int>
						<int id="w">100</int>
						<int id="x">2819</int>
						<str id="id">signpost_2</str>
						<object id="connects">
							<object id="0">
								<str id="hub_id">91</str>
								<str id="swf_file_versioned">http://c2.glitch.bz/locations/groddle1/1328057050.swf</str>
								<int id="x">-2670</int>
								<int id="y">-107</int>
								<str id="mote_id">9</str>
								<objref id="target" tsid="LA5139FL0J52SP5" label="Boor Bane D"/>
							</object>
							<object id="1">
								<str id="hub_id">91</str>
								<str id="swf_file_versioned">http://c2.glitch.bz/locations/groddle1/1328057050.swf</str>
								<int id="x">2663</int>
								<int id="y">-377</int>
								<str id="mote_id">9</str>
								<objref id="target" tsid="LA5143921J52F9U" label="Rube&apos;s Way 2"/>
							</object>
							<object id="2">
								<str id="hub_id">91</str>
								<str id="swf_file_versioned">http://c2.glitch.bz/locations/groddle1/1328057050.swf</str>
								<int id="x">-2662</int>
								<int id="y">-92</int>
								<str id="mote_id">9</str>
								<objref id="target" tsid="LA513JAO0J5220P" label="Rube&apos;s Way 3"/>
							</object>
						</object>
					</object>
				</object>
				<int id="h">1000</int>
				<object id="filtersNEW">
					<object id="saturation">
						<int id="value">18</int>
					</object>
					<object id="tintColor">
						<int id="value">0</int>
					</object>
					<object id="contrast">
						<int id="value">0</int>
					</object>
					<object id="brightness">
						<int id="value">9</int>
					</object>
				</object>
				<int id="w">6000</int>
				<object id="walls">
				</object>
				<object id="boxes">
				</object>
				<object id="targets">
				</object>
				<int id="z">0</int>
				<object id="platform_lines">
					<object id="plat_1308264891987">
						<int id="platform_pc_perm">-1</int>
						<object id="start">
							<int id="y">-90</int>
							<int id="x">2807</int>
						</object>
						<object id="end">
							<int id="y">-104</int>
							<int id="x">2848</int>
						</object>
						<int id="platform_item_perm">-1</int>
					</object>
					<object id="plat_1308264891967">
						<int id="platform_pc_perm">-1</int>
						<object id="start">
							<int id="y">-82</int>
							<int id="x">-1873</int>
						</object>
						<object id="end">
							<int id="y">-63</int>
							<int id="x">-1646</int>
						</object>
						<int id="platform_item_perm">-1</int>
					</object>
					<object id="plat_1308264891985">
						<int id="platform_pc_perm">-1</int>
						<object id="start">
							<int id="y">-87</int>
							<int id="x">2031</int>
						</object>
						<object id="end">
							<int id="y">-79</int>
							<int id="x">2297</int>
						</object>
						<int id="platform_item_perm">-1</int>
					</object>
					<object id="plat_1308264891966">
						<int id="platform_pc_perm">-1</int>
						<object id="start">
							<int id="y">-83</int>
							<int id="x">-2187</int>
						</object>
						<object id="end">
							<int id="y">-82</int>
							<int id="x">-1873</int>
						</object>
						<int id="platform_item_perm">-1</int>
					</object>
					<object id="plat_1308264891965">
						<int id="platform_pc_perm">-1</int>
						<object id="start">
							<int id="y">-71</int>
							<int id="x">-2999</int>
						</object>
						<object id="end">
							<int id="y">-83</int>
							<int id="x">-2187</int>
						</object>
						<int id="platform_item_perm">-1</int>
					</object>
					<object id="plat_1308264891970">
						<int id="platform_pc_perm">-1</int>
						<object id="start">
							<int id="y">-97</int>
							<int id="x">-1092</int>
						</object>
						<object id="end">
							<int id="y">-86</int>
							<int id="x">-268</int>
						</object>
						<int id="platform_item_perm">-1</int>
					</object>
					<object id="plat_1308264891969">
						<int id="platform_pc_perm">-1</int>
						<object id="start">
							<int id="y">-74</int>
							<int id="x">-1384</int>
						</object>
						<object id="end">
							<int id="y">-97</int>
							<int id="x">-1092</int>
						</object>
						<int id="platform_item_perm">-1</int>
					</object>
					<object id="plat_1308264891982">
						<int id="platform_pc_perm">-1</int>
						<object id="start">
							<int id="y">-67</int>
							<int id="x">356</int>
						</object>
						<object id="end">
							<int id="y">-62</int>
							<int id="x">493</int>
						</object>
						<int id="platform_item_perm">-1</int>
					</object>
					<object id="plat_1308264891986">
						<int id="platform_pc_perm">-1</int>
						<object id="start">
							<int id="y">-79</int>
							<int id="x">2297</int>
						</object>
						<object id="end">
							<int id="y">-90</int>
							<int id="x">2807</int>
						</object>
						<int id="platform_item_perm">-1</int>
					</object>
					<object id="plat_1308264891980">
						<int id="platform_pc_perm">-1</int>
						<object id="start">
							<int id="y">-86</int>
							<int id="x">-268</int>
						</object>
						<object id="end">
							<int id="y">-82</int>
							<int id="x">177</int>
						</object>
						<int id="platform_item_perm">-1</int>
					</object>
					<object id="plat_1308264891984">
						<int id="platform_pc_perm">-1</int>
						<object id="start">
							<int id="y">-99</int>
							<int id="x">765</int>
						</object>
						<object id="end">
							<int id="y">-87</int>
							<int id="x">2031</int>
						</object>
						<int id="platform_item_perm">-1</int>
					</object>
					<object id="plat_1308264891968">
						<int id="platform_pc_perm">-1</int>
						<object id="start">
							<int id="y">-63</int>
							<int id="x">-1646</int>
						</object>
						<object id="end">
							<int id="y">-74</int>
							<int id="x">-1384</int>
						</object>
						<int id="platform_item_perm">-1</int>
					</object>
					<object id="plat_1308264891983">
						<int id="platform_pc_perm">-1</int>
						<object id="start">
							<int id="y">-62</int>
							<int id="x">493</int>
						</object>
						<object id="end">
							<int id="y">-99</int>
							<int id="x">765</int>
						</object>
						<int id="platform_item_perm">-1</int>
					</object>
					<object id="plat_1308264891981">
						<int id="platform_pc_perm">-1</int>
						<object id="start">
							<int id="y">-82</int>
							<int id="x">177</int>
						</object>
						<object id="end">
							<int id="y">-67</int>
							<int id="x">356</int>
						</object>
						<int id="platform_item_perm">-1</int>
					</object>
					<object id="plat_1308264891988">
						<int id="platform_pc_perm">-1</int>
						<object id="start">
							<int id="y">-104</int>
							<int id="x">2848</int>
						</object>
						<object id="end">
							<int id="y">-108</int>
							<int id="x">2999</int>
						</object>
						<int id="platform_item_perm">-1</int>
					</object>
				</object>
				<object id="ladders">
				</object>
			</object>
			<object id="T_1307741552441">
				<str id="name">sky</str>
				<object id="decos">
					<object id="cloud_fluffy_1_1307984015708">
						<int id="w">944</int>
						<str id="sprite_class">cloud_fluffy_1</str>
						<int id="x">365</int>
						<int id="y">725</int>
						<str id="name">cloud_fluffy_1_1307749098737</str>
						<int id="h">119</int>
						<int id="z">3</int>
					</object>
					<object id="cloud_fluffy_2_1307984015709">
						<int id="w">964</int>
						<str id="sprite_class">cloud_fluffy_2</str>
						<int id="x">1339</int>
						<int id="y">742</int>
						<str id="name">cloud_fluffy_2_1307749098529</str>
						<int id="h">82</int>
						<int id="z">8</int>
					</object>
					<object id="heights_bush_4_1308256230886">
						<int id="w">471</int>
						<str id="sprite_class">heights_bush_4</str>
						<int id="r">1</int>
						<int id="x">540</int>
						<int id="y">752</int>
						<str id="name">heights_bush_4_1307741552494</str>
						<int id="h">17</int>
						<int id="z">10</int>
					</object>
					<object id="cloud_fluffy_2_1307984015711">
						<int id="w">1069</int>
						<str id="sprite_class">cloud_fluffy_2</str>
						<int id="x">4792</int>
						<int id="y">768</int>
						<str id="name">cloud_fluffy_2_1307749098529</str>
						<int id="h">114</int>
						<int id="z">4</int>
					</object>
					<object id="mountain_trees_darker_1_1308264891946">
						<int id="w">408</int>
						<str id="sprite_class">mountain_trees_darker_1</str>
						<int id="r">2</int>
						<int id="x">394</int>
						<int id="y">768</int>
						<str id="name">mountain_trees_darker_1_1308256230896</str>
						<int id="h">80</int>
						<int id="z">0</int>
					</object>
					<object id="mountain_trees_darker_1_1308256230896">
						<int id="w">494</int>
						<str id="sprite_class">mountain_trees_darker_1</str>
						<int id="r">2</int>
						<int id="x">166</int>
						<int id="y">761</int>
						<str id="name">mountain_trees_darker_1_1308256230896</str>
						<int id="h">63</int>
						<int id="z">1</int>
					</object>
					<object id="cloud_fluffy_1_1307984015706">
						<int id="w">539</int>
						<str id="sprite_class">cloud_fluffy_1</str>
						<int id="r">3</int>
						<int id="x">4143</int>
						<int id="y">766</int>
						<str id="name">cloud_fluffy_1_1307749098737</str>
						<int id="h">59</int>
						<int id="z">6</int>
					</object>
					<object id="heights_bush_4_1308256230885">
						<int id="w">578</int>
						<str id="sprite_class">heights_bush_4</str>
						<int id="r">2</int>
						<int id="x">196</int>
						<int id="y">750</int>
						<str id="name">heights_bush_4_1307741552494</str>
						<int id="h">17</int>
						<int id="z">11</int>
					</object>
					<object id="heights_bush_4_1308256230887">
						<int id="w">616</int>
						<str id="sprite_class">heights_bush_4</str>
						<int id="r">1</int>
						<int id="x">958</int>
						<int id="y">758</int>
						<str id="name">heights_bush_4_1307741552494</str>
						<int id="h">16</int>
						<int id="z">9</int>
					</object>
					<object id="mountain_trees_darker_1_1308264891945">
						<int id="w">409</int>
						<str id="sprite_class">mountain_trees_darker_1</str>
						<int id="r">2</int>
						<int id="x">586</int>
						<int id="y">763</int>
						<str id="name">mountain_trees_darker_1_1308256230896</str>
						<int id="h">50</int>
						<int id="z">2</int>
					</object>
					<object id="cloud_fluffy_2_1307984015710">
						<int id="w">1069</int>
						<str id="sprite_class">cloud_fluffy_2</str>
						<int id="x">3193</int>
						<int id="y">764</int>
						<str id="name">cloud_fluffy_2_1307749098529</str>
						<int id="h">114</int>
						<int id="z">5</int>
					</object>
					<object id="heights_bush_4_1308264891955">
						<int id="w">616</int>
						<str id="sprite_class">heights_bush_4</str>
						<int id="x">1593</int>
						<int id="y">763</int>
						<str id="name">heights_bush_4_1307741552494</str>
						<int id="h">16</int>
						<int id="z">12</int>
					</object>
					<object id="cloud_fluffy_1_1307984015705">
						<int id="w">798</int>
						<str id="sprite_class">cloud_fluffy_1</str>
						<int id="x">2009</int>
						<int id="y">711</int>
						<str id="name">cloud_fluffy_1_1307749098737</str>
						<int id="h">119</int>
						<int id="z">7</int>
					</object>
				</object>
				<int id="w">5160</int>
				<int id="h">992</int>
				<int id="z">-5</int>
				<object id="filtersNEW">
					<object id="saturation">
						<int id="value">-60</int>
					</object>
					<object id="tintColor">
						<int id="value">16763904</int>
					</object>
					<object id="blur">
						<int id="value">3</int>
					</object>
					<object id="contrast">
						<int id="value">-10</int>
					</object>
					<object id="tintAmount">
						<int id="value">80</int>
					</object>
					<object id="brightness">
						<int id="value">19</int>
					</object>
				</object>
			</object>
			<object id="T_1307741552442">
				<str id="name">bg_3</str>
				<object id="decos">
					<object id="alakol_water_rock_2_1308256230888">
						<int id="w">37</int>
						<str id="sprite_class">alakol_water_rock_2</str>
						<int id="x">5171</int>
						<int id="y">779</int>
						<str id="name">alakol_water_rock_2_1307749098574</str>
						<int id="h">7</int>
						<int id="z">24</int>
					</object>
					<object id="alakol_water_rock_1_1308242885162">
						<int id="w">16</int>
						<str id="sprite_class">alakol_water_rock_1</str>
						<int id="x">4685</int>
						<int id="y">787</int>
						<str id="name">alakol_water_rock_1_1307749098577</str>
						<int id="h">9</int>
						<int id="z">41</int>
					</object>
					<object id="lens_grass_2_1307749098479">
						<int id="w">1152</int>
						<str id="sprite_class">lens_grass_2</str>
						<int id="r">1</int>
						<int id="x">1435</int>
						<int id="y">828</int>
						<str id="name">lens_grass_2_1307741552444</str>
						<int id="h">68</int>
						<int id="z">10</int>
					</object>
					<object id="heights_bush_2_1308242885171">
						<int id="w">16</int>
						<str id="sprite_class">heights_bush_2</str>
						<int id="x">3587</int>
						<int id="y">776</int>
						<str id="name">heights_bush_2_1308242885164</str>
						<int id="h">8</int>
						<int id="z">51</int>
					</object>
					<object id="heights_bush_1_1308242885168">
						<int id="w">12</int>
						<str id="sprite_class">heights_bush_1</str>
						<int id="x">5107</int>
						<int id="y">785</int>
						<str id="name">heights_bush_1_1308242885163</str>
						<int id="h">8</int>
						<int id="z">49</int>
					</object>
					<object id="heights_bush_1_1308242885169">
						<int id="w">14</int>
						<str id="sprite_class">heights_bush_1</str>
						<int id="x">3397</int>
						<int id="y">784</int>
						<str id="name">heights_bush_1_1308242885163</str>
						<int id="h">8</int>
						<int id="z">50</int>
					</object>
					<object id="alakol_water_rock_2_1308041830323">
						<int id="w">72</int>
						<str id="sprite_class">alakol_water_rock_2</str>
						<int id="x">-70</int>
						<int id="y">767</int>
						<str id="name">alakol_water_rock_2_1307749098574</str>
						<int id="h">28</int>
						<int id="z">28</int>
					</object>
					<object id="lens_grass_1_1307749098469">
						<int id="w">1140</int>
						<str id="sprite_class">lens_grass_1</str>
						<int id="x">4776</int>
						<int id="y">857</int>
						<str id="name">lens_grass_1_1307741552445</str>
						<int id="h">78</int>
						<int id="z">5</int>
					</object>
					<object id="heights_bush_1_1308242885163">
						<int id="w">14</int>
						<str id="sprite_class">heights_bush_1</str>
						<int id="x">5189</int>
						<int id="y">787</int>
						<str id="name">heights_bush_1_1308242885163</str>
						<int id="h">8</int>
						<int id="z">43</int>
					</object>
					<object id="alakol_water_rock_1_1308242885158">
						<int id="w">23</int>
						<str id="sprite_class">alakol_water_rock_1</str>
						<int id="x">3573</int>
						<int id="y">776</int>
						<str id="name">alakol_water_rock_1_1307749098577</str>
						<int id="h">13</int>
						<int id="z">40</int>
					</object>
					<object id="lens_grass_2_1307749098473">
						<int id="w">1258</int>
						<str id="sprite_class">lens_grass_2</str>
						<int id="r">1</int>
						<int id="x">4283</int>
						<int id="y">841</int>
						<str id="name">lens_grass_2_1307741552444</str>
						<int id="h">71</int>
						<int id="z">3</int>
					</object>
					<object id="tree_acacia_1_1307749098703">
						<int id="w">42</int>
						<str id="sprite_class">tree_acacia_1</str>
						<int id="x">726</int>
						<int id="y">765</int>
						<str id="name">tree_acacia_1_1307749098552</str>
						<int id="h">27</int>
						<int id="z">16</int>
					</object>
					<object id="alakol_water_rock_1_1308041830321">
						<int id="w">28</int>
						<str id="sprite_class">alakol_water_rock_1</str>
						<int id="x">-159</int>
						<int id="y">763</int>
						<str id="name">alakol_water_rock_1_1307749098577</str>
						<int id="h">23</int>
						<int id="z">32</int>
					</object>
					<object id="alakol_cliff_2_1308242885152">
						<int id="w">87</int>
						<str id="sprite_class">alakol_cliff_2</str>
						<int id="x">3415</int>
						<int id="y">780</int>
						<str id="name">alakol_cliff_2_1307749098573</str>
						<int id="h">6</int>
						<int id="z">35</int>
					</object>
					<object id="alakol_cliff_1_1308041830325">
						<int id="w">166</int>
						<str id="sprite_class">alakol_cliff_1</str>
						<int id="r">1</int>
						<int id="x">4874</int>
						<int id="y">787</int>
						<str id="name">alakol_cliff_1_1307749098572</str>
						<int id="h">8</int>
						<int id="z">23</int>
					</object>
					<object id="heights_bush_2_1308242885164">
						<int id="w">16</int>
						<str id="sprite_class">heights_bush_2</str>
						<int id="x">4558</int>
						<int id="y">788</int>
						<str id="name">heights_bush_2_1308242885164</str>
						<int id="h">8</int>
						<int id="z">46</int>
					</object>
					<object id="heights_bush_2_1308242885165">
						<int id="w">16</int>
						<str id="sprite_class">heights_bush_2</str>
						<int id="x">5203</int>
						<int id="y">786</int>
						<str id="name">heights_bush_2_1308242885164</str>
						<int id="h">8</int>
						<int id="z">47</int>
					</object>
					<object id="lens_grass_2_1307749098475">
						<int id="w">1009</int>
						<str id="sprite_class">lens_grass_2</str>
						<int id="x">3136</int>
						<int id="y">831</int>
						<str id="name">lens_grass_2_1307741552444</str>
						<int id="h">55</int>
						<int id="z">7</int>
					</object>
					<object id="tree_acacia_3_1308256230894">
						<int id="w">69</int>
						<str id="sprite_class">tree_acacia_3</str>
						<int id="x">1073</int>
						<int id="y">767</int>
						<str id="name">tree_acacia_3_1307749098496</str>
						<int id="h">31</int>
						<int id="z">12</int>
					</object>
					<object id="tree_acacia_3_1307749098704">
						<int id="w">61</int>
						<str id="sprite_class">tree_acacia_3</str>
						<int id="x">256</int>
						<int id="y">760</int>
						<str id="name">tree_acacia_3_1307749098496</str>
						<int id="h">28</int>
						<int id="z">18</int>
					</object>
					<object id="lens_grass_2_1307749098481">
						<int id="w">934</int>
						<str id="sprite_class">lens_grass_2</str>
						<int id="r">1</int>
						<int id="x">67</int>
						<int id="y">816</int>
						<str id="name">lens_grass_2_1307741552444</str>
						<int id="h">71</int>
						<int id="z">13</int>
					</object>
					<object id="lens_grass_1_1307749098472">
						<int id="w">1289</int>
						<str id="sprite_class">lens_grass_1</str>
						<int id="x">3702</int>
						<int id="y">850</int>
						<str id="name">lens_grass_1_1307741552445</str>
						<int id="h">81</int>
						<int id="z">6</int>
					</object>
					<object id="heights_bush_2_1308264891953">
						<int id="w">16</int>
						<str id="sprite_class">heights_bush_2</str>
						<int id="x">2334</int>
						<int id="y">773</int>
						<str id="name">heights_bush_2_1308242885164</str>
						<int id="h">8</int>
						<int id="z">60</int>
					</object>
					<object id="alakol_water_rock_1_1308256230890">
						<int id="w">19</int>
						<str id="sprite_class">alakol_water_rock_1</str>
						<int id="x">5265</int>
						<int id="y">786</int>
						<str id="name">alakol_water_rock_1_1307749098577</str>
						<int id="h">7</int>
						<int id="z">26</int>
					</object>
					<object id="alakol_cliff_2_1308264891947">
						<int id="w">60</int>
						<str id="sprite_class">alakol_cliff_2</str>
						<int id="x">2476</int>
						<int id="y">773</int>
						<str id="name">alakol_cliff_2_1307749098573</str>
						<int id="h">6</int>
						<int id="z">55</int>
					</object>
					<object id="alakol_water_rock_2_1308041830322">
						<int id="w">66</int>
						<str id="sprite_class">alakol_water_rock_2</str>
						<int id="x">4839</int>
						<int id="y">789</int>
						<str id="name">alakol_water_rock_2_1307749098574</str>
						<int id="h">9</int>
						<int id="z">29</int>
					</object>
					<object id="alakol_water_rock_2_1308264891950">
						<int id="w">36</int>
						<str id="sprite_class">alakol_water_rock_2</str>
						<int id="x">2535</int>
						<int id="y">775</int>
						<str id="name">alakol_water_rock_2_1307749098574</str>
						<int id="h">6</int>
						<int id="z">57</int>
					</object>
					<object id="alakol_water_rock_1_1308041830328">
						<int id="w">46</int>
						<str id="sprite_class">alakol_water_rock_1</str>
						<int id="x">4826</int>
						<int id="y">784</int>
						<str id="name">alakol_water_rock_1_1307749098577</str>
						<int id="h">12</int>
						<int id="z">19</int>
					</object>
					<object id="tree_acacia_4_1308256230863">
						<int id="w">44</int>
						<str id="sprite_class">tree_acacia_4</str>
						<int id="r">1</int>
						<int id="x">4390</int>
						<int id="y">778</int>
						<str id="name">tree_acacia_4_1307749098538</str>
						<int id="h">37</int>
						<int id="z">52</int>
					</object>
					<object id="tree_acacia_4_1308256230893">
						<int id="w">38</int>
						<str id="sprite_class">tree_acacia_4</str>
						<bool id="h_flip">true</bool>
						<int id="x">48</int>
						<int id="y">751</int>
						<str id="name">tree_acacia_4_1307749098538</str>
						<int id="h">37</int>
						<int id="z">15</int>
					</object>
					<object id="heights_bush_2_1308264891952">
						<int id="w">16</int>
						<str id="sprite_class">heights_bush_2</str>
						<int id="x">2459</int>
						<int id="y">775</int>
						<str id="name">heights_bush_2_1308242885164</str>
						<int id="h">8</int>
						<int id="z">59</int>
					</object>
					<object id="heights_bush_1_1308242885166">
						<int id="w">14</int>
						<str id="sprite_class">heights_bush_1</str>
						<int id="x">4870</int>
						<int id="y">788</int>
						<str id="name">heights_bush_1_1308242885163</str>
						<int id="h">8</int>
						<int id="z">44</int>
					</object>
					<object id="heights_bush_2_1308041830319">
						<int id="w">26</int>
						<str id="sprite_class">heights_bush_2</str>
						<int id="x">-170</int>
						<int id="y">764</int>
						<str id="name">heights_bush_2_1307741552493</str>
						<int id="h">12</int>
						<int id="z">34</int>
					</object>
					<object id="alakol_water_rock_2_1308264891949">
						<int id="w">36</int>
						<str id="sprite_class">alakol_water_rock_2</str>
						<int id="x">2469</int>
						<int id="y">775</int>
						<str id="name">alakol_water_rock_2_1307749098574</str>
						<int id="h">6</int>
						<int id="z">56</int>
					</object>
					<object id="alakol_water_rock_2_1308041830326">
						<int id="w">62</int>
						<str id="sprite_class">alakol_water_rock_2</str>
						<int id="x">4942</int>
						<int id="y">788</int>
						<str id="name">alakol_water_rock_2_1307749098574</str>
						<int id="h">11</int>
						<int id="z">22</int>
					</object>
					<object id="lens_grass_1_1307749098476">
						<int id="w">1212</int>
						<str id="sprite_class">lens_grass_1</str>
						<int id="x">1869</int>
						<int id="y">832</int>
						<str id="name">lens_grass_1_1307741552445</str>
						<int id="h">68</int>
						<int id="z">9</int>
					</object>
					<object id="tree_acacia_2_1308256230892">
						<int id="w">54</int>
						<str id="sprite_class">tree_acacia_2</str>
						<int id="x">698</int>
						<int id="y">765</int>
						<str id="name">tree_acacia_2_1307749098540</str>
						<int id="h">30</int>
						<int id="z">17</int>
					</object>
					<object id="heights_bush_2_1308242885170">
						<int id="w">16</int>
						<str id="sprite_class">heights_bush_2</str>
						<int id="x">3352</int>
						<int id="y">784</int>
						<str id="name">heights_bush_2_1308242885164</str>
						<int id="h">8</int>
						<int id="z">48</int>
					</object>
					<object id="alakol_water_rock_2_1308242885159">
						<int id="w">58</int>
						<str id="sprite_class">alakol_water_rock_2</str>
						<int id="x">3592</int>
						<int id="y">776</int>
						<str id="name">alakol_water_rock_2_1307749098574</str>
						<int id="h">11</int>
						<int id="z">30</int>
					</object>
					<object id="tree_acacia_4_1308256230895">
						<int id="w">48</int>
						<str id="sprite_class">tree_acacia_4</str>
						<int id="x">963</int>
						<int id="y">763</int>
						<str id="name">tree_acacia_4_1307749098538</str>
						<int id="h">37</int>
						<int id="z">54</int>
					</object>
					<object id="alakol_water_rock_1_1308242885161">
						<int id="w">18</int>
						<str id="sprite_class">alakol_water_rock_1</str>
						<int id="x">4672</int>
						<int id="y">788</int>
						<str id="name">alakol_water_rock_1_1307749098577</str>
						<int id="h">16</int>
						<int id="z">42</int>
					</object>
					<object id="lens_grass_1_1307749098480">
						<int id="w">1063</int>
						<str id="sprite_class">lens_grass_1</str>
						<int id="x">449</int>
						<int id="y">838</int>
						<str id="name">lens_grass_1_1307741552445</str>
						<int id="h">85</int>
						<int id="z">14</int>
					</object>
					<object id="alakol_water_rock_1_1308256230889">
						<int id="w">26</int>
						<str id="sprite_class">alakol_water_rock_1</str>
						<int id="x">5255</int>
						<int id="y">786</int>
						<str id="name">alakol_water_rock_1_1307749098577</str>
						<int id="h">9</int>
						<int id="z">27</int>
					</object>
					<object id="alakol_water_rock_1_1308242885157">
						<int id="w">45</int>
						<str id="sprite_class">alakol_water_rock_1</str>
						<int id="x">5102</int>
						<int id="y">789</int>
						<str id="name">alakol_water_rock_1_1307749098577</str>
						<int id="h">19</int>
						<int id="z">1</int>
					</object>
					<object id="lens_grass_1_1307749098478">
						<int id="w">1089</int>
						<str id="sprite_class">lens_grass_1</str>
						<int id="x">892</int>
						<int id="y">827</int>
						<str id="name">lens_grass_1_1307741552445</str>
						<int id="h">69</int>
						<int id="z">11</int>
					</object>
					<object id="lens_grass_1_1307749098474">
						<int id="w">1322</int>
						<str id="sprite_class">lens_grass_1</str>
						<int id="x">2721</int>
						<int id="y">860</int>
						<str id="name">lens_grass_1_1307741552445</str>
						<int id="h">85</int>
						<int id="z">8</int>
					</object>
					<object id="lens_grass_2_1307749098468">
						<int id="w">1035</int>
						<str id="sprite_class">lens_grass_2</str>
						<int id="r">1</int>
						<int id="x">5247</int>
						<int id="y">850</int>
						<str id="name">lens_grass_2_1307741552444</str>
						<int id="h">71</int>
						<int id="z">4</int>
					</object>
					<object id="alakol_water_rock_1_1308264891951">
						<int id="w">20</int>
						<str id="sprite_class">alakol_water_rock_1</str>
						<int id="x">2339</int>
						<int id="y">772</int>
						<str id="name">alakol_water_rock_1_1307749098577</str>
						<int id="h">8</int>
						<int id="z">58</int>
					</object>
					<object id="alakol_water_rock_1_1308242885155">
						<int id="w">23</int>
						<str id="sprite_class">alakol_water_rock_1</str>
						<int id="x">3411</int>
						<int id="y">783</int>
						<str id="name">alakol_water_rock_1_1307749098577</str>
						<int id="h">9</int>
						<int id="z">38</int>
					</object>
					<object id="alakol_water_rock_1_1308041830320">
						<int id="w">57</int>
						<str id="sprite_class">alakol_water_rock_1</str>
						<int id="x">3433</int>
						<int id="y">778</int>
						<str id="name">alakol_water_rock_1_1307749098577</str>
						<int id="h">11</int>
						<int id="z">33</int>
					</object>
					<object id="alakol_water_rock_1_1308264891948">
						<int id="w">23</int>
						<str id="sprite_class">alakol_water_rock_1</str>
						<int id="x">2497</int>
						<int id="y">772</int>
						<str id="name">alakol_water_rock_1_1307749098577</str>
						<int id="h">13</int>
						<int id="z">0</int>
					</object>
					<object id="lens_grass_2_1307749098477">
						<int id="w">1106</int>
						<str id="sprite_class">lens_grass_2</str>
						<int id="r">1</int>
						<int id="x">2474</int>
						<int id="y">806</int>
						<str id="name">lens_grass_2_1307741552444</str>
						<int id="h">36</int>
						<int id="z">2</int>
					</object>
					<object id="alakol_water_rock_1_1308242885156">
						<int id="w">34</int>
						<str id="sprite_class">alakol_water_rock_1</str>
						<int id="x">5087</int>
						<int id="y">784</int>
						<str id="name">alakol_water_rock_1_1307749098577</str>
						<int id="h">8</int>
						<int id="z">39</int>
					</object>
					<object id="alakol_cliff_2_1308242885151">
						<int id="w">61</int>
						<str id="sprite_class">alakol_cliff_2</str>
						<int id="x">3370</int>
						<int id="y">783</int>
						<str id="name">alakol_cliff_2_1307749098573</str>
						<int id="h">6</int>
						<int id="z">36</int>
					</object>
					<object id="alakol_water_rock_1_1308242885153">
						<int id="w">76</int>
						<str id="sprite_class">alakol_water_rock_1</str>
						<int id="x">4902</int>
						<int id="y">783</int>
						<str id="name">alakol_water_rock_1_1307749098577</str>
						<int id="h">9</int>
						<int id="z">20</int>
					</object>
					<object id="alakol_water_rock_1_1308242885154">
						<int id="w">20</int>
						<str id="sprite_class">alakol_water_rock_1</str>
						<int id="x">3321</int>
						<int id="y">784</int>
						<str id="name">alakol_water_rock_1_1307749098577</str>
						<int id="h">8</int>
						<int id="z">37</int>
					</object>
					<object id="alakol_cliff_2_1308041830324">
						<int id="w">89</int>
						<str id="sprite_class">alakol_cliff_2</str>
						<int id="x">5183</int>
						<int id="y">783</int>
						<str id="name">alakol_cliff_2_1307749098573</str>
						<int id="h">6</int>
						<int id="z">25</int>
					</object>
					<object id="heights_bush_2_1308256230891">
						<int id="w">16</int>
						<str id="sprite_class">heights_bush_2</str>
						<int id="x">4390</int>
						<int id="y">779</int>
						<str id="name">heights_bush_2_1308242885164</str>
						<int id="h">8</int>
						<int id="z">53</int>
					</object>
					<object id="alakol_water_rock_2_1308242885160">
						<int id="w">30</int>
						<str id="sprite_class">alakol_water_rock_2</str>
						<int id="x">4570</int>
						<int id="y">788</int>
						<str id="name">alakol_water_rock_2_1307749098574</str>
						<int id="h">10</int>
						<int id="z">31</int>
					</object>
					<object id="alakol_water_rock_1_1308041830327">
						<int id="w">71</int>
						<str id="sprite_class">alakol_water_rock_1</str>
						<int id="x">-98</int>
						<int id="y">747</int>
						<str id="name">alakol_water_rock_1_1307749098577</str>
						<int id="h">21</int>
						<int id="z">21</int>
					</object>
					<object id="heights_bush_1_1308242885167">
						<int id="w">11</int>
						<str id="sprite_class">heights_bush_1</str>
						<int id="x">5100</int>
						<int id="y">786</int>
						<str id="name">heights_bush_1_1308242885163</str>
						<int id="h">8</int>
						<int id="z">45</int>
					</object>
				</object>
				<int id="w">5400</int>
				<int id="h">1000</int>
				<int id="z">-3</int>
				<object id="filtersNEW">
					<object id="saturation">
						<int id="value">6</int>
					</object>
					<object id="tintColor">
						<int id="value">0</int>
					</object>
					<object id="contrast">
						<int id="value">0</int>
					</object>
					<object id="blur">
						<int id="value">3</int>
					</object>
					<object id="brightness">
						<int id="value">25</int>
					</object>
				</object>
			</object>
		</object>
		<null id="loading_label"/>
		<int id="ground_y">0</int>
		<int id="rookable_type">0</int>
		<null id="physics"/>
		<null id="img_file_versioned"/>
		<str id="tsid">LA512V480J52NMN</str>
		<str id="swf_file_versioned">http://c2.glitch.bz/locations/groddle1/1328057050.swf</str>
		<object id="gradient">
			<str id="bottom">FFD859</str>
			<str id="top">7395BF</str>
		</object>
		<object id="sources">
			<int id="LA5143921J52F9U">1</int>
			<int id="LA513JAO0J5220P">1</int>
			<int id="LA5139FL0J52SP5">1</int>
			<int id="LA5131390J52DJR">1</int>
			<int id="LA5138OK0J526HB">1</int>
			<int id="LA5145S31J52BA2">1</int>
		</object>
		<str id="music_file"></str>
		<bool id="wall_jump">false</bool>
		<bool id="no_zoom">false</bool>
	</object>
</game_object>
