<game_object tsid="GA513LMP0J52V1C" ts="1337675221396" label="Rustic Rd NW" class_tsid="" lastUpdateTime="1337675067956" upd_gs="gs8" load_time="2012-05-22 01:16:28.852" upd_time="2012-05-22 01:22:38.199">
	<object id="dynamic">
		<int id="l">-3000</int>
		<int id="r">3000</int>
		<int id="t">-1000</int>
		<int id="b">0</int>
		<str id="label">Rustic Rd NW</str>
		<str id="swf_file">groddle1.swf</str>
		<object id="layers">
			<object id="T_1307741552438">
				<object id="decos">
					<object id="lens_grass_1_1307987031053">
						<int id="w">365</int>
						<int id="z">19</int>
						<int id="h">100</int>
						<int id="y">1024</int>
						<str id="sprite_class">lens_grass_1</str>
						<str id="name">lens_grass_1_1307987031014</str>
						<int id="x">716</int>
					</object>
					<object id="pampas_1_1307749098570">
						<int id="w">52</int>
						<int id="z">16</int>
						<int id="h">76</int>
						<int id="y">962</int>
						<str id="sprite_class">pampas_1</str>
						<str id="name">pampas_1_1307749098498</str>
						<int id="x">4499</int>
					</object>
					<object id="lens_grass_1_1307987031022">
						<int id="w">593</int>
						<int id="z">13</int>
						<int id="h">79</int>
						<int id="y">1004</int>
						<str id="sprite_class">lens_grass_1</str>
						<str id="name">lens_grass_1_1307987031014</str>
						<int id="x">4577</int>
					</object>
					<object id="lens_grass_1_1307987031058">
						<int id="w">365</int>
						<int id="z">23</int>
						<int id="h">90</int>
						<int id="y">1021</int>
						<str id="sprite_class">lens_grass_1</str>
						<str id="name">lens_grass_1_1307987031014</str>
						<int id="x">2405</int>
					</object>
					<object id="stalagmite_base_2_1307749098615">
						<int id="w">227</int>
						<int id="z">3</int>
						<int id="h">34</int>
						<int id="y">986</int>
						<str id="sprite_class">stalagmite_base_2</str>
						<str id="name">stalagmite_base_2_1307741552480</str>
						<int id="x">207</int>
					</object>
					<object id="gravel_2_1307749098653">
						<int id="w">24</int>
						<int id="z">6</int>
						<int id="h">13</int>
						<int id="y">970</int>
						<str id="sprite_class">gravel_2</str>
						<str id="name">gravel_2_1307741552484</str>
						<int id="x">272</int>
					</object>
					<object id="pampas_1_1308037220551">
						<int id="w">53</int>
						<int id="z">11</int>
						<int id="r">-20</int>
						<int id="h">77</int>
						<int id="y">975</int>
						<str id="sprite_class">pampas_1</str>
						<str id="name">pampas_1_1307749098498</str>
						<int id="x">5965</int>
						<bool id="h_flip">true</bool>
					</object>
					<object id="lens_grass_1_1307987031021">
						<int id="w">338</int>
						<int id="z">8</int>
						<int id="r">1</int>
						<int id="h">58</int>
						<int id="y">971</int>
						<str id="sprite_class">lens_grass_1</str>
						<str id="name">lens_grass_1_1307987031014</str>
						<int id="x">5069</int>
					</object>
					<object id="gravel_2_1307749098654">
						<int id="w">44</int>
						<int id="z">7</int>
						<int id="h">24</int>
						<int id="y">992</int>
						<str id="sprite_class">gravel_2</str>
						<str id="name">gravel_2_1307741552484</str>
						<int id="x">171</int>
					</object>
					<object id="lens_grass_1_1307987031054">
						<int id="w">365</int>
						<int id="z">20</int>
						<int id="h">100</int>
						<int id="y">1042</int>
						<str id="sprite_class">lens_grass_1</str>
						<str id="name">lens_grass_1_1307987031014</str>
						<int id="x">510</int>
					</object>
					<object id="stalagmite_base_1_1307992844146">
						<int id="w">143</int>
						<int id="z">24</int>
						<int id="h">38</int>
						<int id="y">944</int>
						<str id="sprite_class">stalagmite_base_1</str>
						<str id="name">stalagmite_base_1_1307741552479</str>
						<int id="x">2905</int>
					</object>
					<object id="gravel_2_1307749098655">
						<int id="w">24</int>
						<int id="z">9</int>
						<int id="h">13</int>
						<int id="y">990</int>
						<str id="sprite_class">gravel_2</str>
						<str id="name">gravel_2_1307741552484</str>
						<int id="x">151</int>
					</object>
					<object id="tree_acacia_3_1307984015712">
						<int id="w">1678</int>
						<int id="z">17</int>
						<int id="h">768</int>
						<int id="y">983</int>
						<str id="sprite_class">tree_acacia_3</str>
						<str id="name">tree_acacia_3_1307749098496</str>
						<int id="x">4465</int>
					</object>
					<object id="tree_acacia_3_1308037220549">
						<int id="w">1678</int>
						<int id="z">18</int>
						<int id="h">768</int>
						<int id="y">994</int>
						<str id="sprite_class">tree_acacia_3</str>
						<str id="name">tree_acacia_3_1307749098496</str>
						<int id="x">1941</int>
					</object>
					<object id="lens_grass_1_1307987031018">
						<int id="w">465</int>
						<int id="z">0</int>
						<int id="h">69</int>
						<int id="y">989</int>
						<str id="sprite_class">lens_grass_1</str>
						<str id="name">lens_grass_1_1307987031014</str>
						<int id="x">5758</int>
					</object>
					<object id="stalagmite_base_1_1307749098616">
						<int id="w">186</int>
						<int id="z">4</int>
						<int id="h">50</int>
						<int id="y">966</int>
						<str id="sprite_class">stalagmite_base_1</str>
						<str id="name">stalagmite_base_1_1307741552479</str>
						<int id="x">262</int>
					</object>
					<object id="stalagmite_base_3_1307992844148">
						<int id="w">66</int>
						<int id="z">27</int>
						<int id="h">13</int>
						<int id="y">971</int>
						<str id="sprite_class">stalagmite_base_3</str>
						<str id="name">stalagmite_base_3_1307741552481</str>
						<int id="x">2901</int>
					</object>
					<object id="stalagmite_base_1_1307749098618">
						<int id="w">82</int>
						<int id="z">5</int>
						<int id="h">22</int>
						<int id="y">971</int>
						<str id="sprite_class">stalagmite_base_1</str>
						<str id="name">stalagmite_base_1_1307741552479</str>
						<int id="x">178</int>
					</object>
					<object id="pampas_1_1307749098690">
						<int id="w">70</int>
						<int id="z">10</int>
						<int id="h">102</int>
						<int id="y">965</int>
						<str id="sprite_class">pampas_1</str>
						<str id="name">pampas_1_1307749098498</str>
						<int id="x">5982</int>
						<bool id="h_flip">true</bool>
					</object>
					<object id="stalagmite_base_3_1307749098617">
						<int id="w">236</int>
						<int id="z">1</int>
						<int id="h">43</int>
						<int id="y">973</int>
						<str id="sprite_class">stalagmite_base_3</str>
						<str id="name">stalagmite_base_3_1307741552481</str>
						<int id="x">275</int>
					</object>
					<object id="lens_grass_1_1307987031020">
						<int id="w">285</int>
						<int id="z">15</int>
						<int id="h">60</int>
						<int id="y">988</int>
						<str id="sprite_class">lens_grass_1</str>
						<str id="name">lens_grass_1_1307987031014</str>
						<int id="x">5105</int>
					</object>
					<object id="stalagmite_base_1_1308037220552">
						<int id="w">143</int>
						<int id="z">25</int>
						<int id="h">38</int>
						<int id="y">993</int>
						<str id="sprite_class">stalagmite_base_1</str>
						<str id="name">stalagmite_base_1_1307741552479</str>
						<int id="x">5982</int>
					</object>
					<object id="pampas_2_1307749098692">
						<int id="w">48</int>
						<int id="z">14</int>
						<int id="h">74</int>
						<int id="y">957</int>
						<str id="sprite_class">pampas_2</str>
						<str id="name">pampas_2_1307749098499</str>
						<int id="x">4971</int>
					</object>
					<object id="lens_grass_1_1307987031057">
						<int id="w">365</int>
						<int id="z">21</int>
						<int id="h">80</int>
						<int id="y">987</int>
						<str id="sprite_class">lens_grass_1</str>
						<str id="name">lens_grass_1_1307987031014</str>
						<int id="x">2613</int>
					</object>
					<object id="lens_grass_1_1307987031059">
						<int id="w">365</int>
						<int id="z">22</int>
						<int id="h">67</int>
						<int id="y">988</int>
						<str id="sprite_class">lens_grass_1</str>
						<str id="name">lens_grass_1_1307987031014</str>
						<int id="x">2168</int>
					</object>
					<object id="stalagmite_base_3_1307992844147">
						<int id="w">93</int>
						<int id="z">26</int>
						<int id="h">19</int>
						<int id="y">958</int>
						<str id="sprite_class">stalagmite_base_3</str>
						<str id="name">stalagmite_base_3_1307741552481</str>
						<int id="x">2991</int>
					</object>
					<object id="stalagmite_base_3_1307749098619">
						<int id="w">94</int>
						<int id="z">2</int>
						<int id="h">22</int>
						<int id="y">982</int>
						<str id="sprite_class">stalagmite_base_3</str>
						<str id="name">stalagmite_base_3_1307741552481</str>
						<int id="x">31</int>
					</object>
					<object id="lens_grass_1_1307987031019">
						<int id="w">285</int>
						<int id="z">12</int>
						<int id="h">60</int>
						<int id="y">967</int>
						<str id="sprite_class">lens_grass_1</str>
						<str id="name">lens_grass_1_1307987031014</str>
						<int id="x">4824</int>
					</object>
				</object>
				<str id="name">middleplus</str>
				<int id="w">6000</int>
				<int id="h">1000</int>
				<int id="z">1</int>
				<object id="filtersNEW">
					<object id="contrast">
						<int id="value">0</int>
					</object>
					<object id="brightness">
						<int id="value">9</int>
					</object>
					<object id="saturation">
						<int id="value">18</int>
					</object>
					<object id="tintColor">
						<int id="value">0</int>
					</object>
				</object>
			</object>
			<object id="T_1307741552440">
				<object id="decos">
					<object id="lens_grass_1_1307987031045">
						<int id="w">97</int>
						<int id="z">14</int>
						<int id="h">24</int>
						<int id="y">808</int>
						<str id="sprite_class">lens_grass_1</str>
						<str id="name">lens_grass_1_1307987031014</str>
						<int id="x">760</int>
					</object>
					<object id="lens_grass_1_1307741552467">
						<int id="w">1426</int>
						<int id="z">9</int>
						<int id="r">1</int>
						<int id="h">77</int>
						<int id="y">860</int>
						<str id="sprite_class">lens_grass_1</str>
						<str id="name">lens_grass_1_1307741552445</str>
						<int id="x">2073</int>
					</object>
					<object id="tree_acacia_2_1307749098706">
						<int id="w">295</int>
						<int id="z">37</int>
						<int id="h">165</int>
						<int id="y">792</int>
						<str id="sprite_class">tree_acacia_2</str>
						<str id="name">tree_acacia_2_1307749098540</str>
						<int id="x">244</int>
					</object>
					<object id="pampas_2_1307749098558">
						<int id="w">20</int>
						<int id="z">23</int>
						<int id="h">31</int>
						<int id="y">812</int>
						<str id="sprite_class">pampas_2</str>
						<str id="name">pampas_2_1307749098499</str>
						<int id="x">4476</int>
					</object>
					<object id="lens_grass_1_1307992844138">
						<int id="w">103</int>
						<int id="z">53</int>
						<int id="h">16</int>
						<int id="y">813</int>
						<str id="sprite_class">lens_grass_1</str>
						<str id="name">lens_grass_1_1307987031014</str>
						<int id="x">3498</int>
					</object>
					<object id="lens_grass_1_1307987031064">
						<int id="w">125</int>
						<int id="z">41</int>
						<int id="h">20</int>
						<int id="y">820</int>
						<str id="sprite_class">lens_grass_1</str>
						<str id="name">lens_grass_1_1307987031014</str>
						<int id="x">4871</int>
					</object>
					<object id="lens_grass_1_1307741552465">
						<int id="w">1317</int>
						<int id="z">11</int>
						<int id="r">1</int>
						<int id="h">86</int>
						<int id="y">861</int>
						<str id="sprite_class">lens_grass_1</str>
						<str id="name">lens_grass_1_1307741552445</str>
						<int id="x">871</int>
					</object>
					<object id="lens_grass_1_1307987031044">
						<int id="w">125</int>
						<int id="z">13</int>
						<int id="h">20</int>
						<int id="y">797</int>
						<str id="sprite_class">lens_grass_1</str>
						<str id="name">lens_grass_1_1307987031014</str>
						<int id="x">769</int>
					</object>
					<object id="tree_acacia_2_1307992844131">
						<int id="w">276</int>
						<int id="z">47</int>
						<int id="h">155</int>
						<int id="y">816</int>
						<str id="sprite_class">tree_acacia_2</str>
						<str id="name">tree_acacia_2_1307749098540</str>
						<int id="x">4468</int>
					</object>
					<object id="lens_grass_1_1307741552469">
						<int id="w">1229</int>
						<int id="z">16</int>
						<int id="h">66</int>
						<int id="y">865</int>
						<str id="sprite_class">lens_grass_1</str>
						<str id="name">lens_grass_1_1307741552445</str>
						<int id="x">3174</int>
					</object>
					<object id="lens_grass_1_1307992844141">
						<int id="w">103</int>
						<int id="z">55</int>
						<int id="h">16</int>
						<int id="y">820</int>
						<str id="sprite_class">lens_grass_1</str>
						<str id="name">lens_grass_1_1307987031014</str>
						<int id="x">3608</int>
					</object>
					<object id="lens_grass_2_1307741552466">
						<int id="w">1202</int>
						<int id="z">10</int>
						<int id="h">72</int>
						<int id="y">838</int>
						<str id="sprite_class">lens_grass_2</str>
						<str id="name">lens_grass_2_1307741552444</str>
						<int id="x">232</int>
					</object>
					<object id="lens_grass_1_1307987031067">
						<int id="w">125</int>
						<int id="z">45</int>
						<int id="h">20</int>
						<int id="y">835</int>
						<str id="sprite_class">lens_grass_1</str>
						<str id="name">lens_grass_1_1307987031014</str>
						<int id="x">4763</int>
					</object>
					<object id="lens_grass_2_1307749098467">
						<int id="w">1280</int>
						<int id="z">17</int>
						<int id="r">1</int>
						<int id="h">73</int>
						<int id="y">869</int>
						<str id="sprite_class">lens_grass_2</str>
						<str id="name">lens_grass_2_1307741552444</str>
						<int id="x">4675</int>
					</object>
					<object id="lens_grass_2_1307741552472">
						<int id="w">1242</int>
						<int id="z">5</int>
						<int id="r">-2</int>
						<int id="h">59</int>
						<int id="y">851</int>
						<str id="sprite_class">lens_grass_2</str>
						<str id="name">lens_grass_2_1307741552444</str>
						<int id="x">3671</int>
					</object>
					<object id="pampas_1_1307749098547">
						<int id="w">10</int>
						<int id="z">18</int>
						<int id="h">14</int>
						<int id="y">825</int>
						<str id="sprite_class">pampas_1</str>
						<str id="name">pampas_1_1307749098498</str>
						<int id="x">5462</int>
					</object>
					<object id="lens_grass_1_1307987031066">
						<int id="w">125</int>
						<int id="z">44</int>
						<int id="h">20</int>
						<int id="y">833</int>
						<str id="sprite_class">lens_grass_1</str>
						<str id="name">lens_grass_1_1307987031014</str>
						<int id="x">4978</int>
					</object>
					<object id="lens_grass_1_1307987031051">
						<int id="w">99</int>
						<int id="z">36</int>
						<int id="h">22</int>
						<int id="y">790</int>
						<str id="sprite_class">lens_grass_1</str>
						<str id="name">lens_grass_1_1307987031014</str>
						<int id="x">186</int>
					</object>
					<object id="pampas_1_1307749098549">
						<int id="w">9</int>
						<int id="z">21</int>
						<int id="h">13</int>
						<int id="y">801</int>
						<str id="sprite_class">pampas_1</str>
						<str id="name">pampas_1_1307749098498</str>
						<int id="x">5358</int>
					</object>
					<object id="lens_grass_1_1307987031046">
						<int id="w">97</int>
						<int id="z">15</int>
						<int id="h">24</int>
						<int id="y">815</int>
						<str id="sprite_class">lens_grass_1</str>
						<str id="name">lens_grass_1_1307987031014</str>
						<int id="x">799</int>
					</object>
					<object id="lens_grass_2_1307741552468">
						<int id="w">1392</int>
						<int id="z">8</int>
						<int id="h">75</int>
						<int id="y">855</int>
						<str id="sprite_class">lens_grass_2</str>
						<str id="name">lens_grass_2_1307741552444</str>
						<int id="x">1421</int>
					</object>
					<object id="lens_grass_1_1307987031065">
						<int id="w">125</int>
						<int id="z">43</int>
						<int id="h">20</int>
						<int id="y">828</int>
						<str id="sprite_class">lens_grass_1</str>
						<str id="name">lens_grass_1_1307987031014</str>
						<int id="x">4932</int>
					</object>
					<object id="lens_grass_1_1307987031062">
						<int id="w">125</int>
						<int id="z">40</int>
						<int id="h">20</int>
						<int id="y">815</int>
						<str id="sprite_class">lens_grass_1</str>
						<str id="name">lens_grass_1_1307987031014</str>
						<int id="x">5009</int>
					</object>
					<object id="lens_grass_1_1307987031063">
						<int id="w">125</int>
						<int id="z">42</int>
						<int id="h">20</int>
						<int id="y">822</int>
						<str id="sprite_class">lens_grass_1</str>
						<str id="name">lens_grass_1_1307987031014</str>
						<int id="x">4952</int>
					</object>
					<object id="lens_grass_1_1307987031049">
						<int id="w">117</int>
						<int id="z">33</int>
						<int id="h">17</int>
						<int id="y">785</int>
						<str id="sprite_class">lens_grass_1</str>
						<str id="name">lens_grass_1_1307987031014</str>
						<int id="x">260</int>
					</object>
					<object id="gravel_2_1307749098656">
						<int id="w">12</int>
						<int id="z">32</int>
						<int id="h">7</int>
						<int id="y">796</int>
						<str id="sprite_class">gravel_2</str>
						<str id="name">gravel_2_1307741552484</str>
						<int id="x">72</int>
					</object>
					<object id="lens_grass_1_1307987031048">
						<int id="w">97</int>
						<int id="z">34</int>
						<int id="h">24</int>
						<int id="y">793</int>
						<str id="sprite_class">lens_grass_1</str>
						<str id="name">lens_grass_1_1307987031014</str>
						<int id="x">305</int>
					</object>
					<object id="lens_grass_2_1307741552470">
						<int id="w">1348</int>
						<int id="z">7</int>
						<int id="r">1</int>
						<int id="h">73</int>
						<int id="y">863</int>
						<str id="sprite_class">lens_grass_2</str>
						<str id="name">lens_grass_2_1307741552444</str>
						<int id="x">2667</int>
					</object>
					<object id="lens_grass_1_1307987031043">
						<int id="w">125</int>
						<int id="z">12</int>
						<int id="h">20</int>
						<int id="y">792</int>
						<str id="sprite_class">lens_grass_1</str>
						<str id="name">lens_grass_1_1307987031014</str>
						<int id="x">703</int>
					</object>
					<object id="lens_grass_1_1307749098466">
						<int id="w">1282</int>
						<int id="z">4</int>
						<int id="r">1</int>
						<int id="h">80</int>
						<int id="y">875</int>
						<str id="sprite_class">lens_grass_1</str>
						<str id="name">lens_grass_1_1307741552445</str>
						<int id="x">5326</int>
					</object>
					<object id="lens_grass_1_1307987031050">
						<int id="w">99</int>
						<int id="z">35</int>
						<int id="h">27</int>
						<int id="y">807</int>
						<str id="sprite_class">lens_grass_1</str>
						<str id="name">lens_grass_1_1307987031014</str>
						<int id="x">302</int>
					</object>
					<object id="lens_grass_1_1307992844139">
						<int id="w">103</int>
						<int id="z">54</int>
						<int id="h">16</int>
						<int id="y">816</int>
						<str id="sprite_class">lens_grass_1</str>
						<str id="name">lens_grass_1_1307987031014</str>
						<int id="x">3551</int>
					</object>
					<object id="lens_grass_1_1307992844143">
						<int id="w">103</int>
						<int id="z">56</int>
						<int id="h">16</int>
						<int id="y">821</int>
						<str id="sprite_class">lens_grass_1</str>
						<str id="name">lens_grass_1_1307987031014</str>
						<int id="x">3633</int>
					</object>
					<object id="lens_grass_1_1307741552471">
						<int id="w">1172</int>
						<int id="z">6</int>
						<int id="h">71</int>
						<int id="y">856</int>
						<str id="sprite_class">lens_grass_1</str>
						<str id="name">lens_grass_1_1307741552445</str>
						<int id="x">4124</int>
					</object>
					<object id="lens_grass_1_1307992844142">
						<int id="w">103</int>
						<int id="z">57</int>
						<int id="h">16</int>
						<int id="y">827</int>
						<str id="sprite_class">lens_grass_1</str>
						<str id="name">lens_grass_1_1307987031014</str>
						<int id="x">3582</int>
					</object>
				</object>
				<str id="name">bg_2</str>
				<int id="w">5640</int>
				<int id="h">1000</int>
				<int id="z">-2</int>
				<object id="filtersNEW">
					<object id="contrast">
						<int id="value">0</int>
					</object>
					<object id="blur">
						<int id="value">2</int>
					</object>
					<object id="brightness">
						<int id="value">20</int>
					</object>
					<object id="saturation">
						<int id="value">10</int>
					</object>
					<object id="tintColor">
						<int id="value">0</int>
					</object>
				</object>
			</object>
			<object id="T_1307741552439">
				<object id="decos">
					<object id="lens_grass_1_1307741552458">
						<int id="w">1626</int>
						<int id="z">5</int>
						<int id="h">110</int>
						<int id="y">918</int>
						<str id="sprite_class">lens_grass_1</str>
						<str id="name">lens_grass_1_1307741552445</str>
						<int id="x">207</int>
					</object>
					<object id="lens_grass_1_1307987031069">
						<int id="w">241</int>
						<int id="z">40</int>
						<int id="h">39</int>
						<int id="y">853</int>
						<str id="sprite_class">lens_grass_1</str>
						<str id="name">lens_grass_1_1307987031014</str>
						<int id="x">4106</int>
					</object>
					<object id="lens_grass_1_1307987031095">
						<int id="w">186</int>
						<int id="z">37</int>
						<int id="h">28</int>
						<int id="y">852</int>
						<str id="sprite_class">lens_grass_1</str>
						<str id="name">lens_grass_1_1307987031014</str>
						<int id="x">1817</int>
					</object>
					<object id="tree_acacia_2_1308037220490">
						<int id="w">354</int>
						<int id="z">42</int>
						<int id="h">228</int>
						<int id="y">825</int>
						<str id="sprite_class">tree_acacia_2</str>
						<str id="name">tree_acacia_2_1307749098540</str>
						<int id="x">1619</int>
					</object>
					<object id="lens_grass_2_1307741552457">
						<int id="w">1670</int>
						<int id="z">4</int>
						<int id="h">99</int>
						<int id="y">904</int>
						<str id="sprite_class">lens_grass_2</str>
						<str id="name">lens_grass_2_1307741552444</str>
						<int id="x">977</int>
					</object>
					<object id="lens_grass_1_1307741552461">
						<int id="w">1681</int>
						<int id="z">12</int>
						<int id="h">110</int>
						<int id="y">927</int>
						<str id="sprite_class">lens_grass_1</str>
						<str id="name">lens_grass_1_1307741552445</str>
						<int id="x">3590</int>
					</object>
					<object id="stalagmite_base_3_1307749098630">
						<int id="w">48</int>
						<int id="z">29</int>
						<int id="h">11</int>
						<int id="y">808</int>
						<str id="sprite_class">stalagmite_base_3</str>
						<str id="name">stalagmite_base_3_1307741552481</str>
						<int id="x">1119</int>
					</object>
					<object id="alakol_water_rock_2_1307749098604">
						<int id="w">117</int>
						<int id="z">19</int>
						<int id="h">48</int>
						<int id="y">846</int>
						<str id="sprite_class">alakol_water_rock_2</str>
						<str id="name">alakol_water_rock_2_1307749098574</str>
						<int id="x">3205</int>
					</object>
					<object id="stalagmite_base_2_1308037220557">
						<int id="w">191</int>
						<int id="z">43</int>
						<int id="h">36</int>
						<int id="y">865</int>
						<str id="sprite_class">stalagmite_base_2</str>
						<str id="name">stalagmite_base_2_1307741552480</str>
						<int id="x">5288</int>
					</object>
					<object id="pampas_2_1307749098663">
						<int id="w">26</int>
						<int id="z">34</int>
						<int id="h">40</int>
						<int id="y">847</int>
						<str id="sprite_class">pampas_2</str>
						<str id="name">pampas_2_1307749098499</str>
						<int id="x">3216</int>
					</object>
					<object id="stalagmite_base_3_1307749098627">
						<int id="w">93</int>
						<int id="z">26</int>
						<int id="h">19</int>
						<int id="y">837</int>
						<str id="sprite_class">stalagmite_base_3</str>
						<str id="name">stalagmite_base_3_1307741552481</str>
						<int id="x">901</int>
					</object>
					<object id="stalagmite_base_1_1308037220554">
						<int id="w">45</int>
						<int id="z">46</int>
						<int id="h">18</int>
						<int id="y">860</int>
						<str id="sprite_class">stalagmite_base_1</str>
						<str id="name">stalagmite_base_1_1307741552479</str>
						<int id="x">5212</int>
					</object>
					<object id="lens_grass_1_1307987031070">
						<int id="w">241</int>
						<int id="z">41</int>
						<int id="h">39</int>
						<int id="y">862</int>
						<str id="sprite_class">lens_grass_1</str>
						<str id="name">lens_grass_1_1307987031014</str>
						<int id="x">4186</int>
					</object>
					<object id="stalagmite_base_1_1307749098629">
						<int id="w">98</int>
						<int id="z">28</int>
						<int id="h">26</int>
						<int id="y">821</int>
						<str id="sprite_class">stalagmite_base_1</str>
						<str id="name">stalagmite_base_1_1307741552479</str>
						<int id="x">1107</int>
					</object>
					<object id="tree_acacia_3_1307749098496">
						<int id="w">863</int>
						<int id="z">14</int>
						<int id="h">395</int>
						<int id="y">860</int>
						<str id="sprite_class">tree_acacia_3</str>
						<str id="name">tree_acacia_3_1307749098496</str>
						<int id="x">5618</int>
					</object>
					<object id="stalagmite_base_3_1307749098626">
						<int id="w">93</int>
						<int id="z">25</int>
						<int id="h">19</int>
						<int id="y">833</int>
						<str id="sprite_class">stalagmite_base_3</str>
						<str id="name">stalagmite_base_3_1307741552481</str>
						<int id="x">865</int>
					</object>
					<object id="stalagmite_base_1_1308037220556">
						<int id="w">126</int>
						<int id="z">44</int>
						<int id="h">29</int>
						<int id="y">852</int>
						<str id="sprite_class">stalagmite_base_1</str>
						<str id="name">stalagmite_base_1_1307741552479</str>
						<int id="x">5297</int>
					</object>
					<object id="lens_grass_1_1307987031039">
						<int id="w">190</int>
						<int id="z">17</int>
						<int id="h">40</int>
						<int id="y">855</int>
						<str id="sprite_class">lens_grass_1</str>
						<str id="name">lens_grass_1_1307987031014</str>
						<int id="x">2886</int>
					</object>
					<object id="gravel_2_1307749098661">
						<int id="w">20</int>
						<int id="z">32</int>
						<int id="h">11</int>
						<int id="y">832</int>
						<str id="sprite_class">gravel_2</str>
						<str id="name">gravel_2_1307741552484</str>
						<int id="x">977</int>
					</object>
					<object id="lens_grass_1_1307741552463">
						<int id="w">1718</int>
						<int id="z">13</int>
						<int id="r">-1</int>
						<int id="h">89</int>
						<int id="y">912</int>
						<str id="sprite_class">lens_grass_1</str>
						<str id="name">lens_grass_1_1307741552445</str>
						<int id="x">5299</int>
					</object>
					<object id="tree_acacia_1_1307992844130">
						<int id="w">574</int>
						<int id="z">0</int>
						<int id="h">358</int>
						<int id="y">834</int>
						<str id="sprite_class">tree_acacia_1</str>
						<str id="name">tree_acacia_1_1307749098541</str>
						<int id="x">3234</int>
					</object>
					<object id="stalagmite_base_2_1307749098625">
						<int id="w">191</int>
						<int id="z">22</int>
						<int id="h">36</int>
						<int id="y">830</int>
						<str id="sprite_class">stalagmite_base_2</str>
						<str id="name">stalagmite_base_2_1307741552480</str>
						<int id="x">939</int>
					</object>
					<object id="lens_grass_1_1307987031033">
						<int id="w">190</int>
						<int id="z">10</int>
						<int id="h">40</int>
						<int id="y">904</int>
						<str id="sprite_class">lens_grass_1</str>
						<str id="name">lens_grass_1_1307987031014</str>
						<int id="x">2237</int>
					</object>
					<object id="lens_grass_1_1307987031040">
						<int id="w">190</int>
						<int id="z">16</int>
						<int id="h">40</int>
						<int id="y">847</int>
						<str id="sprite_class">lens_grass_1</str>
						<str id="name">lens_grass_1_1307987031014</str>
						<int id="x">2750</int>
					</object>
					<object id="pampas_2_1307749098731">
						<int id="w">20</int>
						<int id="z">38</int>
						<int id="h">31</int>
						<int id="y">851</int>
						<str id="sprite_class">pampas_2</str>
						<str id="name">pampas_2_1307749098499</str>
						<int id="x">1772</int>
					</object>
					<object id="stalagmite_base_3_1308037220555">
						<int id="w">93</int>
						<int id="z">45</int>
						<int id="h">19</int>
						<int id="y">872</int>
						<str id="sprite_class">stalagmite_base_3</str>
						<str id="name">stalagmite_base_3_1307741552481</str>
						<int id="x">5250</int>
					</object>
					<object id="lens_grass_1_1307987031032">
						<int id="w">190</int>
						<int id="z">9</int>
						<int id="h">40</int>
						<int id="y">897</int>
						<str id="sprite_class">lens_grass_1</str>
						<str id="name">lens_grass_1_1307987031014</str>
						<int id="x">2332</int>
					</object>
					<object id="gravel_2_1307749098660">
						<int id="w">26</int>
						<int id="z">31</int>
						<int id="r">-3</int>
						<int id="h">14</int>
						<int id="y">829</int>
						<str id="sprite_class">gravel_2</str>
						<str id="name">gravel_2_1307741552484</str>
						<int id="x">999</int>
					</object>
					<object id="stalagmite_base_3_1307749098631">
						<int id="w">48</int>
						<int id="z">30</int>
						<int id="h">11</int>
						<int id="y">834</int>
						<str id="sprite_class">stalagmite_base_3</str>
						<str id="name">stalagmite_base_3_1307741552481</str>
						<int id="x">1062</int>
					</object>
					<object id="pampas_2_1307749098499">
						<int id="w">23</int>
						<int id="z">15</int>
						<int id="h">35</int>
						<int id="y">856</int>
						<str id="sprite_class">pampas_2</str>
						<str id="name">pampas_2_1307749098499</str>
						<int id="x">5593</int>
					</object>
					<object id="lens_grass_2_1307741552462">
						<int id="w">2075</int>
						<int id="z">11</int>
						<int id="h">97</int>
						<int id="y">913</int>
						<str id="sprite_class">lens_grass_2</str>
						<str id="name">lens_grass_2_1307741552444</str>
						<int id="x">4457</int>
					</object>
					<object id="stalagmite_base_1_1307749098624">
						<int id="w">126</int>
						<int id="z">23</int>
						<int id="h">29</int>
						<int id="y">817</int>
						<str id="sprite_class">stalagmite_base_1</str>
						<str id="name">stalagmite_base_1_1307741552479</str>
						<int id="x">948</int>
					</object>
					<object id="lens_grass_1_1307987031042">
						<int id="w">186</int>
						<int id="z">36</int>
						<int id="h">28</int>
						<int id="y">842</int>
						<str id="sprite_class">lens_grass_1</str>
						<str id="name">lens_grass_1_1307987031014</str>
						<int id="x">1876</int>
					</object>
					<object id="lens_grass_1_1307741552459">
						<int id="w">1578</int>
						<int id="z">7</int>
						<int id="h">104</int>
						<int id="y">911</int>
						<str id="sprite_class">lens_grass_1</str>
						<str id="name">lens_grass_1_1307741552445</str>
						<int id="x">1745</int>
					</object>
					<object id="stalagmite_base_1_1307749098628">
						<int id="w">45</int>
						<int id="z">27</int>
						<int id="h">18</int>
						<int id="y">825</int>
						<str id="sprite_class">stalagmite_base_1</str>
						<str id="name">stalagmite_base_1_1307741552479</str>
						<int id="x">863</int>
					</object>
					<object id="lens_grass_1_1307987031031">
						<int id="w">190</int>
						<int id="z">8</int>
						<int id="h">40</int>
						<int id="y">884</int>
						<str id="sprite_class">lens_grass_1</str>
						<str id="name">lens_grass_1_1307987031014</str>
						<int id="x">2477</int>
					</object>
					<object id="alakol_water_rock_1_1307749098603">
						<int id="w">45</int>
						<int id="z">20</int>
						<int id="h">28</int>
						<int id="y">849</int>
						<str id="sprite_class">alakol_water_rock_1</str>
						<str id="name">alakol_water_rock_1_1307749098577</str>
						<int id="x">3181</int>
					</object>
					<object id="alakol_water_rock_1_1307749098605">
						<int id="w">79</int>
						<int id="z">21</int>
						<int id="h">44</int>
						<int id="y">851</int>
						<str id="sprite_class">alakol_water_rock_1</str>
						<str id="name">alakol_water_rock_1_1307749098577</str>
						<int id="x">3267</int>
					</object>
					<object id="gravel_2_1307749098659">
						<int id="w">20</int>
						<int id="z">24</int>
						<int id="h">11</int>
						<int id="y">817</int>
						<str id="sprite_class">gravel_2</str>
						<str id="name">gravel_2_1307741552484</str>
						<int id="x">882</int>
					</object>
					<object id="lens_grass_1_1307987031052">
						<int id="w">213</int>
						<int id="z">39</int>
						<int id="h">45</int>
						<int id="y">856</int>
						<str id="sprite_class">lens_grass_1</str>
						<str id="name">lens_grass_1_1307987031014</str>
						<int id="x">3</int>
					</object>
					<object id="tree_acacia_1_1308037220550">
						<int id="w">419</int>
						<int id="z">33</int>
						<int id="h">261</int>
						<int id="y">880</int>
						<str id="sprite_class">tree_acacia_1</str>
						<str id="name">tree_acacia_1_1307749098552</str>
						<int id="x">2112</int>
					</object>
					<object id="lens_grass_2_1307741552460">
						<int id="w">1612</int>
						<int id="z">6</int>
						<int id="h">95</int>
						<int id="y">907</int>
						<str id="sprite_class">lens_grass_2</str>
						<str id="name">lens_grass_2_1307741552444</str>
						<int id="x">2620</int>
					</object>
					<object id="gravel_2_1308037220553">
						<int id="w">20</int>
						<int id="z">47</int>
						<int id="h">11</int>
						<int id="y">867</int>
						<str id="sprite_class">gravel_2</str>
						<str id="name">gravel_2_1307741552484</str>
						<int id="x">5326</int>
					</object>
				</object>
				<str id="name">bg_1</str>
				<int id="w">5820</int>
				<int id="h">1000</int>
				<int id="z">-1</int>
				<object id="filtersNEW">
					<object id="contrast">
						<int id="value">0</int>
					</object>
					<object id="brightness">
						<int id="value">13</int>
					</object>
					<object id="saturation">
						<int id="value">13</int>
					</object>
					<object id="tintColor">
						<int id="value">0</int>
					</object>
				</object>
			</object>
			<object id="middleground">
				<object id="decos">
					<object id="lens_grass_2_1307741552455">
						<int id="w">2108</int>
						<int id="z">14</int>
						<int id="h">161</int>
						<int id="y">93</int>
						<str id="sprite_class">lens_grass_2</str>
						<str id="name">lens_grass_2_1307741552444</str>
						<int id="x">-158</int>
					</object>
					<object id="lens_grass_2_1307741552454">
						<int id="w">2108</int>
						<int id="z">2</int>
						<int id="h">161</int>
						<int id="y">16</int>
						<str id="sprite_class">lens_grass_2</str>
						<str id="name">lens_grass_2_1307741552444</str>
						<int id="x">1694</int>
					</object>
					<object id="stalagmite_base_3_1307749098436">
						<int id="w">127</int>
						<int id="z">17</int>
						<int id="h">36</int>
						<int id="y">-85</int>
						<str id="sprite_class">stalagmite_base_3</str>
						<str id="name">stalagmite_base_3_1307741552481</str>
						<int id="x">-1768</int>
					</object>
					<object id="pampas_1_1307749098734">
						<int id="w">54</int>
						<int id="z">13</int>
						<int id="h">79</int>
						<int id="y">-105</int>
						<str id="sprite_class">pampas_1</str>
						<str id="name">pampas_1_1307749098498</str>
						<int id="x">-1739</int>
						<bool id="h_flip">true</bool>
					</object>
					<object id="lens_grass_2_1307741552444">
						<int id="w">2108</int>
						<int id="z">8</int>
						<int id="h">161</int>
						<int id="y">19</int>
						<str id="sprite_class">lens_grass_2</str>
						<str id="name">lens_grass_2_1307741552444</str>
						<int id="x">-2527</int>
					</object>
					<object id="lens_grass_1_1307741552448">
						<int id="w">2026</int>
						<int id="z">11</int>
						<int id="h">202</int>
						<int id="y">77</int>
						<str id="sprite_class">lens_grass_1</str>
						<str id="name">lens_grass_1_1307741552445</str>
						<int id="x">556</int>
					</object>
					<object id="lens_grass_2_1307741552447">
						<int id="w">2108</int>
						<int id="z">7</int>
						<int id="h">161</int>
						<int id="y">25</int>
						<str id="sprite_class">lens_grass_2</str>
						<str id="name">lens_grass_2_1307741552444</str>
						<int id="x">-73</int>
					</object>
					<object id="lens_grass_2_1307741552450">
						<int id="w">2108</int>
						<int id="z">6</int>
						<int id="r">2</int>
						<int id="h">161</int>
						<int id="y">52</int>
						<str id="sprite_class">lens_grass_2</str>
						<str id="name">lens_grass_2_1307741552444</str>
						<int id="x">1593</int>
					</object>
					<object id="lens_grass_2_1307741552452">
						<int id="w">2108</int>
						<int id="z">3</int>
						<int id="h">151</int>
						<int id="y">18</int>
						<str id="sprite_class">lens_grass_2</str>
						<str id="name">lens_grass_2_1307741552444</str>
						<int id="x">2875</int>
					</object>
					<object id="lens_grass_1_1307987031028">
						<int id="w">285</int>
						<int id="z">27</int>
						<int id="h">60</int>
						<int id="y">-36</int>
						<str id="sprite_class">lens_grass_1</str>
						<str id="name">lens_grass_1_1307987031014</str>
						<int id="x">911</int>
					</object>
					<object id="stalagmite_base_2_1307987031072">
						<int id="w">65</int>
						<int id="z">35</int>
						<int id="h">18</int>
						<int id="y">-97</int>
						<str id="sprite_class">stalagmite_base_2</str>
						<str id="name">stalagmite_base_2_1307741552480</str>
						<int id="x">-2455</int>
					</object>
					<object id="lens_grass_1_1307987031061">
						<int id="w">285</int>
						<int id="z">31</int>
						<int id="r">3</int>
						<int id="h">55</int>
						<int id="y">-81</int>
						<str id="sprite_class">lens_grass_1</str>
						<str id="name">lens_grass_1_1307987031014</str>
						<int id="x">361</int>
					</object>
					<object id="gravel_2_1307987031077">
						<int id="w">24</int>
						<int id="z">36</int>
						<int id="h">13</int>
						<int id="y">-99</int>
						<str id="sprite_class">gravel_2</str>
						<str id="name">gravel_2_1307741552484</str>
						<int id="x">-2533</int>
						<bool id="h_flip">true</bool>
					</object>
					<object id="stalagmite_base_2_1307749098435">
						<int id="w">330</int>
						<int id="z">16</int>
						<int id="h">92</int>
						<int id="y">-61</int>
						<str id="sprite_class">stalagmite_base_2</str>
						<str id="name">stalagmite_base_2_1307741552480</str>
						<int id="x">-1344</int>
					</object>
					<object id="lens_grass_1_1307987031060">
						<int id="w">285</int>
						<int id="z">30</int>
						<int id="r">1</int>
						<int id="h">55</int>
						<int id="y">-89</int>
						<str id="sprite_class">lens_grass_1</str>
						<str id="name">lens_grass_1_1307987031014</str>
						<int id="x">460</int>
					</object>
					<object id="lens_grass_2_1307741552446">
						<int id="w">2108</int>
						<int id="z">10</int>
						<int id="h">161</int>
						<int id="y">92</int>
						<str id="sprite_class">lens_grass_2</str>
						<str id="name">lens_grass_2_1307741552444</str>
						<int id="x">-359</int>
					</object>
					<object id="lens_grass_2_1307741552453">
						<int id="w">2108</int>
						<int id="z">1</int>
						<int id="h">161</int>
						<int id="y">21</int>
						<str id="sprite_class">lens_grass_2</str>
						<str id="name">lens_grass_2_1307741552444</str>
						<int id="x">1004</int>
					</object>
					<object id="gravel_2_1307987031078">
						<int id="w">14</int>
						<int id="z">37</int>
						<int id="h">8</int>
						<int id="y">-99</int>
						<str id="sprite_class">gravel_2</str>
						<str id="name">gravel_2_1307741552484</str>
						<int id="x">-2424</int>
					</object>
					<object id="stalagmite_base_2_1307987031071">
						<int id="w">122</int>
						<int id="z">34</int>
						<int id="h">34</int>
						<int id="y">-104</int>
						<str id="sprite_class">stalagmite_base_2</str>
						<str id="name">stalagmite_base_2_1307741552480</str>
						<int id="x">-2531</int>
					</object>
					<object id="lens_grass_1_1307741552445">
						<int id="w">2026</int>
						<int id="z">9</int>
						<int id="h">202</int>
						<int id="y">68</int>
						<str id="sprite_class">lens_grass_1</str>
						<str id="name">lens_grass_1_1307741552445</str>
						<int id="x">-1389</int>
					</object>
					<object id="lens_grass_2_1307741552451">
						<int id="w">2108</int>
						<int id="z">4</int>
						<int id="h">161</int>
						<int id="y">33</int>
						<str id="sprite_class">lens_grass_2</str>
						<str id="name">lens_grass_2_1307741552444</str>
						<int id="x">2285</int>
					</object>
					<object id="lens_grass_1_1307987031029">
						<int id="w">278</int>
						<int id="z">28</int>
						<int id="h">54</int>
						<int id="y">-14</int>
						<str id="sprite_class">lens_grass_1</str>
						<str id="name">lens_grass_1_1307987031014</str>
						<int id="x">789</int>
					</object>
					<object id="lens_grass_1_1307987031015">
						<int id="w">560</int>
						<int id="z">5</int>
						<int id="h">111</int>
						<int id="y">-24</int>
						<str id="sprite_class">lens_grass_1</str>
						<str id="name">lens_grass_1_1307987031014</str>
						<int id="x">2890</int>
					</object>
					<object id="gravel_2_1307741552484">
						<int id="w">39</int>
						<int id="z">20</int>
						<int id="h">22</int>
						<int id="y">-71</int>
						<str id="sprite_class">gravel_2</str>
						<str id="name">gravel_2_1307741552484</str>
						<int id="x">-1460</int>
					</object>
					<object id="lens_grass_1_1307987031023">
						<int id="w">285</int>
						<int id="z">26</int>
						<int id="h">60</int>
						<int id="y">-70</int>
						<str id="sprite_class">lens_grass_1</str>
						<str id="name">lens_grass_1_1307987031014</str>
						<int id="x">838</int>
					</object>
					<object id="lens_grass_2_1307741552456">
						<int id="w">2108</int>
						<int id="z">0</int>
						<int id="h">161</int>
						<int id="y">17</int>
						<str id="sprite_class">lens_grass_2</str>
						<str id="name">lens_grass_2_1307741552444</str>
						<int id="x">-1995</int>
					</object>
					<object id="lens_grass_1_1307987031030">
						<int id="w">285</int>
						<int id="z">29</int>
						<int id="r">1</int>
						<int id="h">60</int>
						<int id="y">5</int>
						<str id="sprite_class">lens_grass_1</str>
						<str id="name">lens_grass_1_1307987031014</str>
						<int id="x">685</int>
					</object>
					<object id="lens_grass_2_1307741552449">
						<int id="w">2108</int>
						<int id="z">12</int>
						<int id="h">161</int>
						<int id="y">90</int>
						<str id="sprite_class">lens_grass_2</str>
						<str id="name">lens_grass_2_1307741552444</str>
						<int id="x">1543</int>
					</object>
				</object>
				<int id="h">1000</int>
				<object id="signposts">
					<object id="signpost_1">
						<int id="y">-105</int>
						<int id="h">200</int>
						<str id="id">signpost_1</str>
						<int id="w">100</int>
						<int id="x">2822</int>
						<object id="connects">
							<object id="0">
								<str id="hub_id">91</str>
								<int id="x">-2662</int>
								<str id="mote_id">9</str>
								<int id="y">-77</int>
								<str id="swf_file_versioned">http://c2.glitch.bz/locations/groddle1/1317079592.swf</str>
								<objref id="target" tsid="LA513TDU0J524CU" label="Rustic Rd N"/>
							</object>
							<object id="1">
								<str id="hub_id">91</str>
								<int id="x">-2655</int>
								<str id="mote_id">9</str>
								<int id="y">-85</int>
								<str id="swf_file_versioned">http://c2.glitch.bz/locations/groddle1/1317079592.swf</str>
								<objref id="target" tsid="LA513S9U0J52SKD" label="Boor Bane F"/>
							</object>
							<object id="2">
								<str id="hub_id">91</str>
								<int id="x">2648</int>
								<str id="mote_id">9</str>
								<int id="y">-85</int>
								<str id="swf_file_versioned">http://c2.glitch.bz/locations/groddle1/1317079592.swf</str>
								<objref id="target" tsid="LA513CDN0J52ND9" label="Boor Bane E"/>
							</object>
						</object>
					</object>
				</object>
				<object id="filtersNEW">
					<object id="contrast">
						<int id="value">0</int>
					</object>
					<object id="brightness">
						<int id="value">9</int>
					</object>
					<object id="saturation">
						<int id="value">18</int>
					</object>
					<object id="tintColor">
						<int id="value">0</int>
					</object>
				</object>
				<object id="platform_lines">
					<object id="plat_1309306838013">
						<int id="platform_item_perm">-1</int>
						<object id="start">
							<int id="y">-80</int>
							<int id="x">-640</int>
						</object>
						<object id="end">
							<int id="y">-98</int>
							<int id="x">-426</int>
						</object>
						<int id="platform_pc_perm">-1</int>
					</object>
					<object id="plat_1307749098676">
						<int id="platform_item_perm">-1</int>
						<object id="start">
							<int id="y">-78</int>
							<int id="x">-1007</int>
						</object>
						<object id="end">
							<int id="y">-80</int>
							<int id="x">-640</int>
						</object>
						<int id="platform_pc_perm">-1</int>
					</object>
					<object id="plat_1307987031024">
						<int id="platform_item_perm">-1</int>
						<object id="start">
							<int id="y">-108</int>
							<int id="x">939</int>
						</object>
						<object id="end">
							<int id="y">-97</int>
							<int id="x">989</int>
						</object>
						<int id="platform_pc_perm">-1</int>
					</object>
					<object id="plat_1307749098681">
						<int id="platform_item_perm">-1</int>
						<object id="start">
							<int id="y">-65</int>
							<int id="x">346</int>
						</object>
						<object id="end">
							<int id="y">-92</int>
							<int id="x">691</int>
						</object>
						<int id="platform_pc_perm">-1</int>
					</object>
					<object id="plat_1307987031025">
						<int id="platform_item_perm">-1</int>
						<object id="start">
							<int id="y">-117</int>
							<int id="x">829</int>
						</object>
						<object id="end">
							<int id="y">-108</int>
							<int id="x">939</int>
						</object>
						<int id="platform_pc_perm">-1</int>
					</object>
					<object id="plat_1307749098668">
						<int id="platform_item_perm">-1</int>
						<object id="start">
							<int id="y">-85</int>
							<int id="x">-2999</int>
						</object>
						<object id="end">
							<int id="y">-71</int>
							<int id="x">-2617</int>
						</object>
						<int id="platform_pc_perm">-1</int>
					</object>
					<object id="plat_1307749098685">
						<int id="platform_item_perm">-1</int>
						<object id="start">
							<int id="y">-97</int>
							<int id="x">989</int>
						</object>
						<object id="end">
							<int id="y">-84</int>
							<int id="x">1641</int>
						</object>
						<int id="platform_pc_perm">-1</int>
					</object>
					<object id="plat_1307749098673">
						<int id="platform_item_perm">-1</int>
						<object id="start">
							<int id="y">-61</int>
							<int id="x">-1544</int>
						</object>
						<object id="end">
							<int id="y">-49</int>
							<int id="x">-1333</int>
						</object>
						<int id="platform_pc_perm">-1</int>
					</object>
					<object id="plat_1307987031026">
						<int id="platform_item_perm">-1</int>
						<object id="start">
							<int id="y">-103</int>
							<int id="x">721</int>
						</object>
						<object id="end">
							<int id="y">-117</int>
							<int id="x">829</int>
						</object>
						<int id="platform_pc_perm">-1</int>
					</object>
					<object id="plat_1307749098686">
						<int id="platform_item_perm">-1</int>
						<object id="start">
							<int id="y">-84</int>
							<int id="x">1641</int>
						</object>
						<object id="end">
							<int id="y">-88</int>
							<int id="x">1952</int>
						</object>
						<int id="platform_pc_perm">-1</int>
					</object>
					<object id="plat_1307749098688">
						<int id="platform_item_perm">-1</int>
						<object id="start">
							<int id="y">-91</int>
							<int id="x">2687</int>
						</object>
						<object id="end">
							<int id="y">-87</int>
							<int id="x">2998</int>
						</object>
						<int id="platform_pc_perm">-1</int>
					</object>
					<object id="plat_1307987031027">
						<int id="platform_item_perm">-1</int>
						<object id="start">
							<int id="y">-92</int>
							<int id="x">691</int>
						</object>
						<object id="end">
							<int id="y">-103</int>
							<int id="x">721</int>
						</object>
						<int id="platform_pc_perm">-1</int>
					</object>
					<object id="plat_1307749098670">
						<int id="platform_item_perm">-1</int>
						<object id="start">
							<int id="y">-84</int>
							<int id="x">-2190</int>
						</object>
						<object id="end">
							<int id="y">-64</int>
							<int id="x">-1848</int>
						</object>
						<int id="platform_pc_perm">-1</int>
					</object>
					<object id="plat_1307749098678">
						<int id="platform_item_perm">-1</int>
						<object id="start">
							<int id="y">-84</int>
							<int id="x">-242</int>
						</object>
						<object id="end">
							<int id="y">-74</int>
							<int id="x">214</int>
						</object>
						<int id="platform_pc_perm">-1</int>
					</object>
					<object id="plat_1307749098680">
						<int id="platform_item_perm">-1</int>
						<object id="start">
							<int id="y">-74</int>
							<int id="x">214</int>
						</object>
						<object id="end">
							<int id="y">-65</int>
							<int id="x">346</int>
						</object>
						<int id="platform_pc_perm">-1</int>
					</object>
					<object id="plat_1307749098671">
						<int id="platform_item_perm">-1</int>
						<object id="start">
							<int id="y">-64</int>
							<int id="x">-1848</int>
						</object>
						<object id="end">
							<int id="y">-46</int>
							<int id="x">-1683</int>
						</object>
						<int id="platform_pc_perm">-1</int>
					</object>
					<object id="plat_1307749098669">
						<int id="platform_item_perm">-1</int>
						<object id="start">
							<int id="y">-71</int>
							<int id="x">-2617</int>
						</object>
						<object id="end">
							<int id="y">-84</int>
							<int id="x">-2190</int>
						</object>
						<int id="platform_pc_perm">-1</int>
					</object>
					<object id="plat_1307749098675">
						<int id="platform_item_perm">-1</int>
						<object id="start">
							<int id="y">-83</int>
							<int id="x">-1146</int>
						</object>
						<object id="end">
							<int id="y">-78</int>
							<int id="x">-1007</int>
						</object>
						<int id="platform_pc_perm">-1</int>
					</object>
					<object id="plat_1309330780200">
						<int id="platform_item_perm">-1</int>
						<object id="start">
							<int id="y">-138</int>
							<int id="x">-1296</int>
						</object>
						<object id="end">
							<int id="y">-118</int>
							<int id="x">-1236</int>
						</object>
						<int id="platform_pc_perm">-1</int>
					</object>
					<object id="plat_1307987031016">
						<int id="platform_item_perm">-1</int>
						<object id="start">
							<int id="y">-74</int>
							<int id="x">2618</int>
						</object>
						<object id="end">
							<int id="y">-91</int>
							<int id="x">2687</int>
						</object>
						<int id="platform_pc_perm">-1</int>
					</object>
					<object id="plat_1307749098687">
						<int id="platform_item_perm">-1</int>
						<object id="start">
							<int id="y">-88</int>
							<int id="x">1952</int>
						</object>
						<object id="end">
							<int id="y">-74</int>
							<int id="x">2618</int>
						</object>
						<int id="platform_pc_perm">-1</int>
					</object>
					<object id="plat_1309330780197">
						<int id="platform_item_perm">-1</int>
						<object id="start">
							<int id="y">-112</int>
							<int id="x">-1466</int>
						</object>
						<object id="end">
							<int id="y">-136</int>
							<int id="x">-1402</int>
						</object>
						<int id="platform_pc_perm">-1</int>
					</object>
					<object id="plat_1309330780198">
						<int id="platform_item_perm">-1</int>
						<object id="start">
							<int id="y">-136</int>
							<int id="x">-1402</int>
						</object>
						<object id="end">
							<int id="y">-143</int>
							<int id="x">-1358</int>
						</object>
						<int id="platform_pc_perm">-1</int>
					</object>
					<object id="plat_1307749098677">
						<int id="platform_item_perm">-1</int>
						<object id="start">
							<int id="y">-98</int>
							<int id="x">-426</int>
						</object>
						<object id="end">
							<int id="y">-84</int>
							<int id="x">-242</int>
						</object>
						<int id="platform_pc_perm">-1</int>
					</object>
					<object id="plat_1307749098674">
						<int id="platform_item_perm">-1</int>
						<object id="start">
							<int id="y">-49</int>
							<int id="x">-1333</int>
						</object>
						<object id="end">
							<int id="y">-83</int>
							<int id="x">-1146</int>
						</object>
						<int id="platform_pc_perm">-1</int>
					</object>
					<object id="plat_1307749098672">
						<int id="platform_item_perm">-1</int>
						<object id="start">
							<int id="y">-46</int>
							<int id="x">-1683</int>
						</object>
						<object id="end">
							<int id="y">-61</int>
							<int id="x">-1544</int>
						</object>
						<int id="platform_pc_perm">-1</int>
					</object>
					<object id="plat_1309330780199">
						<int id="platform_item_perm">-1</int>
						<object id="start">
							<int id="y">-143</int>
							<int id="x">-1358</int>
						</object>
						<object id="end">
							<int id="y">-138</int>
							<int id="x">-1296</int>
						</object>
						<int id="platform_pc_perm">-1</int>
					</object>
				</object>
				<object id="walls">
				</object>
				<object id="targets">
				</object>
				<str id="name">middleground</str>
				<object id="boxes">
				</object>
				<object id="doors">
				</object>
				<int id="w">6000</int>
				<object id="ladders">
				</object>
				<int id="z">0</int>
			</object>
			<object id="T_1307741552441">
				<object id="decos">
					<object id="cloud_fluffy_1_1307984015706">
						<int id="w">539</int>
						<int id="z">15</int>
						<int id="h">59</int>
						<int id="y">748</int>
						<str id="sprite_class">cloud_fluffy_1</str>
						<str id="name">cloud_fluffy_1_1307749098737</str>
						<int id="x">3601</int>
					</object>
					<object id="heights_bush_4_1307987031100">
						<int id="w">1145</int>
						<int id="z">17</int>
						<int id="h">29</int>
						<int id="y">785</int>
						<str id="sprite_class">heights_bush_4</str>
						<str id="name">heights_bush_4_1307741552494</str>
						<int id="x">1732</int>
					</object>
					<object id="heights_bush_4_1307749098584">
						<int id="w">632</int>
						<int id="z">3</int>
						<int id="r">-1</int>
						<int id="h">22</int>
						<int id="y">782</int>
						<str id="sprite_class">heights_bush_4</str>
						<str id="name">heights_bush_4_1307741552494</str>
						<int id="x">3548</int>
					</object>
					<object id="heights_bush_4_1307987031098">
						<int id="w">416</int>
						<int id="z">18</int>
						<int id="h">29</int>
						<int id="y">781</int>
						<str id="sprite_class">heights_bush_4</str>
						<str id="name">heights_bush_4_1307741552494</str>
						<int id="x">1782</int>
					</object>
					<object id="tree_bare_bunch_1_1307992844126">
						<int id="w">56</int>
						<int id="z">22</int>
						<int id="h">53</int>
						<int id="y">801</int>
						<str id="sprite_class">tree_bare_bunch_1</str>
						<str id="name">tree_bare_bunch_1_1307992844123</str>
						<int id="x">3819</int>
					</object>
					<object id="tree_bare_bunch_1_1307992844127">
						<int id="w">56</int>
						<int id="z">23</int>
						<int id="r">-10</int>
						<int id="h">53</int>
						<int id="y">807</int>
						<str id="sprite_class">tree_bare_bunch_1</str>
						<str id="name">tree_bare_bunch_1_1307992844123</str>
						<int id="x">4153</int>
					</object>
					<object id="cloud_fluffy_2_1307984015711">
						<int id="w">1069</int>
						<int id="z">11</int>
						<int id="h">114</int>
						<int id="y">738</int>
						<str id="sprite_class">cloud_fluffy_2</str>
						<str id="name">cloud_fluffy_2_1307749098529</str>
						<int id="x">4644</int>
					</object>
					<object id="heights_bush_4_1307749098700">
						<int id="w">340</int>
						<int id="z">10</int>
						<int id="r">-2</int>
						<int id="h">14</int>
						<int id="y">761</int>
						<str id="sprite_class">heights_bush_4</str>
						<str id="name">heights_bush_4_1307741552494</str>
						<int id="x">421</int>
					</object>
					<object id="heights_bush_4_1307749098534">
						<int id="w">340</int>
						<int id="z">0</int>
						<int id="r">2</int>
						<int id="h">37</int>
						<int id="y">794</int>
						<str id="sprite_class">heights_bush_4</str>
						<str id="name">heights_bush_4_1307741552494</str>
						<int id="x">4996</int>
					</object>
					<object id="cloud_fluffy_2_1307984015710">
						<int id="w">1069</int>
						<int id="z">12</int>
						<int id="h">114</int>
						<int id="y">725</int>
						<str id="sprite_class">cloud_fluffy_2</str>
						<str id="name">cloud_fluffy_2_1307749098529</str>
						<int id="x">3181</int>
					</object>
					<object id="heights_bush_4_1308037220558">
						<int id="w">340</int>
						<int id="z">9</int>
						<int id="r">2</int>
						<int id="h">37</int>
						<int id="y">771</int>
						<str id="sprite_class">heights_bush_4</str>
						<str id="name">heights_bush_4_1307741552494</str>
						<int id="x">93</int>
					</object>
					<object id="heights_bush_4_1307749098536">
						<int id="w">340</int>
						<int id="z">2</int>
						<int id="h">37</int>
						<int id="y">796</int>
						<str id="sprite_class">heights_bush_4</str>
						<str id="name">heights_bush_4_1307741552494</str>
						<int id="x">4569</int>
					</object>
					<object id="heights_bush_3_1307749098533">
						<int id="w">114</int>
						<int id="z">5</int>
						<int id="h">40</int>
						<int id="y">798</int>
						<str id="sprite_class">heights_bush_3</str>
						<str id="name">heights_bush_3_1307741552495</str>
						<int id="x">4683</int>
					</object>
					<object id="cloud_fluffy_1_1307984015708">
						<int id="w">798</int>
						<int id="z">13</int>
						<int id="h">119</int>
						<int id="y">749</int>
						<str id="sprite_class">cloud_fluffy_1</str>
						<str id="name">cloud_fluffy_1_1307749098737</str>
						<int id="x">586</int>
					</object>
					<object id="heights_bush_4_1307749098585">
						<int id="w">340</int>
						<int id="z">4</int>
						<int id="h">37</int>
						<int id="y">788</int>
						<str id="sprite_class">heights_bush_4</str>
						<str id="name">heights_bush_4_1307741552494</str>
						<int id="x">3884</int>
					</object>
					<object id="heights_bush_4_1307987031097">
						<int id="w">771</int>
						<int id="z">16</int>
						<int id="r">-1</int>
						<int id="h">37</int>
						<int id="y">787</int>
						<str id="sprite_class">heights_bush_4</str>
						<str id="name">heights_bush_4_1307741552494</str>
						<int id="x">1771</int>
					</object>
					<object id="cloud_fluffy_1_1307984015707">
						<int id="w">1093</int>
						<int id="z">14</int>
						<int id="h">163</int>
						<int id="y">541</int>
						<str id="sprite_class">cloud_fluffy_1</str>
						<str id="name">cloud_fluffy_1_1307749098737</str>
						<int id="x">3931</int>
					</object>
					<object id="heights_bush_3_1307749098537">
						<int id="w">114</int>
						<int id="z">6</int>
						<int id="h">40</int>
						<int id="y">799</int>
						<str id="sprite_class">heights_bush_3</str>
						<str id="name">heights_bush_3_1307741552495</str>
						<int id="x">4941</int>
					</object>
					<object id="heights_bush_4_1307749098535">
						<int id="w">340</int>
						<int id="z">1</int>
						<int id="h">37</int>
						<int id="y">793</int>
						<str id="sprite_class">heights_bush_4</str>
						<str id="name">heights_bush_4_1307741552494</str>
						<int id="x">4742</int>
					</object>
					<object id="tree_bare_bunch_1_1307992844125">
						<int id="w">56</int>
						<int id="z">21</int>
						<int id="h">53</int>
						<int id="y">807</int>
						<str id="sprite_class">tree_bare_bunch_1</str>
						<str id="name">tree_bare_bunch_1_1307992844123</str>
						<int id="x">3863</int>
					</object>
					<object id="cloud_fluffy_2_1307984015709">
						<int id="w">771</int>
						<int id="z">20</int>
						<int id="h">82</int>
						<int id="y">738</int>
						<str id="sprite_class">cloud_fluffy_2</str>
						<str id="name">cloud_fluffy_2_1307749098529</str>
						<int id="x">1348</int>
					</object>
					<object id="heights_bush_4_1307749098699">
						<int id="w">600</int>
						<int id="z">8</int>
						<int id="r">2</int>
						<int id="h">29</int>
						<int id="y">779</int>
						<str id="sprite_class">heights_bush_4</str>
						<str id="name">heights_bush_4_1307741552494</str>
						<int id="x">683</int>
					</object>
					<object id="heights_bush_4_1307749098587">
						<int id="w">340</int>
						<int id="z">7</int>
						<int id="h">37</int>
						<int id="y">794</int>
						<str id="sprite_class">heights_bush_4</str>
						<str id="name">heights_bush_4_1307741552494</str>
						<int id="x">4097</int>
						<bool id="h_flip">true</bool>
					</object>
				</object>
				<str id="name">sky</str>
				<int id="w">5160</int>
				<int id="h">1000</int>
				<int id="z">-5</int>
				<object id="filtersNEW">
					<object id="contrast">
						<int id="value">-10</int>
					</object>
					<object id="saturation">
						<int id="value">-60</int>
					</object>
					<object id="tintColor">
						<int id="value">16763904</int>
					</object>
					<object id="blur">
						<int id="value">3</int>
					</object>
					<object id="tintAmount">
						<int id="value">80</int>
					</object>
					<object id="brightness">
						<int id="value">19</int>
					</object>
				</object>
			</object>
			<object id="T_1307741552442">
				<object id="decos">
					<object id="lens_grass_1_1307749098480">
						<int id="w">1063</int>
						<int id="z">16</int>
						<int id="h">85</int>
						<int id="y">838</int>
						<str id="sprite_class">lens_grass_1</str>
						<str id="name">lens_grass_1_1307741552445</str>
						<int id="x">449</int>
					</object>
					<object id="tree_acacia_2_1307749098540">
						<int id="w">55</int>
						<int id="z">20</int>
						<int id="h">31</int>
						<int id="y">784</int>
						<str id="sprite_class">tree_acacia_2</str>
						<str id="name">tree_acacia_2_1307749098540</str>
						<int id="x">4856</int>
					</object>
					<object id="lens_grass_1_1307749098478">
						<int id="w">1089</int>
						<int id="z">14</int>
						<int id="h">69</int>
						<int id="y">827</int>
						<str id="sprite_class">lens_grass_1</str>
						<str id="name">lens_grass_1_1307741552445</str>
						<int id="x">892</int>
					</object>
					<object id="lens_grass_2_1307749098481">
						<int id="w">934</int>
						<int id="z">15</int>
						<int id="r">1</int>
						<int id="h">71</int>
						<int id="y">816</int>
						<str id="sprite_class">lens_grass_2</str>
						<str id="name">lens_grass_2_1307741552444</str>
						<int id="x">67</int>
					</object>
					<object id="tree_acacia_4_1307749098591">
						<int id="w">57</int>
						<int id="z">17</int>
						<int id="h">44</int>
						<int id="y">778</int>
						<str id="sprite_class">tree_acacia_4</str>
						<str id="name">tree_acacia_4_1307749098538</str>
						<int id="x">3859</int>
						<bool id="h_flip">true</bool>
					</object>
					<object id="lens_grass_1_1307749098469">
						<int id="w">1140</int>
						<int id="z">8</int>
						<int id="h">78</int>
						<int id="y">857</int>
						<str id="sprite_class">lens_grass_1</str>
						<str id="name">lens_grass_1_1307741552445</str>
						<int id="x">4776</int>
					</object>
					<object id="lens_grass_1_1307749098474">
						<int id="w">1322</int>
						<int id="z">11</int>
						<int id="h">85</int>
						<int id="y">860</int>
						<str id="sprite_class">lens_grass_1</str>
						<str id="name">lens_grass_1_1307741552445</str>
						<int id="x">2721</int>
					</object>
					<object id="tree_acacia_2_1307749098589">
						<int id="w">66</int>
						<int id="z">21</int>
						<int id="h">37</int>
						<int id="y">782</int>
						<str id="sprite_class">tree_acacia_2</str>
						<str id="name">tree_acacia_2_1307749098540</str>
						<int id="x">3826</int>
					</object>
					<object id="tree_acacia_3_1307749098588">
						<int id="w">82</int>
						<int id="z">33</int>
						<int id="h">37</int>
						<int id="y">782</int>
						<str id="sprite_class">tree_acacia_3</str>
						<str id="name">tree_acacia_3_1307749098496</str>
						<int id="x">4409</int>
					</object>
					<object id="lens_grass_1_1307749098476">
						<int id="w">1212</int>
						<int id="z">12</int>
						<int id="h">68</int>
						<int id="y">832</int>
						<str id="sprite_class">lens_grass_1</str>
						<str id="name">lens_grass_1_1307741552445</str>
						<int id="x">1869</int>
					</object>
					<object id="lens_grass_2_1307749098475">
						<int id="w">1009</int>
						<int id="z">10</int>
						<int id="h">55</int>
						<int id="y">831</int>
						<str id="sprite_class">lens_grass_2</str>
						<str id="name">lens_grass_2_1307741552444</str>
						<int id="x">3136</int>
					</object>
					<object id="lens_grass_2_1307749098468">
						<int id="w">1035</int>
						<int id="z">7</int>
						<int id="r">1</int>
						<int id="h">71</int>
						<int id="y">850</int>
						<str id="sprite_class">lens_grass_2</str>
						<str id="name">lens_grass_2_1307741552444</str>
						<int id="x">5247</int>
					</object>
					<object id="tree_acacia_1_1307749098703">
						<int id="w">62</int>
						<int id="z">34</int>
						<int id="h">39</int>
						<int id="y">752</int>
						<str id="sprite_class">tree_acacia_1</str>
						<str id="name">tree_acacia_1_1307749098552</str>
						<int id="x">26</int>
					</object>
					<object id="pampas_2_1307749098723">
						<int id="w">5</int>
						<int id="z">37</int>
						<int id="h">8</int>
						<int id="y">779</int>
						<str id="sprite_class">pampas_2</str>
						<str id="name">pampas_2_1307749098499</str>
						<int id="x">1401</int>
					</object>
					<object id="lens_grass_2_1307749098479">
						<int id="w">1152</int>
						<int id="z">13</int>
						<int id="r">1</int>
						<int id="h">68</int>
						<int id="y">828</int>
						<str id="sprite_class">lens_grass_2</str>
						<str id="name">lens_grass_2_1307741552444</str>
						<int id="x">1435</int>
					</object>
					<object id="alakol_water_rock_1_1307987031088">
						<int id="w">54</int>
						<int id="z">43</int>
						<int id="h">15</int>
						<int id="y">782</int>
						<str id="sprite_class">alakol_water_rock_1</str>
						<str id="name">alakol_water_rock_1_1307749098577</str>
						<int id="x">2277</int>
					</object>
					<object id="pampas_2_1307749098721">
						<int id="w">5</int>
						<int id="z">36</int>
						<int id="h">8</int>
						<int id="y">772</int>
						<str id="sprite_class">pampas_2</str>
						<str id="name">pampas_2_1307749098499</str>
						<int id="x">1411</int>
					</object>
					<object id="lens_grass_2_1307749098477">
						<int id="w">1106</int>
						<int id="z">5</int>
						<int id="r">1</int>
						<int id="h">36</int>
						<int id="y">806</int>
						<str id="sprite_class">lens_grass_2</str>
						<str id="name">lens_grass_2_1307741552444</str>
						<int id="x">2474</int>
					</object>
					<object id="tree_acacia_3_1307749098704">
						<int id="w">68</int>
						<int id="z">35</int>
						<int id="h">31</int>
						<int id="y">759</int>
						<str id="sprite_class">tree_acacia_3</str>
						<str id="name">tree_acacia_3_1307749098496</str>
						<int id="x">445</int>
					</object>
					<object id="lens_grass_2_1307749098473">
						<int id="w">1258</int>
						<int id="z">6</int>
						<int id="r">1</int>
						<int id="h">71</int>
						<int id="y">841</int>
						<str id="sprite_class">lens_grass_2</str>
						<str id="name">lens_grass_2_1307741552444</str>
						<int id="x">4283</int>
					</object>
					<object id="tree_acacia_1_1307749098541">
						<int id="w">54</int>
						<int id="z">22</int>
						<int id="h">34</int>
						<int id="y">790</int>
						<str id="sprite_class">tree_acacia_1</str>
						<str id="name">tree_acacia_1_1307749098541</str>
						<int id="x">4563</int>
					</object>
					<object id="lens_grass_1_1307749098472">
						<int id="w">1289</int>
						<int id="z">9</int>
						<int id="h">81</int>
						<int id="y">850</int>
						<str id="sprite_class">lens_grass_1</str>
						<str id="name">lens_grass_1_1307741552445</str>
						<int id="x">3702</int>
					</object>
					<object id="tree_acacia_4_1307987031068">
						<int id="w">55</int>
						<int id="z">18</int>
						<int id="r">-11</int>
						<int id="h">46</int>
						<int id="y">778</int>
						<str id="sprite_class">tree_acacia_4</str>
						<str id="name">tree_acacia_4_1307749098538</str>
						<int id="x">3798</int>
						<bool id="h_flip">true</bool>
					</object>
					<object id="alakol_water_rock_1_1308037220491">
						<int id="w">54</int>
						<int id="z">44</int>
						<int id="h">15</int>
						<int id="y">774</int>
						<str id="sprite_class">alakol_water_rock_1</str>
						<str id="name">alakol_water_rock_1_1307749098577</str>
						<int id="x">1276</int>
					</object>
				</object>
				<str id="name">bg_3</str>
				<int id="w">5400</int>
				<int id="h">1000</int>
				<int id="z">-3</int>
				<object id="filtersNEW">
					<object id="contrast">
						<int id="value">0</int>
					</object>
					<object id="blur">
						<int id="value">3</int>
					</object>
					<object id="brightness">
						<int id="value">25</int>
					</object>
					<object id="saturation">
						<int id="value">6</int>
					</object>
					<object id="tintColor">
						<int id="value">0</int>
					</object>
				</object>
			</object>
		</object>
		<null id="loading_label"/>
		<int id="ground_y">0</int>
		<int id="rookable_type">0</int>
		<null id="physics"/>
		<null id="img_file_versioned"/>
		<str id="tsid">LA513LMP0J52V1C</str>
		<str id="swf_file_versioned">http://c2.glitch.bz/locations/groddle1/1317079592.swf</str>
		<object id="gradient">
			<str id="top">7395BF</str>
			<str id="bottom">FFD859</str>
		</object>
		<object id="sources">
			<int id="LA513S9U0J52SKD">1</int>
			<int id="LA513TDU0J524CU">1</int>
			<int id="LA513CDN0J52ND9">1</int>
		</object>
		<str id="music_file"></str>
		<bool id="wall_jump">false</bool>
		<bool id="no_zoom">false</bool>
	</object>
</game_object>
