<game_object tsid="GA513I7O0J52MO0" ts="1337675308367" label="Swain Way 5" class_tsid="" lastUpdateTime="1337675210573" upd_gs="gs8" load_time="2012-05-22 01:26:10.653" upd_time="2012-05-22 01:24:05.139">
	<object id="dynamic">
		<int id="l">-3000</int>
		<int id="r">3000</int>
		<int id="t">-1000</int>
		<int id="b">0</int>
		<str id="label">Swain Way 5</str>
		<str id="swf_file">groddle1.swf</str>
		<object id="layers">
			<object id="T_1307741552438">
				<object id="decos">
					<object id="pampas_1_1307749098570">
						<int id="w">49</int>
						<int id="z">7</int>
						<int id="h">71</int>
						<int id="y">983</int>
						<str id="sprite_class">pampas_1</str>
						<str id="name">pampas_1_1307749098498</str>
						<int id="x">3138</int>
					</object>
					<object id="tree_acacia_3_1307984015712">
						<int id="w">1678</int>
						<int id="z">8</int>
						<int id="h">768</int>
						<int id="y">1008</int>
						<str id="sprite_class">tree_acacia_3</str>
						<str id="name">tree_acacia_3_1307749098496</str>
						<int id="x">3112</int>
					</object>
					<object id="lens_grass_1_1307987031020">
						<int id="w">285</int>
						<int id="z">6</int>
						<int id="h">60</int>
						<int id="y">1036</int>
						<str id="sprite_class">lens_grass_1</str>
						<str id="name">lens_grass_1_1307987031014</str>
						<int id="x">5054</int>
					</object>
					<object id="pampas_1_1307749098571">
						<int id="w">78</int>
						<int id="z">9</int>
						<int id="h">114</int>
						<int id="y">1006</int>
						<str id="sprite_class">pampas_1</str>
						<str id="name">pampas_1_1307749098498</str>
						<int id="x">3059</int>
					</object>
					<object id="pampas_2_1307749098692">
						<int id="w">53</int>
						<int id="z">5</int>
						<int id="h">81</int>
						<int id="y">959</int>
						<str id="sprite_class">pampas_2</str>
						<str id="name">pampas_2_1307749098499</str>
						<int id="x">4943</int>
					</object>
				</object>
				<str id="name">middleplus</str>
				<int id="w">6000</int>
				<int id="h">1000</int>
				<int id="z">1</int>
				<object id="filtersNEW">
					<object id="contrast">
						<int id="value">0</int>
					</object>
					<object id="saturation">
						<int id="value">22</int>
					</object>
					<object id="tintColor">
						<int id="value">0</int>
					</object>
				</object>
			</object>
			<object id="T_1307741552440">
				<object id="decos">
					<object id="lens_grass_1_1307987031045">
						<int id="w">97</int>
						<int id="z">10</int>
						<int id="h">24</int>
						<int id="y">808</int>
						<str id="sprite_class">lens_grass_1</str>
						<str id="name">lens_grass_1_1307987031014</str>
						<int id="x">760</int>
					</object>
					<object id="lens_grass_1_1307741552467">
						<int id="w">1426</int>
						<int id="z">5</int>
						<int id="r">1</int>
						<int id="h">77</int>
						<int id="y">860</int>
						<str id="sprite_class">lens_grass_1</str>
						<str id="name">lens_grass_1_1307741552445</str>
						<int id="x">2073</int>
					</object>
					<object id="gravel_2_1307749098656">
						<int id="w">24</int>
						<int id="z">19</int>
						<int id="h">13</int>
						<int id="y">796</int>
						<str id="sprite_class">gravel_2</str>
						<str id="name">gravel_2_1307741552484</str>
						<int id="x">78</int>
					</object>
					<object id="lens_grass_1_1307741552471">
						<int id="w">1172</int>
						<int id="z">2</int>
						<int id="h">71</int>
						<int id="y">856</int>
						<str id="sprite_class">lens_grass_1</str>
						<str id="name">lens_grass_1_1307741552445</str>
						<int id="x">4124</int>
					</object>
					<object id="pampas_2_1307749098558">
						<int id="w">17</int>
						<int id="z">17</int>
						<int id="h">26</int>
						<int id="y">814</int>
						<str id="sprite_class">pampas_2</str>
						<str id="name">pampas_2_1307749098499</str>
						<int id="x">4492</int>
					</object>
					<object id="lens_grass_1_1307992844138">
						<int id="w">103</int>
						<int id="z">36</int>
						<int id="h">16</int>
						<int id="y">813</int>
						<str id="sprite_class">lens_grass_1</str>
						<str id="name">lens_grass_1_1307987031014</str>
						<int id="x">3498</int>
					</object>
					<object id="alakol_water_rock_2_1307992844133">
						<int id="w">48</int>
						<int id="z">33</int>
						<int id="h">17</int>
						<int id="y">804</int>
						<str id="sprite_class">alakol_water_rock_2</str>
						<str id="name">alakol_water_rock_2_1307749098574</str>
						<int id="x">3853</int>
					</object>
					<object id="lens_grass_1_1307741552465">
						<int id="w">1317</int>
						<int id="z">7</int>
						<int id="r">1</int>
						<int id="h">86</int>
						<int id="y">861</int>
						<str id="sprite_class">lens_grass_1</str>
						<str id="name">lens_grass_1_1307741552445</str>
						<int id="x">871</int>
					</object>
					<object id="alakol_water_rock_1_1307992844134">
						<int id="w">28</int>
						<int id="z">35</int>
						<int id="h">23</int>
						<int id="y">806</int>
						<str id="sprite_class">alakol_water_rock_1</str>
						<str id="name">alakol_water_rock_1_1307749098577</str>
						<int id="x">3868</int>
					</object>
					<object id="alakol_water_rock_1_1307992844132">
						<int id="w">52</int>
						<int id="z">34</int>
						<int id="h">24</int>
						<int id="y">806</int>
						<str id="sprite_class">alakol_water_rock_1</str>
						<str id="name">alakol_water_rock_1_1307749098577</str>
						<int id="x">3882</int>
					</object>
					<object id="heights_bush_2_1307992844144">
						<int id="w">28</int>
						<int id="z">42</int>
						<int id="h">11</int>
						<int id="y">805</int>
						<str id="sprite_class">heights_bush_2</str>
						<str id="name">heights_bush_2_1307741552493</str>
						<int id="x">3854</int>
						<bool id="h_flip">true</bool>
					</object>
					<object id="alakol_water_rock_1_1307749098600">
						<int id="w">28</int>
						<int id="z">43</int>
						<int id="h">16</int>
						<int id="y">809</int>
						<str id="sprite_class">alakol_water_rock_1</str>
						<str id="name">alakol_water_rock_1_1307749098577</str>
						<int id="x">2097</int>
					</object>
					<object id="lens_grass_1_1307987031064">
						<int id="w">125</int>
						<int id="z">26</int>
						<int id="h">20</int>
						<int id="y">820</int>
						<str id="sprite_class">lens_grass_1</str>
						<str id="name">lens_grass_1_1307987031014</str>
						<int id="x">4871</int>
					</object>
					<object id="tree_acacia_2_1307992844131">
						<int id="w">301</int>
						<int id="z">31</int>
						<int id="h">169</int>
						<int id="y">816</int>
						<str id="sprite_class">tree_acacia_2</str>
						<str id="name">tree_acacia_2_1307749098540</str>
						<int id="x">4481</int>
					</object>
					<object id="lens_grass_1_1307741552469">
						<int id="w">1229</int>
						<int id="z">12</int>
						<int id="h">66</int>
						<int id="y">865</int>
						<str id="sprite_class">lens_grass_1</str>
						<str id="name">lens_grass_1_1307741552445</str>
						<int id="x">3174</int>
					</object>
					<object id="alakol_water_rock_2_1308041830262">
						<int id="w">52</int>
						<int id="z">32</int>
						<int id="h">21</int>
						<int id="y">802</int>
						<str id="sprite_class">alakol_water_rock_2</str>
						<str id="name">alakol_water_rock_2_1307749098574</str>
						<int id="x">3898</int>
					</object>
					<object id="lens_grass_1_1307992844141">
						<int id="w">103</int>
						<int id="z">38</int>
						<int id="h">16</int>
						<int id="y">820</int>
						<str id="sprite_class">lens_grass_1</str>
						<str id="name">lens_grass_1_1307987031014</str>
						<int id="x">3608</int>
					</object>
					<object id="lens_grass_2_1307741552466">
						<int id="w">1202</int>
						<int id="z">6</int>
						<int id="h">72</int>
						<int id="y">838</int>
						<str id="sprite_class">lens_grass_2</str>
						<str id="name">lens_grass_2_1307741552444</str>
						<int id="x">232</int>
					</object>
					<object id="lens_grass_1_1307987031067">
						<int id="w">125</int>
						<int id="z">30</int>
						<int id="h">20</int>
						<int id="y">835</int>
						<str id="sprite_class">lens_grass_1</str>
						<str id="name">lens_grass_1_1307987031014</str>
						<int id="x">4763</int>
					</object>
					<object id="lens_grass_2_1307749098467">
						<int id="w">1280</int>
						<int id="z">13</int>
						<int id="r">1</int>
						<int id="h">73</int>
						<int id="y">869</int>
						<str id="sprite_class">lens_grass_2</str>
						<str id="name">lens_grass_2_1307741552444</str>
						<int id="x">4675</int>
					</object>
					<object id="lens_grass_2_1307741552472">
						<int id="w">1242</int>
						<int id="z">1</int>
						<int id="r">-2</int>
						<int id="h">59</int>
						<int id="y">851</int>
						<str id="sprite_class">lens_grass_2</str>
						<str id="name">lens_grass_2_1307741552444</str>
						<int id="x">3671</int>
					</object>
					<object id="pampas_1_1307749098547">
						<int id="w">29</int>
						<int id="z">14</int>
						<int id="h">42</int>
						<int id="y">830</int>
						<str id="sprite_class">pampas_1</str>
						<str id="name">pampas_1_1307749098498</str>
						<int id="x">5470</int>
					</object>
					<object id="lens_grass_1_1307987031066">
						<int id="w">125</int>
						<int id="z">29</int>
						<int id="h">20</int>
						<int id="y">833</int>
						<str id="sprite_class">lens_grass_1</str>
						<str id="name">lens_grass_1_1307987031014</str>
						<int id="x">4978</int>
					</object>
					<object id="lens_grass_1_1307987031051">
						<int id="w">99</int>
						<int id="z">23</int>
						<int id="h">22</int>
						<int id="y">790</int>
						<str id="sprite_class">lens_grass_1</str>
						<str id="name">lens_grass_1_1307987031014</str>
						<int id="x">186</int>
					</object>
					<object id="pampas_1_1307749098549">
						<int id="w">13</int>
						<int id="z">16</int>
						<int id="h">19</int>
						<int id="y">803</int>
						<str id="sprite_class">pampas_1</str>
						<str id="name">pampas_1_1307749098498</str>
						<int id="x">5355</int>
					</object>
					<object id="lens_grass_1_1307987031046">
						<int id="w">97</int>
						<int id="z">11</int>
						<int id="h">24</int>
						<int id="y">815</int>
						<str id="sprite_class">lens_grass_1</str>
						<str id="name">lens_grass_1_1307987031014</str>
						<int id="x">799</int>
					</object>
					<object id="lens_grass_2_1307741552468">
						<int id="w">1392</int>
						<int id="z">4</int>
						<int id="h">75</int>
						<int id="y">855</int>
						<str id="sprite_class">lens_grass_2</str>
						<str id="name">lens_grass_2_1307741552444</str>
						<int id="x">1421</int>
					</object>
					<object id="lens_grass_1_1307987031065">
						<int id="w">125</int>
						<int id="z">28</int>
						<int id="h">20</int>
						<int id="y">828</int>
						<str id="sprite_class">lens_grass_1</str>
						<str id="name">lens_grass_1_1307987031014</str>
						<int id="x">4932</int>
					</object>
					<object id="lens_grass_1_1307987031062">
						<int id="w">125</int>
						<int id="z">25</int>
						<int id="h">20</int>
						<int id="y">815</int>
						<str id="sprite_class">lens_grass_1</str>
						<str id="name">lens_grass_1_1307987031014</str>
						<int id="x">5009</int>
					</object>
					<object id="lens_grass_1_1307987031063">
						<int id="w">125</int>
						<int id="z">27</int>
						<int id="h">20</int>
						<int id="y">822</int>
						<str id="sprite_class">lens_grass_1</str>
						<str id="name">lens_grass_1_1307987031014</str>
						<int id="x">4952</int>
					</object>
					<object id="lens_grass_1_1307987031044">
						<int id="w">125</int>
						<int id="z">9</int>
						<int id="h">20</int>
						<int id="y">797</int>
						<str id="sprite_class">lens_grass_1</str>
						<str id="name">lens_grass_1_1307987031014</str>
						<int id="x">769</int>
					</object>
					<object id="lens_grass_1_1307987031049">
						<int id="w">117</int>
						<int id="z">20</int>
						<int id="h">17</int>
						<int id="y">785</int>
						<str id="sprite_class">lens_grass_1</str>
						<str id="name">lens_grass_1_1307987031014</str>
						<int id="x">260</int>
					</object>
					<object id="tree_acacia_2_1307749098706">
						<int id="w">287</int>
						<int id="z">24</int>
						<int id="h">160</int>
						<int id="y">791</int>
						<str id="sprite_class">tree_acacia_2</str>
						<str id="name">tree_acacia_2_1307749098540</str>
						<int id="x">356</int>
					</object>
					<object id="lens_grass_1_1307987031048">
						<int id="w">97</int>
						<int id="z">21</int>
						<int id="h">24</int>
						<int id="y">793</int>
						<str id="sprite_class">lens_grass_1</str>
						<str id="name">lens_grass_1_1307987031014</str>
						<int id="x">305</int>
					</object>
					<object id="lens_grass_2_1307741552470">
						<int id="w">1348</int>
						<int id="z">3</int>
						<int id="r">1</int>
						<int id="h">73</int>
						<int id="y">863</int>
						<str id="sprite_class">lens_grass_2</str>
						<str id="name">lens_grass_2_1307741552444</str>
						<int id="x">2667</int>
					</object>
					<object id="lens_grass_1_1307987031043">
						<int id="w">125</int>
						<int id="z">8</int>
						<int id="h">20</int>
						<int id="y">792</int>
						<str id="sprite_class">lens_grass_1</str>
						<str id="name">lens_grass_1_1307987031014</str>
						<int id="x">703</int>
					</object>
					<object id="tree_acacia_1_1308041830258">
						<int id="w">285</int>
						<int id="z">41</int>
						<int id="h">177</int>
						<int id="y">784</int>
						<str id="sprite_class">tree_acacia_1</str>
						<str id="name">tree_acacia_1_1307749098552</str>
						<int id="x">44</int>
					</object>
					<object id="lens_grass_1_1307749098466">
						<int id="w">1282</int>
						<int id="z">0</int>
						<int id="r">1</int>
						<int id="h">80</int>
						<int id="y">875</int>
						<str id="sprite_class">lens_grass_1</str>
						<str id="name">lens_grass_1_1307741552445</str>
						<int id="x">5326</int>
					</object>
					<object id="tree_acacia_1_1308779218735">
						<int id="w">296</int>
						<int id="z">44</int>
						<int id="h">184</int>
						<int id="y">807</int>
						<str id="sprite_class">tree_acacia_1</str>
						<str id="name">tree_acacia_1_1307749098541</str>
						<int id="x">4071</int>
					</object>
					<object id="lens_grass_1_1307987031050">
						<int id="w">99</int>
						<int id="z">22</int>
						<int id="h">27</int>
						<int id="y">807</int>
						<str id="sprite_class">lens_grass_1</str>
						<str id="name">lens_grass_1_1307987031014</str>
						<int id="x">302</int>
					</object>
					<object id="lens_grass_1_1307992844139">
						<int id="w">103</int>
						<int id="z">37</int>
						<int id="h">16</int>
						<int id="y">816</int>
						<str id="sprite_class">lens_grass_1</str>
						<str id="name">lens_grass_1_1307987031014</str>
						<int id="x">3551</int>
					</object>
					<object id="lens_grass_1_1307992844143">
						<int id="w">103</int>
						<int id="z">39</int>
						<int id="h">16</int>
						<int id="y">821</int>
						<str id="sprite_class">lens_grass_1</str>
						<str id="name">lens_grass_1_1307987031014</str>
						<int id="x">3633</int>
					</object>
					<object id="alakol_water_rock_1_1307749098601">
						<int id="w">48</int>
						<int id="z">18</int>
						<int id="h">26</int>
						<int id="y">807</int>
						<str id="sprite_class">alakol_water_rock_1</str>
						<str id="name">alakol_water_rock_1_1307749098577</str>
						<int id="x">2083</int>
					</object>
					<object id="lens_grass_1_1307992844142">
						<int id="w">103</int>
						<int id="z">40</int>
						<int id="h">16</int>
						<int id="y">827</int>
						<str id="sprite_class">lens_grass_1</str>
						<str id="name">lens_grass_1_1307987031014</str>
						<int id="x">3582</int>
					</object>
				</object>
				<str id="name">bg_2</str>
				<int id="w">5640</int>
				<int id="h">1000</int>
				<int id="z">-2</int>
				<object id="filtersNEW">
					<object id="contrast">
						<int id="value">0</int>
					</object>
					<object id="blur">
						<int id="value">2</int>
					</object>
					<object id="brightness">
						<int id="value">20</int>
					</object>
					<object id="saturation">
						<int id="value">10</int>
					</object>
					<object id="tintColor">
						<int id="value">0</int>
					</object>
				</object>
			</object>
			<object id="T_1307741552439">
				<object id="decos">
					<object id="lens_grass_1_1307741552458">
						<int id="w">1626</int>
						<int id="z">5</int>
						<int id="h">110</int>
						<int id="y">918</int>
						<str id="sprite_class">lens_grass_1</str>
						<str id="name">lens_grass_1_1307741552445</str>
						<int id="x">207</int>
					</object>
					<object id="lens_grass_1_1307987031095">
						<int id="w">186</int>
						<int id="z">37</int>
						<int id="h">28</int>
						<int id="y">852</int>
						<str id="sprite_class">lens_grass_1</str>
						<str id="name">lens_grass_1_1307987031014</str>
						<int id="x">1817</int>
					</object>
					<object id="tree_acacia_2_1308037220490">
						<int id="w">606</int>
						<int id="z">42</int>
						<int id="h">391</int>
						<int id="y">836</int>
						<str id="sprite_class">tree_acacia_2</str>
						<str id="name">tree_acacia_2_1307749098540</str>
						<int id="x">1623</int>
					</object>
					<object id="lens_grass_2_1307741552462">
						<int id="w">2075</int>
						<int id="z">11</int>
						<int id="h">97</int>
						<int id="y">913</int>
						<str id="sprite_class">lens_grass_2</str>
						<str id="name">lens_grass_2_1307741552444</str>
						<int id="x">4457</int>
					</object>
					<object id="alakol_water_rock_2_1307749098604">
						<int id="w">117</int>
						<int id="z">19</int>
						<int id="h">48</int>
						<int id="y">861</int>
						<str id="sprite_class">alakol_water_rock_2</str>
						<str id="name">alakol_water_rock_2_1307749098574</str>
						<int id="x">3045</int>
					</object>
					<object id="pampas_2_1307749098663">
						<int id="w">32</int>
						<int id="z">34</int>
						<int id="h">49</int>
						<int id="y">847</int>
						<str id="sprite_class">pampas_2</str>
						<str id="name">pampas_2_1307749098499</str>
						<int id="x">3219</int>
					</object>
					<object id="stalagmite_base_3_1307749098627">
						<int id="w">93</int>
						<int id="z">26</int>
						<int id="h">19</int>
						<int id="y">837</int>
						<str id="sprite_class">stalagmite_base_3</str>
						<str id="name">stalagmite_base_3_1307741552481</str>
						<int id="x">901</int>
					</object>
					<object id="lens_grass_1_1307987031070">
						<int id="w">241</int>
						<int id="z">41</int>
						<int id="h">39</int>
						<int id="y">862</int>
						<str id="sprite_class">lens_grass_1</str>
						<str id="name">lens_grass_1_1307987031014</str>
						<int id="x">4186</int>
					</object>
					<object id="lens_grass_1_1307987031040">
						<int id="w">190</int>
						<int id="z">16</int>
						<int id="h">40</int>
						<int id="y">847</int>
						<str id="sprite_class">lens_grass_1</str>
						<str id="name">lens_grass_1_1307987031014</str>
						<int id="x">2750</int>
					</object>
					<object id="tree_acacia_3_1307749098496">
						<int id="w">863</int>
						<int id="z">14</int>
						<int id="h">395</int>
						<int id="y">862</int>
						<str id="sprite_class">tree_acacia_3</str>
						<str id="name">tree_acacia_3_1307749098496</str>
						<int id="x">5591</int>
					</object>
					<object id="pampas_2_1307749098665">
						<int id="w">47</int>
						<int id="z">1</int>
						<int id="h">72</int>
						<int id="y">829</int>
						<str id="sprite_class">pampas_2</str>
						<str id="name">pampas_2_1307749098499</str>
						<int id="x">2943</int>
						<bool id="h_flip">true</bool>
					</object>
					<object id="alakol_water_rock_2_1307749098607">
						<int id="w">141</int>
						<int id="z">2</int>
						<int id="h">39</int>
						<int id="y">792</int>
						<str id="sprite_class">alakol_water_rock_2</str>
						<str id="name">alakol_water_rock_2_1307749098574</str>
						<int id="x">3118</int>
					</object>
					<object id="lens_grass_1_1307987031039">
						<int id="w">190</int>
						<int id="z">17</int>
						<int id="h">40</int>
						<int id="y">855</int>
						<str id="sprite_class">lens_grass_1</str>
						<str id="name">lens_grass_1_1307987031014</str>
						<int id="x">2886</int>
					</object>
					<object id="lens_grass_1_1307741552463">
						<int id="w">1718</int>
						<int id="z">13</int>
						<int id="r">-1</int>
						<int id="h">89</int>
						<int id="y">912</int>
						<str id="sprite_class">lens_grass_1</str>
						<str id="name">lens_grass_1_1307741552445</str>
						<int id="x">5299</int>
					</object>
					<object id="lens_grass_1_1307987031033">
						<int id="w">190</int>
						<int id="z">10</int>
						<int id="h">40</int>
						<int id="y">904</int>
						<str id="sprite_class">lens_grass_1</str>
						<str id="name">lens_grass_1_1307987031014</str>
						<int id="x">2237</int>
					</object>
					<object id="lens_grass_1_1307987031031">
						<int id="w">190</int>
						<int id="z">8</int>
						<int id="h">40</int>
						<int id="y">884</int>
						<str id="sprite_class">lens_grass_1</str>
						<str id="name">lens_grass_1_1307987031014</str>
						<int id="x">2477</int>
					</object>
					<object id="lens_grass_1_1307987031032">
						<int id="w">190</int>
						<int id="z">9</int>
						<int id="h">40</int>
						<int id="y">897</int>
						<str id="sprite_class">lens_grass_1</str>
						<str id="name">lens_grass_1_1307987031014</str>
						<int id="x">2332</int>
					</object>
					<object id="lens_grass_1_1307741552459">
						<int id="w">1578</int>
						<int id="z">7</int>
						<int id="h">104</int>
						<int id="y">911</int>
						<str id="sprite_class">lens_grass_1</str>
						<str id="name">lens_grass_1_1307741552445</str>
						<int id="x">1745</int>
					</object>
					<object id="pampas_2_1307749098731">
						<int id="w">40</int>
						<int id="z">38</int>
						<int id="h">61</int>
						<int id="y">855</int>
						<str id="sprite_class">pampas_2</str>
						<str id="name">pampas_2_1307749098499</str>
						<int id="x">1798</int>
					</object>
					<object id="pampas_2_1307749098499">
						<int id="w">45</int>
						<int id="z">15</int>
						<int id="h">69</int>
						<int id="y">865</int>
						<str id="sprite_class">pampas_2</str>
						<str id="name">pampas_2_1307749098499</str>
						<int id="x">5604</int>
					</object>
					<object id="alakol_cliff_2_1307749098602">
						<int id="w">292</int>
						<int id="z">18</int>
						<int id="h">73</int>
						<int id="y">849</int>
						<str id="sprite_class">alakol_cliff_2</str>
						<str id="name">alakol_cliff_2_1307749098573</str>
						<int id="x">3102</int>
					</object>
					<object id="lens_grass_1_1307987031042">
						<int id="w">186</int>
						<int id="z">36</int>
						<int id="h">28</int>
						<int id="y">842</int>
						<str id="sprite_class">lens_grass_1</str>
						<str id="name">lens_grass_1_1307987031014</str>
						<int id="x">1876</int>
					</object>
					<object id="lens_grass_2_1307741552457">
						<int id="w">1670</int>
						<int id="z">4</int>
						<int id="h">99</int>
						<int id="y">904</int>
						<str id="sprite_class">lens_grass_2</str>
						<str id="name">lens_grass_2_1307741552444</str>
						<int id="x">977</int>
					</object>
					<object id="lens_grass_2_1307741552460">
						<int id="w">1612</int>
						<int id="z">6</int>
						<int id="h">95</int>
						<int id="y">907</int>
						<str id="sprite_class">lens_grass_2</str>
						<str id="name">lens_grass_2_1307741552444</str>
						<int id="x">2620</int>
					</object>
					<object id="alakol_water_rock_1_1307749098603">
						<int id="w">45</int>
						<int id="z">20</int>
						<int id="h">28</int>
						<int id="y">839</int>
						<str id="sprite_class">alakol_water_rock_1</str>
						<str id="name">alakol_water_rock_1_1307749098577</str>
						<int id="x">2951</int>
					</object>
					<object id="alakol_water_rock_1_1307749098605">
						<int id="w">79</int>
						<int id="z">21</int>
						<int id="h">44</int>
						<int id="y">849</int>
						<str id="sprite_class">alakol_water_rock_1</str>
						<str id="name">alakol_water_rock_1_1307749098577</str>
						<int id="x">3280</int>
					</object>
					<object id="lens_grass_1_1307987031069">
						<int id="w">241</int>
						<int id="z">40</int>
						<int id="h">39</int>
						<int id="y">853</int>
						<str id="sprite_class">lens_grass_1</str>
						<str id="name">lens_grass_1_1307987031014</str>
						<int id="x">4106</int>
					</object>
					<object id="lens_grass_1_1307987031052">
						<int id="w">213</int>
						<int id="z">39</int>
						<int id="h">45</int>
						<int id="y">856</int>
						<str id="sprite_class">lens_grass_1</str>
						<str id="name">lens_grass_1_1307987031014</str>
						<int id="x">3</int>
					</object>
					<object id="alakol_water_rock_2_1307749098606">
						<int id="w">141</int>
						<int id="z">3</int>
						<int id="h">39</int>
						<int id="y">791</int>
						<str id="sprite_class">alakol_water_rock_2</str>
						<str id="name">alakol_water_rock_2_1307749098574</str>
						<int id="x">3155</int>
					</object>
					<object id="lens_grass_1_1307741552461">
						<int id="w">1681</int>
						<int id="z">12</int>
						<int id="h">110</int>
						<int id="y">927</int>
						<str id="sprite_class">lens_grass_1</str>
						<str id="name">lens_grass_1_1307741552445</str>
						<int id="x">3590</int>
					</object>
				</object>
				<str id="name">bg_1</str>
				<int id="w">5820</int>
				<int id="h">1000</int>
				<int id="z">-1</int>
				<object id="filtersNEW">
					<object id="contrast">
						<int id="value">0</int>
					</object>
					<object id="brightness">
						<int id="value">13</int>
					</object>
					<object id="saturation">
						<int id="value">13</int>
					</object>
					<object id="tintColor">
						<int id="value">0</int>
					</object>
				</object>
			</object>
			<object id="middleground">
				<object id="decos">
					<object id="lens_grass_2_1307741552455">
						<int id="w">2108</int>
						<int id="z">15</int>
						<int id="h">161</int>
						<int id="y">93</int>
						<str id="sprite_class">lens_grass_2</str>
						<str id="name">lens_grass_2_1307741552444</str>
						<int id="x">-158</int>
					</object>
					<object id="lens_grass_2_1307741552454">
						<int id="w">2108</int>
						<int id="z">2</int>
						<int id="h">161</int>
						<int id="y">23</int>
						<str id="sprite_class">lens_grass_2</str>
						<str id="name">lens_grass_2_1307741552444</str>
						<int id="x">1694</int>
					</object>
					<object id="lens_grass_2_1307741552451">
						<int id="w">2108</int>
						<int id="z">4</int>
						<int id="h">161</int>
						<int id="y">33</int>
						<str id="sprite_class">lens_grass_2</str>
						<str id="name">lens_grass_2_1307741552444</str>
						<int id="x">2285</int>
					</object>
					<object id="lens_grass_1_1308888307917">
						<int id="w">285</int>
						<int id="z">32</int>
						<int id="h">60</int>
						<int id="y">-21</int>
						<str id="sprite_class">lens_grass_1</str>
						<str id="name">lens_grass_1_1307987031014</str>
						<int id="x">1806</int>
					</object>
					<object id="stalagmite_base_3_1308041830260">
						<int id="w">93</int>
						<int id="z">24</int>
						<int id="h">19</int>
						<int id="y">1</int>
						<str id="sprite_class">stalagmite_base_3</str>
						<str id="name">stalagmite_base_3_1307741552481</str>
						<int id="x">-5</int>
					</object>
					<object id="tree_acacia_2_1308041830257">
						<int id="w">1146</int>
						<int id="z">22</int>
						<int id="h">641</int>
						<int id="y">-106</int>
						<str id="sprite_class">tree_acacia_2</str>
						<str id="name">tree_acacia_2_1307749098540</str>
						<int id="x">-2878</int>
					</object>
					<object id="lens_grass_1_1307741552448">
						<int id="w">2026</int>
						<int id="z">13</int>
						<int id="h">202</int>
						<int id="y">77</int>
						<str id="sprite_class">lens_grass_1</str>
						<str id="name">lens_grass_1_1307741552445</str>
						<int id="x">556</int>
					</object>
					<object id="lens_grass_2_1307741552444">
						<int id="w">2108</int>
						<int id="z">10</int>
						<int id="h">161</int>
						<int id="y">19</int>
						<str id="sprite_class">lens_grass_2</str>
						<str id="name">lens_grass_2_1307741552444</str>
						<int id="x">-2527</int>
					</object>
					<object id="stalagmite_base_3_1308041830259">
						<int id="w">66</int>
						<int id="z">25</int>
						<int id="h">13</int>
						<int id="y">-39</int>
						<str id="sprite_class">stalagmite_base_3</str>
						<str id="name">stalagmite_base_3_1307741552481</str>
						<int id="x">-99</int>
					</object>
					<object id="lens_grass_1_1308888307900">
						<int id="w">365</int>
						<int id="z">31</int>
						<int id="h">90</int>
						<int id="y">5</int>
						<str id="sprite_class">lens_grass_1</str>
						<str id="name">lens_grass_1_1307987031014</str>
						<int id="x">-598</int>
					</object>
					<object id="lens_grass_1_1308041830294">
						<int id="w">465</int>
						<int id="z">7</int>
						<int id="h">78</int>
						<int id="y">-9</int>
						<str id="sprite_class">lens_grass_1</str>
						<str id="name">lens_grass_1_1307987031014</str>
						<int id="x">2910</int>
					</object>
					<object id="lens_grass_1_1308041830293">
						<int id="w">465</int>
						<int id="z">6</int>
						<int id="h">78</int>
						<int id="y">-29</int>
						<str id="sprite_class">lens_grass_1</str>
						<str id="name">lens_grass_1_1307987031014</str>
						<int id="x">2639</int>
					</object>
					<object id="lens_grass_2_1307741552447">
						<int id="w">2108</int>
						<int id="z">9</int>
						<int id="h">161</int>
						<int id="y">25</int>
						<str id="sprite_class">lens_grass_2</str>
						<str id="name">lens_grass_2_1307741552444</str>
						<int id="x">-73</int>
					</object>
					<object id="lens_grass_1_1307987031060">
						<int id="w">285</int>
						<int id="z">20</int>
						<int id="r">1</int>
						<int id="h">55</int>
						<int id="y">-89</int>
						<str id="sprite_class">lens_grass_1</str>
						<str id="name">lens_grass_1_1307987031014</str>
						<int id="x">460</int>
					</object>
					<object id="lens_grass_2_1307741552452">
						<int id="w">2108</int>
						<int id="z">3</int>
						<int id="h">151</int>
						<int id="y">18</int>
						<str id="sprite_class">lens_grass_2</str>
						<str id="name">lens_grass_2_1307741552444</str>
						<int id="x">2875</int>
					</object>
					<object id="lens_grass_1_1308888173186">
						<int id="w">365</int>
						<int id="z">27</int>
						<int id="h">100</int>
						<int id="y">14</int>
						<str id="sprite_class">lens_grass_1</str>
						<str id="name">lens_grass_1_1307987031014</str>
						<int id="x">-2324</int>
					</object>
					<object id="lens_grass_1_1307987031028">
						<int id="w">285</int>
						<int id="z">17</int>
						<int id="h">60</int>
						<int id="y">-36</int>
						<str id="sprite_class">lens_grass_1</str>
						<str id="name">lens_grass_1_1307987031014</str>
						<int id="x">911</int>
					</object>
					<object id="lens_grass_1_1307987031061">
						<int id="w">285</int>
						<int id="z">21</int>
						<int id="r">3</int>
						<int id="h">55</int>
						<int id="y">-81</int>
						<str id="sprite_class">lens_grass_1</str>
						<str id="name">lens_grass_1_1307987031014</str>
						<int id="x">361</int>
					</object>
					<object id="lens_grass_2_1307741552453">
						<int id="w">2108</int>
						<int id="z">1</int>
						<int id="h">161</int>
						<int id="y">21</int>
						<str id="sprite_class">lens_grass_2</str>
						<str id="name">lens_grass_2_1307741552444</str>
						<int id="x">1004</int>
					</object>
					<object id="stalagmite_base_1_1308041830261">
						<int id="w">143</int>
						<int id="z">23</int>
						<int id="h">38</int>
						<int id="y">-7</int>
						<str id="sprite_class">stalagmite_base_1</str>
						<str id="name">stalagmite_base_1_1307741552479</str>
						<int id="x">-160</int>
					</object>
					<object id="lens_grass_1_1308888307901">
						<int id="w">365</int>
						<int id="z">30</int>
						<int id="h">75</int>
						<int id="y">-24</int>
						<str id="sprite_class">lens_grass_1</str>
						<str id="name">lens_grass_1_1307987031014</str>
						<int id="x">-832</int>
					</object>
					<object id="lens_grass_1_1308888307918">
						<int id="w">338</int>
						<int id="z">34</int>
						<int id="r">1</int>
						<int id="h">71</int>
						<int id="y">26</int>
						<str id="sprite_class">lens_grass_1</str>
						<str id="name">lens_grass_1_1307987031014</str>
						<int id="x">1895</int>
					</object>
					<object id="lens_grass_2_1307741552446">
						<int id="w">2108</int>
						<int id="z">12</int>
						<int id="h">161</int>
						<int id="y">92</int>
						<str id="sprite_class">lens_grass_2</str>
						<str id="name">lens_grass_2_1307741552444</str>
						<int id="x">-359</int>
					</object>
					<object id="lens_grass_1_1308888307916">
						<int id="w">593</int>
						<int id="z">33</int>
						<int id="h">79</int>
						<int id="y">4</int>
						<str id="sprite_class">lens_grass_1</str>
						<str id="name">lens_grass_1_1307987031014</str>
						<int id="x">1577</int>
					</object>
					<object id="lens_grass_1_1308888307902">
						<int id="w">365</int>
						<int id="z">29</int>
						<int id="h">90</int>
						<int id="y">-23</int>
						<str id="sprite_class">lens_grass_1</str>
						<str id="name">lens_grass_1_1307987031014</str>
						<int id="x">-426</int>
					</object>
					<object id="lens_grass_1_1307741552445">
						<int id="w">2026</int>
						<int id="z">11</int>
						<int id="h">202</int>
						<int id="y">68</int>
						<str id="sprite_class">lens_grass_1</str>
						<str id="name">lens_grass_1_1307741552445</str>
						<int id="x">-1389</int>
					</object>
					<object id="lens_grass_1_1308888173185">
						<int id="w">365</int>
						<int id="z">28</int>
						<int id="h">100</int>
						<int id="y">48</int>
						<str id="sprite_class">lens_grass_1</str>
						<str id="name">lens_grass_1_1307987031014</str>
						<int id="x">-2487</int>
					</object>
					<object id="lens_grass_1_1307987031030">
						<int id="w">285</int>
						<int id="z">19</int>
						<int id="r">1</int>
						<int id="h">60</int>
						<int id="y">5</int>
						<str id="sprite_class">lens_grass_1</str>
						<str id="name">lens_grass_1_1307987031014</str>
						<int id="x">685</int>
					</object>
					<object id="lens_grass_1_1307987031029">
						<int id="w">278</int>
						<int id="z">18</int>
						<int id="h">54</int>
						<int id="y">-14</int>
						<str id="sprite_class">lens_grass_1</str>
						<str id="name">lens_grass_1_1307987031014</str>
						<int id="x">789</int>
					</object>
					<object id="lens_grass_1_1307987031015">
						<int id="w">560</int>
						<int id="z">5</int>
						<int id="h">111</int>
						<int id="y">-24</int>
						<str id="sprite_class">lens_grass_1</str>
						<str id="name">lens_grass_1_1307987031014</str>
						<int id="x">2890</int>
					</object>
					<object id="lens_grass_1_1307987031023">
						<int id="w">285</int>
						<int id="z">16</int>
						<int id="h">60</int>
						<int id="y">-70</int>
						<str id="sprite_class">lens_grass_1</str>
						<str id="name">lens_grass_1_1307987031014</str>
						<int id="x">838</int>
					</object>
					<object id="lens_grass_2_1307741552456">
						<int id="w">2108</int>
						<int id="z">0</int>
						<int id="h">161</int>
						<int id="y">17</int>
						<str id="sprite_class">lens_grass_2</str>
						<str id="name">lens_grass_2_1307741552444</str>
						<int id="x">-1995</int>
					</object>
					<object id="lens_grass_2_1307741552450">
						<int id="w">2108</int>
						<int id="z">8</int>
						<int id="r">2</int>
						<int id="h">161</int>
						<int id="y">52</int>
						<str id="sprite_class">lens_grass_2</str>
						<str id="name">lens_grass_2_1307741552444</str>
						<int id="x">1593</int>
					</object>
					<object id="lens_grass_1_1308041830295">
						<int id="w">465</int>
						<int id="z">26</int>
						<int id="h">78</int>
						<int id="y">-4</int>
						<str id="sprite_class">lens_grass_1</str>
						<str id="name">lens_grass_1_1307987031014</str>
						<int id="x">2551</int>
					</object>
					<object id="lens_grass_2_1307741552449">
						<int id="w">2108</int>
						<int id="z">14</int>
						<int id="h">161</int>
						<int id="y">90</int>
						<str id="sprite_class">lens_grass_2</str>
						<str id="name">lens_grass_2_1307741552444</str>
						<int id="x">1543</int>
					</object>
				</object>
				<int id="h">1000</int>
				<object id="signposts">
					<object id="signpost_1">
						<int id="y">-78</int>
						<int id="h">200</int>
						<int id="w">100</int>
						<int id="x">-2787</int>
						<object id="connects">
							<object id="0">
								<str id="hub_id">91</str>
								<int id="x">2620</int>
								<str id="mote_id">9</str>
								<int id="y">-107</int>
								<str id="swf_file_versioned">http://c2.glitch.bz/locations/groddle1/1317079592.swf</str>
								<objref id="target" tsid="LA514HDC2J52TOU" label="Swain Way 4"/>
							</object>
							<object id="1">
								<str id="hub_id">91</str>
								<int id="x">-2677</int>
								<str id="mote_id">9</str>
								<int id="y">-85</int>
								<str id="swf_file_versioned">http://c2.glitch.bz/locations/groddle1/1317079592.swf</str>
								<objref id="target" tsid="LA513KEP0J52N21" label="Loutish Ln D"/>
							</object>
							<object id="2">
								<str id="hub_id">91</str>
								<int id="x">2620</int>
								<str id="mote_id">9</str>
								<int id="y">-100</int>
								<str id="swf_file_versioned">http://c2.glitch.bz/locations/groddle1/1317079592.swf</str>
								<objref id="target" tsid="LA513BTM0J524D4" label="Loutish Ln C"/>
							</object>
						</object>
					</object>
					<object id="signpost_2">
						<int id="y">-77</int>
						<int id="h">200</int>
						<str id="id">signpost_2</str>
						<int id="w">100</int>
						<int id="x">2799</int>
						<object id="connects">
							<object id="0">
								<str id="hub_id">91</str>
								<int id="x">-2670</int>
								<str id="mote_id">9</str>
								<int id="y">-400</int>
								<str id="swf_file_versioned">http://c2.glitch.bz/locations/groddle1/1317079592.swf</str>
								<objref id="target" tsid="LA514JHG3J52E88" label="Swain Way 6"/>
							</object>
							<object id="1">
								<str id="hub_id">91</str>
								<int id="x">-2685</int>
								<str id="mote_id">9</str>
								<int id="y">-85</int>
								<str id="swf_file_versioned">http://c2.glitch.bz/locations/groddle1/1317079592.swf</str>
								<objref id="target" tsid="LA513MGQ0J52Q8S" label="Rustic Rd E"/>
							</object>
							<object id="2">
								<str id="hub_id">91</str>
								<int id="x">2685</int>
								<str id="mote_id">9</str>
								<int id="y">-85</int>
								<str id="swf_file_versioned">http://c2.glitch.bz/locations/groddle1/1317079592.swf</str>
								<objref id="target" tsid="LA5142521J52DH8" label="Rustic Rd NE"/>
							</object>
						</object>
					</object>
				</object>
				<object id="filtersNEW">
					<object id="contrast">
						<int id="value">0</int>
					</object>
					<object id="brightness">
						<int id="value">9</int>
					</object>
					<object id="saturation">
						<int id="value">18</int>
					</object>
					<object id="tintColor">
						<int id="value">0</int>
					</object>
				</object>
				<object id="platform_lines">
					<object id="plat_1308888307915">
						<int id="platform_item_perm">-1</int>
						<object id="start">
							<int id="y">-83</int>
							<int id="x">-276</int>
						</object>
						<object id="end">
							<int id="y">-84</int>
							<int id="x">-243</int>
						</object>
						<int id="platform_pc_perm">-1</int>
					</object>
					<object id="plat_1308041830280">
						<int id="platform_item_perm">-1</int>
						<object id="start">
							<int id="y">-88</int>
							<int id="x">842</int>
						</object>
						<object id="end">
							<int id="y">-90</int>
							<int id="x">909</int>
						</object>
						<int id="platform_pc_perm">-1</int>
					</object>
					<object id="plat_1308041830266">
						<int id="platform_item_perm">-1</int>
						<object id="start">
							<int id="y">-60</int>
							<int id="x">-2804</int>
						</object>
						<object id="end">
							<int id="y">-81</int>
							<int id="x">-2450</int>
						</object>
						<int id="platform_pc_perm">-1</int>
					</object>
					<object id="plat_1308041830289">
						<int id="platform_item_perm">-1</int>
						<object id="start">
							<int id="y">-80</int>
							<int id="x">1915</int>
						</object>
						<object id="end">
							<int id="y">-67</int>
							<int id="x">2069</int>
						</object>
						<int id="platform_pc_perm">-1</int>
					</object>
					<object id="plat_1308041830269">
						<int id="platform_item_perm">-1</int>
						<object id="start">
							<int id="y">-88</int>
							<int id="x">-2020</int>
						</object>
						<object id="end">
							<int id="y">-78</int>
							<int id="x">-1703</int>
						</object>
						<int id="platform_pc_perm">-1</int>
					</object>
					<object id="plat_1308041830302">
						<int id="platform_item_perm">-1</int>
						<object id="start">
							<int id="y">-61</int>
							<int id="x">2799</int>
						</object>
						<object id="end">
							<int id="y">-67</int>
							<int id="x">2868</int>
						</object>
						<int id="platform_pc_perm">-1</int>
					</object>
					<object id="plat_1308041830281">
						<int id="platform_item_perm">-1</int>
						<object id="start">
							<int id="y">-90</int>
							<int id="x">909</int>
						</object>
						<object id="end">
							<int id="y">-79</int>
							<int id="x">982</int>
						</object>
						<int id="platform_pc_perm">-1</int>
					</object>
					<object id="plat_1308888307911">
						<int id="platform_item_perm">-1</int>
						<object id="start">
							<int id="y">-79</int>
							<int id="x">-703</int>
						</object>
						<object id="end">
							<int id="y">-77</int>
							<int id="x">-626</int>
						</object>
						<int id="platform_pc_perm">-1</int>
					</object>
					<object id="plat_1308041830288">
						<int id="platform_item_perm">-1</int>
						<object id="start">
							<int id="y">-82</int>
							<int id="x">1710</int>
						</object>
						<object id="end">
							<int id="y">-80</int>
							<int id="x">1915</int>
						</object>
						<int id="platform_pc_perm">-1</int>
					</object>
					<object id="plat_1308041830303">
						<int id="platform_item_perm">-1</int>
						<object id="start">
							<int id="y">-67</int>
							<int id="x">2868</int>
						</object>
						<object id="end">
							<int id="y">-67</int>
							<int id="x">2953</int>
						</object>
						<int id="platform_pc_perm">-1</int>
					</object>
					<object id="plat_1308041830301">
						<int id="platform_item_perm">-1</int>
						<object id="start">
							<int id="y">-52</int>
							<int id="x">2757</int>
						</object>
						<object id="end">
							<int id="y">-61</int>
							<int id="x">2799</int>
						</object>
						<int id="platform_pc_perm">-1</int>
					</object>
					<object id="plat_1308041830271">
						<int id="platform_item_perm">-1</int>
						<object id="start">
							<int id="y">-69</int>
							<int id="x">-1377</int>
						</object>
						<object id="end">
							<int id="y">-71</int>
							<int id="x">-1057</int>
						</object>
						<int id="platform_pc_perm">-1</int>
					</object>
					<object id="plat_1308041830267">
						<int id="platform_item_perm">-1</int>
						<object id="start">
							<int id="y">-81</int>
							<int id="x">-2450</int>
						</object>
						<object id="end">
							<int id="y">-97</int>
							<int id="x">-2281</int>
						</object>
						<int id="platform_pc_perm">-1</int>
					</object>
					<object id="plat_1308888307907">
						<int id="platform_item_perm">-1</int>
						<object id="start">
							<int id="y">-84</int>
							<int id="x">-476</int>
						</object>
						<object id="end">
							<int id="y">-89</int>
							<int id="x">-403</int>
						</object>
						<int id="platform_pc_perm">-1</int>
					</object>
					<object id="plat_1308041830304">
						<int id="platform_item_perm">-1</int>
						<object id="start">
							<int id="y">-67</int>
							<int id="x">2953</int>
						</object>
						<object id="end">
							<int id="y">-71</int>
							<int id="x">2997</int>
						</object>
						<int id="platform_pc_perm">-1</int>
					</object>
					<object id="plat_1308041830279">
						<int id="platform_item_perm">-1</int>
						<object id="start">
							<int id="y">-76</int>
							<int id="x">783</int>
						</object>
						<object id="end">
							<int id="y">-88</int>
							<int id="x">842</int>
						</object>
						<int id="platform_pc_perm">-1</int>
					</object>
					<object id="plat_1308041830268">
						<int id="platform_item_perm">-1</int>
						<object id="start">
							<int id="y">-97</int>
							<int id="x">-2281</int>
						</object>
						<object id="end">
							<int id="y">-88</int>
							<int id="x">-2020</int>
						</object>
						<int id="platform_pc_perm">-1</int>
					</object>
					<object id="plat_1308041830285">
						<int id="platform_item_perm">-1</int>
						<object id="start">
							<int id="y">-86</int>
							<int id="x">1279</int>
						</object>
						<object id="end">
							<int id="y">-86</int>
							<int id="x">1461</int>
						</object>
						<int id="platform_pc_perm">-1</int>
					</object>
					<object id="plat_1308041830277">
						<int id="platform_item_perm">-1</int>
						<object id="start">
							<int id="y">-66</int>
							<int id="x">427</int>
						</object>
						<object id="end">
							<int id="y">-71</int>
							<int id="x">681</int>
						</object>
						<int id="platform_pc_perm">-1</int>
					</object>
					<object id="plat_1308041830287">
						<int id="platform_item_perm">-1</int>
						<object id="start">
							<int id="y">-82</int>
							<int id="x">1642</int>
						</object>
						<object id="end">
							<int id="y">-82</int>
							<int id="x">1710</int>
						</object>
						<int id="platform_pc_perm">-1</int>
					</object>
					<object id="plat_1308041830299">
						<int id="platform_item_perm">-1</int>
						<object id="start">
							<int id="y">-69</int>
							<int id="x">2554</int>
						</object>
						<object id="end">
							<int id="y">-68</int>
							<int id="x">2675</int>
						</object>
						<int id="platform_pc_perm">-1</int>
					</object>
					<object id="plat_1308041830297">
						<int id="platform_item_perm">-1</int>
						<object id="start">
							<int id="y">-56</int>
							<int id="x">2380</int>
						</object>
						<object id="end">
							<int id="y">-62</int>
							<int id="x">2458</int>
						</object>
						<int id="platform_pc_perm">-1</int>
					</object>
					<object id="plat_1308041830282">
						<int id="platform_item_perm">-1</int>
						<object id="start">
							<int id="y">-79</int>
							<int id="x">982</int>
						</object>
						<object id="end">
							<int id="y">-66</int>
							<int id="x">1038</int>
						</object>
						<int id="platform_pc_perm">-1</int>
					</object>
					<object id="plat_1308041830284">
						<int id="platform_item_perm">-1</int>
						<object id="start">
							<int id="y">-68</int>
							<int id="x">1094</int>
						</object>
						<object id="end">
							<int id="y">-86</int>
							<int id="x">1279</int>
						</object>
						<int id="platform_pc_perm">-1</int>
					</object>
					<object id="plat_1308041830272">
						<int id="platform_item_perm">-1</int>
						<object id="start">
							<int id="y">-71</int>
							<int id="x">-1057</int>
						</object>
						<object id="end">
							<int id="y">-88</int>
							<int id="x">-869</int>
						</object>
						<int id="platform_pc_perm">-1</int>
					</object>
					<object id="plat_1308041830286">
						<int id="platform_item_perm">-1</int>
						<object id="start">
							<int id="y">-86</int>
							<int id="x">1461</int>
						</object>
						<object id="end">
							<int id="y">-82</int>
							<int id="x">1642</int>
						</object>
						<int id="platform_pc_perm">-1</int>
					</object>
					<object id="plat_1308888307914">
						<int id="platform_item_perm">-1</int>
						<object id="start">
							<int id="y">-84</int>
							<int id="x">-243</int>
						</object>
						<object id="end">
							<int id="y">-91</int>
							<int id="x">-188</int>
						</object>
						<int id="platform_pc_perm">-1</int>
					</object>
					<object id="plat_1308041830278">
						<int id="platform_item_perm">-1</int>
						<object id="start">
							<int id="y">-71</int>
							<int id="x">681</int>
						</object>
						<object id="end">
							<int id="y">-76</int>
							<int id="x">783</int>
						</object>
						<int id="platform_pc_perm">-1</int>
					</object>
					<object id="plat_1308041830265">
						<int id="platform_item_perm">-1</int>
						<object id="start">
							<int id="y">-65</int>
							<int id="x">-2998</int>
						</object>
						<object id="end">
							<int id="y">-60</int>
							<int id="x">-2804</int>
						</object>
						<int id="platform_pc_perm">-1</int>
					</object>
					<object id="plat_1308888307910">
						<int id="platform_item_perm">-1</int>
						<object id="start">
							<int id="y">-77</int>
							<int id="x">-626</int>
						</object>
						<object id="end">
							<int id="y">-76</int>
							<int id="x">-570</int>
						</object>
						<int id="platform_pc_perm">-1</int>
					</object>
					<object id="plat_1308888307912">
						<int id="platform_item_perm">-1</int>
						<object id="start">
							<int id="y">-87</int>
							<int id="x">-757</int>
						</object>
						<object id="end">
							<int id="y">-79</int>
							<int id="x">-703</int>
						</object>
						<int id="platform_pc_perm">-1</int>
					</object>
					<object id="plat_1308041830270">
						<int id="platform_item_perm">-1</int>
						<object id="start">
							<int id="y">-78</int>
							<int id="x">-1703</int>
						</object>
						<object id="end">
							<int id="y">-69</int>
							<int id="x">-1377</int>
						</object>
						<int id="platform_pc_perm">-1</int>
					</object>
					<object id="plat_1308041830276">
						<int id="platform_item_perm">-1</int>
						<object id="start">
							<int id="y">-81</int>
							<int id="x">219</int>
						</object>
						<object id="end">
							<int id="y">-66</int>
							<int id="x">427</int>
						</object>
						<int id="platform_pc_perm">-1</int>
					</object>
					<object id="plat_1308041830296">
						<int id="platform_item_perm">-1</int>
						<object id="start">
							<int id="y">-44</int>
							<int id="x">2327</int>
						</object>
						<object id="end">
							<int id="y">-56</int>
							<int id="x">2380</int>
						</object>
						<int id="platform_pc_perm">-1</int>
					</object>
					<object id="plat_1308888307909">
						<int id="platform_item_perm">-1</int>
						<object id="start">
							<int id="y">-76</int>
							<int id="x">-570</int>
						</object>
						<object id="end">
							<int id="y">-71</int>
							<int id="x">-522</int>
						</object>
						<int id="platform_pc_perm">-1</int>
					</object>
					<object id="plat_1308041830300">
						<int id="platform_item_perm">-1</int>
						<object id="start">
							<int id="y">-68</int>
							<int id="x">2675</int>
						</object>
						<object id="end">
							<int id="y">-52</int>
							<int id="x">2757</int>
						</object>
						<int id="platform_pc_perm">-1</int>
					</object>
					<object id="plat_1308041830290">
						<int id="platform_item_perm">-1</int>
						<object id="start">
							<int id="y">-67</int>
							<int id="x">2069</int>
						</object>
						<object id="end">
							<int id="y">-51</int>
							<int id="x">2267</int>
						</object>
						<int id="platform_pc_perm">-1</int>
					</object>
					<object id="plat_1308041830275">
						<int id="platform_item_perm">-1</int>
						<object id="start">
							<int id="y">-91</int>
							<int id="x">-188</int>
						</object>
						<object id="end">
							<int id="y">-81</int>
							<int id="x">219</int>
						</object>
						<int id="platform_pc_perm">-1</int>
					</object>
					<object id="plat_1308888307913">
						<int id="platform_item_perm">-1</int>
						<object id="start">
							<int id="y">-90</int>
							<int id="x">-811</int>
						</object>
						<object id="end">
							<int id="y">-87</int>
							<int id="x">-757</int>
						</object>
						<int id="platform_pc_perm">-1</int>
					</object>
					<object id="plat_1308041830291">
						<int id="platform_item_perm">-1</int>
						<object id="start">
							<int id="y">-51</int>
							<int id="x">2267</int>
						</object>
						<object id="end">
							<int id="y">-44</int>
							<int id="x">2327</int>
						</object>
						<int id="platform_pc_perm">-1</int>
					</object>
					<object id="plat_1308041830283">
						<int id="platform_item_perm">-1</int>
						<object id="start">
							<int id="y">-66</int>
							<int id="x">1038</int>
						</object>
						<object id="end">
							<int id="y">-68</int>
							<int id="x">1094</int>
						</object>
						<int id="platform_pc_perm">-1</int>
					</object>
					<object id="plat_1308888307908">
						<int id="platform_item_perm">-1</int>
						<object id="start">
							<int id="y">-71</int>
							<int id="x">-522</int>
						</object>
						<object id="end">
							<int id="y">-84</int>
							<int id="x">-476</int>
						</object>
						<int id="platform_pc_perm">-1</int>
					</object>
					<object id="plat_1308888307906">
						<int id="platform_item_perm">-1</int>
						<object id="start">
							<int id="y">-89</int>
							<int id="x">-403</int>
						</object>
						<object id="end">
							<int id="y">-89</int>
							<int id="x">-332</int>
						</object>
						<int id="platform_pc_perm">-1</int>
					</object>
					<object id="plat_1308041830298">
						<int id="platform_item_perm">-1</int>
						<object id="start">
							<int id="y">-62</int>
							<int id="x">2458</int>
						</object>
						<object id="end">
							<int id="y">-69</int>
							<int id="x">2554</int>
						</object>
						<int id="platform_pc_perm">-1</int>
					</object>
					<object id="plat_1308888307905">
						<int id="platform_item_perm">-1</int>
						<object id="start">
							<int id="y">-89</int>
							<int id="x">-332</int>
						</object>
						<object id="end">
							<int id="y">-83</int>
							<int id="x">-276</int>
						</object>
						<int id="platform_pc_perm">-1</int>
					</object>
					<object id="plat_1308888307903">
						<int id="platform_item_perm">-1</int>
						<object id="start">
							<int id="y">-88</int>
							<int id="x">-869</int>
						</object>
						<object id="end">
							<int id="y">-90</int>
							<int id="x">-811</int>
						</object>
						<int id="platform_pc_perm">-1</int>
					</object>
				</object>
				<object id="walls">
				</object>
				<object id="targets">
				</object>
				<str id="name">middleground</str>
				<object id="boxes">
				</object>
				<object id="doors">
				</object>
				<int id="w">6000</int>
				<object id="ladders">
				</object>
				<int id="z">0</int>
			</object>
			<object id="T_1307741552441">
				<object id="decos">
					<object id="cloud_fluffy_1_1307984015706">
						<int id="w">539</int>
						<int id="z">17</int>
						<int id="h">59</int>
						<int id="y">743</int>
						<str id="sprite_class">cloud_fluffy_1</str>
						<str id="name">cloud_fluffy_1_1307749098737</str>
						<int id="x">3601</int>
					</object>
					<object id="heights_bush_4_1307987031100">
						<int id="w">584</int>
						<int id="z">20</int>
						<int id="h">27</int>
						<int id="y">776</int>
						<str id="sprite_class">heights_bush_4</str>
						<str id="name">heights_bush_4_1307741552494</str>
						<int id="x">2103</int>
					</object>
					<object id="heights_bush_4_1307987031102">
						<int id="w">523</int>
						<int id="z">22</int>
						<int id="r">1</int>
						<int id="h">27</int>
						<int id="y">779</int>
						<str id="sprite_class">heights_bush_4</str>
						<str id="name">heights_bush_4_1307741552494</str>
						<int id="x">2320</int>
					</object>
					<object id="heights_bush_4_1307987031098">
						<int id="w">525</int>
						<int id="z">21</int>
						<int id="r">-2</int>
						<int id="h">26</int>
						<int id="y">776</int>
						<str id="sprite_class">heights_bush_4</str>
						<str id="name">heights_bush_4_1307741552494</str>
						<int id="x">1745</int>
						<bool id="h_flip">true</bool>
					</object>
					<object id="heights_bush_4_1307749098699">
						<int id="w">340</int>
						<int id="z">10</int>
						<int id="r">2</int>
						<int id="h">37</int>
						<int id="y">780</int>
						<str id="sprite_class">heights_bush_4</str>
						<str id="name">heights_bush_4_1307741552494</str>
						<int id="x">627</int>
					</object>
					<object id="heights_bush_3_1307749098533">
						<int id="w">263</int>
						<int id="z">7</int>
						<int id="h">31</int>
						<int id="y">799</int>
						<str id="sprite_class">heights_bush_3</str>
						<str id="name">heights_bush_3_1307741552495</str>
						<int id="x">4611</int>
					</object>
					<object id="cloud_fluffy_2_1307984015711">
						<int id="w">1069</int>
						<int id="z">14</int>
						<int id="h">114</int>
						<int id="y">733</int>
						<str id="sprite_class">cloud_fluffy_2</str>
						<str id="name">cloud_fluffy_2_1307749098529</str>
						<int id="x">4644</int>
					</object>
					<object id="heights_bush_4_1307749098700">
						<int id="w">514</int>
						<int id="z">13</int>
						<int id="r">-2</int>
						<int id="h">23</int>
						<int id="y">768</int>
						<str id="sprite_class">heights_bush_4</str>
						<str id="name">heights_bush_4_1307741552494</str>
						<int id="x">347</int>
					</object>
					<object id="mountain_trees_darker_1_1307987031101">
						<int id="w">454</int>
						<int id="z">1</int>
						<int id="r">1</int>
						<int id="h">72</int>
						<int id="y">789</int>
						<str id="sprite_class">mountain_trees_darker_1</str>
						<str id="name">mountain_trees_darker_1_1307749098702</str>
						<int id="x">2255</int>
					</object>
					<object id="heights_bush_4_1307749098534">
						<int id="w">519</int>
						<int id="z">2</int>
						<int id="h">23</int>
						<int id="y">792</int>
						<str id="sprite_class">heights_bush_4</str>
						<str id="name">heights_bush_4_1307741552494</str>
						<int id="x">4949</int>
					</object>
					<object id="cloud_fluffy_2_1307984015710">
						<int id="w">1069</int>
						<int id="z">15</int>
						<int id="h">114</int>
						<int id="y">720</int>
						<str id="sprite_class">cloud_fluffy_2</str>
						<str id="name">cloud_fluffy_2_1307749098529</str>
						<int id="x">3181</int>
					</object>
					<object id="heights_bush_4_1308041830264">
						<int id="w">571</int>
						<int id="z">12</int>
						<int id="r">-2</int>
						<int id="h">26</int>
						<int id="y">774</int>
						<str id="sprite_class">heights_bush_4</str>
						<str id="name">heights_bush_4_1307741552494</str>
						<int id="x">771</int>
					</object>
					<object id="heights_bush_4_1307749098536">
						<int id="w">514</int>
						<int id="z">4</int>
						<int id="h">22</int>
						<int id="y">791</int>
						<str id="sprite_class">heights_bush_4</str>
						<str id="name">heights_bush_4_1307741552494</str>
						<int id="x">4482</int>
					</object>
					<object id="cloud_fluffy_1_1307984015708">
						<int id="w">944</int>
						<int id="z">16</int>
						<int id="h">119</int>
						<int id="y">743</int>
						<str id="sprite_class">cloud_fluffy_1</str>
						<str id="name">cloud_fluffy_1_1307749098737</str>
						<int id="x">465</int>
					</object>
					<object id="heights_bush_4_1307987031097">
						<int id="w">469</int>
						<int id="z">19</int>
						<int id="h">24</int>
						<int id="y">771</int>
						<str id="sprite_class">heights_bush_4</str>
						<str id="name">heights_bush_4_1307741552494</str>
						<int id="x">2023</int>
					</object>
					<object id="heights_bush_4_1307749098585">
						<int id="w">340</int>
						<int id="z">6</int>
						<int id="h">37</int>
						<int id="y">783</int>
						<str id="sprite_class">heights_bush_4</str>
						<str id="name">heights_bush_4_1307741552494</str>
						<int id="x">3884</int>
					</object>
					<object id="heights_bush_4_1308041830263">
						<int id="w">629</int>
						<int id="z">11</int>
						<int id="h">24</int>
						<int id="y">770</int>
						<str id="sprite_class">heights_bush_4</str>
						<str id="name">heights_bush_4_1307741552494</str>
						<int id="x">1121</int>
					</object>
					<object id="mountain_trees_darker_1_1308041830255">
						<int id="w">454</int>
						<int id="z">0</int>
						<int id="r">1</int>
						<int id="h">72</int>
						<int id="y">781</int>
						<str id="sprite_class">mountain_trees_darker_1</str>
						<str id="name">mountain_trees_darker_1_1307749098702</str>
						<int id="x">1969</int>
					</object>
					<object id="heights_bush_4_1307749098535">
						<int id="w">418</int>
						<int id="z">3</int>
						<int id="h">37</int>
						<int id="y">801</int>
						<str id="sprite_class">heights_bush_4</str>
						<str id="name">heights_bush_4_1307741552494</str>
						<int id="x">4693</int>
					</object>
					<object id="heights_bush_4_1307749098584">
						<int id="w">340</int>
						<int id="z">5</int>
						<int id="r">3</int>
						<int id="h">37</int>
						<int id="y">787</int>
						<str id="sprite_class">heights_bush_4</str>
						<str id="name">heights_bush_4_1307741552494</str>
						<int id="x">3684</int>
					</object>
					<object id="cloud_fluffy_2_1307984015709">
						<int id="w">964</int>
						<int id="z">23</int>
						<int id="h">82</int>
						<int id="y">751</int>
						<str id="sprite_class">cloud_fluffy_2</str>
						<str id="name">cloud_fluffy_2_1307749098529</str>
						<int id="x">1321</int>
					</object>
					<object id="cloud_fluffy_1_1307984015705">
						<int id="w">798</int>
						<int id="z">18</int>
						<int id="h">119</int>
						<int id="y">729</int>
						<str id="sprite_class">cloud_fluffy_1</str>
						<str id="name">cloud_fluffy_1_1307749098737</str>
						<int id="x">2339</int>
					</object>
					<object id="heights_bush_4_1307749098587">
						<int id="w">559</int>
						<int id="z">9</int>
						<int id="r">4</int>
						<int id="h">21</int>
						<int id="y">783</int>
						<str id="sprite_class">heights_bush_4</str>
						<str id="name">heights_bush_4_1307741552494</str>
						<int id="x">4194</int>
						<bool id="h_flip">true</bool>
					</object>
				</object>
				<str id="name">sky</str>
				<int id="w">5160</int>
				<int id="h">1000</int>
				<int id="z">-5</int>
				<object id="filtersNEW">
					<object id="contrast">
						<int id="value">-10</int>
					</object>
					<object id="saturation">
						<int id="value">-60</int>
					</object>
					<object id="tintColor">
						<int id="value">16763904</int>
					</object>
					<object id="blur">
						<int id="value">3</int>
					</object>
					<object id="tintAmount">
						<int id="value">80</int>
					</object>
					<object id="brightness">
						<int id="value">19</int>
					</object>
				</object>
			</object>
			<object id="T_1307741552442">
				<object id="decos">
					<object id="lens_grass_1_1307749098480">
						<int id="w">1063</int>
						<int id="z">11</int>
						<int id="h">85</int>
						<int id="y">838</int>
						<str id="sprite_class">lens_grass_1</str>
						<str id="name">lens_grass_1_1307741552445</str>
						<int id="x">449</int>
					</object>
					<object id="lens_grass_1_1307749098476">
						<int id="w">1212</int>
						<int id="z">7</int>
						<int id="h">68</int>
						<int id="y">832</int>
						<str id="sprite_class">lens_grass_1</str>
						<str id="name">lens_grass_1_1307741552445</str>
						<int id="x">1869</int>
					</object>
					<object id="tree_acacia_1_1307749098541">
						<int id="w">49</int>
						<int id="z">17</int>
						<int id="h">31</int>
						<int id="y">786</int>
						<str id="sprite_class">tree_acacia_1</str>
						<str id="name">tree_acacia_1_1307749098541</str>
						<int id="x">4810</int>
					</object>
					<object id="tree_acacia_4_1307749098591">
						<int id="w">53</int>
						<int id="z">12</int>
						<int id="h">41</int>
						<int id="y">778</int>
						<str id="sprite_class">tree_acacia_4</str>
						<str id="name">tree_acacia_4_1307749098538</str>
						<int id="x">3836</int>
						<bool id="h_flip">true</bool>
					</object>
					<object id="lens_grass_2_1307749098473">
						<int id="w">1258</int>
						<int id="z">1</int>
						<int id="r">1</int>
						<int id="h">71</int>
						<int id="y">841</int>
						<str id="sprite_class">lens_grass_2</str>
						<str id="name">lens_grass_2_1307741552444</str>
						<int id="x">4283</int>
					</object>
					<object id="tree_acacia_4_1308779218736">
						<int id="w">71</int>
						<int id="z">28</int>
						<int id="h">55</int>
						<int id="y">792</int>
						<str id="sprite_class">tree_acacia_4</str>
						<str id="name">tree_acacia_4_1307749098538</str>
						<int id="x">4336</int>
					</object>
					<object id="alakol_water_rock_2_1308210720150">
						<int id="w">26</int>
						<int id="z">25</int>
						<int id="h">10</int>
						<int id="y">765</int>
						<str id="sprite_class">alakol_water_rock_2</str>
						<str id="name">alakol_water_rock_2_1307749098574</str>
						<int id="x">1869</int>
					</object>
					<object id="tree_acacia_3_1307749098704">
						<int id="w">53</int>
						<int id="z">22</int>
						<int id="h">24</int>
						<int id="y">758</int>
						<str id="sprite_class">tree_acacia_3</str>
						<str id="name">tree_acacia_3_1307749098496</str>
						<int id="x">448</int>
					</object>
					<object id="alakol_water_rock_2_1308210720151">
						<int id="w">25</int>
						<int id="z">27</int>
						<int id="h">6</int>
						<int id="y">771</int>
						<str id="sprite_class">alakol_water_rock_2</str>
						<str id="name">alakol_water_rock_2_1307749098574</str>
						<int id="x">1882</int>
					</object>
					<object id="tree_acacia_3_1307749098588">
						<int id="w">61</int>
						<int id="z">20</int>
						<int id="h">28</int>
						<int id="y">781</int>
						<str id="sprite_class">tree_acacia_3</str>
						<str id="name">tree_acacia_3_1307749098496</str>
						<int id="x">4403</int>
					</object>
					<object id="alakol_water_rock_2_1307749098576">
						<int id="w">34</int>
						<int id="z">19</int>
						<int id="h">8</int>
						<int id="y">781</int>
						<str id="sprite_class">alakol_water_rock_2</str>
						<str id="name">alakol_water_rock_2_1307749098574</str>
						<int id="x">3478</int>
					</object>
					<object id="lens_grass_2_1307749098468">
						<int id="w">1035</int>
						<int id="z">2</int>
						<int id="r">1</int>
						<int id="h">71</int>
						<int id="y">850</int>
						<str id="sprite_class">lens_grass_2</str>
						<str id="name">lens_grass_2_1307741552444</str>
						<int id="x">5247</int>
					</object>
					<object id="alakol_water_rock_1_1308037220491">
						<int id="w">54</int>
						<int id="z">24</int>
						<int id="h">15</int>
						<int id="y">777</int>
						<str id="sprite_class">alakol_water_rock_1</str>
						<str id="name">alakol_water_rock_1_1307749098577</str>
						<int id="x">1426</int>
					</object>
					<object id="lens_grass_2_1307749098475">
						<int id="w">1009</int>
						<int id="z">5</int>
						<int id="h">55</int>
						<int id="y">831</int>
						<str id="sprite_class">lens_grass_2</str>
						<str id="name">lens_grass_2_1307741552444</str>
						<int id="x">3136</int>
					</object>
					<object id="lens_grass_2_1307749098481">
						<int id="w">934</int>
						<int id="z">10</int>
						<int id="r">1</int>
						<int id="h">71</int>
						<int id="y">816</int>
						<str id="sprite_class">lens_grass_2</str>
						<str id="name">lens_grass_2_1307741552444</str>
						<int id="x">67</int>
					</object>
					<object id="lens_grass_1_1307749098469">
						<int id="w">1140</int>
						<int id="z">3</int>
						<int id="h">78</int>
						<int id="y">857</int>
						<str id="sprite_class">lens_grass_1</str>
						<str id="name">lens_grass_1_1307741552445</str>
						<int id="x">4776</int>
					</object>
					<object id="lens_grass_1_1307749098474">
						<int id="w">1322</int>
						<int id="z">6</int>
						<int id="h">85</int>
						<int id="y">860</int>
						<str id="sprite_class">lens_grass_1</str>
						<str id="name">lens_grass_1_1307741552445</str>
						<int id="x">2721</int>
					</object>
					<object id="alakol_cliff_2_1308210720149">
						<int id="w">51</int>
						<int id="z">26</int>
						<int id="h">10</int>
						<int id="y">770</int>
						<str id="sprite_class">alakol_cliff_2</str>
						<str id="name">alakol_cliff_2_1307749098573</str>
						<int id="x">1862</int>
					</object>
					<object id="tree_acacia_1_1307749098703">
						<int id="w">40</int>
						<int id="z">21</int>
						<int id="h">25</int>
						<int id="y">758</int>
						<str id="sprite_class">tree_acacia_1</str>
						<str id="name">tree_acacia_1_1307749098552</str>
						<int id="x">167</int>
					</object>
					<object id="lens_grass_2_1307749098479">
						<int id="w">1152</int>
						<int id="z">8</int>
						<int id="r">1</int>
						<int id="h">68</int>
						<int id="y">828</int>
						<str id="sprite_class">lens_grass_2</str>
						<str id="name">lens_grass_2_1307741552444</str>
						<int id="x">1435</int>
					</object>
					<object id="alakol_water_rock_1_1307987031088">
						<int id="w">34</int>
						<int id="z">23</int>
						<int id="h">9</int>
						<int id="y">773</int>
						<str id="sprite_class">alakol_water_rock_1</str>
						<str id="name">alakol_water_rock_1_1307749098577</str>
						<int id="x">2289</int>
					</object>
					<object id="lens_grass_1_1307749098478">
						<int id="w">1089</int>
						<int id="z">9</int>
						<int id="h">69</int>
						<int id="y">827</int>
						<str id="sprite_class">lens_grass_1</str>
						<str id="name">lens_grass_1_1307741552445</str>
						<int id="x">892</int>
					</object>
					<object id="lens_grass_2_1307749098477">
						<int id="w">1106</int>
						<int id="z">0</int>
						<int id="r">1</int>
						<int id="h">36</int>
						<int id="y">806</int>
						<str id="sprite_class">lens_grass_2</str>
						<str id="name">lens_grass_2_1307741552444</str>
						<int id="x">2474</int>
					</object>
					<object id="tree_acacia_2_1307749098589">
						<int id="w">66</int>
						<int id="z">16</int>
						<int id="h">37</int>
						<int id="y">782</int>
						<str id="sprite_class">tree_acacia_2</str>
						<str id="name">tree_acacia_2_1307749098540</str>
						<int id="x">3811</int>
					</object>
					<object id="tree_acacia_4_1307749098539">
						<int id="w">45</int>
						<int id="z">14</int>
						<int id="h">34</int>
						<int id="y">786</int>
						<str id="sprite_class">tree_acacia_4</str>
						<str id="name">tree_acacia_4_1307749098538</str>
						<int id="x">5286</int>
					</object>
					<object id="tree_acacia_2_1307749098540">
						<int id="w">62</int>
						<int id="z">15</int>
						<int id="h">35</int>
						<int id="y">787</int>
						<str id="sprite_class">tree_acacia_2</str>
						<str id="name">tree_acacia_2_1307749098540</str>
						<int id="x">4865</int>
					</object>
					<object id="tree_acacia_4_1307987031068">
						<int id="w">52</int>
						<int id="z">13</int>
						<int id="r">1</int>
						<int id="h">43</int>
						<int id="y">777</int>
						<str id="sprite_class">tree_acacia_4</str>
						<str id="name">tree_acacia_4_1307749098538</str>
						<int id="x">3770</int>
						<bool id="h_flip">true</bool>
					</object>
					<object id="lens_grass_1_1307749098472">
						<int id="w">1289</int>
						<int id="z">4</int>
						<int id="h">81</int>
						<int id="y">850</int>
						<str id="sprite_class">lens_grass_1</str>
						<str id="name">lens_grass_1_1307741552445</str>
						<int id="x">3702</int>
					</object>
				</object>
				<str id="name">bg_3</str>
				<int id="w">5400</int>
				<int id="h">1000</int>
				<int id="z">-3</int>
				<object id="filtersNEW">
					<object id="contrast">
						<int id="value">0</int>
					</object>
					<object id="blur">
						<int id="value">3</int>
					</object>
					<object id="brightness">
						<int id="value">25</int>
					</object>
					<object id="saturation">
						<int id="value">6</int>
					</object>
					<object id="tintColor">
						<int id="value">0</int>
					</object>
				</object>
			</object>
		</object>
		<null id="loading_label"/>
		<int id="ground_y">0</int>
		<int id="rookable_type">0</int>
		<null id="physics"/>
		<null id="img_file_versioned"/>
		<str id="tsid">LA513I7O0J52MO0</str>
		<str id="swf_file_versioned">http://c2.glitch.bz/locations/groddle1/1317079592.swf</str>
		<object id="gradient">
			<str id="top">7395BF</str>
			<str id="bottom">FFD859</str>
		</object>
		<object id="sources">
			<int id="LA513MGQ0J52Q8S">1</int>
			<int id="LA513KEP0J52N21">1</int>
			<int id="LA513BTM0J524D4">1</int>
			<int id="LA514JHG3J52E88">1</int>
			<int id="LA5142521J52DH8">1</int>
			<int id="LA514HDC2J52TOU">1</int>
		</object>
		<str id="music_file"></str>
		<bool id="wall_jump">false</bool>
		<bool id="no_zoom">false</bool>
	</object>
</game_object>
