<game_object tsid="GA5139FL0J52SP5" ts="1337674989885" label="Boor Bane D" class_tsid="" lastUpdateTime="1337674984575" upd_gs="gs8" load_time="2012-05-22 01:17:08.300" upd_time="2012-05-22 01:18:51.531">
	<object id="dynamic">
		<int id="l">-3000</int>
		<int id="r">3000</int>
		<int id="t">-1000</int>
		<int id="b">0</int>
		<str id="label">Boor Bane D</str>
		<str id="swf_file">groddle1.swf</str>
		<object id="layers">
			<object id="T_1307725023670">
				<object id="decos">
					<object id="alakol_water_rock_1_1308193052428">
						<int id="w">28</int>
						<int id="z">50</int>
						<str id="sprite_class">alakol_water_rock_1</str>
						<int id="x">862</int>
						<int id="y">732</int>
						<int id="h">8</int>
						<str id="name">alakol_water_rock_1_1307731442935</str>
					</object>
					<object id="alakol_water_rock_1_1307731442938">
						<int id="w">13</int>
						<int id="z">25</int>
						<str id="sprite_class">alakol_water_rock_1</str>
						<int id="x">4844</int>
						<int id="y">711</int>
						<int id="h">11</int>
						<str id="name">alakol_water_rock_1_1307731442935</str>
					</object>
					<object id="alakol_water_rock_1_1309205102813">
						<int id="w">19</int>
						<int id="z">45</int>
						<str id="sprite_class">alakol_water_rock_1</str>
						<int id="x">568</int>
						<int id="y">724</int>
						<int id="h">8</int>
						<str id="name">alakol_water_rock_1_1307731442935</str>
					</object>
					<object id="alakol_cliff_2_1308193052430">
						<int id="w">34</int>
						<int id="z">46</int>
						<str id="sprite_class">alakol_cliff_2</str>
						<int id="x">878</int>
						<int id="y">730</int>
						<int id="h">9</int>
						<str id="name">alakol_cliff_2_1307731442934</str>
						<int id="r">1</int>
					</object>
					<object id="lens_grass_2_1307725023719">
						<int id="w">1158</int>
						<int id="z">14</int>
						<str id="sprite_class">lens_grass_2</str>
						<int id="x">1886</int>
						<int id="y">761</int>
						<int id="h">47</int>
						<str id="name">lens_grass_2_1307725023672</str>
						<int id="r">-1</int>
					</object>
					<object id="pampas_1_1307735717350">
						<int id="w">6</int>
						<int id="z">35</int>
						<str id="sprite_class">pampas_1</str>
						<int id="x">1945</int>
						<int id="y">723</int>
						<int id="h">9</int>
						<str id="name">pampas_1_1307731442969</str>
					</object>
					<object id="tree_acacia_3_1307741552436">
						<int id="w">45</int>
						<int id="z">40</int>
						<str id="sprite_class">tree_acacia_3</str>
						<int id="x">2188</int>
						<int id="y">705</int>
						<int id="h">20</int>
						<str id="name">tree_acacia_3_1307731442854</str>
					</object>
					<object id="tree_acacia_3_1307735717328">
						<int id="w">47</int>
						<int id="z">42</int>
						<str id="sprite_class">tree_acacia_3</str>
						<int id="x">339</int>
						<int id="y">715</int>
						<int id="h">22</int>
						<str id="name">tree_acacia_3_1307731442854</str>
					</object>
					<object id="lens_grass_2_1307725023721">
						<int id="w">1158</int>
						<int id="z">16</int>
						<str id="sprite_class">lens_grass_2</str>
						<int id="x">2980</int>
						<int id="y">758</int>
						<int id="h">47</int>
						<str id="name">lens_grass_2_1307725023672</str>
						<int id="r">1</int>
					</object>
					<object id="tree_acacia_1_1307731442861">
						<int id="w">30</int>
						<int id="z">20</int>
						<str id="sprite_class">tree_acacia_1</str>
						<int id="x">2682</int>
						<int id="y">714</int>
						<int id="h">19</int>
						<str id="name">tree_acacia_1_1307731442861</str>
					</object>
					<object id="alakol_water_rock_2_1307731442936">
						<int id="w">28</int>
						<int id="z">24</int>
						<str id="sprite_class">alakol_water_rock_2</str>
						<int id="x">4872</int>
						<int id="y">711</int>
						<int id="h">11</int>
						<str id="name">alakol_water_rock_2_1307731442936</str>
					</object>
					<object id="heights_bush_4_1307731442860">
						<int id="w">474</int>
						<int id="z">2</int>
						<str id="sprite_class">heights_bush_4</str>
						<int id="x">2592</int>
						<int id="y">715</int>
						<int id="h">15</int>
						<str id="name">heights_bush_4_1307731442857</str>
						<int id="r">2</int>
					</object>
					<object id="tree_bare_bunch_1_1307731442864">
						<int id="w">45</int>
						<int id="z">7</int>
						<str id="sprite_class">tree_bare_bunch_1</str>
						<int id="x">2204</int>
						<int id="y">734</int>
						<int id="h">42</int>
						<str id="name">tree_bare_bunch_1_1307731442862</str>
					</object>
					<object id="lens_grass_2_1307725023722">
						<int id="w">1158</int>
						<int id="z">17</int>
						<str id="sprite_class">lens_grass_2</str>
						<int id="x">3517</int>
						<int id="y">748</int>
						<int id="h">47</int>
						<str id="name">lens_grass_2_1307725023672</str>
						<int id="r">-1</int>
					</object>
					<object id="tree_acacia_2_1307735717324">
						<int id="w">59</int>
						<int id="z">52</int>
						<str id="sprite_class">tree_acacia_2</str>
						<int id="x">37</int>
						<int id="y">715</int>
						<int id="h">33</int>
						<str id="name">tree_acacia_2_1307731442855</str>
					</object>
					<object id="alakol_water_rock_2_1307731442955">
						<int id="w">85</int>
						<int id="z">28</int>
						<str id="sprite_class">alakol_water_rock_2</str>
						<int id="x">5400</int>
						<int id="y">702</int>
						<int id="h">54</int>
						<str id="name">alakol_water_rock_2_1307731442936</str>
					</object>
					<object id="alakol_water_rock_2_1308193052427">
						<int id="w">23</int>
						<int id="z">43</int>
						<str id="sprite_class">alakol_water_rock_2</str>
						<int id="x">851</int>
						<int id="y">729</int>
						<int id="h">6</int>
						<str id="name">alakol_water_rock_2_1307731442936</str>
					</object>
					<object id="alakol_water_rock_1_1307731442960">
						<int id="w">72</int>
						<int id="z">4</int>
						<str id="sprite_class">alakol_water_rock_1</str>
						<int id="x">5452</int>
						<int id="y">687</int>
						<int id="h">19</int>
						<str id="name">alakol_water_rock_1_1307731442935</str>
					</object>
					<object id="alakol_water_rock_1_1309205102812">
						<int id="w">28</int>
						<int id="z">49</int>
						<str id="sprite_class">alakol_water_rock_1</str>
						<int id="x">611</int>
						<int id="y">721</int>
						<int id="h">7</int>
						<str id="name">alakol_water_rock_1_1307731442935</str>
					</object>
					<object id="alakol_water_rock_1_1309205102811">
						<int id="w">19</int>
						<int id="z">0</int>
						<str id="sprite_class">alakol_water_rock_1</str>
						<int id="x">595</int>
						<int id="y">723</int>
						<int id="h">13</int>
						<str id="name">alakol_water_rock_1_1307731442935</str>
					</object>
					<object id="tree_bare_bunch_1_1307731442865">
						<int id="w">45</int>
						<int id="z">8</int>
						<str id="sprite_class">tree_bare_bunch_1</str>
						<int id="x">2420</int>
						<int id="y">734</int>
						<int id="h">42</int>
						<str id="name">tree_bare_bunch_1_1307731442862</str>
					</object>
					<object id="alakol_cliff_2_1309205102809">
						<int id="w">48</int>
						<int id="z">47</int>
						<str id="sprite_class">alakol_cliff_2</str>
						<int id="x">602</int>
						<int id="y">725</int>
						<int id="h">7</int>
						<str id="name">alakol_cliff_2_1307731442934</str>
						<int id="r">1</int>
					</object>
					<object id="alakol_water_rock_1_1308193052429">
						<int id="w">19</int>
						<int id="z">44</int>
						<str id="sprite_class">alakol_water_rock_1</str>
						<int id="x">860</int>
						<int id="y">730</int>
						<int id="h">13</int>
						<str id="name">alakol_water_rock_1_1307731442935</str>
					</object>
					<object id="lens_grass_2_1307725023716">
						<int id="w">1158</int>
						<int id="z">12</int>
						<str id="sprite_class">lens_grass_2</str>
						<int id="x">350</int>
						<int id="y">757</int>
						<int id="h">47</int>
						<str id="name">lens_grass_2_1307725023672</str>
						<int id="r">1</int>
					</object>
					<object id="lens_grass_2_1307725023725">
						<int id="w">1158</int>
						<int id="z">19</int>
						<str id="sprite_class">lens_grass_2</str>
						<int id="x">5130</int>
						<int id="y">743</int>
						<int id="h">47</int>
						<str id="name">lens_grass_2_1307725023672</str>
						<int id="r">-1</int>
					</object>
					<object id="tree_bare_bunch_1_1307731442863">
						<int id="w">45</int>
						<int id="z">6</int>
						<str id="sprite_class">tree_bare_bunch_1</str>
						<int id="x">2166</int>
						<int id="y">735</int>
						<int id="h">42</int>
						<str id="name">tree_bare_bunch_1_1307731442862</str>
					</object>
					<object id="heights_bush_4_1307731442859">
						<int id="w">617</int>
						<int id="z">3</int>
						<str id="sprite_class">heights_bush_4</str>
						<int id="x">2260</int>
						<int id="y">712</int>
						<int id="h">17</int>
						<str id="name">heights_bush_4_1307731442857</str>
						<int id="r">-1</int>
					</object>
					<object id="alakol_water_rock_2_1307731442956">
						<int id="w">109</int>
						<int id="z">30</int>
						<str id="sprite_class">alakol_water_rock_2</str>
						<int id="x">5353</int>
						<int id="y">713</int>
						<int id="h">30</int>
						<str id="name">alakol_water_rock_2_1307731442936</str>
					</object>
					<object id="lens_grass_2_1307725023717">
						<int id="w">1158</int>
						<int id="z">15</int>
						<str id="sprite_class">lens_grass_2</str>
						<int id="x">1027</int>
						<int id="y">771</int>
						<int id="h">47</int>
						<str id="name">lens_grass_2_1307725023672</str>
						<int id="r">1</int>
					</object>
					<object id="heights_bush_1_1307731442963">
						<int id="w">28</int>
						<int id="z">33</int>
						<str id="sprite_class">heights_bush_1</str>
						<int id="x">5399</int>
						<int id="y">710</int>
						<int id="h">16</int>
						<str id="name">heights_bush_1_1307731442942</str>
					</object>
					<object id="alakol_water_rock_1_1307731442959">
						<int id="w">32</int>
						<int id="z">32</int>
						<str id="sprite_class">alakol_water_rock_1</str>
						<int id="x">5440</int>
						<int id="y">715</int>
						<int id="h">26</int>
						<str id="name">alakol_water_rock_1_1307731442935</str>
					</object>
					<object id="alakol_water_rock_1_1308193052432">
						<int id="w">22</int>
						<int id="z">39</int>
						<str id="sprite_class">alakol_water_rock_1</str>
						<int id="x">889</int>
						<int id="y">728</int>
						<int id="h">10</int>
						<str id="name">alakol_water_rock_1_1307731442935</str>
						<int id="r">6</int>
					</object>
					<object id="alakol_water_rock_2_1308041830121">
						<int id="w">33</int>
						<int id="z">37</int>
						<str id="sprite_class">alakol_water_rock_2</str>
						<int id="x">2258</int>
						<int id="y">705</int>
						<int id="h">9</int>
						<str id="name">alakol_water_rock_2_1307731442936</str>
						<int id="r">-2</int>
					</object>
					<object id="lens_grass_2_1307725023718">
						<int id="w">1158</int>
						<int id="z">13</int>
						<str id="sprite_class">lens_grass_2</str>
						<int id="x">1548</int>
						<int id="y">770</int>
						<int id="h">47</int>
						<str id="name">lens_grass_2_1307725023672</str>
						<int id="r">1</int>
					</object>
					<object id="lens_grass_2_1307725023724">
						<int id="w">1158</int>
						<int id="z">18</int>
						<str id="sprite_class">lens_grass_2</str>
						<int id="x">4690</int>
						<int id="y">748</int>
						<int id="h">47</int>
						<str id="name">lens_grass_2_1307725023672</str>
						<int id="r">1</int>
					</object>
					<object id="tree_acacia_1_1307735717323">
						<int id="w">39</int>
						<int id="z">34</int>
						<str id="sprite_class">tree_acacia_1</str>
						<int id="x">319</int>
						<int id="y">714</int>
						<int id="h">25</int>
						<str id="name">tree_acacia_1_1307731442861</str>
					</object>
					<object id="alakol_water_rock_2_1307731442945">
						<int id="w">35</int>
						<int id="z">27</int>
						<str id="sprite_class">alakol_water_rock_2</str>
						<int id="x">4901</int>
						<int id="y">703</int>
						<int id="h">8</int>
						<str id="name">alakol_water_rock_2_1307731442936</str>
					</object>
					<object id="alakol_cliff_2_1309205102772">
						<int id="w">35</int>
						<int id="z">23</int>
						<str id="sprite_class">alakol_cliff_2</str>
						<int id="x">4700</int>
						<int id="y">706</int>
						<int id="h">5</int>
						<str id="name">alakol_cliff_2_1307731442934</str>
					</object>
					<object id="alakol_cliff_2_1307731442954">
						<int id="w">112</int>
						<int id="z">29</int>
						<str id="sprite_class">alakol_cliff_2</str>
						<int id="x">5414</int>
						<int id="y">707</int>
						<int id="h">31</int>
						<str id="name">alakol_cliff_2_1307731442934</str>
						<int id="r">1</int>
					</object>
					<object id="lens_grass_2_1307725023720">
						<int id="w">1158</int>
						<int id="z">11</int>
						<str id="sprite_class">lens_grass_2</str>
						<int id="x">2351</int>
						<int id="y">748</int>
						<int id="h">47</int>
						<str id="name">lens_grass_2_1307725023672</str>
					</object>
					<object id="tree_acacia_4_1307741552435">
						<int id="w">34</int>
						<int id="z">36</int>
						<str id="sprite_class">tree_acacia_4</str>
						<int id="x">2382</int>
						<int id="y">706</int>
						<int id="h">26</int>
						<str id="name">tree_acacia_4_1307731442868</str>
					</object>
					<object id="alakol_water_rock_2_1307731442940">
						<int id="w">21</int>
						<int id="z">38</int>
						<str id="sprite_class">alakol_water_rock_2</str>
						<int id="x">4835</int>
						<int id="y">712</int>
						<int id="h">10</int>
						<str id="name">alakol_water_rock_2_1307731442936</str>
					</object>
					<object id="alakol_water_rock_2_1308193052431">
						<int id="w">26</int>
						<int id="z">48</int>
						<str id="sprite_class">alakol_water_rock_2</str>
						<int id="x">895</int>
						<int id="y">733</int>
						<int id="h">7</int>
						<str id="name">alakol_water_rock_2_1307731442936</str>
					</object>
					<object id="alakol_water_rock_2_1309205102773">
						<int id="w">27</int>
						<int id="z">1</int>
						<str id="sprite_class">alakol_water_rock_2</str>
						<int id="x">4708</int>
						<int id="y">705</int>
						<int id="h">9</int>
						<str id="name">alakol_water_rock_2_1307731442936</str>
					</object>
					<object id="alakol_cliff_2_1307731442934">
						<int id="w">35</int>
						<int id="z">22</int>
						<str id="sprite_class">alakol_cliff_2</str>
						<int id="x">4905</int>
						<int id="y">709</int>
						<int id="h">8</int>
						<str id="name">alakol_cliff_2_1307731442934</str>
					</object>
					<object id="lens_grass_2_1307725023723">
						<int id="w">1158</int>
						<int id="z">10</int>
						<str id="sprite_class">lens_grass_2</str>
						<int id="x">4029</int>
						<int id="y">733</int>
						<int id="h">47</int>
						<str id="name">lens_grass_2_1307725023672</str>
					</object>
					<object id="tree_bare_bunch_1_1307731442862">
						<int id="w">37</int>
						<int id="z">5</int>
						<str id="sprite_class">tree_bare_bunch_1</str>
						<int id="x">2653</int>
						<int id="y">732</int>
						<int id="h">35</int>
						<str id="name">tree_bare_bunch_1_1307731442862</str>
					</object>
					<object id="alakol_water_rock_1_1309205102810">
						<int id="w">28</int>
						<int id="z">51</int>
						<str id="sprite_class">alakol_water_rock_1</str>
						<int id="x">647</int>
						<int id="y">727</int>
						<int id="h">8</int>
						<str id="name">alakol_water_rock_1_1307731442935</str>
					</object>
					<object id="tree_bare_bunch_1_1307731442866">
						<int id="w">45</int>
						<int id="z">9</int>
						<str id="sprite_class">tree_bare_bunch_1</str>
						<int id="x">2377</int>
						<int id="y">731</int>
						<int id="h">42</int>
						<str id="name">tree_bare_bunch_1_1307731442862</str>
					</object>
					<object id="alakol_cliff_1_1307731442933">
						<int id="w">61</int>
						<int id="z">21</int>
						<str id="sprite_class">alakol_cliff_1</str>
						<int id="x">4886</int>
						<int id="y">709</int>
						<int id="h">10</int>
						<str id="name">alakol_cliff_1_1307731442933</str>
					</object>
					<object id="alakol_water_rock_1_1309205102774">
						<int id="w">13</int>
						<int id="z">26</int>
						<str id="sprite_class">alakol_water_rock_1</str>
						<int id="x">4677</int>
						<int id="y">706</int>
						<int id="h">7</int>
						<str id="name">alakol_water_rock_1_1307731442935</str>
					</object>
					<object id="alakol_water_rock_2_1307731442962">
						<int id="w">43</int>
						<int id="z">31</int>
						<str id="sprite_class">alakol_water_rock_2</str>
						<int id="x">5299</int>
						<int id="y">708</int>
						<int id="h">18</int>
						<str id="name">alakol_water_rock_2_1307731442936</str>
					</object>
					<object id="tree_acacia_2_1307731442867">
						<int id="w">37</int>
						<int id="z">41</int>
						<str id="sprite_class">tree_acacia_2</str>
						<int id="x">2401</int>
						<int id="y">706</int>
						<int id="h">20</int>
						<str id="name">tree_acacia_2_1307731442867</str>
					</object>
				</object>
				<int id="w">5280</int>
				<int id="h">1000</int>
				<int id="z">-4</int>
				<object id="filtersNEW">
					<object id="saturation">
						<int id="value">6</int>
					</object>
					<object id="tintColor">
						<int id="value">0</int>
					</object>
					<object id="contrast">
						<int id="value">0</int>
					</object>
					<object id="blur">
						<int id="value">3</int>
					</object>
					<object id="brightness">
						<int id="value">25</int>
					</object>
				</object>
				<str id="name">bg_3</str>
			</object>
			<object id="T_1307725023669">
				<object id="decos">
					<object id="cloud_fluffy_1_1308213477373">
						<int id="w">1009</int>
						<int id="z">3</int>
						<str id="sprite_class">cloud_fluffy_1</str>
						<int id="x">2788</int>
						<int id="y">664</int>
						<int id="h">95</int>
						<str id="name">cloud_fluffy_1_1307731442949</str>
					</object>
					<object id="heights_bush_4_1309205102808">
						<int id="w">374</int>
						<int id="z">10</int>
						<str id="sprite_class">heights_bush_4</str>
						<int id="x">1254</int>
						<int id="y">737</int>
						<int id="h">29</int>
						<str id="name">heights_bush_4_1307731442857</str>
						<int id="r">-2</int>
					</object>
					<object id="heights_bush_4_1309205102805">
						<int id="w">374</int>
						<int id="z">9</int>
						<str id="sprite_class">heights_bush_4</str>
						<int id="x">1087</int>
						<int id="y">744</int>
						<int id="h">29</int>
						<str id="name">heights_bush_4_1307731442857</str>
						<int id="r">-4</int>
					</object>
					<object id="mountain_trees_darker_1_1308041830110">
						<int id="w">600</int>
						<int id="z">2</int>
						<str id="sprite_class">mountain_trees_darker_1</str>
						<int id="x">1393</int>
						<int id="y">769</int>
						<int id="h">102</int>
						<str id="name">mountain_trees_darker_1_1307741552431</str>
					</object>
					<object id="cloud_fluffy_1_1307731442952">
						<int id="w">1009</int>
						<int id="z">1</int>
						<str id="sprite_class">cloud_fluffy_1</str>
						<int id="x">2112</int>
						<int id="y">706</int>
						<int id="h">95</int>
						<str id="name">cloud_fluffy_1_1307731442949</str>
					</object>
					<object id="cloud_fluffy_2_1308213477375">
						<int id="w">1231</int>
						<int id="z">5</int>
						<str id="sprite_class">cloud_fluffy_2</str>
						<int id="x">648</int>
						<int id="y">698</int>
						<int id="h">89</int>
						<str id="name">cloud_fluffy_2_1307725023726</str>
					</object>
					<object id="heights_bush_4_1309205102794">
						<int id="w">494</int>
						<int id="z">6</int>
						<str id="sprite_class">heights_bush_4</str>
						<int id="x">227</int>
						<int id="y">717</int>
						<int id="h">14</int>
						<str id="name">heights_bush_4_1307731442857</str>
						<int id="r">1</int>
					</object>
					<object id="heights_bush_4_1309205102807">
						<int id="w">374</int>
						<int id="z">7</int>
						<str id="sprite_class">heights_bush_4</str>
						<int id="x">1606</int>
						<int id="y">737</int>
						<int id="h">29</int>
						<str id="name">heights_bush_4_1307731442857</str>
					</object>
					<object id="cloud_fluffy_2_1308213477374">
						<int id="w">1231</int>
						<int id="z">4</int>
						<str id="sprite_class">cloud_fluffy_2</str>
						<int id="x">4274</int>
						<int id="y">650</int>
						<int id="h">89</int>
						<str id="name">cloud_fluffy_2_1307725023726</str>
					</object>
					<object id="cloud_fluffy_2_1307731442948">
						<int id="w">1231</int>
						<int id="z">0</int>
						<str id="sprite_class">cloud_fluffy_2</str>
						<int id="x">3415</int>
						<int id="y">595</int>
						<int id="h">89</int>
						<str id="name">cloud_fluffy_2_1307725023726</str>
					</object>
					<object id="heights_bush_4_1309205102806">
						<int id="w">374</int>
						<int id="z">8</int>
						<str id="sprite_class">heights_bush_4</str>
						<int id="x">1431</int>
						<int id="y">737</int>
						<int id="h">29</int>
						<str id="name">heights_bush_4_1307731442857</str>
					</object>
				</object>
				<int id="w">4800</int>
				<int id="h">1000</int>
				<int id="z">-5</int>
				<object id="filtersNEW">
					<object id="saturation">
						<int id="value">-60</int>
					</object>
					<object id="tintColor">
						<int id="value">16763904</int>
					</object>
					<object id="tintAmount">
						<int id="value">80</int>
					</object>
					<object id="blur">
						<int id="value">3</int>
					</object>
					<object id="brightness">
						<int id="value">19</int>
					</object>
					<object id="contrast">
						<int id="value">-10</int>
					</object>
				</object>
				<str id="name">sky</str>
			</object>
			<object id="T_1307725023668">
				<object id="decos">
					<object id="lens_grass_1_1307731442909">
						<int id="w">68</int>
						<int id="z">25</int>
						<str id="sprite_class">lens_grass_1</str>
						<int id="x">2535</int>
						<int id="y">747</int>
						<int id="h">13</int>
						<str id="name">lens_grass_1_1307725023671</str>
					</object>
					<object id="lens_grass_1_1307731442906">
						<int id="w">68</int>
						<int id="z">22</int>
						<str id="sprite_class">lens_grass_1</str>
						<int id="x">761</int>
						<int id="y">761</int>
						<int id="h">13</int>
						<str id="name">lens_grass_1_1307725023671</str>
					</object>
					<object id="lens_grass_2_1307725023715">
						<int id="w">888</int>
						<int id="z">13</int>
						<str id="sprite_class">lens_grass_2</str>
						<int id="x">5535</int>
						<int id="y">783</int>
						<int id="h">65</int>
						<str id="name">lens_grass_2_1307725023672</str>
						<int id="r">1</int>
					</object>
					<object id="pampas_1_1309205102798">
						<int id="w">11</int>
						<int id="z">40</int>
						<str id="sprite_class">pampas_1</str>
						<int id="x">3968</int>
						<int id="y">719</int>
						<int id="h">14</int>
						<str id="name">pampas_1_1307731442969</str>
						<int id="r">-20</int>
					</object>
					<object id="lens_grass_2_1307725023704">
						<int id="w">888</int>
						<int id="z">9</int>
						<str id="sprite_class">lens_grass_2</str>
						<int id="x">1047</int>
						<int id="y">808</int>
						<int id="h">65</int>
						<str id="name">lens_grass_2_1307725023672</str>
						<int id="r">1</int>
					</object>
					<object id="pampas_1_1309205102778">
						<int id="w">12</int>
						<int id="z">15</int>
						<str id="sprite_class">pampas_1</str>
						<int id="x">3249</int>
						<int id="y">753</int>
						<int id="h">18</int>
						<str id="name">pampas_1_1307731442969</str>
						<bool id="h_flip">true</bool>
					</object>
					<object id="lens_grass_1_1307731442927">
						<int id="w">63</int>
						<int id="z">31</int>
						<str id="sprite_class">lens_grass_1</str>
						<int id="x">5148</int>
						<int id="y">746</int>
						<int id="h">12</int>
						<str id="name">lens_grass_1_1307725023671</str>
					</object>
					<object id="lens_grass_1_1307731442925">
						<int id="w">63</int>
						<int id="z">28</int>
						<str id="sprite_class">lens_grass_1</str>
						<int id="x">3954</int>
						<int id="y">717</int>
						<int id="h">12</int>
						<str id="name">lens_grass_1_1307725023671</str>
					</object>
					<object id="lens_grass_1_1307731442929">
						<int id="w">63</int>
						<int id="z">33</int>
						<str id="sprite_class">lens_grass_1</str>
						<int id="x">5408</int>
						<int id="y">724</int>
						<int id="h">12</int>
						<str id="name">lens_grass_1_1307725023671</str>
					</object>
					<object id="lens_grass_2_1307725023703">
						<int id="w">888</int>
						<int id="z">8</int>
						<str id="sprite_class">lens_grass_2</str>
						<int id="x">735</int>
						<int id="y">803</int>
						<int id="h">65</int>
						<str id="name">lens_grass_2_1307725023672</str>
						<int id="r">1</int>
					</object>
					<object id="lens_grass_1_1307731442903">
						<int id="w">68</int>
						<int id="z">19</int>
						<str id="sprite_class">lens_grass_1</str>
						<int id="x">715</int>
						<int id="y">748</int>
						<int id="h">13</int>
						<str id="name">lens_grass_1_1307725023671</str>
					</object>
					<object id="pampas_1_1309205102796">
						<int id="w">11</int>
						<int id="z">38</int>
						<str id="sprite_class">pampas_1</str>
						<int id="x">3882</int>
						<int id="y">717</int>
						<int id="h">14</int>
						<str id="name">pampas_1_1307731442969</str>
						<int id="r">-20</int>
					</object>
					<object id="lens_grass_2_1307725023702">
						<int id="w">888</int>
						<int id="z">7</int>
						<str id="sprite_class">lens_grass_2</str>
						<int id="x">238</int>
						<int id="y">783</int>
						<int id="h">65</int>
						<str id="name">lens_grass_2_1307725023672</str>
						<int id="r">1</int>
					</object>
					<object id="lens_grass_1_1307731442928">
						<int id="w">63</int>
						<int id="z">32</int>
						<str id="sprite_class">lens_grass_1</str>
						<int id="x">5180</int>
						<int id="y">750</int>
						<int id="h">12</int>
						<str id="name">lens_grass_1_1307725023671</str>
					</object>
					<object id="lens_grass_1_1307731442904">
						<int id="w">68</int>
						<int id="z">20</int>
						<str id="sprite_class">lens_grass_1</str>
						<int id="x">740</int>
						<int id="y">749</int>
						<int id="h">13</int>
						<str id="name">lens_grass_1_1307725023671</str>
					</object>
					<object id="tree_acacia_4_1307731442868">
						<int id="w">237</int>
						<int id="z">16</int>
						<str id="sprite_class">tree_acacia_4</str>
						<int id="x">3184</int>
						<int id="y">751</int>
						<int id="h">181</int>
						<str id="name">tree_acacia_4_1307731442868</str>
					</object>
					<object id="lens_grass_2_1307725023706">
						<int id="w">888</int>
						<int id="z">6</int>
						<str id="sprite_class">lens_grass_2</str>
						<int id="x">1853</int>
						<int id="y">798</int>
						<int id="h">65</int>
						<str id="name">lens_grass_2_1307725023672</str>
						<int id="r">-1</int>
					</object>
					<object id="tree_acacia_3_1307731442869">
						<int id="w">274</int>
						<int id="z">17</int>
						<str id="sprite_class">tree_acacia_3</str>
						<int id="x">4201</int>
						<int id="y">726</int>
						<int id="h">126</int>
						<str id="name">tree_acacia_3_1307731442854</str>
					</object>
					<object id="lens_grass_2_1307725023709">
						<int id="w">888</int>
						<int id="z">4</int>
						<str id="sprite_class">lens_grass_2</str>
						<int id="x">3070</int>
						<int id="y">798</int>
						<int id="h">65</int>
						<str id="name">lens_grass_2_1307725023672</str>
						<int id="r">2</int>
					</object>
					<object id="lens_grass_1_1307731442926">
						<int id="w">63</int>
						<int id="z">30</int>
						<str id="sprite_class">lens_grass_1</str>
						<int id="x">3923</int>
						<int id="y">726</int>
						<int id="h">12</int>
						<str id="name">lens_grass_1_1307725023671</str>
					</object>
					<object id="lens_grass_2_1307725023708">
						<int id="w">888</int>
						<int id="z">3</int>
						<str id="sprite_class">lens_grass_2</str>
						<int id="x">2650</int>
						<int id="y">788</int>
						<int id="h">65</int>
						<str id="name">lens_grass_2_1307725023672</str>
						<int id="r">1</int>
					</object>
					<object id="lens_grass_2_1307725023712">
						<int id="w">888</int>
						<int id="z">0</int>
						<str id="sprite_class">lens_grass_2</str>
						<int id="x">4362</int>
						<int id="y">773</int>
						<int id="h">65</int>
						<str id="name">lens_grass_2_1307725023672</str>
						<int id="r">1</int>
					</object>
					<object id="lens_grass_1_1307731442905">
						<int id="w">68</int>
						<int id="z">21</int>
						<str id="sprite_class">lens_grass_1</str>
						<int id="x">746</int>
						<int id="y">756</int>
						<int id="h">13</int>
						<str id="name">lens_grass_1_1307725023671</str>
					</object>
					<object id="lens_grass_2_1307725023711">
						<int id="w">888</int>
						<int id="z">1</int>
						<str id="sprite_class">lens_grass_2</str>
						<int id="x">3948</int>
						<int id="y">773</int>
						<int id="h">65</int>
						<str id="name">lens_grass_2_1307725023672</str>
					</object>
					<object id="lens_grass_1_1307731442908">
						<int id="w">68</int>
						<int id="z">24</int>
						<str id="sprite_class">lens_grass_1</str>
						<int id="x">2501</int>
						<int id="y">742</int>
						<int id="h">13</int>
						<str id="name">lens_grass_1_1307725023671</str>
					</object>
					<object id="tree_acacia_2_1309205102775">
						<int id="w">232</int>
						<int id="z">37</int>
						<str id="sprite_class">tree_acacia_2</str>
						<int id="x">3261</int>
						<int id="y">755</int>
						<int id="h">130</int>
						<str id="name">tree_acacia_2_1307731442855</str>
					</object>
					<object id="lens_grass_2_1307725023714">
						<int id="w">888</int>
						<int id="z">12</int>
						<str id="sprite_class">lens_grass_2</str>
						<int id="x">5155</int>
						<int id="y">783</int>
						<int id="h">65</int>
						<str id="name">lens_grass_2_1307725023672</str>
						<int id="r">-3</int>
					</object>
					<object id="lens_grass_1_1307731442924">
						<int id="w">63</int>
						<int id="z">29</int>
						<str id="sprite_class">lens_grass_1</str>
						<int id="x">3918</int>
						<int id="y">721</int>
						<int id="h">12</int>
						<str id="name">lens_grass_1_1307725023671</str>
					</object>
					<object id="pampas_1_1309205102797">
						<int id="w">11</int>
						<int id="z">39</int>
						<str id="sprite_class">pampas_1</str>
						<int id="x">3974</int>
						<int id="y">718</int>
						<int id="h">14</int>
						<str id="name">pampas_1_1307731442969</str>
						<int id="r">-20</int>
					</object>
					<object id="lens_grass_2_1307725023713">
						<int id="w">888</int>
						<int id="z">11</int>
						<str id="sprite_class">lens_grass_2</str>
						<int id="x">4799</int>
						<int id="y">783</int>
						<int id="h">65</int>
						<str id="name">lens_grass_2_1307725023672</str>
						<int id="r">1</int>
					</object>
					<object id="lens_grass_1_1307731442923">
						<int id="w">63</int>
						<int id="z">27</int>
						<str id="sprite_class">lens_grass_1</str>
						<int id="x">3894</int>
						<int id="y">718</int>
						<int id="h">12</int>
						<str id="name">lens_grass_1_1307725023671</str>
					</object>
					<object id="lens_grass_1_1307731442907">
						<int id="w">68</int>
						<int id="z">23</int>
						<str id="sprite_class">lens_grass_1</str>
						<int id="x">2482</int>
						<int id="y">736</int>
						<int id="h">13</int>
						<str id="name">lens_grass_1_1307725023671</str>
					</object>
					<object id="lens_grass_2_1307725023705">
						<int id="w">888</int>
						<int id="z">10</int>
						<str id="sprite_class">lens_grass_2</str>
						<int id="x">1497</int>
						<int id="y">804</int>
						<int id="h">65</int>
						<str id="name">lens_grass_2_1307725023672</str>
						<int id="r">-1</int>
					</object>
					<object id="lens_grass_2_1307725023710">
						<int id="w">888</int>
						<int id="z">2</int>
						<str id="sprite_class">lens_grass_2</str>
						<int id="x">3526</int>
						<int id="y">793</int>
						<int id="h">65</int>
						<str id="name">lens_grass_2_1307725023672</str>
						<int id="r">-2</int>
					</object>
					<object id="lens_grass_1_1307731442930">
						<int id="w">63</int>
						<int id="z">34</int>
						<str id="sprite_class">lens_grass_1</str>
						<int id="x">5436</int>
						<int id="y">729</int>
						<int id="h">12</int>
						<str id="name">lens_grass_1_1307725023671</str>
					</object>
					<object id="pampas_2_1309205102776">
						<int id="w">9</int>
						<int id="z">18</int>
						<str id="sprite_class">pampas_2</str>
						<int id="x">4202</int>
						<int id="y">726</int>
						<int id="h">14</int>
						<str id="name">pampas_2_1307731442968</str>
					</object>
					<object id="lens_grass_2_1307725023707">
						<int id="w">888</int>
						<int id="z">5</int>
						<str id="sprite_class">lens_grass_2</str>
						<int id="x">2221</int>
						<int id="y">788</int>
						<int id="h">65</int>
						<str id="name">lens_grass_2_1307725023672</str>
						<int id="r">-1</int>
					</object>
					<object id="lens_grass_1_1307731442931">
						<int id="w">63</int>
						<int id="z">35</int>
						<str id="sprite_class">lens_grass_1</str>
						<int id="x">5437</int>
						<int id="y">736</int>
						<int id="h">12</int>
						<str id="name">lens_grass_1_1307725023671</str>
					</object>
					<object id="lens_grass_1_1307731442910">
						<int id="w">68</int>
						<int id="z">26</int>
						<str id="sprite_class">lens_grass_1</str>
						<int id="x">2516</int>
						<int id="y">754</int>
						<int id="h">13</int>
						<str id="name">lens_grass_1_1307725023671</str>
					</object>
					<object id="lens_grass_1_1307731442932">
						<int id="w">63</int>
						<int id="z">36</int>
						<str id="sprite_class">lens_grass_1</str>
						<int id="x">5466</int>
						<int id="y">738</int>
						<int id="h">12</int>
						<str id="name">lens_grass_1_1307725023671</str>
					</object>
					<object id="alakol_water_rock_2_1309205102777">
						<int id="w">72</int>
						<int id="z">14</int>
						<str id="sprite_class">alakol_water_rock_2</str>
						<int id="x">3250</int>
						<int id="y">754</int>
						<int id="h">20</int>
						<str id="name">alakol_water_rock_2_1307731442936</str>
					</object>
				</object>
				<int id="w">5520</int>
				<int id="h">1000</int>
				<int id="z">-3</int>
				<object id="filtersNEW">
					<object id="saturation">
						<int id="value">10</int>
					</object>
					<object id="contrast">
						<int id="value">0</int>
					</object>
					<object id="blur">
						<int id="value">2</int>
					</object>
					<object id="brightness">
						<int id="value">20</int>
					</object>
				</object>
				<str id="name">bg_2</str>
			</object>
			<object id="T_1307741552414">
				<object id="decos">
					<object id="pampas_2_1308273255284">
						<int id="w">40</int>
						<int id="z">1</int>
						<str id="sprite_class">pampas_2</str>
						<int id="x">2288</int>
						<int id="y">913</int>
						<int id="h">62</int>
						<str id="name">pampas_2_1307731442968</str>
						<int id="r">-15</int>
					</object>
					<object id="lens_grass_1_1309205102814">
						<int id="w">329</int>
						<int id="z">9</int>
						<str id="sprite_class">lens_grass_1</str>
						<int id="x">341</int>
						<int id="y">1023</int>
						<int id="h">65</int>
						<str id="name">lens_grass_1_1307725023671</str>
					</object>
					<object id="lens_grass_1_1309205102781">
						<int id="w">269</int>
						<int id="z">5</int>
						<str id="sprite_class">lens_grass_1</str>
						<int id="x">2465</int>
						<int id="y">977</int>
						<int id="h">53</int>
						<str id="name">lens_grass_1_1307725023671</str>
					</object>
					<object id="pampas_2_1307741552428">
						<int id="w">58</int>
						<int id="z">3</int>
						<str id="sprite_class">pampas_2</str>
						<int id="x">494</int>
						<int id="y">948</int>
						<int id="h">89</int>
						<str id="name">pampas_2_1307731442968</str>
					</object>
					<object id="lens_grass_1_1309205102780">
						<int id="w">269</int>
						<int id="z">4</int>
						<str id="sprite_class">lens_grass_1</str>
						<int id="x">2362</int>
						<int id="y">956</int>
						<int id="h">53</int>
						<str id="name">lens_grass_1_1307725023671</str>
					</object>
					<object id="lens_grass_1_1309205102783">
						<int id="w">269</int>
						<int id="z">7</int>
						<str id="sprite_class">lens_grass_1</str>
						<int id="x">2079</int>
						<int id="y">981</int>
						<int id="h">53</int>
						<str id="name">lens_grass_1_1307725023671</str>
					</object>
					<object id="lens_grass_1_1309205102782">
						<int id="w">269</int>
						<int id="z">6</int>
						<str id="sprite_class">lens_grass_1</str>
						<int id="x">2392</int>
						<int id="y">1004</int>
						<int id="h">53</int>
						<str id="name">lens_grass_1_1307725023671</str>
					</object>
					<object id="pampas_2_1307741552417">
						<int id="w">53</int>
						<int id="z">0</int>
						<str id="sprite_class">pampas_2</str>
						<int id="x">2309</int>
						<int id="y">915</int>
						<int id="h">82</int>
						<str id="name">pampas_2_1307731442968</str>
					</object>
					<object id="lens_grass_1_1309205102788">
						<int id="w">329</int>
						<int id="z">8</int>
						<str id="sprite_class">lens_grass_1</str>
						<int id="x">539</int>
						<int id="y">1001</int>
						<int id="h">65</int>
						<str id="name">lens_grass_1_1307725023671</str>
					</object>
					<object id="pampas_2_1307741552419">
						<int id="w">47</int>
						<int id="z">2</int>
						<str id="sprite_class">pampas_2</str>
						<int id="x">1957</int>
						<int id="y">953</int>
						<int id="h">72</int>
						<str id="name">pampas_2_1307731442968</str>
					</object>
				</object>
				<int id="w">6000</int>
				<int id="h">1000</int>
				<int id="z">1</int>
				<object id="filtersNEW">
					<object id="saturation">
						<int id="value">18</int>
					</object>
					<object id="contrast">
						<int id="value">0</int>
					</object>
					<object id="brightness">
						<int id="value">10</int>
					</object>
				</object>
				<str id="name">middleplus</str>
			</object>
			<object id="middleground">
				<object id="signposts">
					<object id="signpost_2">
						<int id="y">-94</int>
						<object id="connects">
							<object id="0">
								<str id="mote_id">9</str>
								<str id="hub_id">91</str>
								<str id="swf_file_versioned">http://c2.glitch.bz/locations/groddle1/1316726082.swf</str>
								<int id="x">-2640</int>
								<int id="y">-115</int>
								<objref id="target" tsid="LA513CDN0J52ND9" label="Boor Bane E"/>
							</object>
							<object id="1">
								<str id="mote_id">9</str>
								<str id="hub_id">91</str>
								<str id="swf_file_versioned">http://c2.glitch.bz/locations/groddle1/1316726082.swf</str>
								<int id="x">-2672</int>
								<int id="y">-85</int>
								<objref id="target" tsid="LA512T760J52JMS" label="Loutish Ln B"/>
							</object>
							<object id="2">
								<str id="mote_id">9</str>
								<str id="hub_id">91</str>
								<str id="swf_file_versioned">http://c2.glitch.bz/locations/groddle1/1316726082.swf</str>
								<int id="x">2665</int>
								<int id="y">-105</int>
								<objref id="target" tsid="LA513A7M0J521F2" label="Loutish Ln A"/>
							</object>
						</object>
						<int id="h">200</int>
						<str id="id">signpost_2</str>
						<int id="w">100</int>
						<int id="x">2816</int>
					</object>
					<object id="signpost_1">
						<int id="y">-101</int>
						<object id="connects">
							<object id="0">
								<str id="mote_id">9</str>
								<str id="hub_id">91</str>
								<str id="swf_file_versioned">http://c2.glitch.bz/locations/groddle1/1316726082.swf</str>
								<int id="x">2685</int>
								<int id="y">-115</int>
								<objref id="target" tsid="LA512V480J52NMN" label="Boor Bane C"/>
							</object>
							<object id="1">
								<str id="mote_id">9</str>
								<str id="hub_id">91</str>
								<str id="swf_file_versioned">http://c2.glitch.bz/locations/groddle1/1316726082.swf</str>
								<int id="x">2670</int>
								<int id="y">-377</int>
								<objref id="target" tsid="LA5143921J52F9U" label="Rube&apos;s Way 2"/>
							</object>
							<object id="2">
								<str id="mote_id">9</str>
								<str id="hub_id">91</str>
								<str id="swf_file_versioned">http://c2.glitch.bz/locations/groddle1/1316726082.swf</str>
								<int id="x">-2670</int>
								<int id="y">-100</int>
								<objref id="target" tsid="LA513JAO0J5220P" label="Rube&apos;s Way 3"/>
							</object>
						</object>
						<int id="h">200</int>
						<int id="w">100</int>
						<int id="x">-2791</int>
					</object>
				</object>
				<int id="h">1000</int>
				<object id="platform_lines">
					<object id="plat_1307731443070">
						<int id="platform_pc_perm">-1</int>
						<int id="platform_item_perm">-1</int>
						<object id="start">
							<int id="y">-112</int>
							<int id="x">-2237</int>
						</object>
						<object id="end">
							<int id="y">-104</int>
							<int id="x">-2083</int>
						</object>
					</object>
					<object id="plat_1307731443085">
						<int id="platform_pc_perm">-1</int>
						<int id="platform_item_perm">-1</int>
						<object id="start">
							<int id="y">-99</int>
							<int id="x">1715</int>
						</object>
						<object id="end">
							<int id="y">-107</int>
							<int id="x">2038</int>
						</object>
					</object>
					<object id="plat_1307731443084">
						<int id="platform_pc_perm">-1</int>
						<int id="platform_item_perm">-1</int>
						<object id="start">
							<int id="y">-121</int>
							<int id="x">1356</int>
						</object>
						<object id="end">
							<int id="y">-99</int>
							<int id="x">1715</int>
						</object>
					</object>
					<object id="plat_1307731443067">
						<int id="platform_pc_perm">-1</int>
						<int id="platform_item_perm">-1</int>
						<object id="start">
							<int id="y">-70</int>
							<int id="x">-3000</int>
						</object>
						<object id="end">
							<int id="y">-92</int>
							<int id="x">-2729</int>
						</object>
					</object>
					<object id="plat_1307731443077">
						<int id="platform_pc_perm">-1</int>
						<int id="platform_item_perm">-1</int>
						<object id="start">
							<int id="y">-130</int>
							<int id="x">-356</int>
						</object>
						<object id="end">
							<int id="y">-83</int>
							<int id="x">-2</int>
						</object>
					</object>
					<object id="plat_1307731443082">
						<int id="platform_pc_perm">-1</int>
						<int id="platform_item_perm">-1</int>
						<object id="start">
							<int id="y">-96</int>
							<int id="x">763</int>
						</object>
						<object id="end">
							<int id="y">-125</int>
							<int id="x">1146</int>
						</object>
					</object>
					<object id="plat_1307731443080">
						<int id="platform_pc_perm">-1</int>
						<int id="platform_item_perm">-1</int>
						<object id="start">
							<int id="y">-101</int>
							<int id="x">403</int>
						</object>
						<object id="end">
							<int id="y">-76</int>
							<int id="x">536</int>
						</object>
					</object>
					<object id="plat_1307731443076">
						<int id="platform_pc_perm">-1</int>
						<int id="platform_item_perm">-1</int>
						<object id="start">
							<int id="y">-117</int>
							<int id="x">-654</int>
						</object>
						<object id="end">
							<int id="y">-130</int>
							<int id="x">-356</int>
						</object>
					</object>
					<object id="plat_1307731443086">
						<int id="platform_pc_perm">-1</int>
						<int id="platform_item_perm">-1</int>
						<object id="start">
							<int id="y">-107</int>
							<int id="x">2038</int>
						</object>
						<object id="end">
							<int id="y">-96</int>
							<int id="x">2266</int>
						</object>
					</object>
					<object id="plat_1307731443083">
						<int id="platform_pc_perm">-1</int>
						<int id="platform_item_perm">-1</int>
						<object id="start">
							<int id="y">-125</int>
							<int id="x">1146</int>
						</object>
						<object id="end">
							<int id="y">-121</int>
							<int id="x">1356</int>
						</object>
					</object>
					<object id="plat_1307731443081">
						<int id="platform_pc_perm">-1</int>
						<int id="platform_item_perm">-1</int>
						<object id="start">
							<int id="y">-76</int>
							<int id="x">536</int>
						</object>
						<object id="end">
							<int id="y">-96</int>
							<int id="x">763</int>
						</object>
					</object>
					<object id="plat_1307731443068">
						<int id="platform_pc_perm">-1</int>
						<int id="platform_item_perm">-1</int>
						<object id="start">
							<int id="y">-92</int>
							<int id="x">-2729</int>
						</object>
						<object id="end">
							<int id="y">-108</int>
							<int id="x">-2448</int>
						</object>
					</object>
					<object id="plat_1307731443071">
						<int id="platform_pc_perm">-1</int>
						<int id="platform_item_perm">-1</int>
						<object id="start">
							<int id="y">-104</int>
							<int id="x">-2083</int>
						</object>
						<object id="end">
							<int id="y">-68</int>
							<int id="x">-1792</int>
						</object>
					</object>
					<object id="plat_1307731443087">
						<int id="platform_pc_perm">-1</int>
						<int id="platform_item_perm">-1</int>
						<object id="start">
							<int id="y">-96</int>
							<int id="x">2266</int>
						</object>
						<object id="end">
							<int id="y">-95</int>
							<int id="x">2632</int>
						</object>
					</object>
					<object id="plat_1307731443079">
						<int id="platform_pc_perm">-1</int>
						<int id="platform_item_perm">-1</int>
						<object id="start">
							<int id="y">-83</int>
							<int id="x">147</int>
						</object>
						<object id="end">
							<int id="y">-101</int>
							<int id="x">403</int>
						</object>
					</object>
					<object id="plat_1307731443072">
						<int id="platform_pc_perm">-1</int>
						<int id="platform_item_perm">-1</int>
						<object id="start">
							<int id="y">-68</int>
							<int id="x">-1792</int>
						</object>
						<object id="end">
							<int id="y">-86</int>
							<int id="x">-1449</int>
						</object>
					</object>
					<object id="plat_1307731443074">
						<int id="platform_pc_perm">-1</int>
						<int id="platform_item_perm">-1</int>
						<object id="start">
							<int id="y">-70</int>
							<int id="x">-1063</int>
						</object>
						<object id="end">
							<int id="y">-96</int>
							<int id="x">-869</int>
						</object>
					</object>
					<object id="plat_1307731443075">
						<int id="platform_pc_perm">-1</int>
						<int id="platform_item_perm">-1</int>
						<object id="start">
							<int id="y">-96</int>
							<int id="x">-869</int>
						</object>
						<object id="end">
							<int id="y">-117</int>
							<int id="x">-654</int>
						</object>
					</object>
					<object id="plat_1307731443078">
						<int id="platform_pc_perm">-1</int>
						<int id="platform_item_perm">-1</int>
						<object id="start">
							<int id="y">-83</int>
							<int id="x">-2</int>
						</object>
						<object id="end">
							<int id="y">-83</int>
							<int id="x">147</int>
						</object>
					</object>
					<object id="plat_1307731443073">
						<int id="platform_pc_perm">-1</int>
						<int id="platform_item_perm">-1</int>
						<object id="start">
							<int id="y">-86</int>
							<int id="x">-1449</int>
						</object>
						<object id="end">
							<int id="y">-70</int>
							<int id="x">-1063</int>
						</object>
					</object>
					<object id="plat_1307731443069">
						<int id="platform_pc_perm">-1</int>
						<int id="platform_item_perm">-1</int>
						<object id="start">
							<int id="y">-108</int>
							<int id="x">-2448</int>
						</object>
						<object id="end">
							<int id="y">-112</int>
							<int id="x">-2237</int>
						</object>
					</object>
					<object id="plat_1307731443088">
						<int id="platform_pc_perm">-1</int>
						<int id="platform_item_perm">-1</int>
						<object id="start">
							<int id="y">-76</int>
							<int id="x">2852</int>
						</object>
						<object id="end">
							<int id="y">-87</int>
							<int id="x">2999</int>
						</object>
					</object>
					<object id="plat_1309205102771">
						<int id="platform_pc_perm">-1</int>
						<int id="platform_item_perm">-1</int>
						<object id="start">
							<int id="y">-95</int>
							<int id="x">2632</int>
						</object>
						<object id="end">
							<int id="y">-76</int>
							<int id="x">2852</int>
						</object>
					</object>
				</object>
				<object id="walls">
				</object>
				<object id="targets">
				</object>
				<str id="name">middleground</str>
				<object id="boxes">
				</object>
				<int id="w">6000</int>
				<object id="doors">
				</object>
				<object id="ladders">
				</object>
				<object id="filtersNEW">
					<object id="saturation">
						<int id="value">18</int>
					</object>
					<object id="tintColor">
						<int id="value">0</int>
					</object>
					<object id="contrast">
						<int id="value">0</int>
					</object>
					<object id="brightness">
						<int id="value">9</int>
					</object>
				</object>
				<int id="z">0</int>
				<object id="decos">
					<object id="lens_grass_2_1307725023676">
						<int id="w">2469</int>
						<int id="z">0</int>
						<str id="sprite_class">lens_grass_2</str>
						<int id="x">1429</int>
						<int id="y">45</int>
						<int id="h">219</int>
						<str id="name">lens_grass_2_1307725023672</str>
						<int id="r">-1</int>
					</object>
					<object id="gravel_2_1309205102769">
						<int id="w">23</int>
						<int id="z">30</int>
						<str id="sprite_class">gravel_2</str>
						<int id="x">2656</int>
						<int id="y">-134</int>
						<int id="h">13</int>
						<str id="name">gravel_2_1309205102768</str>
						<int id="r">-10</int>
					</object>
					<object id="lens_grass_1_1307731442878">
						<int id="w">271</int>
						<int id="z">18</int>
						<str id="sprite_class">lens_grass_1</str>
						<int id="x">1474</int>
						<int id="y">-148</int>
						<int id="h">35</int>
						<str id="name">lens_grass_1_1307725023671</str>
					</object>
					<object id="lens_grass_1_1309205102785">
						<int id="w">329</int>
						<int id="z">10</int>
						<str id="sprite_class">lens_grass_1</str>
						<int id="x">-2353</int>
						<int id="y">-27</int>
						<int id="h">65</int>
						<str id="name">lens_grass_1_1307725023671</str>
					</object>
					<object id="lens_grass_1_1309205102787">
						<int id="w">329</int>
						<int id="z">9</int>
						<str id="sprite_class">lens_grass_1</str>
						<int id="x">-2589</int>
						<int id="y">-46</int>
						<int id="h">65</int>
						<str id="name">lens_grass_1_1307725023671</str>
					</object>
					<object id="alakol_water_rock_2_1309205102764">
						<int id="w">217</int>
						<int id="z">24</int>
						<str id="sprite_class">alakol_water_rock_2</str>
						<int id="x">2735</int>
						<int id="y">-124</int>
						<int id="h">68</int>
						<str id="name">alakol_water_rock_2_1307731442936</str>
					</object>
					<object id="lens_grass_1_1307731442874">
						<int id="w">269</int>
						<int id="z">16</int>
						<str id="sprite_class">lens_grass_1</str>
						<int id="x">201</int>
						<int id="y">13</int>
						<int id="h">53</int>
						<str id="name">lens_grass_1_1307725023671</str>
					</object>
					<object id="lens_grass_1_1307731442877">
						<int id="w">269</int>
						<int id="z">21</int>
						<str id="sprite_class">lens_grass_1</str>
						<int id="x">1742</int>
						<int id="y">-119</int>
						<int id="h">53</int>
						<str id="name">lens_grass_1_1307725023671</str>
					</object>
					<object id="lens_grass_1_1307731442881">
						<int id="w">269</int>
						<int id="z">23</int>
						<str id="sprite_class">lens_grass_1</str>
						<int id="x">2592</int>
						<int id="y">5</int>
						<int id="h">53</int>
						<str id="name">lens_grass_1_1307725023671</str>
					</object>
					<object id="lens_grass_2_1307725023677">
						<int id="w">2168</int>
						<int id="z">5</int>
						<str id="sprite_class">lens_grass_2</str>
						<int id="x">2582</int>
						<int id="y">60</int>
						<int id="h">219</int>
						<str id="name">lens_grass_2_1307725023672</str>
						<int id="r">-1</int>
					</object>
					<object id="lens_grass_1_1307731442876">
						<int id="w">269</int>
						<int id="z">20</int>
						<str id="sprite_class">lens_grass_1</str>
						<int id="x">1610</int>
						<int id="y">-131</int>
						<int id="h">53</int>
						<str id="name">lens_grass_1_1307725023671</str>
					</object>
					<object id="pampas_1_1309205102770">
						<int id="w">66</int>
						<int id="z">26</int>
						<str id="sprite_class">pampas_1</str>
						<int id="x">2984</int>
						<int id="y">-103</int>
						<int id="h">96</int>
						<str id="name">pampas_1_1307731442969</str>
						<bool id="h_flip">true</bool>
					</object>
					<object id="lens_grass_1_1307725023671">
						<int id="w">329</int>
						<int id="z">6</int>
						<str id="sprite_class">lens_grass_1</str>
						<int id="x">-2108</int>
						<int id="y">-40</int>
						<int id="h">65</int>
						<str id="name">lens_grass_1_1307725023671</str>
					</object>
					<object id="gravel_2_1309205102768">
						<int id="w">39</int>
						<int id="z">29</int>
						<str id="sprite_class">gravel_2</str>
						<int id="x">2699</int>
						<int id="y">-129</int>
						<int id="h">22</int>
						<str id="name">gravel_2_1309205102768</str>
					</object>
					<object id="lens_grass_1_1307725023689">
						<int id="w">223</int>
						<int id="z">17</int>
						<str id="sprite_class">lens_grass_1</str>
						<int id="x">-1061</int>
						<int id="y">-95</int>
						<int id="h">44</int>
						<str id="name">lens_grass_1_1307725023671</str>
					</object>
					<object id="lens_grass_1_1307731442875">
						<int id="w">269</int>
						<int id="z">15</int>
						<str id="sprite_class">lens_grass_1</str>
						<int id="x">345</int>
						<int id="y">-10</int>
						<int id="h">53</int>
						<str id="name">lens_grass_1_1307725023671</str>
					</object>
					<object id="tree_acacia_3_1309205102779">
						<int id="w">1545</int>
						<int id="z">31</int>
						<str id="sprite_class">tree_acacia_3</str>
						<int id="x">-1266</int>
						<int id="y">-98</int>
						<int id="h">706</int>
						<str id="name">tree_acacia_3_1307731442854</str>
					</object>
					<object id="lens_grass_2_1307725023675">
						<int id="w">2168</int>
						<int id="z">4</int>
						<str id="sprite_class">lens_grass_2</str>
						<int id="x">702</int>
						<int id="y">88</int>
						<int id="h">219</int>
						<str id="name">lens_grass_2_1307725023672</str>
					</object>
					<object id="lens_grass_1_1307731442880">
						<int id="w">269</int>
						<int id="z">22</int>
						<str id="sprite_class">lens_grass_1</str>
						<int id="x">2463</int>
						<int id="y">-10</int>
						<int id="h">53</int>
						<str id="name">lens_grass_1_1307725023671</str>
					</object>
					<object id="lens_grass_1_1307731442882">
						<int id="w">269</int>
						<int id="z">25</int>
						<str id="sprite_class">lens_grass_1</str>
						<int id="x">2905</int>
						<int id="y">-103</int>
						<int id="h">53</int>
						<str id="name">lens_grass_1_1307725023671</str>
					</object>
					<object id="lens_grass_1_1308782226240">
						<int id="w">269</int>
						<int id="z">28</int>
						<str id="sprite_class">lens_grass_1</str>
						<int id="x">2039</int>
						<int id="y">-34</int>
						<int id="h">53</int>
						<str id="name">lens_grass_1_1307725023671</str>
					</object>
					<object id="lens_grass_1_1307731442873">
						<int id="w">269</int>
						<int id="z">14</int>
						<str id="sprite_class">lens_grass_1</str>
						<int id="x">35</int>
						<int id="y">-110</int>
						<int id="h">53</int>
						<str id="name">lens_grass_1_1307725023671</str>
					</object>
					<object id="lens_grass_1_1307725023688">
						<int id="w">329</int>
						<int id="z">8</int>
						<str id="sprite_class">lens_grass_1</str>
						<int id="x">-2025</int>
						<int id="y">1</int>
						<int id="h">65</int>
						<str id="name">lens_grass_1_1307725023671</str>
					</object>
					<object id="lens_grass_1_1307731442872">
						<int id="w">269</int>
						<int id="z">13</int>
						<str id="sprite_class">lens_grass_1</str>
						<int id="x">-97</int>
						<int id="y">-126</int>
						<int id="h">53</int>
						<str id="name">lens_grass_1_1307725023671</str>
					</object>
					<object id="lens_grass_2_1307725023672">
						<int id="w">2168</int>
						<int id="z">2</int>
						<str id="sprite_class">lens_grass_2</str>
						<int id="x">-2486</int>
						<int id="y">56</int>
						<int id="h">219</int>
						<str id="name">lens_grass_2_1307725023672</str>
					</object>
					<object id="lens_grass_2_1307725023674">
						<int id="w">2536</int>
						<int id="z">1</int>
						<str id="sprite_class">lens_grass_2</str>
						<int id="x">-201</int>
						<int id="y">48</int>
						<int id="h">219</int>
						<str id="name">lens_grass_2_1307725023672</str>
					</object>
					<object id="lens_grass_1_1307725023687">
						<int id="w">329</int>
						<int id="z">7</int>
						<str id="sprite_class">lens_grass_1</str>
						<int id="x">-1994</int>
						<int id="y">-21</int>
						<int id="h">65</int>
						<str id="name">lens_grass_1_1307725023671</str>
					</object>
					<object id="pampas_2_1309205102784">
						<int id="w">56</int>
						<int id="z">32</int>
						<str id="sprite_class">pampas_2</str>
						<int id="x">-1307</int>
						<int id="y">-102</int>
						<int id="h">86</int>
						<str id="name">pampas_2_1307731442968</str>
					</object>
					<object id="lens_grass_1_1307731442879">
						<int id="w">269</int>
						<int id="z">19</int>
						<str id="sprite_class">lens_grass_1</str>
						<int id="x">1185</int>
						<int id="y">-9</int>
						<int id="h">53</int>
						<str id="name">lens_grass_1_1307725023671</str>
					</object>
					<object id="lens_grass_1_1307725023691">
						<int id="w">223</int>
						<int id="z">12</int>
						<str id="sprite_class">lens_grass_1</str>
						<int id="x">-1162</int>
						<int id="y">-110</int>
						<int id="h">33</int>
						<str id="name">lens_grass_1_1307725023671</str>
					</object>
					<object id="lens_grass_2_1307725023673">
						<int id="w">2168</int>
						<int id="z">3</int>
						<str id="sprite_class">lens_grass_2</str>
						<int id="x">-1362</int>
						<int id="y">72</int>
						<int id="h">219</int>
						<str id="name">lens_grass_2_1307725023672</str>
					</object>
				</object>
			</object>
			<object id="T_1307725023667">
				<object id="decos">
					<object id="lens_grass_1_1307731442911">
						<int id="w">98</int>
						<int id="z">5</int>
						<str id="sprite_class">lens_grass_1</str>
						<int id="x">2056</int>
						<int id="y">775</int>
						<int id="h">19</int>
						<str id="name">lens_grass_1_1307725023671</str>
					</object>
					<object id="lens_grass_1_1309205102803">
						<int id="w">98</int>
						<int id="z">30</int>
						<str id="sprite_class">lens_grass_1</str>
						<int id="x">3798</int>
						<int id="y">763</int>
						<int id="h">19</int>
						<str id="name">lens_grass_1_1307725023671</str>
					</object>
					<object id="lens_grass_1_1308107342118">
						<int id="w">147</int>
						<int id="z">55</int>
						<str id="sprite_class">lens_grass_1</str>
						<int id="x">4966</int>
						<int id="y">824</int>
						<int id="h">29</int>
						<str id="name">lens_grass_1_1307725023671</str>
					</object>
					<object id="lens_grass_1_1307731442919">
						<int id="w">98</int>
						<int id="z">32</int>
						<str id="sprite_class">lens_grass_1</str>
						<int id="x">4509</int>
						<int id="y">750</int>
						<int id="h">19</int>
						<str id="name">lens_grass_1_1307725023671</str>
					</object>
					<object id="lens_grass_2_1308107342135">
						<int id="w">1763</int>
						<int id="z">41</int>
						<str id="sprite_class">lens_grass_2</str>
						<int id="x">1450</int>
						<int id="y">969</int>
						<int id="h">178</int>
						<str id="name">lens_grass_2_1307725023672</str>
						<int id="r">-1</int>
					</object>
					<object id="lens_grass_1_1307731442918">
						<int id="w">98</int>
						<int id="z">25</int>
						<str id="sprite_class">lens_grass_1</str>
						<int id="x">4484</int>
						<int id="y">747</int>
						<int id="h">19</int>
						<str id="name">lens_grass_1_1307725023671</str>
					</object>
					<object id="lens_grass_1_1307731442921">
						<int id="w">98</int>
						<int id="z">34</int>
						<str id="sprite_class">lens_grass_1</str>
						<int id="x">4558</int>
						<int id="y">764</int>
						<int id="h">19</int>
						<str id="name">lens_grass_1_1307725023671</str>
					</object>
					<object id="lens_grass_2_1307725023697">
						<int id="w">1400</int>
						<int id="z">3</int>
						<str id="sprite_class">lens_grass_2</str>
						<int id="x">3288</int>
						<int id="y">874</int>
						<int id="h">102</int>
						<str id="name">lens_grass_2_1307725023672</str>
						<int id="r">5</int>
					</object>
					<object id="lens_grass_2_1308107342132">
						<int id="w">1763</int>
						<int id="z">44</int>
						<str id="sprite_class">lens_grass_2</str>
						<int id="x">3811</int>
						<int id="y">976</int>
						<int id="h">178</int>
						<str id="name">lens_grass_2_1307725023672</str>
					</object>
					<object id="lens_grass_1_1307731442917">
						<int id="w">98</int>
						<int id="z">24</int>
						<str id="sprite_class">lens_grass_1</str>
						<int id="x">3074</int>
						<int id="y">785</int>
						<int id="h">19</int>
						<str id="name">lens_grass_1_1307725023671</str>
					</object>
					<object id="lens_grass_1_1308107342129">
						<int id="w">147</int>
						<int id="z">46</int>
						<str id="sprite_class">lens_grass_1</str>
						<int id="x">-2</int>
						<int id="y">804</int>
						<int id="h">29</int>
						<str id="name">lens_grass_1_1307725023671</str>
					</object>
					<object id="lens_grass_1_1308107342128">
						<int id="w">147</int>
						<int id="z">47</int>
						<str id="sprite_class">lens_grass_1</str>
						<int id="x">42</int>
						<int id="y">816</int>
						<int id="h">29</int>
						<str id="name">lens_grass_1_1307725023671</str>
					</object>
					<object id="lens_grass_2_1308107342138">
						<int id="w">1763</int>
						<int id="z">38</int>
						<str id="sprite_class">lens_grass_2</str>
						<int id="x">4950</int>
						<int id="y">963</int>
						<int id="h">178</int>
						<str id="name">lens_grass_2_1307725023672</str>
					</object>
					<object id="lens_grass_1_1307731442913">
						<int id="w">98</int>
						<int id="z">20</int>
						<str id="sprite_class">lens_grass_1</str>
						<int id="x">3059</int>
						<int id="y">771</int>
						<int id="h">19</int>
						<str id="name">lens_grass_1_1307725023671</str>
					</object>
					<object id="pampas_1_1309205102795">
						<int id="w">42</int>
						<int id="z">66</int>
						<str id="sprite_class">pampas_1</str>
						<int id="x">3645</int>
						<int id="y">821</int>
						<int id="h">60</int>
						<str id="name">pampas_1_1307731442969</str>
						<int id="r">-20</int>
					</object>
					<object id="lens_grass_1_1308107342111">
						<int id="w">147</int>
						<int id="z">62</int>
						<str id="sprite_class">lens_grass_1</str>
						<int id="x">2294</int>
						<int id="y">819</int>
						<int id="h">29</int>
						<str id="name">lens_grass_1_1307725023671</str>
					</object>
					<object id="tree_acacia_2_1307731442855">
						<int id="w">352</int>
						<int id="z">36</int>
						<str id="sprite_class">tree_acacia_2</str>
						<int id="x">1269</int>
						<int id="y">780</int>
						<int id="h">197</int>
						<str id="name">tree_acacia_2_1307731442855</str>
					</object>
					<object id="lens_grass_2_1307725023695">
						<int id="w">1400</int>
						<int id="z">14</int>
						<str id="sprite_class">lens_grass_2</str>
						<int id="x">1599</int>
						<int id="y">863</int>
						<int id="h">102</int>
						<str id="name">lens_grass_2_1307725023672</str>
						<int id="r">-1</int>
					</object>
					<object id="lens_grass_1_1309205102793">
						<int id="w">114</int>
						<int id="z">13</int>
						<str id="sprite_class">lens_grass_1</str>
						<int id="x">638</int>
						<int id="y">801</int>
						<int id="h">32</int>
						<str id="name">lens_grass_1_1307725023671</str>
					</object>
					<object id="tree_acacia_1_1308107342120">
						<int id="w">793</int>
						<int id="z">53</int>
						<str id="sprite_class">tree_acacia_1</str>
						<int id="x">4818</int>
						<int id="y">821</int>
						<int id="h">497</int>
						<str id="name">tree_acacia_1_1307731442861</str>
					</object>
					<object id="lens_grass_1_1308107342115">
						<int id="w">147</int>
						<int id="z">58</int>
						<str id="sprite_class">lens_grass_1</str>
						<int id="x">3527</int>
						<int id="y">835</int>
						<int id="h">29</int>
						<str id="name">lens_grass_1_1307725023671</str>
					</object>
					<object id="lens_grass_1_1308107342116">
						<int id="w">147</int>
						<int id="z">57</int>
						<str id="sprite_class">lens_grass_1</str>
						<int id="x">3595</int>
						<int id="y">826</int>
						<int id="h">29</int>
						<str id="name">lens_grass_1_1307725023671</str>
					</object>
					<object id="lens_grass_1_1308107342112">
						<int id="w">147</int>
						<int id="z">61</int>
						<str id="sprite_class">lens_grass_1</str>
						<int id="x">2111</int>
						<int id="y">819</int>
						<int id="h">29</int>
						<str id="name">lens_grass_1_1307725023671</str>
					</object>
					<object id="lens_grass_1_1309205102789">
						<int id="w">147</int>
						<int id="z">9</int>
						<str id="sprite_class">lens_grass_1</str>
						<int id="x">648</int>
						<int id="y">781</int>
						<int id="h">29</int>
						<str id="name">lens_grass_1_1307725023671</str>
					</object>
					<object id="lens_grass_1_1307731442916">
						<int id="w">98</int>
						<int id="z">23</int>
						<str id="sprite_class">lens_grass_1</str>
						<int id="x">3199</int>
						<int id="y">789</int>
						<int id="h">19</int>
						<str id="name">lens_grass_1_1307725023671</str>
					</object>
					<object id="lens_grass_1_1307731442922">
						<int id="w">98</int>
						<int id="z">35</int>
						<str id="sprite_class">lens_grass_1</str>
						<int id="x">4531</int>
						<int id="y">772</int>
						<int id="h">19</int>
						<str id="name">lens_grass_1_1307725023671</str>
					</object>
					<object id="lens_grass_1_1309205102791">
						<int id="w">147</int>
						<int id="z">11</int>
						<str id="sprite_class">lens_grass_1</str>
						<int id="x">495</int>
						<int id="y">800</int>
						<int id="h">29</int>
						<str id="name">lens_grass_1_1307725023671</str>
					</object>
					<object id="lens_grass_1_1307731442914">
						<int id="w">98</int>
						<int id="z">21</int>
						<str id="sprite_class">lens_grass_1</str>
						<int id="x">3104</int>
						<int id="y">778</int>
						<int id="h">19</int>
						<str id="name">lens_grass_1_1307725023671</str>
					</object>
					<object id="lens_grass_1_1309205102804">
						<int id="w">98</int>
						<int id="z">31</int>
						<str id="sprite_class">lens_grass_1</str>
						<int id="x">3887</int>
						<int id="y">777</int>
						<int id="h">19</int>
						<str id="name">lens_grass_1_1307725023671</str>
					</object>
					<object id="lens_grass_1_1308107342119">
						<int id="w">147</int>
						<int id="z">54</int>
						<str id="sprite_class">lens_grass_1</str>
						<int id="x">5030</int>
						<int id="y">816</int>
						<int id="h">29</int>
						<str id="name">lens_grass_1_1307725023671</str>
					</object>
					<object id="lens_grass_1_1308107342126">
						<int id="w">147</int>
						<int id="z">49</int>
						<str id="sprite_class">lens_grass_1</str>
						<int id="x">228</int>
						<int id="y">810</int>
						<int id="h">29</int>
						<str id="name">lens_grass_1_1307725023671</str>
					</object>
					<object id="pampas_2_1307731443044">
						<int id="w">17</int>
						<int id="z">63</int>
						<str id="sprite_class">pampas_2</str>
						<int id="x">1282</int>
						<int id="y">779</int>
						<int id="h">26</int>
						<str id="name">pampas_2_1307731442968</str>
					</object>
					<object id="lens_grass_1_1307731442902">
						<int id="w">107</int>
						<int id="z">19</int>
						<str id="sprite_class">lens_grass_1</str>
						<int id="x">1359</int>
						<int id="y">792</int>
						<int id="h">21</int>
						<str id="name">lens_grass_1_1307725023671</str>
					</object>
					<object id="pampas_1_1308107342121">
						<int id="w">34</int>
						<int id="z">52</int>
						<str id="sprite_class">pampas_1</str>
						<int id="x">4779</int>
						<int id="y">800</int>
						<int id="h">49</int>
						<str id="name">pampas_1_1307731442969</str>
						<bool id="h_flip">true</bool>
					</object>
					<object id="lens_grass_2_1308107342130">
						<int id="w">1763</int>
						<int id="z">45</int>
						<str id="sprite_class">lens_grass_2</str>
						<int id="x">5555</int>
						<int id="y">953</int>
						<int id="h">178</int>
						<str id="name">lens_grass_2_1307725023672</str>
						<int id="r">-1</int>
					</object>
					<object id="lens_grass_2_1308107342136">
						<int id="w">1763</int>
						<int id="z">40</int>
						<str id="sprite_class">lens_grass_2</str>
						<int id="x">717</int>
						<int id="y">974</int>
						<int id="h">178</int>
						<str id="name">lens_grass_2_1307725023672</str>
						<int id="r">2</int>
					</object>
					<object id="lens_grass_2_1308107342139">
						<int id="w">1763</int>
						<int id="z">37</int>
						<str id="sprite_class">lens_grass_2</str>
						<int id="x">4202</int>
						<int id="y">943</int>
						<int id="h">178</int>
						<str id="name">lens_grass_2_1307725023672</str>
						<int id="r">-1</int>
					</object>
					<object id="lens_grass_1_1307731442899">
						<int id="w">107</int>
						<int id="z">18</int>
						<str id="sprite_class">lens_grass_1</str>
						<int id="x">1228</int>
						<int id="y">795</int>
						<int id="h">21</int>
						<str id="name">lens_grass_1_1307725023671</str>
					</object>
					<object id="lens_grass_2_1308107342134">
						<int id="w">1763</int>
						<int id="z">42</int>
						<str id="sprite_class">lens_grass_2</str>
						<int id="x">2239</int>
						<int id="y">955</int>
						<int id="h">178</int>
						<str id="name">lens_grass_2_1307725023672</str>
						<int id="r">-1</int>
					</object>
					<object id="lens_grass_2_1307725023696">
						<int id="w">1400</int>
						<int id="z">4</int>
						<str id="sprite_class">lens_grass_2</str>
						<int id="x">2344</int>
						<int id="y">848</int>
						<int id="h">102</int>
						<str id="name">lens_grass_2_1307725023672</str>
						<int id="r">-1</int>
					</object>
					<object id="lens_grass_1_1309205102801">
						<int id="w">98</int>
						<int id="z">28</int>
						<str id="sprite_class">lens_grass_1</str>
						<int id="x">3870</int>
						<int id="y">761</int>
						<int id="h">19</int>
						<str id="name">lens_grass_1_1307725023671</str>
					</object>
					<object id="lens_grass_1_1309205102792">
						<int id="w">147</int>
						<int id="z">12</int>
						<str id="sprite_class">lens_grass_1</str>
						<int id="x">425</int>
						<int id="y">808</int>
						<int id="h">29</int>
						<str id="name">lens_grass_1_1307725023671</str>
					</object>
					<object id="lens_grass_1_1308107342114">
						<int id="w">147</int>
						<int id="z">59</int>
						<str id="sprite_class">lens_grass_1</str>
						<int id="x">2261</int>
						<int id="y">803</int>
						<int id="h">29</int>
						<str id="name">lens_grass_1_1307725023671</str>
					</object>
					<object id="lens_grass_2_1307725023700">
						<int id="w">1400</int>
						<int id="z">1</int>
						<str id="sprite_class">lens_grass_2</str>
						<int id="x">4658</int>
						<int id="y">838</int>
						<int id="h">102</int>
						<str id="name">lens_grass_2_1307725023672</str>
						<int id="r">2</int>
					</object>
					<object id="lens_grass_1_1309205102802">
						<int id="w">98</int>
						<int id="z">29</int>
						<str id="sprite_class">lens_grass_1</str>
						<int id="x">3907</int>
						<int id="y">768</int>
						<int id="h">19</int>
						<str id="name">lens_grass_1_1307725023671</str>
					</object>
					<object id="lens_grass_1_1307731442900">
						<int id="w">107</int>
						<int id="z">17</int>
						<str id="sprite_class">lens_grass_1</str>
						<int id="x">1303</int>
						<int id="y">790</int>
						<int id="h">21</int>
						<str id="name">lens_grass_1_1307725023671</str>
					</object>
					<object id="pampas_1_1308107342131">
						<int id="w">42</int>
						<int id="z">65</int>
						<str id="sprite_class">pampas_1</str>
						<int id="x">3658</int>
						<int id="y">823</int>
						<int id="h">60</int>
						<str id="name">pampas_1_1307731442969</str>
					</object>
					<object id="lens_grass_2_1307725023701">
						<int id="w">1400</int>
						<int id="z">0</int>
						<str id="sprite_class">lens_grass_2</str>
						<int id="x">5510</int>
						<int id="y">843</int>
						<int id="h">102</int>
						<str id="name">lens_grass_2_1307725023672</str>
					</object>
					<object id="lens_grass_2_1308107342133">
						<int id="w">1763</int>
						<int id="z">43</int>
						<str id="sprite_class">lens_grass_2</str>
						<int id="x">2762</int>
						<int id="y">960</int>
						<int id="h">178</int>
						<str id="name">lens_grass_2_1307725023672</str>
						<int id="r">1</int>
					</object>
					<object id="lens_grass_1_1307731442915">
						<int id="w">98</int>
						<int id="z">22</int>
						<str id="sprite_class">lens_grass_1</str>
						<int id="x">3167</int>
						<int id="y">781</int>
						<int id="h">19</int>
						<str id="name">lens_grass_1_1307725023671</str>
					</object>
					<object id="tree_acacia_1_1307741552434">
						<int id="w">375</int>
						<int id="z">64</int>
						<str id="sprite_class">tree_acacia_1</str>
						<int id="x">2084</int>
						<int id="y">785</int>
						<int id="h">236</int>
						<str id="name">tree_acacia_1_1307731442861</str>
					</object>
					<object id="lens_grass_1_1309205102799">
						<int id="w">98</int>
						<int id="z">26</int>
						<str id="sprite_class">lens_grass_1</str>
						<int id="x">3961</int>
						<int id="y">751</int>
						<int id="h">19</int>
						<str id="name">lens_grass_1_1307725023671</str>
					</object>
					<object id="lens_grass_1_1308107342124">
						<int id="w">147</int>
						<int id="z">51</int>
						<str id="sprite_class">lens_grass_1</str>
						<int id="x">84</int>
						<int id="y">826</int>
						<int id="h">29</int>
						<str id="name">lens_grass_1_1307725023671</str>
					</object>
					<object id="lens_grass_1_1309205102800">
						<int id="w">98</int>
						<int id="z">27</int>
						<str id="sprite_class">lens_grass_1</str>
						<int id="x">3914</int>
						<int id="y">756</int>
						<int id="h">19</int>
						<str id="name">lens_grass_1_1307725023671</str>
					</object>
					<object id="lens_grass_1_1309205102790">
						<int id="w">147</int>
						<int id="z">10</int>
						<str id="sprite_class">lens_grass_1</str>
						<int id="x">569</int>
						<int id="y">791</int>
						<int id="h">29</int>
						<str id="name">lens_grass_1_1307725023671</str>
					</object>
					<object id="lens_grass_1_1308107342125">
						<int id="w">147</int>
						<int id="z">50</int>
						<str id="sprite_class">lens_grass_1</str>
						<int id="x">112</int>
						<int id="y">815</int>
						<int id="h">29</int>
						<str id="name">lens_grass_1_1307725023671</str>
					</object>
					<object id="lens_grass_1_1308107342113">
						<int id="w">147</int>
						<int id="z">60</int>
						<str id="sprite_class">lens_grass_1</str>
						<int id="x">2206</int>
						<int id="y">812</int>
						<int id="h">29</int>
						<str id="name">lens_grass_1_1307725023671</str>
					</object>
					<object id="lens_grass_1_1307731442920">
						<int id="w">98</int>
						<int id="z">33</int>
						<str id="sprite_class">lens_grass_1</str>
						<int id="x">4563</int>
						<int id="y">755</int>
						<int id="h">19</int>
						<str id="name">lens_grass_1_1307725023671</str>
					</object>
					<object id="lens_grass_1_1307731442901">
						<int id="w">107</int>
						<int id="z">16</int>
						<str id="sprite_class">lens_grass_1</str>
						<int id="x">1374</int>
						<int id="y">784</int>
						<int id="h">21</int>
						<str id="name">lens_grass_1_1307725023671</str>
					</object>
					<object id="lens_grass_1_1307731442912">
						<int id="w">98</int>
						<int id="z">6</int>
						<str id="sprite_class">lens_grass_1</str>
						<int id="x">2010</int>
						<int id="y">781</int>
						<int id="h">19</int>
						<str id="name">lens_grass_1_1307725023671</str>
					</object>
					<object id="lens_grass_1_1308107342117">
						<int id="w">147</int>
						<int id="z">56</int>
						<str id="sprite_class">lens_grass_1</str>
						<int id="x">4898</int>
						<int id="y">831</int>
						<int id="h">29</int>
						<str id="name">lens_grass_1_1307725023671</str>
					</object>
					<object id="lens_grass_2_1307725023698">
						<int id="w">1400</int>
						<int id="z">15</int>
						<str id="sprite_class">lens_grass_2</str>
						<int id="x">3650</int>
						<int id="y">868</int>
						<int id="h">102</int>
						<str id="name">lens_grass_2_1307725023672</str>
						<int id="r">-1</int>
					</object>
					<object id="lens_grass_2_1307725023694">
						<int id="w">1400</int>
						<int id="z">8</int>
						<str id="sprite_class">lens_grass_2</str>
						<int id="x">1089</int>
						<int id="y">869</int>
						<int id="h">102</int>
						<str id="name">lens_grass_2_1307725023672</str>
						<int id="r">3</int>
					</object>
					<object id="lens_grass_2_1307725023699">
						<int id="w">1400</int>
						<int id="z">2</int>
						<str id="sprite_class">lens_grass_2</str>
						<int id="x">4145</int>
						<int id="y">838</int>
						<int id="h">102</int>
						<str id="name">lens_grass_2_1307725023672</str>
					</object>
					<object id="lens_grass_2_1308107342137">
						<int id="w">1763</int>
						<int id="z">39</int>
						<str id="sprite_class">lens_grass_2</str>
						<int id="x">18</int>
						<int id="y">952</int>
						<int id="h">178</int>
						<str id="name">lens_grass_2_1307725023672</str>
					</object>
					<object id="lens_grass_1_1308107342127">
						<int id="w">147</int>
						<int id="z">48</int>
						<str id="sprite_class">lens_grass_1</str>
						<int id="x">127</int>
						<int id="y">804</int>
						<int id="h">29</int>
						<str id="name">lens_grass_1_1307725023671</str>
					</object>
					<object id="lens_grass_2_1307725023693">
						<int id="w">1400</int>
						<int id="z">7</int>
						<str id="sprite_class">lens_grass_2</str>
						<int id="x">388</int>
						<int id="y">853</int>
						<int id="h">102</int>
						<str id="name">lens_grass_2_1307725023672</str>
						<int id="r">2</int>
					</object>
				</object>
				<int id="w">5700</int>
				<int id="h">1000</int>
				<int id="z">-2</int>
				<object id="filtersNEW">
					<object id="saturation">
						<int id="value">13</int>
					</object>
					<object id="tintColor">
						<int id="value">0</int>
					</object>
					<object id="contrast">
						<int id="value">0</int>
					</object>
					<object id="brightness">
						<int id="value">13</int>
					</object>
				</object>
				<str id="name">bg_1</str>
			</object>
		</object>
		<null id="physics"/>
		<null id="img_file_versioned"/>
		<null id="loading_label"/>
		<int id="ground_y">0</int>
		<str id="tsid">LA5139FL0J52SP5</str>
		<int id="rookable_type">0</int>
		<str id="swf_file_versioned">http://c2.glitch.bz/locations/groddle1/1316726082.swf</str>
		<object id="gradient">
			<str id="top">678EB8</str>
			<str id="bottom">FFCF54</str>
		</object>
		<object id="sources">
			<int id="LA513JAO0J5220P">1</int>
			<int id="LA513A7M0J521F2">1</int>
			<int id="LA512T760J52JMS">1</int>
			<int id="LA513CDN0J52ND9">1</int>
			<int id="LA5143921J52F9U">1</int>
			<int id="LA512V480J52NMN">1</int>
		</object>
		<str id="music_file"></str>
		<bool id="wall_jump">false</bool>
		<bool id="no_zoom">false</bool>
	</object>
</game_object>
