<game_object tsid="GA5138OK0J526HB" ts="1346349293423" label="Chuff Chase 1" class_tsid="" lastUpdateTime="1346349283" upd_gs="gs11" load_time="2012-08-30 10:52:23.000" upd_time="2012-08-30 10:54:40.308">
	<object id="dynamic">
		<int id="l">-3000</int>
		<int id="r">3000</int>
		<int id="t">-1000</int>
		<int id="b">0</int>
		<str id="label">Chuff Chase 1</str>
		<str id="swf_file">groddle1.swf</str>
		<object id="layers">
			<object id="T_1307725023669">
				<int id="z">-5</int>
				<object id="filtersNEW">
					<object id="blur">
						<int id="value">3</int>
					</object>
					<object id="brightness">
						<int id="value">19</int>
					</object>
					<object id="contrast">
						<int id="value">-10</int>
					</object>
					<object id="tintColor">
						<int id="value">16763904</int>
					</object>
					<object id="tintAmount">
						<int id="value">80</int>
					</object>
					<object id="saturation">
						<int id="value">-60</int>
					</object>
				</object>
				<int id="w">4800</int>
				<str id="name">sky</str>
				<int id="h">1000</int>
				<object id="decos">
					<object id="cloud_fluffy_1_1308213477373">
						<int id="z">4</int>
						<str id="sprite_class">cloud_fluffy_1</str>
						<int id="h">95</int>
						<int id="w">1009</int>
						<str id="name">cloud_fluffy_1_1307731442949</str>
						<int id="x">2788</int>
						<int id="y">664</int>
					</object>
					<object id="cloud_fluffy_1_1307731442952">
						<int id="z">1</int>
						<str id="sprite_class">cloud_fluffy_1</str>
						<int id="h">95</int>
						<int id="w">1009</int>
						<str id="name">cloud_fluffy_1_1307731442949</str>
						<int id="x">2112</int>
						<int id="y">706</int>
					</object>
					<object id="cloud_fluffy_2_1308213477375">
						<int id="z">6</int>
						<str id="sprite_class">cloud_fluffy_2</str>
						<int id="h">89</int>
						<int id="w">1231</int>
						<str id="name">cloud_fluffy_2_1307725023726</str>
						<int id="x">628</int>
						<int id="y">688</int>
					</object>
					<object id="cloud_fluffy_2_1307731442948">
						<int id="z">0</int>
						<str id="sprite_class">cloud_fluffy_2</str>
						<int id="h">89</int>
						<int id="w">1231</int>
						<str id="name">cloud_fluffy_2_1307725023726</str>
						<int id="x">3415</int>
						<int id="y">595</int>
					</object>
					<object id="mountain_trees_darker_1_1307741552432">
						<int id="z">2</int>
						<str id="sprite_class">mountain_trees_darker_1</str>
						<int id="h">102</int>
						<int id="w">600</int>
						<str id="name">mountain_trees_darker_1_1307741552431</str>
						<int id="x">98</int>
						<int id="y">751</int>
					</object>
					<object id="cloud_fluffy_2_1308213477374">
						<int id="z">5</int>
						<str id="sprite_class">cloud_fluffy_2</str>
						<int id="h">89</int>
						<int id="w">1231</int>
						<str id="name">cloud_fluffy_2_1307725023726</str>
						<int id="x">4274</int>
						<int id="y">650</int>
					</object>
				</object>
			</object>
			<object id="T_1307741552414">
				<int id="z">1</int>
				<object id="filtersNEW">
					<object id="contrast">
						<int id="value">0</int>
					</object>
					<object id="brightness">
						<int id="value">-7</int>
					</object>
					<object id="saturation">
						<int id="value">25</int>
					</object>
				</object>
				<int id="w">6000</int>
				<str id="name">middleplus</str>
				<int id="h">1000</int>
				<object id="decos">
					<object id="pampas_2_1307741552419">
						<int id="z">1</int>
						<str id="sprite_class">pampas_2</str>
						<int id="h">69</int>
						<int id="w">45</int>
						<str id="name">pampas_2_1307731442968</str>
						<int id="x">1830</int>
						<int id="y">945</int>
					</object>
					<object id="pampas_2_1307741552420">
						<int id="z">2</int>
						<str id="sprite_class">pampas_2</str>
						<int id="h">80</int>
						<int id="w">52</int>
						<str id="name">pampas_2_1307731442968</str>
						<int id="x">3458</int>
						<int id="y">927</int>
					</object>
					<object id="tree_acacia_2_1308279008328">
						<int id="z">5</int>
						<str id="sprite_class">tree_acacia_2</str>
						<int id="h">795</int>
						<int id="w">1421</int>
						<str id="name">tree_acacia_2_1307731442855</str>
						<int id="x">542</int>
						<int id="y">935</int>
					</object>
					<object id="pampas_2_1307741552428">
						<int id="z">4</int>
						<str id="sprite_class">pampas_2</str>
						<int id="h">89</int>
						<int id="w">58</int>
						<str id="name">pampas_2_1307731442968</str>
						<int id="x">580</int>
						<int id="y">907</int>
					</object>
					<object id="pampas_2_1307741552417">
						<int id="z">0</int>
						<str id="sprite_class">pampas_2</str>
						<int id="h">74</int>
						<int id="w">48</int>
						<str id="name">pampas_2_1307731442968</str>
						<int id="x">2224</int>
						<int id="y">915</int>
					</object>
					<object id="pampas_2_1307741552427">
						<int id="z">3</int>
						<str id="sprite_class">pampas_2</str>
						<int id="h">72</int>
						<int id="w">47</int>
						<str id="name">pampas_2_1307731442968</str>
						<int id="x">4944</int>
						<int id="y">913</int>
					</object>
				</object>
			</object>
			<object id="middleground">
				<object id="ladders">
				</object>
				<int id="z">0</int>
				<object id="boxes">
				</object>
				<object id="filtersNEW">
					<object id="contrast">
						<int id="value">0</int>
					</object>
					<object id="tintColor">
						<int id="value">0</int>
					</object>
					<object id="brightness">
						<int id="value">9</int>
					</object>
					<object id="saturation">
						<int id="value">18</int>
					</object>
				</object>
				<str id="name">middleground</str>
				<int id="h">1000</int>
				<object id="platform_lines">
					<object id="plat_1308279008356">
						<int id="platform_pc_perm">-1</int>
						<object id="start">
							<int id="y">-130</int>
							<int id="x">2799</int>
						</object>
						<object id="end">
							<int id="y">-137</int>
							<int id="x">2887</int>
						</object>
						<int id="platform_item_perm">-1</int>
					</object>
					<object id="plat_1307731443081">
						<int id="platform_pc_perm">-1</int>
						<object id="start">
							<int id="y">-71</int>
							<int id="x">536</int>
						</object>
						<object id="end">
							<int id="y">-71</int>
							<int id="x">763</int>
						</object>
						<int id="platform_item_perm">-1</int>
					</object>
					<object id="plat_1307731443088">
						<int id="platform_pc_perm">-1</int>
						<object id="start">
							<int id="y">-110</int>
							<int id="x">2650</int>
						</object>
						<object id="end">
							<int id="y">-103</int>
							<int id="x">2706</int>
						</object>
						<int id="platform_item_perm">-1</int>
					</object>
					<object id="plat_1308279008355">
						<int id="platform_pc_perm">-1</int>
						<object id="start">
							<int id="y">-117</int>
							<int id="x">2749</int>
						</object>
						<object id="end">
							<int id="y">-130</int>
							<int id="x">2799</int>
						</object>
						<int id="platform_item_perm">-1</int>
					</object>
					<object id="plat_1307731443076">
						<int id="platform_pc_perm">-1</int>
						<object id="start">
							<int id="y">-117</int>
							<int id="x">-654</int>
						</object>
						<object id="end">
							<int id="y">-130</int>
							<int id="x">-356</int>
						</object>
						<int id="platform_item_perm">-1</int>
					</object>
					<object id="plat_1307731443087">
						<int id="platform_pc_perm">-1</int>
						<object id="start">
							<int id="y">-96</int>
							<int id="x">2266</int>
						</object>
						<object id="end">
							<int id="y">-110</int>
							<int id="x">2650</int>
						</object>
						<int id="platform_item_perm">-1</int>
					</object>
					<object id="plat_1307731443080">
						<int id="platform_pc_perm">-1</int>
						<object id="start">
							<int id="y">-101</int>
							<int id="x">403</int>
						</object>
						<object id="end">
							<int id="y">-71</int>
							<int id="x">536</int>
						</object>
						<int id="platform_item_perm">-1</int>
					</object>
					<object id="plat_1308279008358">
						<int id="platform_pc_perm">-1</int>
						<object id="start">
							<int id="y">-137</int>
							<int id="x">2941</int>
						</object>
						<object id="end">
							<int id="y">-135</int>
							<int id="x">2995</int>
						</object>
						<int id="platform_item_perm">-1</int>
					</object>
					<object id="plat_1308279008357">
						<int id="platform_pc_perm">-1</int>
						<object id="start">
							<int id="y">-137</int>
							<int id="x">2887</int>
						</object>
						<object id="end">
							<int id="y">-137</int>
							<int id="x">2941</int>
						</object>
						<int id="platform_item_perm">-1</int>
					</object>
					<object id="plat_1307731443084">
						<int id="platform_pc_perm">-1</int>
						<object id="start">
							<int id="y">-126</int>
							<int id="x">1347</int>
						</object>
						<object id="end">
							<int id="y">-99</int>
							<int id="x">1715</int>
						</object>
						<int id="platform_item_perm">-1</int>
					</object>
					<object id="plat_1307731443069">
						<int id="platform_pc_perm">-1</int>
						<object id="start">
							<int id="y">-118</int>
							<int id="x">-2448</int>
						</object>
						<object id="end">
							<int id="y">-122</int>
							<int id="x">-2237</int>
						</object>
						<int id="platform_item_perm">-1</int>
					</object>
					<object id="plat_1307731443075">
						<int id="platform_pc_perm">-1</int>
						<object id="start">
							<int id="y">-96</int>
							<int id="x">-869</int>
						</object>
						<object id="end">
							<int id="y">-117</int>
							<int id="x">-654</int>
						</object>
						<int id="platform_item_perm">-1</int>
					</object>
					<object id="plat_1307731443079">
						<int id="platform_pc_perm">-1</int>
						<object id="start">
							<int id="y">-83</int>
							<int id="x">147</int>
						</object>
						<object id="end">
							<int id="y">-101</int>
							<int id="x">403</int>
						</object>
						<int id="platform_item_perm">-1</int>
					</object>
					<object id="plat_1307731443068">
						<int id="platform_pc_perm">-1</int>
						<object id="start">
							<int id="y">-102</int>
							<int id="x">-2729</int>
						</object>
						<object id="end">
							<int id="y">-118</int>
							<int id="x">-2448</int>
						</object>
						<int id="platform_item_perm">-1</int>
					</object>
					<object id="plat_1307731443083">
						<int id="platform_pc_perm">-1</int>
						<object id="start">
							<int id="y">-120</int>
							<int id="x">1146</int>
						</object>
						<object id="end">
							<int id="y">-126</int>
							<int id="x">1347</int>
						</object>
						<int id="platform_item_perm">-1</int>
					</object>
					<object id="plat_1307731443077">
						<int id="platform_pc_perm">-1</int>
						<object id="start">
							<int id="y">-130</int>
							<int id="x">-356</int>
						</object>
						<object id="end">
							<int id="y">-83</int>
							<int id="x">-2</int>
						</object>
						<int id="platform_item_perm">-1</int>
					</object>
					<object id="plat_1307731443086">
						<int id="platform_pc_perm">-1</int>
						<object id="start">
							<int id="y">-107</int>
							<int id="x">2038</int>
						</object>
						<object id="end">
							<int id="y">-96</int>
							<int id="x">2266</int>
						</object>
						<int id="platform_item_perm">-1</int>
					</object>
					<object id="plat_1307731443085">
						<int id="platform_pc_perm">-1</int>
						<object id="start">
							<int id="y">-99</int>
							<int id="x">1715</int>
						</object>
						<object id="end">
							<int id="y">-107</int>
							<int id="x">2038</int>
						</object>
						<int id="platform_item_perm">-1</int>
					</object>
					<object id="plat_1307731443073">
						<int id="platform_pc_perm">-1</int>
						<object id="start">
							<int id="y">-90</int>
							<int id="x">-1489</int>
						</object>
						<object id="end">
							<int id="y">-65</int>
							<int id="x">-1063</int>
						</object>
						<int id="platform_item_perm">-1</int>
					</object>
					<object id="plat_1308279008354">
						<int id="platform_pc_perm">-1</int>
						<object id="start">
							<int id="y">-103</int>
							<int id="x">2706</int>
						</object>
						<object id="end">
							<int id="y">-117</int>
							<int id="x">2749</int>
						</object>
						<int id="platform_item_perm">-1</int>
					</object>
					<object id="plat_1307731443078">
						<int id="platform_pc_perm">-1</int>
						<object id="start">
							<int id="y">-83</int>
							<int id="x">-2</int>
						</object>
						<object id="end">
							<int id="y">-83</int>
							<int id="x">147</int>
						</object>
						<int id="platform_item_perm">-1</int>
					</object>
					<object id="plat_1307731443071">
						<int id="platform_pc_perm">-1</int>
						<object id="start">
							<int id="y">-119</int>
							<int id="x">-2070</int>
						</object>
						<object id="end">
							<int id="y">-88</int>
							<int id="x">-1821</int>
						</object>
						<int id="platform_item_perm">-1</int>
					</object>
					<object id="plat_1307731443072">
						<int id="platform_pc_perm">-1</int>
						<object id="start">
							<int id="y">-88</int>
							<int id="x">-1821</int>
						</object>
						<object id="end">
							<int id="y">-90</int>
							<int id="x">-1489</int>
						</object>
						<int id="platform_item_perm">-1</int>
					</object>
					<object id="plat_1307731443082">
						<int id="platform_pc_perm">-1</int>
						<object id="start">
							<int id="y">-71</int>
							<int id="x">763</int>
						</object>
						<object id="end">
							<int id="y">-120</int>
							<int id="x">1146</int>
						</object>
						<int id="platform_item_perm">-1</int>
					</object>
					<object id="plat_1307731443074">
						<int id="platform_pc_perm">-1</int>
						<object id="start">
							<int id="y">-65</int>
							<int id="x">-1063</int>
						</object>
						<object id="end">
							<int id="y">-96</int>
							<int id="x">-869</int>
						</object>
						<int id="platform_item_perm">-1</int>
					</object>
					<object id="plat_1307731443070">
						<int id="platform_pc_perm">-1</int>
						<object id="start">
							<int id="y">-122</int>
							<int id="x">-2237</int>
						</object>
						<object id="end">
							<int id="y">-119</int>
							<int id="x">-2070</int>
						</object>
						<int id="platform_item_perm">-1</int>
					</object>
					<object id="plat_1307731443067">
						<int id="platform_pc_perm">-1</int>
						<object id="start">
							<int id="y">-80</int>
							<int id="x">-3000</int>
						</object>
						<object id="end">
							<int id="y">-102</int>
							<int id="x">-2729</int>
						</object>
						<int id="platform_item_perm">-1</int>
					</object>
				</object>
				<object id="signposts">
					<object id="signpost_1">
						<str id="id">signpost_1</str>
						<int id="x">2817</int>
						<object id="connects">
							<object id="0">
								<str id="mote_id">9</str>
								<str id="hub_id">91</str>
								<str id="swf_file_versioned">http://c2.glitch.bz/locations/groddle1/1341875645.swf</str>
								<int id="x">-2670</int>
								<int id="y">-122</int>
								<objref id="target" tsid="LA5145S31J52BA2" label="Chuff Chase 2"/>
							</object>
							<object id="1">
								<str id="mote_id">9</str>
								<str id="hub_id">91</str>
								<str id="swf_file_versioned">http://c2.glitch.bz/locations/groddle1/1341875645.swf</str>
								<int id="x">2700</int>
								<int id="y">-77</int>
								<objref id="target" tsid="LA5131390J52DJR" label="Boor Bane B"/>
							</object>
							<object id="2">
								<str id="mote_id">9</str>
								<str id="hub_id">91</str>
								<str id="swf_file_versioned">http://c2.glitch.bz/locations/groddle1/1341875645.swf</str>
								<int id="x">-2610</int>
								<int id="y">-85</int>
								<objref id="target" tsid="LA512V480J52NMN" label="Boor Bane C"/>
							</object>
						</object>
						<int id="w">100</int>
						<int id="h">200</int>
						<int id="y">-142</int>
					</object>
				</object>
				<object id="doors">
				</object>
				<object id="walls">
				</object>
				<object id="targets">
				</object>
				<int id="w">6000</int>
				<object id="decos">
					<object id="lens_grass_2_1307725023672">
						<int id="z">2</int>
						<str id="sprite_class">lens_grass_2</str>
						<int id="h">219</int>
						<int id="w">2168</int>
						<str id="name">lens_grass_2_1307725023672</str>
						<int id="x">-2486</int>
						<int id="y">56</int>
					</object>
					<object id="lens_grass_2_1307725023675">
						<int id="z">4</int>
						<str id="sprite_class">lens_grass_2</str>
						<int id="h">219</int>
						<int id="w">2168</int>
						<str id="name">lens_grass_2_1307725023672</str>
						<int id="x">702</int>
						<int id="y">88</int>
					</object>
					<object id="lens_grass_1_1307731442881">
						<int id="z">25</int>
						<str id="sprite_class">lens_grass_1</str>
						<int id="h">53</int>
						<int id="w">269</int>
						<str id="name">lens_grass_1_1307725023671</str>
						<int id="x">2592</int>
						<int id="y">5</int>
					</object>
					<object id="lens_grass_1_1307731442874">
						<int id="z">17</int>
						<str id="sprite_class">lens_grass_1</str>
						<int id="h">53</int>
						<int id="w">269</int>
						<str id="name">lens_grass_1_1307725023671</str>
						<int id="x">201</int>
						<int id="y">13</int>
					</object>
					<object id="lens_grass_2_1307725023673">
						<int id="z">3</int>
						<str id="sprite_class">lens_grass_2</str>
						<int id="h">219</int>
						<int id="w">2168</int>
						<str id="name">lens_grass_2_1307725023672</str>
						<int id="x">-1362</int>
						<int id="y">72</int>
					</object>
					<object id="lens_grass_1_1308279008349">
						<int id="z">29</int>
						<str id="sprite_class">lens_grass_1</str>
						<int id="h">53</int>
						<int id="w">269</int>
						<str id="name">lens_grass_1_1307725023671</str>
						<int id="x">2954</int>
						<int id="y">-87</int>
					</object>
					<object id="lens_grass_1_1307731442873">
						<int id="z">15</int>
						<str id="sprite_class">lens_grass_1</str>
						<int id="h">53</int>
						<int id="w">269</int>
						<str id="name">lens_grass_1_1307725023671</str>
						<int id="x">35</int>
						<int id="y">-110</int>
					</object>
					<object id="lens_grass_1_1308279008360">
						<int id="z">11</int>
						<str id="sprite_class">lens_grass_1</str>
						<int id="h">33</int>
						<int id="w">223</int>
						<str id="name">lens_grass_1_1307725023671</str>
						<int id="x">-959</int>
						<int id="y">-111</int>
					</object>
					<object id="lens_grass_1_1307731442876">
						<int id="z">22</int>
						<str id="sprite_class">lens_grass_1</str>
						<int id="h">53</int>
						<int id="w">269</int>
						<str id="name">lens_grass_1_1307725023671</str>
						<int id="x">1610</int>
						<int id="y">-131</int>
					</object>
					<object id="lens_grass_1_1307725023671">
						<int id="z">6</int>
						<str id="sprite_class">lens_grass_1</str>
						<int id="h">65</int>
						<int id="w">329</int>
						<str id="name">lens_grass_1_1307725023671</str>
						<int id="x">-2108</int>
						<int id="y">-40</int>
					</object>
					<object id="lens_grass_1_1307731442875">
						<int id="z">16</int>
						<str id="sprite_class">lens_grass_1</str>
						<int id="h">53</int>
						<int id="w">269</int>
						<str id="name">lens_grass_1_1307725023671</str>
						<int id="x">345</int>
						<int id="y">-10</int>
					</object>
					<object id="lens_grass_2_1307725023677">
						<int id="z">5</int>
						<str id="sprite_class">lens_grass_2</str>
						<int id="h">219</int>
						<int id="w">2168</int>
						<int id="r">-1</int>
						<str id="name">lens_grass_2_1307725023672</str>
						<int id="x">2582</int>
						<int id="y">60</int>
					</object>
					<object id="lens_grass_1_1308279008353">
						<int id="z">31</int>
						<str id="sprite_class">lens_grass_1</str>
						<int id="h">53</int>
						<int id="w">269</int>
						<str id="name">lens_grass_1_1307725023671</str>
						<int id="x">2835</int>
						<int id="y">-87</int>
					</object>
					<object id="lens_grass_1_1307731442880">
						<int id="z">24</int>
						<str id="sprite_class">lens_grass_1</str>
						<int id="h">53</int>
						<int id="w">269</int>
						<str id="name">lens_grass_1_1307725023671</str>
						<int id="x">2463</int>
						<int id="y">-10</int>
					</object>
					<object id="lens_grass_1_1308279008359">
						<int id="z">10</int>
						<str id="sprite_class">lens_grass_1</str>
						<int id="h">33</int>
						<int id="w">223</int>
						<str id="name">lens_grass_1_1307725023671</str>
						<int id="x">-1053</int>
						<int id="y">-105</int>
					</object>
					<object id="lens_grass_2_1307725023674">
						<int id="z">1</int>
						<str id="sprite_class">lens_grass_2</str>
						<int id="h">219</int>
						<int id="w">2536</int>
						<str id="name">lens_grass_2_1307725023672</str>
						<int id="x">-201</int>
						<int id="y">48</int>
					</object>
					<object id="lens_grass_1_1307731442872">
						<int id="z">14</int>
						<str id="sprite_class">lens_grass_1</str>
						<int id="h">53</int>
						<int id="w">269</int>
						<str id="name">lens_grass_1_1307725023671</str>
						<int id="x">-97</int>
						<int id="y">-126</int>
					</object>
					<object id="lens_grass_1_1308279008352">
						<int id="z">30</int>
						<str id="sprite_class">lens_grass_1</str>
						<int id="h">53</int>
						<int id="w">269</int>
						<str id="name">lens_grass_1_1307725023671</str>
						<int id="x">2879</int>
						<int id="y">-82</int>
					</object>
					<object id="lens_grass_2_1307725023676">
						<int id="z">0</int>
						<str id="sprite_class">lens_grass_2</str>
						<int id="h">219</int>
						<int id="w">2469</int>
						<int id="r">-1</int>
						<str id="name">lens_grass_2_1307725023672</str>
						<int id="x">1429</int>
						<int id="y">45</int>
					</object>
					<object id="lens_grass_1_1308279008348">
						<int id="z">27</int>
						<str id="sprite_class">lens_grass_1</str>
						<int id="h">53</int>
						<int id="w">269</int>
						<str id="name">lens_grass_1_1307725023671</str>
						<int id="x">2960</int>
						<int id="y">-102</int>
					</object>
					<object id="lens_grass_1_1307725023691">
						<int id="z">9</int>
						<str id="sprite_class">lens_grass_1</str>
						<int id="h">33</int>
						<int id="w">223</int>
						<str id="name">lens_grass_1_1307725023671</str>
						<int id="x">-1162</int>
						<int id="y">-110</int>
					</object>
					<object id="lens_grass_1_1307731442882">
						<int id="z">26</int>
						<str id="sprite_class">lens_grass_1</str>
						<int id="h">53</int>
						<int id="w">269</int>
						<str id="name">lens_grass_1_1307725023671</str>
						<int id="x">2935</int>
						<int id="y">-120</int>
					</object>
					<object id="tree_acacia_4_1307731442853">
						<int id="z">19</int>
						<str id="sprite_class">tree_acacia_4</str>
						<int id="h">636</int>
						<int id="w">1014</int>
						<str id="name">tree_acacia_4_1307731442853</str>
						<int id="x">-1128</int>
						<int id="y">-103</int>
					</object>
					<object id="lens_grass_1_1307725023688">
						<int id="z">8</int>
						<str id="sprite_class">lens_grass_1</str>
						<int id="h">65</int>
						<int id="w">329</int>
						<str id="name">lens_grass_1_1307725023671</str>
						<int id="x">-2025</int>
						<int id="y">1</int>
					</object>
					<object id="pampas_1_1307731443065">
						<int id="z">33</int>
						<str id="sprite_class">pampas_1</str>
						<int id="h">63</int>
						<int id="w">44</int>
						<str id="name">pampas_1_1307731442969</str>
						<int id="x">-2984</int>
						<int id="y">-110</int>
					</object>
					<object id="lens_grass_1_1307725023689">
						<int id="z">18</int>
						<str id="sprite_class">lens_grass_1</str>
						<int id="h">44</int>
						<int id="w">223</int>
						<str id="name">lens_grass_1_1307725023671</str>
						<int id="x">-1061</int>
						<int id="y">-95</int>
					</object>
					<object id="lens_grass_1_1307725023692">
						<int id="z">13</int>
						<str id="sprite_class">lens_grass_1</str>
						<int id="h">53</int>
						<int id="w">269</int>
						<str id="name">lens_grass_1_1307725023671</str>
						<int id="x">-738</int>
						<int id="y">-8</int>
					</object>
					<object id="lens_grass_1_1308279008350">
						<int id="z">32</int>
						<str id="sprite_class">lens_grass_1</str>
						<int id="h">53</int>
						<int id="w">269</int>
						<str id="name">lens_grass_1_1307725023671</str>
						<int id="x">2950</int>
						<int id="y">-71</int>
					</object>
					<object id="lens_grass_1_1307731442877">
						<int id="z">23</int>
						<str id="sprite_class">lens_grass_1</str>
						<int id="h">53</int>
						<int id="w">269</int>
						<str id="name">lens_grass_1_1307725023671</str>
						<int id="x">1742</int>
						<int id="y">-119</int>
					</object>
					<object id="lens_grass_1_1308279008351">
						<int id="z">28</int>
						<str id="sprite_class">lens_grass_1</str>
						<int id="h">53</int>
						<int id="w">269</int>
						<str id="name">lens_grass_1_1307725023671</str>
						<int id="x">2860</int>
						<int id="y">-100</int>
					</object>
					<object id="lens_grass_1_1307725023687">
						<int id="z">7</int>
						<str id="sprite_class">lens_grass_1</str>
						<int id="h">65</int>
						<int id="w">329</int>
						<str id="name">lens_grass_1_1307725023671</str>
						<int id="x">-1994</int>
						<int id="y">-21</int>
					</object>
					<object id="lens_grass_1_1307731442879">
						<int id="z">21</int>
						<str id="sprite_class">lens_grass_1</str>
						<int id="h">53</int>
						<int id="w">269</int>
						<str id="name">lens_grass_1_1307725023671</str>
						<int id="x">1185</int>
						<int id="y">-9</int>
					</object>
				</object>
			</object>
			<object id="T_1307725023668">
				<int id="z">-3</int>
				<object id="filtersNEW">
					<object id="contrast">
						<int id="value">0</int>
					</object>
					<object id="tintColor">
						<int id="value">0</int>
					</object>
					<object id="blur">
						<int id="value">2</int>
					</object>
					<object id="brightness">
						<int id="value">20</int>
					</object>
					<object id="saturation">
						<int id="value">10</int>
					</object>
				</object>
				<int id="w">5520</int>
				<str id="name">bg_2</str>
				<int id="h">1000</int>
				<object id="decos">
					<object id="lens_grass_1_1307731442928">
						<int id="z">32</int>
						<str id="sprite_class">lens_grass_1</str>
						<int id="h">12</int>
						<int id="w">63</int>
						<str id="name">lens_grass_1_1307725023671</str>
						<int id="x">5180</int>
						<int id="y">750</int>
					</object>
					<object id="lens_grass_1_1307731442932">
						<int id="z">36</int>
						<str id="sprite_class">lens_grass_1</str>
						<int id="h">12</int>
						<int id="w">63</int>
						<str id="name">lens_grass_1_1307725023671</str>
						<int id="x">5466</int>
						<int id="y">738</int>
					</object>
					<object id="lens_grass_2_1307725023704">
						<int id="z">11</int>
						<str id="sprite_class">lens_grass_2</str>
						<int id="h">65</int>
						<int id="w">888</int>
						<int id="r">1</int>
						<str id="name">lens_grass_2_1307725023672</str>
						<int id="x">1047</int>
						<int id="y">808</int>
					</object>
					<object id="tree_acacia_3_1307731442869">
						<int id="z">17</int>
						<str id="sprite_class">tree_acacia_3</str>
						<int id="h">126</int>
						<int id="w">274</int>
						<str id="name">tree_acacia_3_1307731442854</str>
						<int id="x">3407</int>
						<int id="y">744</int>
					</object>
					<object id="lens_grass_2_1307725023707">
						<int id="z">7</int>
						<str id="sprite_class">lens_grass_2</str>
						<int id="h">65</int>
						<int id="w">888</int>
						<int id="r">-1</int>
						<str id="name">lens_grass_2_1307725023672</str>
						<int id="x">2221</int>
						<int id="y">788</int>
					</object>
					<object id="lens_grass_2_1307725023715">
						<int id="z">15</int>
						<str id="sprite_class">lens_grass_2</str>
						<int id="h">65</int>
						<int id="w">888</int>
						<int id="r">1</int>
						<str id="name">lens_grass_2_1307725023672</str>
						<int id="x">5535</int>
						<int id="y">783</int>
					</object>
					<object id="tree_acacia_4_1307731442868">
						<int id="z">16</int>
						<str id="sprite_class">tree_acacia_4</str>
						<int id="h">93</int>
						<int id="w">122</int>
						<str id="name">tree_acacia_4_1307731442868</str>
						<int id="x">2907</int>
						<int id="y">741</int>
					</object>
					<object id="lens_grass_2_1307725023709">
						<int id="z">6</int>
						<str id="sprite_class">lens_grass_2</str>
						<int id="h">65</int>
						<int id="w">888</int>
						<int id="r">2</int>
						<str id="name">lens_grass_2_1307725023672</str>
						<int id="x">3070</int>
						<int id="y">798</int>
					</object>
					<object id="lens_grass_2_1307725023711">
						<int id="z">3</int>
						<str id="sprite_class">lens_grass_2</str>
						<int id="h">65</int>
						<int id="w">888</int>
						<str id="name">lens_grass_2_1307725023672</str>
						<int id="x">3948</int>
						<int id="y">773</int>
					</object>
					<object id="lens_grass_1_1307731442929">
						<int id="z">33</int>
						<str id="sprite_class">lens_grass_1</str>
						<int id="h">12</int>
						<int id="w">63</int>
						<str id="name">lens_grass_1_1307725023671</str>
						<int id="x">5408</int>
						<int id="y">724</int>
					</object>
					<object id="lens_grass_2_1307725023705">
						<int id="z">12</int>
						<str id="sprite_class">lens_grass_2</str>
						<int id="h">65</int>
						<int id="w">888</int>
						<int id="r">-1</int>
						<str id="name">lens_grass_2_1307725023672</str>
						<int id="x">1497</int>
						<int id="y">804</int>
					</object>
					<object id="lens_grass_1_1307731442907">
						<int id="z">22</int>
						<str id="sprite_class">lens_grass_1</str>
						<int id="h">13</int>
						<int id="w">68</int>
						<str id="name">lens_grass_1_1307725023671</str>
						<int id="x">2482</int>
						<int id="y">736</int>
					</object>
					<object id="lens_grass_1_1307731442909">
						<int id="z">24</int>
						<str id="sprite_class">lens_grass_1</str>
						<int id="h">13</int>
						<int id="w">68</int>
						<str id="name">lens_grass_1_1307725023671</str>
						<int id="x">2535</int>
						<int id="y">747</int>
					</object>
					<object id="lens_grass_1_1307731442931">
						<int id="z">35</int>
						<str id="sprite_class">lens_grass_1</str>
						<int id="h">12</int>
						<int id="w">63</int>
						<str id="name">lens_grass_1_1307725023671</str>
						<int id="x">5437</int>
						<int id="y">736</int>
					</object>
					<object id="lens_grass_2_1307725023712">
						<int id="z">2</int>
						<str id="sprite_class">lens_grass_2</str>
						<int id="h">65</int>
						<int id="w">888</int>
						<int id="r">1</int>
						<str id="name">lens_grass_2_1307725023672</str>
						<int id="x">4362</int>
						<int id="y">773</int>
					</object>
					<object id="lens_grass_2_1307725023713">
						<int id="z">13</int>
						<str id="sprite_class">lens_grass_2</str>
						<int id="h">65</int>
						<int id="w">888</int>
						<int id="r">1</int>
						<str id="name">lens_grass_2_1307725023672</str>
						<int id="x">4799</int>
						<int id="y">783</int>
					</object>
					<object id="lens_grass_2_1307725023708">
						<int id="z">5</int>
						<str id="sprite_class">lens_grass_2</str>
						<int id="h">65</int>
						<int id="w">888</int>
						<int id="r">1</int>
						<str id="name">lens_grass_2_1307725023672</str>
						<int id="x">2650</int>
						<int id="y">788</int>
					</object>
					<object id="lens_grass_1_1307731442908">
						<int id="z">23</int>
						<str id="sprite_class">lens_grass_1</str>
						<int id="h">13</int>
						<int id="w">68</int>
						<str id="name">lens_grass_1_1307725023671</str>
						<int id="x">2501</int>
						<int id="y">742</int>
					</object>
					<object id="lens_grass_2_1307725023706">
						<int id="z">8</int>
						<str id="sprite_class">lens_grass_2</str>
						<int id="h">65</int>
						<int id="w">888</int>
						<int id="r">-1</int>
						<str id="name">lens_grass_2_1307725023672</str>
						<int id="x">1853</int>
						<int id="y">798</int>
					</object>
					<object id="lens_grass_2_1307725023710">
						<int id="z">4</int>
						<str id="sprite_class">lens_grass_2</str>
						<int id="h">65</int>
						<int id="w">888</int>
						<int id="r">-2</int>
						<str id="name">lens_grass_2_1307725023672</str>
						<int id="x">3526</int>
						<int id="y">793</int>
					</object>
					<object id="lens_grass_2_1307725023703">
						<int id="z">10</int>
						<str id="sprite_class">lens_grass_2</str>
						<int id="h">65</int>
						<int id="w">888</int>
						<int id="r">1</int>
						<str id="name">lens_grass_2_1307725023672</str>
						<int id="x">735</int>
						<int id="y">803</int>
					</object>
					<object id="lens_grass_1_1307731442927">
						<int id="z">30</int>
						<str id="sprite_class">lens_grass_1</str>
						<int id="h">12</int>
						<int id="w">63</int>
						<str id="name">lens_grass_1_1307725023671</str>
						<int id="x">5148</int>
						<int id="y">746</int>
					</object>
					<object id="lens_grass_2_1307725023714">
						<int id="z">14</int>
						<str id="sprite_class">lens_grass_2</str>
						<int id="h">65</int>
						<int id="w">888</int>
						<int id="r">-3</int>
						<str id="name">lens_grass_2_1307725023672</str>
						<int id="x">5155</int>
						<int id="y">783</int>
					</object>
					<object id="lens_grass_2_1307725023702">
						<int id="z">9</int>
						<str id="sprite_class">lens_grass_2</str>
						<int id="h">65</int>
						<int id="w">888</int>
						<int id="r">1</int>
						<str id="name">lens_grass_2_1307725023672</str>
						<int id="x">238</int>
						<int id="y">783</int>
					</object>
					<object id="lens_grass_1_1307731442910">
						<int id="z">25</int>
						<str id="sprite_class">lens_grass_1</str>
						<int id="h">13</int>
						<int id="w">68</int>
						<str id="name">lens_grass_1_1307725023671</str>
						<int id="x">2516</int>
						<int id="y">754</int>
					</object>
					<object id="lens_grass_1_1307731442930">
						<int id="z">34</int>
						<str id="sprite_class">lens_grass_1</str>
						<int id="h">12</int>
						<int id="w">63</int>
						<str id="name">lens_grass_1_1307725023671</str>
						<int id="x">5436</int>
						<int id="y">729</int>
					</object>
				</object>
			</object>
			<object id="T_1307725023670">
				<int id="z">-4</int>
				<object id="filtersNEW">
					<object id="contrast">
						<int id="value">0</int>
					</object>
					<object id="tintColor">
						<int id="value">0</int>
					</object>
					<object id="blur">
						<int id="value">3</int>
					</object>
					<object id="brightness">
						<int id="value">25</int>
					</object>
					<object id="saturation">
						<int id="value">6</int>
					</object>
				</object>
				<int id="w">5280</int>
				<str id="name">bg_3</str>
				<int id="h">1000</int>
				<object id="decos">
					<object id="alakol_cliff_1_1308279008338">
						<int id="z">23</int>
						<str id="sprite_class">alakol_cliff_1</str>
						<int id="h">8</int>
						<int id="w">49</int>
						<str id="name">alakol_cliff_1_1307731442933</str>
						<int id="x">4502</int>
						<int id="y">707</int>
					</object>
					<object id="tree_acacia_2_1307731442867">
						<int id="z">51</int>
						<str id="sprite_class">tree_acacia_2</str>
						<int id="h">20</int>
						<int id="w">37</int>
						<str id="name">tree_acacia_2_1307731442867</str>
						<int id="x">2423</int>
						<int id="y">710</int>
					</object>
					<object id="heights_bush_4_1308041830120">
						<int id="z">6</int>
						<str id="sprite_class">heights_bush_4</str>
						<int id="h">19</int>
						<int id="w">374</int>
						<int id="r">-4</int>
						<str id="name">heights_bush_4_1307731442857</str>
						<int id="x">1095</int>
						<int id="y">739</int>
					</object>
					<object id="alakol_water_rock_2_1307731442956">
						<int id="z">32</int>
						<str id="sprite_class">alakol_water_rock_2</str>
						<int id="h">30</int>
						<int id="w">109</int>
						<str id="name">alakol_water_rock_2_1307731442936</str>
						<int id="x">5353</int>
						<int id="y">713</int>
					</object>
					<object id="alakol_water_rock_1_1308193052429">
						<int id="z">55</int>
						<str id="sprite_class">alakol_water_rock_1</str>
						<int id="h">13</int>
						<int id="w">19</int>
						<str id="name">alakol_water_rock_1_1307731442935</str>
						<int id="x">860</int>
						<int id="y">730</int>
					</object>
					<object id="heights_bush_4_1307731442859">
						<int id="z">2</int>
						<str id="sprite_class">heights_bush_4</str>
						<int id="h">17</int>
						<int id="w">617</int>
						<int id="r">-1</int>
						<str id="name">heights_bush_4_1307731442857</str>
						<int id="x">2260</int>
						<int id="y">712</int>
					</object>
					<object id="heights_bush_4_1308041830113">
						<int id="z">5</int>
						<str id="sprite_class">heights_bush_4</str>
						<int id="h">9</int>
						<int id="w">708</int>
						<str id="name">heights_bush_4_1307731442857</str>
						<int id="x">1672</int>
						<int id="y">728</int>
					</object>
					<object id="pampas_1_1307735717350">
						<int id="z">44</int>
						<str id="sprite_class">pampas_1</str>
						<int id="h">9</int>
						<int id="w">6</int>
						<str id="name">pampas_1_1307731442969</str>
						<int id="x">1945</int>
						<int id="y">723</int>
					</object>
					<object id="tree_acacia_4_1307741552435">
						<int id="z">45</int>
						<str id="sprite_class">tree_acacia_4</str>
						<int id="h">26</int>
						<int id="w">34</int>
						<str id="name">tree_acacia_4_1307731442868</str>
						<int id="x">2383</int>
						<int id="y">711</int>
					</object>
					<object id="alakol_cliff_1_1308279008336">
						<int id="z">21</int>
						<str id="sprite_class">alakol_cliff_1</str>
						<int id="h">10</int>
						<int id="w">61</int>
						<str id="name">alakol_cliff_1_1307731442933</str>
						<int id="x">4595</int>
						<int id="y">709</int>
					</object>
					<object id="tree_acacia_3_1307735717328">
						<int id="z">53</int>
						<str id="sprite_class">tree_acacia_3</str>
						<int id="h">22</int>
						<int id="w">47</int>
						<str id="name">tree_acacia_3_1307731442854</str>
						<int id="x">357</int>
						<int id="y">715</int>
					</object>
					<object id="tree_acacia_4_1308279008329">
						<int id="z">43</int>
						<str id="sprite_class">tree_acacia_4</str>
						<int id="h">30</int>
						<int id="w">39</int>
						<str id="name">tree_acacia_4_1307731442853</str>
						<int id="x">479</int>
						<int id="y">721</int>
					</object>
					<object id="tree_acacia_2_1307735717324">
						<int id="z">40</int>
						<str id="sprite_class">tree_acacia_2</str>
						<int id="h">32</int>
						<int id="w">58</int>
						<str id="name">tree_acacia_2_1307731442855</str>
						<int id="x">18</int>
						<int id="y">717</int>
					</object>
					<object id="lens_grass_2_1307725023723">
						<int id="z">9</int>
						<str id="sprite_class">lens_grass_2</str>
						<int id="h">47</int>
						<int id="w">1158</int>
						<str id="name">lens_grass_2_1307725023672</str>
						<int id="x">4029</int>
						<int id="y">733</int>
					</object>
					<object id="alakol_cliff_2_1308193052430">
						<int id="z">56</int>
						<str id="sprite_class">alakol_cliff_2</str>
						<int id="h">9</int>
						<int id="w">34</int>
						<int id="r">1</int>
						<str id="name">alakol_cliff_2_1307731442934</str>
						<int id="x">878</int>
						<int id="y">730</int>
					</object>
					<object id="alakol_water_rock_2_1308193052431">
						<int id="z">57</int>
						<str id="sprite_class">alakol_water_rock_2</str>
						<int id="h">7</int>
						<int id="w">26</int>
						<str id="name">alakol_water_rock_2_1307731442936</str>
						<int id="x">895</int>
						<int id="y">733</int>
					</object>
					<object id="alakol_water_rock_1_1307731442938">
						<int id="z">26</int>
						<str id="sprite_class">alakol_water_rock_1</str>
						<int id="h">11</int>
						<int id="w">13</int>
						<str id="name">alakol_water_rock_1_1307731442935</str>
						<int id="x">4504</int>
						<int id="y">711</int>
					</object>
					<object id="tree_acacia_1_1308279008335">
						<int id="z">64</int>
						<str id="sprite_class">tree_acacia_1</str>
						<int id="h">18</int>
						<int id="w">30</int>
						<str id="name">tree_acacia_1_1307731442861</str>
						<int id="x">4825</int>
						<int id="y">711</int>
					</object>
					<object id="tree_acacia_3_1307735717326">
						<int id="z">41</int>
						<str id="sprite_class">tree_acacia_3</str>
						<int id="h">19</int>
						<int id="w">42</int>
						<str id="name">tree_acacia_3_1307731442854</str>
						<int id="x">600</int>
						<int id="y">724</int>
					</object>
					<object id="alakol_water_rock_2_1307731442936">
						<int id="z">25</int>
						<str id="sprite_class">alakol_water_rock_2</str>
						<int id="h">11</int>
						<int id="w">28</int>
						<str id="name">alakol_water_rock_2_1307731442936</str>
						<int id="x">4532</int>
						<int id="y">711</int>
					</object>
					<object id="tree_acacia_2_1308279008339">
						<int id="z">52</int>
						<str id="sprite_class">tree_acacia_2</str>
						<int id="h">20</int>
						<int id="w">37</int>
						<str id="name">tree_acacia_2_1307731442867</str>
						<int id="x">1574</int>
						<int id="y">728</int>
					</object>
					<object id="alakol_water_rock_1_1308279008347">
						<int id="z">63</int>
						<str id="sprite_class">alakol_water_rock_1</str>
						<int id="h">8</int>
						<int id="w">28</int>
						<str id="name">alakol_water_rock_1_1307731442935</str>
						<int id="x">811</int>
						<int id="y">730</int>
					</object>
					<object id="lens_grass_2_1307725023718">
						<int id="z">12</int>
						<str id="sprite_class">lens_grass_2</str>
						<int id="h">47</int>
						<int id="w">1158</int>
						<int id="r">1</int>
						<str id="name">lens_grass_2_1307725023672</str>
						<int id="x">1548</int>
						<int id="y">770</int>
					</object>
					<object id="lens_grass_2_1307725023716">
						<int id="z">11</int>
						<str id="sprite_class">lens_grass_2</str>
						<int id="h">47</int>
						<int id="w">1158</int>
						<int id="r">1</int>
						<str id="name">lens_grass_2_1307725023672</str>
						<int id="x">350</int>
						<int id="y">757</int>
					</object>
					<object id="heights_bush_4_1307731442860">
						<int id="z">1</int>
						<str id="sprite_class">heights_bush_4</str>
						<int id="h">15</int>
						<int id="w">474</int>
						<int id="r">2</int>
						<str id="name">heights_bush_4_1307731442857</str>
						<int id="x">2592</int>
						<int id="y">715</int>
					</object>
					<object id="lens_grass_2_1307725023717">
						<int id="z">14</int>
						<str id="sprite_class">lens_grass_2</str>
						<int id="h">47</int>
						<int id="w">1158</int>
						<int id="r">1</int>
						<str id="name">lens_grass_2_1307725023672</str>
						<int id="x">1027</int>
						<int id="y">771</int>
					</object>
					<object id="tree_acacia_1_1307735717322">
						<int id="z">38</int>
						<str id="sprite_class">tree_acacia_1</str>
						<int id="h">25</int>
						<int id="w">39</int>
						<str id="name">tree_acacia_1_1307731442861</str>
						<int id="x">645</int>
						<int id="y">732</int>
					</object>
					<object id="alakol_water_rock_1_1308279008330">
						<int id="z">62</int>
						<str id="sprite_class">alakol_water_rock_1</str>
						<int id="h">8</int>
						<int id="w">28</int>
						<str id="name">alakol_water_rock_1_1307731442935</str>
						<int id="x">795</int>
						<int id="y">729</int>
					</object>
					<object id="heights_bush_1_1307731442963">
						<int id="z">35</int>
						<str id="sprite_class">heights_bush_1</str>
						<int id="h">16</int>
						<int id="w">28</int>
						<str id="name">heights_bush_1_1307731442942</str>
						<int id="x">5399</int>
						<int id="y">710</int>
					</object>
					<object id="heights_bush_4_1308041830114">
						<int id="z">4</int>
						<str id="sprite_class">heights_bush_4</str>
						<int id="h">15</int>
						<int id="w">570</int>
						<str id="name">heights_bush_4_1307731442857</str>
						<int id="x">1386</int>
						<int id="y">730</int>
					</object>
					<object id="alakol_water_rock_1_1307731442959">
						<int id="z">34</int>
						<str id="sprite_class">alakol_water_rock_1</str>
						<int id="h">26</int>
						<int id="w">32</int>
						<str id="name">alakol_water_rock_1_1307731442935</str>
						<int id="x">5440</int>
						<int id="y">715</int>
					</object>
					<object id="lens_grass_2_1307725023720">
						<int id="z">10</int>
						<str id="sprite_class">lens_grass_2</str>
						<int id="h">47</int>
						<int id="w">1158</int>
						<str id="name">lens_grass_2_1307725023672</str>
						<int id="x">2351</int>
						<int id="y">748</int>
					</object>
					<object id="tree_acacia_3_1307741552436">
						<int id="z">50</int>
						<str id="sprite_class">tree_acacia_3</str>
						<int id="h">20</int>
						<int id="w">45</int>
						<str id="name">tree_acacia_3_1307731442854</str>
						<int id="x">2675</int>
						<int id="y">714</int>
					</object>
					<object id="alakol_water_rock_2_1307731442955">
						<int id="z">29</int>
						<str id="sprite_class">alakol_water_rock_2</str>
						<int id="h">54</int>
						<int id="w">85</int>
						<str id="name">alakol_water_rock_2_1307731442936</str>
						<int id="x">5400</int>
						<int id="y">702</int>
					</object>
					<object id="alakol_water_rock_1_1308279008333">
						<int id="z">59</int>
						<str id="sprite_class">alakol_water_rock_1</str>
						<int id="h">8</int>
						<int id="w">28</int>
						<str id="name">alakol_water_rock_1_1307731442935</str>
						<int id="x">842</int>
						<int id="y">731</int>
					</object>
					<object id="alakol_water_rock_1_1308193052432">
						<int id="z">49</int>
						<str id="sprite_class">alakol_water_rock_1</str>
						<int id="h">10</int>
						<int id="w">22</int>
						<int id="r">6</int>
						<str id="name">alakol_water_rock_1_1307731442935</str>
						<int id="x">889</int>
						<int id="y">728</int>
					</object>
					<object id="tree_acacia_3_1307741552437">
						<int id="z">47</int>
						<str id="sprite_class">tree_acacia_3</str>
						<int id="h">22</int>
						<int id="w">48</int>
						<str id="name">tree_acacia_3_1307731442854</str>
						<int id="x">2576</int>
						<int id="y">712</int>
					</object>
					<object id="alakol_cliff_2_1307731442934">
						<int id="z">24</int>
						<str id="sprite_class">alakol_cliff_2</str>
						<int id="h">10</int>
						<int id="w">35</int>
						<str id="name">alakol_cliff_2_1307731442934</str>
						<int id="x">4565</int>
						<int id="y">711</int>
					</object>
					<object id="alakol_water_rock_2_1307731442962">
						<int id="z">33</int>
						<str id="sprite_class">alakol_water_rock_2</str>
						<int id="h">18</int>
						<int id="w">43</int>
						<str id="name">alakol_water_rock_2_1307731442936</str>
						<int id="x">5299</int>
						<int id="y">708</int>
					</object>
					<object id="lens_grass_2_1307725023722">
						<int id="z">16</int>
						<str id="sprite_class">lens_grass_2</str>
						<int id="h">47</int>
						<int id="w">1158</int>
						<int id="r">-1</int>
						<str id="name">lens_grass_2_1307725023672</str>
						<int id="x">3517</int>
						<int id="y">748</int>
					</object>
					<object id="lens_grass_2_1307725023719">
						<int id="z">13</int>
						<str id="sprite_class">lens_grass_2</str>
						<int id="h">47</int>
						<int id="w">1158</int>
						<int id="r">-1</int>
						<str id="name">lens_grass_2_1307725023672</str>
						<int id="x">1886</int>
						<int id="y">761</int>
					</object>
					<object id="alakol_water_rock_1_1307731442960">
						<int id="z">8</int>
						<str id="sprite_class">alakol_water_rock_1</str>
						<int id="h">19</int>
						<int id="w">72</int>
						<str id="name">alakol_water_rock_1_1307731442935</str>
						<int id="x">5452</int>
						<int id="y">687</int>
					</object>
					<object id="heights_bush_4_1308041830115">
						<int id="z">3</int>
						<str id="sprite_class">heights_bush_4</str>
						<int id="h">16</int>
						<int id="w">374</int>
						<str id="name">heights_bush_4_1307731442857</str>
						<int id="x">1607</int>
						<int id="y">732</int>
					</object>
					<object id="alakol_water_rock_1_1308193052428">
						<int id="z">58</int>
						<str id="sprite_class">alakol_water_rock_1</str>
						<int id="h">8</int>
						<int id="w">28</int>
						<str id="name">alakol_water_rock_1_1307731442935</str>
						<int id="x">862</int>
						<int id="y">732</int>
					</object>
					<object id="tree_acacia_4_1307735717330">
						<int id="z">42</int>
						<str id="sprite_class">tree_acacia_4</str>
						<int id="h">30</int>
						<int id="w">39</int>
						<str id="name">tree_acacia_4_1307731442853</str>
						<int id="x">628</int>
						<int id="y">726</int>
					</object>
					<object id="alakol_water_rock_2_1307731442940">
						<int id="z">48</int>
						<str id="sprite_class">alakol_water_rock_2</str>
						<int id="h">10</int>
						<int id="w">21</int>
						<str id="name">alakol_water_rock_2_1307731442936</str>
						<int id="x">4496</int>
						<int id="y">708</int>
					</object>
					<object id="alakol_water_rock_2_1308041830121">
						<int id="z">46</int>
						<str id="sprite_class">alakol_water_rock_2</str>
						<int id="h">9</int>
						<int id="w">33</int>
						<int id="r">-2</int>
						<str id="name">alakol_water_rock_2_1307731442936</str>
						<int id="x">1841</int>
						<int id="y">720</int>
					</object>
					<object id="alakol_cliff_1_1308279008337">
						<int id="z">22</int>
						<str id="sprite_class">alakol_cliff_1</str>
						<int id="h">8</int>
						<int id="w">49</int>
						<str id="name">alakol_cliff_1_1307731442933</str>
						<int id="x">4638</int>
						<int id="y">709</int>
					</object>
					<object id="tree_acacia_1_1307731442861">
						<int id="z">19</int>
						<str id="sprite_class">tree_acacia_1</str>
						<int id="h">19</int>
						<int id="w">30</int>
						<str id="name">tree_acacia_1_1307731442861</str>
						<int id="x">2962</int>
						<int id="y">717</int>
					</object>
					<object id="heights_bush_4_1307731442857">
						<int id="z">0</int>
						<str id="sprite_class">heights_bush_4</str>
						<int id="h">25</int>
						<int id="w">467</int>
						<int id="r">1</int>
						<str id="name">heights_bush_4_1307731442857</str>
						<int id="x">216</int>
						<int id="y">719</int>
					</object>
					<object id="alakol_cliff_2_1308279008332">
						<int id="z">60</int>
						<str id="sprite_class">alakol_cliff_2</str>
						<int id="h">9</int>
						<int id="w">34</int>
						<int id="r">1</int>
						<str id="name">alakol_cliff_2_1307731442934</str>
						<int id="x">811</int>
						<int id="y">727</int>
					</object>
					<object id="alakol_cliff_1_1307731442933">
						<int id="z">20</int>
						<str id="sprite_class">alakol_cliff_1</str>
						<int id="h">10</int>
						<int id="w">61</int>
						<str id="name">alakol_cliff_1_1307731442933</str>
						<int id="x">4538</int>
						<int id="y">707</int>
					</object>
					<object id="alakol_water_rock_2_1308193052427">
						<int id="z">54</int>
						<str id="sprite_class">alakol_water_rock_2</str>
						<int id="h">6</int>
						<int id="w">23</int>
						<str id="name">alakol_water_rock_2_1307731442936</str>
						<int id="x">851</int>
						<int id="y">729</int>
					</object>
					<object id="lens_grass_2_1307725023724">
						<int id="z">17</int>
						<str id="sprite_class">lens_grass_2</str>
						<int id="h">47</int>
						<int id="w">1158</int>
						<int id="r">1</int>
						<str id="name">lens_grass_2_1307725023672</str>
						<int id="x">4690</int>
						<int id="y">748</int>
					</object>
					<object id="lens_grass_2_1307725023725">
						<int id="z">18</int>
						<str id="sprite_class">lens_grass_2</str>
						<int id="h">47</int>
						<int id="w">1158</int>
						<int id="r">-1</int>
						<str id="name">lens_grass_2_1307725023672</str>
						<int id="x">5130</int>
						<int id="y">743</int>
					</object>
					<object id="alakol_cliff_2_1307731442954">
						<int id="z">30</int>
						<str id="sprite_class">alakol_cliff_2</str>
						<int id="h">31</int>
						<int id="w">112</int>
						<int id="r">1</int>
						<str id="name">alakol_cliff_2_1307731442934</str>
						<int id="x">5414</int>
						<int id="y">707</int>
					</object>
					<object id="alakol_water_rock_2_1308279008331">
						<int id="z">61</int>
						<str id="sprite_class">alakol_water_rock_2</str>
						<int id="h">7</int>
						<int id="w">26</int>
						<str id="name">alakol_water_rock_2_1307731442936</str>
						<int id="x">828</int>
						<int id="y">730</int>
					</object>
					<object id="lens_grass_2_1307725023721">
						<int id="z">15</int>
						<str id="sprite_class">lens_grass_2</str>
						<int id="h">47</int>
						<int id="w">1158</int>
						<int id="r">1</int>
						<str id="name">lens_grass_2_1307725023672</str>
						<int id="x">2980</int>
						<int id="y">758</int>
					</object>
					<object id="alakol_water_rock_2_1307731442945">
						<int id="z">28</int>
						<str id="sprite_class">alakol_water_rock_2</str>
						<int id="h">11</int>
						<int id="w">35</int>
						<str id="name">alakol_water_rock_2_1307731442936</str>
						<int id="x">4561</int>
						<int id="y">703</int>
					</object>
					<object id="tree_acacia_1_1307735717323">
						<int id="z">39</int>
						<str id="sprite_class">tree_acacia_1</str>
						<int id="h">25</int>
						<int id="w">39</int>
						<str id="name">tree_acacia_1_1307731442861</str>
						<int id="x">319</int>
						<int id="y">714</int>
					</object>
				</object>
			</object>
			<object id="T_1307725023667">
				<int id="z">-2</int>
				<object id="filtersNEW">
					<object id="contrast">
						<int id="value">0</int>
					</object>
					<object id="brightness">
						<int id="value">13</int>
					</object>
					<object id="saturation">
						<int id="value">13</int>
					</object>
				</object>
				<int id="w">5700</int>
				<str id="name">bg_1</str>
				<int id="h">1000</int>
				<object id="decos">
					<object id="lens_grass_1_1307731442916">
						<int id="z">21</int>
						<str id="sprite_class">lens_grass_1</str>
						<int id="h">19</int>
						<int id="w">98</int>
						<str id="name">lens_grass_1_1307725023671</str>
						<int id="x">3199</int>
						<int id="y">789</int>
					</object>
					<object id="lens_grass_2_1307725023697">
						<int id="z">3</int>
						<str id="sprite_class">lens_grass_2</str>
						<int id="h">102</int>
						<int id="w">1400</int>
						<int id="r">5</int>
						<str id="name">lens_grass_2_1307725023672</str>
						<int id="x">3288</int>
						<int id="y">874</int>
					</object>
					<object id="lens_grass_2_1308107342130">
						<int id="z">39</int>
						<str id="sprite_class">lens_grass_2</str>
						<int id="h">178</int>
						<int id="w">1763</int>
						<int id="r">-1</int>
						<str id="name">lens_grass_2_1307725023672</str>
						<int id="x">5555</int>
						<int id="y">953</int>
					</object>
					<object id="lens_grass_1_1307731442917">
						<int id="z">22</int>
						<str id="sprite_class">lens_grass_1</str>
						<int id="h">19</int>
						<int id="w">98</int>
						<str id="name">lens_grass_1_1307725023671</str>
						<int id="x">3074</int>
						<int id="y">785</int>
					</object>
					<object id="lens_grass_2_1307725023701">
						<int id="z">0</int>
						<str id="sprite_class">lens_grass_2</str>
						<int id="h">102</int>
						<int id="w">1400</int>
						<str id="name">lens_grass_2_1307725023672</str>
						<int id="x">5510</int>
						<int id="y">843</int>
					</object>
					<object id="lens_grass_2_1308107342134">
						<int id="z">36</int>
						<str id="sprite_class">lens_grass_2</str>
						<int id="h">178</int>
						<int id="w">1763</int>
						<int id="r">-1</int>
						<str id="name">lens_grass_2_1307725023672</str>
						<int id="x">2239</int>
						<int id="y">955</int>
					</object>
					<object id="lens_grass_2_1308107342135">
						<int id="z">35</int>
						<str id="sprite_class">lens_grass_2</str>
						<int id="h">178</int>
						<int id="w">1763</int>
						<int id="r">-1</int>
						<str id="name">lens_grass_2_1307725023672</str>
						<int id="x">1450</int>
						<int id="y">969</int>
					</object>
					<object id="tree_acacia_3_1308107342123">
						<int id="z">46</int>
						<str id="sprite_class">tree_acacia_3</str>
						<int id="h">430</int>
						<int id="w">941</int>
						<str id="name">tree_acacia_3_1307731442854</str>
						<int id="x">66</int>
						<int id="y">801</int>
					</object>
					<object id="tree_acacia_1_1308107342120">
						<int id="z">49</int>
						<str id="sprite_class">tree_acacia_1</str>
						<int id="h">497</int>
						<int id="w">793</int>
						<str id="name">tree_acacia_1_1307731442861</str>
						<int id="x">4546</int>
						<int id="y">812</int>
					</object>
					<object id="tree_acacia_2_1307731442870">
						<int id="z">13</int>
						<str id="sprite_class">tree_acacia_2</str>
						<int id="h">197</int>
						<int id="w">351</int>
						<str id="name">tree_acacia_2_1307731442855</str>
						<int id="x">5373</int>
						<int id="y">761</int>
					</object>
					<object id="lens_grass_1_1307731442921">
						<int id="z">26</int>
						<str id="sprite_class">lens_grass_1</str>
						<int id="h">19</int>
						<int id="w">98</int>
						<str id="name">lens_grass_1_1307725023671</str>
						<int id="x">4558</int>
						<int id="y">764</int>
					</object>
					<object id="pampas_1_1307741552430">
						<int id="z">12</int>
						<str id="sprite_class">pampas_1</str>
						<int id="h">32</int>
						<int id="w">22</int>
						<str id="name">pampas_1_1307731442969</str>
						<int id="x">5355</int>
						<int id="y">754</int>
						<bool id="h_flip">true</bool>
					</object>
					<object id="lens_grass_1_1308107342115">
						<int id="z">54</int>
						<str id="sprite_class">lens_grass_1</str>
						<int id="h">29</int>
						<int id="w">147</int>
						<str id="name">lens_grass_1_1307725023671</str>
						<int id="x">3527</int>
						<int id="y">835</int>
					</object>
					<object id="lens_grass_1_1307731442918">
						<int id="z">23</int>
						<str id="sprite_class">lens_grass_1</str>
						<int id="h">19</int>
						<int id="w">98</int>
						<str id="name">lens_grass_1_1307725023671</str>
						<int id="x">4484</int>
						<int id="y">747</int>
					</object>
					<object id="lens_grass_1_1308107342127">
						<int id="z">42</int>
						<str id="sprite_class">lens_grass_1</str>
						<int id="h">29</int>
						<int id="w">147</int>
						<str id="name">lens_grass_1_1307725023671</str>
						<int id="x">127</int>
						<int id="y">804</int>
					</object>
					<object id="lens_grass_1_1307731442913">
						<int id="z">18</int>
						<str id="sprite_class">lens_grass_1</str>
						<int id="h">19</int>
						<int id="w">98</int>
						<str id="name">lens_grass_1_1307725023671</str>
						<int id="x">3059</int>
						<int id="y">771</int>
					</object>
					<object id="lens_grass_1_1307731442902">
						<int id="z">17</int>
						<str id="sprite_class">lens_grass_1</str>
						<int id="h">21</int>
						<int id="w">107</int>
						<str id="name">lens_grass_1_1307725023671</str>
						<int id="x">1359</int>
						<int id="y">792</int>
					</object>
					<object id="lens_grass_2_1308107342133">
						<int id="z">37</int>
						<str id="sprite_class">lens_grass_2</str>
						<int id="h">178</int>
						<int id="w">1763</int>
						<int id="r">1</int>
						<str id="name">lens_grass_2_1307725023672</str>
						<int id="x">2762</int>
						<int id="y">960</int>
					</object>
					<object id="lens_grass_1_1308107342117">
						<int id="z">52</int>
						<str id="sprite_class">lens_grass_1</str>
						<int id="h">29</int>
						<int id="w">147</int>
						<str id="name">lens_grass_1_1307725023671</str>
						<int id="x">4898</int>
						<int id="y">831</int>
					</object>
					<object id="lens_grass_1_1308107342129">
						<int id="z">40</int>
						<str id="sprite_class">lens_grass_1</str>
						<int id="h">29</int>
						<int id="w">147</int>
						<str id="name">lens_grass_1_1307725023671</str>
						<int id="x">-2</int>
						<int id="y">804</int>
					</object>
					<object id="pampas_2_1307731443044">
						<int id="z">61</int>
						<str id="sprite_class">pampas_2</str>
						<int id="h">29</int>
						<int id="w">19</int>
						<str id="name">pampas_2_1307731442968</str>
						<int id="x">1283</int>
						<int id="y">779</int>
					</object>
					<object id="pampas_2_1307731442986">
						<int id="z">28</int>
						<str id="sprite_class">pampas_2</str>
						<int id="h">26</int>
						<int id="w">17</int>
						<str id="name">pampas_2_1307731442968</str>
						<int id="x">4460</int>
						<int id="y">744</int>
					</object>
					<object id="pampas_1_1308107342131">
						<int id="z">62</int>
						<str id="sprite_class">pampas_1</str>
						<int id="h">31</int>
						<int id="w">22</int>
						<str id="name">pampas_1_1307731442969</str>
						<int id="x">3665</int>
						<int id="y">820</int>
					</object>
					<object id="lens_grass_2_1308107342138">
						<int id="z">32</int>
						<str id="sprite_class">lens_grass_2</str>
						<int id="h">178</int>
						<int id="w">1763</int>
						<str id="name">lens_grass_2_1307725023672</str>
						<int id="x">4950</int>
						<int id="y">963</int>
					</object>
					<object id="tree_acacia_2_1307731442855">
						<int id="z">30</int>
						<str id="sprite_class">tree_acacia_2</str>
						<int id="h">197</int>
						<int id="w">352</int>
						<str id="name">tree_acacia_2_1307731442855</str>
						<int id="x">1269</int>
						<int id="y">780</int>
					</object>
					<object id="lens_grass_1_1307731442915">
						<int id="z">20</int>
						<str id="sprite_class">lens_grass_1</str>
						<int id="h">19</int>
						<int id="w">98</int>
						<str id="name">lens_grass_1_1307725023671</str>
						<int id="x">3167</int>
						<int id="y">781</int>
					</object>
					<object id="lens_grass_1_1308107342116">
						<int id="z">53</int>
						<str id="sprite_class">lens_grass_1</str>
						<int id="h">29</int>
						<int id="w">147</int>
						<str id="name">lens_grass_1_1307725023671</str>
						<int id="x">3595</int>
						<int id="y">826</int>
					</object>
					<object id="lens_grass_1_1308107342126">
						<int id="z">43</int>
						<str id="sprite_class">lens_grass_1</str>
						<int id="h">29</int>
						<int id="w">147</int>
						<str id="name">lens_grass_1_1307725023671</str>
						<int id="x">228</int>
						<int id="y">810</int>
					</object>
					<object id="lens_grass_1_1307731442912">
						<int id="z">7</int>
						<str id="sprite_class">lens_grass_1</str>
						<int id="h">19</int>
						<int id="w">98</int>
						<str id="name">lens_grass_1_1307725023671</str>
						<int id="x">2010</int>
						<int id="y">781</int>
					</object>
					<object id="lens_grass_1_1307731442900">
						<int id="z">15</int>
						<str id="sprite_class">lens_grass_1</str>
						<int id="h">21</int>
						<int id="w">107</int>
						<str id="name">lens_grass_1_1307725023671</str>
						<int id="x">1303</int>
						<int id="y">790</int>
					</object>
					<object id="lens_grass_1_1307731442911">
						<int id="z">6</int>
						<str id="sprite_class">lens_grass_1</str>
						<int id="h">19</int>
						<int id="w">98</int>
						<str id="name">lens_grass_1_1307725023671</str>
						<int id="x">2056</int>
						<int id="y">775</int>
					</object>
					<object id="lens_grass_1_1308107342113">
						<int id="z">56</int>
						<str id="sprite_class">lens_grass_1</str>
						<int id="h">29</int>
						<int id="w">147</int>
						<str id="name">lens_grass_1_1307725023671</str>
						<int id="x">2206</int>
						<int id="y">812</int>
					</object>
					<object id="lens_grass_1_1307731442901">
						<int id="z">14</int>
						<str id="sprite_class">lens_grass_1</str>
						<int id="h">21</int>
						<int id="w">107</int>
						<str id="name">lens_grass_1_1307725023671</str>
						<int id="x">1374</int>
						<int id="y">784</int>
					</object>
					<object id="lens_grass_2_1307725023695">
						<int id="z">10</int>
						<str id="sprite_class">lens_grass_2</str>
						<int id="h">102</int>
						<int id="w">1400</int>
						<int id="r">-1</int>
						<str id="name">lens_grass_2_1307725023672</str>
						<int id="x">1599</int>
						<int id="y">863</int>
					</object>
					<object id="pampas_1_1308107342110">
						<int id="z">59</int>
						<str id="sprite_class">pampas_1</str>
						<int id="h">35</int>
						<int id="w">24</int>
						<str id="name">pampas_1_1307731442969</str>
						<int id="x">3459</int>
						<int id="y">826</int>
					</object>
					<object id="lens_grass_1_1308107342125">
						<int id="z">44</int>
						<str id="sprite_class">lens_grass_1</str>
						<int id="h">29</int>
						<int id="w">147</int>
						<str id="name">lens_grass_1_1307725023671</str>
						<int id="x">112</int>
						<int id="y">815</int>
					</object>
					<object id="lens_grass_2_1307725023696">
						<int id="z">4</int>
						<str id="sprite_class">lens_grass_2</str>
						<int id="h">102</int>
						<int id="w">1400</int>
						<int id="r">-1</int>
						<str id="name">lens_grass_2_1307725023672</str>
						<int id="x">2344</int>
						<int id="y">848</int>
					</object>
					<object id="lens_grass_1_1307731442922">
						<int id="z">27</int>
						<str id="sprite_class">lens_grass_1</str>
						<int id="h">19</int>
						<int id="w">98</int>
						<str id="name">lens_grass_1_1307725023671</str>
						<int id="x">4531</int>
						<int id="y">772</int>
					</object>
					<object id="lens_grass_1_1308107342124">
						<int id="z">45</int>
						<str id="sprite_class">lens_grass_1</str>
						<int id="h">29</int>
						<int id="w">147</int>
						<str id="name">lens_grass_1_1307725023671</str>
						<int id="x">84</int>
						<int id="y">826</int>
					</object>
					<object id="pampas_1_1307731443051">
						<int id="z">29</int>
						<str id="sprite_class">pampas_1</str>
						<int id="h">28</int>
						<int id="w">19</int>
						<str id="name">pampas_1_1307731442969</str>
						<int id="x">2000</int>
						<int id="y">777</int>
					</object>
					<object id="lens_grass_1_1307731442920">
						<int id="z">25</int>
						<str id="sprite_class">lens_grass_1</str>
						<int id="h">19</int>
						<int id="w">98</int>
						<str id="name">lens_grass_1_1307725023671</str>
						<int id="x">4563</int>
						<int id="y">755</int>
					</object>
					<object id="lens_grass_1_1308107342111">
						<int id="z">58</int>
						<str id="sprite_class">lens_grass_1</str>
						<int id="h">29</int>
						<int id="w">147</int>
						<str id="name">lens_grass_1_1307725023671</str>
						<int id="x">2294</int>
						<int id="y">819</int>
					</object>
					<object id="lens_grass_1_1308107342128">
						<int id="z">41</int>
						<str id="sprite_class">lens_grass_1</str>
						<int id="h">29</int>
						<int id="w">147</int>
						<str id="name">lens_grass_1_1307725023671</str>
						<int id="x">42</int>
						<int id="y">816</int>
					</object>
					<object id="lens_grass_2_1307725023700">
						<int id="z">1</int>
						<str id="sprite_class">lens_grass_2</str>
						<int id="h">102</int>
						<int id="w">1400</int>
						<int id="r">2</int>
						<str id="name">lens_grass_2_1307725023672</str>
						<int id="x">4658</int>
						<int id="y">838</int>
					</object>
					<object id="lens_grass_2_1307725023693">
						<int id="z">8</int>
						<str id="sprite_class">lens_grass_2</str>
						<int id="h">102</int>
						<int id="w">1400</int>
						<int id="r">2</int>
						<str id="name">lens_grass_2_1307725023672</str>
						<int id="x">388</int>
						<int id="y">853</int>
					</object>
					<object id="lens_grass_1_1308107342118">
						<int id="z">51</int>
						<str id="sprite_class">lens_grass_1</str>
						<int id="h">29</int>
						<int id="w">147</int>
						<str id="name">lens_grass_1_1307725023671</str>
						<int id="x">4966</int>
						<int id="y">824</int>
					</object>
					<object id="lens_grass_1_1307731442899">
						<int id="z">16</int>
						<str id="sprite_class">lens_grass_1</str>
						<int id="h">21</int>
						<int id="w">107</int>
						<str id="name">lens_grass_1_1307725023671</str>
						<int id="x">1228</int>
						<int id="y">795</int>
					</object>
					<object id="lens_grass_1_1307731442919">
						<int id="z">24</int>
						<str id="sprite_class">lens_grass_1</str>
						<int id="h">19</int>
						<int id="w">98</int>
						<str id="name">lens_grass_1_1307725023671</str>
						<int id="x">4509</int>
						<int id="y">750</int>
					</object>
					<object id="lens_grass_2_1308107342132">
						<int id="z">38</int>
						<str id="sprite_class">lens_grass_2</str>
						<int id="h">178</int>
						<int id="w">1763</int>
						<str id="name">lens_grass_2_1307725023672</str>
						<int id="x">3811</int>
						<int id="y">976</int>
					</object>
					<object id="lens_grass_2_1308107342139">
						<int id="z">31</int>
						<str id="sprite_class">lens_grass_2</str>
						<int id="h">178</int>
						<int id="w">1763</int>
						<int id="r">-1</int>
						<str id="name">lens_grass_2_1307725023672</str>
						<int id="x">4202</int>
						<int id="y">943</int>
					</object>
					<object id="pampas_1_1308107342122">
						<int id="z">47</int>
						<str id="sprite_class">pampas_1</str>
						<int id="h">30</int>
						<int id="w">21</int>
						<str id="name">pampas_1_1307731442969</str>
						<int id="x">21</int>
						<int id="y">796</int>
						<bool id="h_flip">true</bool>
					</object>
					<object id="lens_grass_1_1308107342119">
						<int id="z">50</int>
						<str id="sprite_class">lens_grass_1</str>
						<int id="h">29</int>
						<int id="w">147</int>
						<str id="name">lens_grass_1_1307725023671</str>
						<int id="x">5030</int>
						<int id="y">816</int>
					</object>
					<object id="lens_grass_2_1308107342137">
						<int id="z">33</int>
						<str id="sprite_class">lens_grass_2</str>
						<int id="h">178</int>
						<int id="w">1763</int>
						<str id="name">lens_grass_2_1307725023672</str>
						<int id="x">18</int>
						<int id="y">952</int>
					</object>
					<object id="pampas_1_1308107342121">
						<int id="z">48</int>
						<str id="sprite_class">pampas_1</str>
						<int id="h">37</int>
						<int id="w">26</int>
						<str id="name">pampas_1_1307731442969</str>
						<int id="x">4511</int>
						<int id="y">795</int>
						<bool id="h_flip">true</bool>
					</object>
					<object id="pampas_1_1308107342109">
						<int id="z">60</int>
						<str id="sprite_class">pampas_1</str>
						<int id="h">43</int>
						<int id="w">30</int>
						<str id="name">pampas_1_1307731442969</str>
						<int id="x">4576</int>
						<int id="y">808</int>
					</object>
					<object id="lens_grass_1_1307731442914">
						<int id="z">19</int>
						<str id="sprite_class">lens_grass_1</str>
						<int id="h">19</int>
						<int id="w">98</int>
						<str id="name">lens_grass_1_1307725023671</str>
						<int id="x">3104</int>
						<int id="y">778</int>
					</object>
					<object id="lens_grass_1_1308107342114">
						<int id="z">55</int>
						<str id="sprite_class">lens_grass_1</str>
						<int id="h">29</int>
						<int id="w">147</int>
						<str id="name">lens_grass_1_1307725023671</str>
						<int id="x">2261</int>
						<int id="y">803</int>
					</object>
					<object id="lens_grass_2_1307725023699">
						<int id="z">2</int>
						<str id="sprite_class">lens_grass_2</str>
						<int id="h">102</int>
						<int id="w">1400</int>
						<str id="name">lens_grass_2_1307725023672</str>
						<int id="x">4145</int>
						<int id="y">838</int>
					</object>
					<object id="lens_grass_2_1308107342136">
						<int id="z">34</int>
						<str id="sprite_class">lens_grass_2</str>
						<int id="h">178</int>
						<int id="w">1763</int>
						<int id="r">2</int>
						<str id="name">lens_grass_2_1307725023672</str>
						<int id="x">717</int>
						<int id="y">974</int>
					</object>
					<object id="lens_grass_2_1307725023698">
						<int id="z">11</int>
						<str id="sprite_class">lens_grass_2</str>
						<int id="h">102</int>
						<int id="w">1400</int>
						<int id="r">-1</int>
						<str id="name">lens_grass_2_1307725023672</str>
						<int id="x">3650</int>
						<int id="y">868</int>
					</object>
					<object id="tree_acacia_1_1307741552434">
						<int id="z">5</int>
						<str id="sprite_class">tree_acacia_1</str>
						<int id="h">236</int>
						<int id="w">375</int>
						<str id="name">tree_acacia_1_1307731442861</str>
						<int id="x">2468</int>
						<int id="y">769</int>
					</object>
					<object id="lens_grass_1_1308107342112">
						<int id="z">57</int>
						<str id="sprite_class">lens_grass_1</str>
						<int id="h">29</int>
						<int id="w">147</int>
						<str id="name">lens_grass_1_1307725023671</str>
						<int id="x">2111</int>
						<int id="y">819</int>
					</object>
					<object id="lens_grass_2_1307725023694">
						<int id="z">9</int>
						<str id="sprite_class">lens_grass_2</str>
						<int id="h">102</int>
						<int id="w">1400</int>
						<int id="r">3</int>
						<str id="name">lens_grass_2_1307725023672</str>
						<int id="x">1089</int>
						<int id="y">869</int>
					</object>
				</object>
			</object>
		</object>
		<null id="physics"/>
		<null id="img_file_versioned"/>
		<null id="loading_label"/>
		<int id="ground_y">0</int>
		<str id="tsid">LA5138OK0J526HB</str>
		<int id="rookable_type">0</int>
		<str id="swf_file_versioned">http://c2.glitch.bz/locations/groddle1/1341875645.swf</str>
		<object id="gradient">
			<str id="bottom">FFCF54</str>
			<str id="top">678EB8</str>
		</object>
		<object id="sources">
			<int id="LA512V480J52NMN">1</int>
			<int id="LA5145S31J52BA2">1</int>
			<int id="LA5131390J52DJR">1</int>
		</object>
		<str id="music_file"></str>
		<bool id="wall_jump">false</bool>
	</object>
</game_object>
