<game_object tsid="GA513RIT0J52F6P" ts="1337675161045" label="Rube&apos;s Way 1" class_tsid="" lastUpdateTime="1337674966324" upd_gs="gs8" load_time="2012-05-22 01:16:28.946" upd_time="2012-05-22 01:21:37.719">
	<object id="dynamic">
		<int id="l">-3000</int>
		<int id="r">3000</int>
		<int id="t">-1000</int>
		<int id="b">0</int>
		<str id="label">Rube's Way 1</str>
		<str id="swf_file">groddle1.swf</str>
		<object id="layers">
			<object id="T_1307741552438">
				<object id="decos">
					<object id="lens_grass_1_1308179352992">
						<int id="w">593</int>
						<int id="z">3</int>
						<int id="h">79</int>
						<int id="y">1020</int>
						<str id="sprite_class">lens_grass_1</str>
						<str id="name">lens_grass_1_1307987031014</str>
						<int id="x">5926</int>
					</object>
					<object id="pampas_2_1308179353012">
						<int id="w">52</int>
						<int id="z">11</int>
						<int id="r">-25</int>
						<int id="h">80</int>
						<int id="y">954</int>
						<str id="sprite_class">pampas_2</str>
						<str id="name">pampas_2_1307749098499</str>
						<int id="x">165</int>
					</object>
					<object id="pampas_1_1308179353008">
						<int id="w">58</int>
						<int id="z">9</int>
						<int id="h">84</int>
						<int id="y">956</int>
						<str id="sprite_class">pampas_1</str>
						<str id="name">pampas_1_1308179353005</str>
						<int id="x">509</int>
					</object>
					<object id="lens_grass_1_1307987031059">
						<int id="w">365</int>
						<int id="z">16</int>
						<int id="h">60</int>
						<int id="y">988</int>
						<str id="sprite_class">lens_grass_1</str>
						<str id="name">lens_grass_1_1307987031014</str>
						<int id="x">2168</int>
					</object>
					<object id="lens_grass_1_1307987031058">
						<int id="w">365</int>
						<int id="z">17</int>
						<int id="h">90</int>
						<int id="y">1021</int>
						<str id="sprite_class">lens_grass_1</str>
						<str id="name">lens_grass_1_1307987031014</str>
						<int id="x">2405</int>
					</object>
					<object id="lens_grass_1_1308179352928">
						<int id="w">365</int>
						<int id="z">12</int>
						<int id="h">100</int>
						<int id="y">1026</int>
						<str id="sprite_class">lens_grass_1</str>
						<str id="name">lens_grass_1_1307987031014</str>
						<int id="x">59</int>
					</object>
					<object id="lens_grass_1_1307987031053">
						<int id="w">365</int>
						<int id="z">8</int>
						<int id="h">85</int>
						<int id="y">1008</int>
						<str id="sprite_class">lens_grass_1</str>
						<str id="name">lens_grass_1_1307987031014</str>
						<int id="x">673</int>
					</object>
					<object id="pampas_2_1308179353004">
						<int id="w">63</int>
						<int id="z">18</int>
						<int id="h">97</int>
						<int id="y">955</int>
						<str id="sprite_class">pampas_2</str>
						<str id="name">pampas_2_1307749098499</str>
						<int id="x">2019</int>
					</object>
					<object id="lens_grass_1_1308179352945">
						<int id="w">472</int>
						<int id="z">5</int>
						<int id="h">95</int>
						<int id="y">1023</int>
						<str id="sprite_class">lens_grass_1</str>
						<str id="name">lens_grass_1_1307987031014</str>
						<int id="x">3560</int>
					</object>
					<object id="lens_grass_1_1307987031022">
						<int id="w">593</int>
						<int id="z">2</int>
						<int id="h">79</int>
						<int id="y">1004</int>
						<str id="sprite_class">lens_grass_1</str>
						<str id="name">lens_grass_1_1307987031014</str>
						<int id="x">4577</int>
					</object>
					<object id="lens_grass_1_1308179352943">
						<int id="w">515</int>
						<int id="z">20</int>
						<int id="r">3</int>
						<int id="h">106</int>
						<int id="y">1043</int>
						<str id="sprite_class">lens_grass_1</str>
						<str id="name">lens_grass_1_1307987031014</str>
						<int id="x">2083</int>
					</object>
					<object id="pampas_2_1308179353009">
						<int id="w">55</int>
						<int id="z">19</int>
						<int id="r">-30</int>
						<int id="h">85</int>
						<int id="y">955</int>
						<str id="sprite_class">pampas_2</str>
						<str id="name">pampas_2_1307749098499</str>
						<int id="x">2008</int>
					</object>
					<object id="lens_grass_1_1308179352944">
						<int id="w">472</int>
						<int id="z">4</int>
						<int id="h">74</int>
						<int id="y">993</int>
						<str id="sprite_class">lens_grass_1</str>
						<str id="name">lens_grass_1_1307987031014</str>
						<int id="x">3359</int>
					</object>
					<object id="lens_grass_1_1307987031021">
						<int id="w">338</int>
						<int id="z">0</int>
						<int id="r">1</int>
						<int id="h">53</int>
						<int id="y">971</int>
						<str id="sprite_class">lens_grass_1</str>
						<str id="name">lens_grass_1_1307987031014</str>
						<int id="x">5069</int>
					</object>
					<object id="lens_grass_1_1307987031020">
						<int id="w">285</int>
						<int id="z">7</int>
						<int id="h">60</int>
						<int id="y">988</int>
						<str id="sprite_class">lens_grass_1</str>
						<str id="name">lens_grass_1_1307987031014</str>
						<int id="x">5105</int>
					</object>
					<object id="lens_grass_1_1308179352929">
						<int id="w">351</int>
						<int id="z">13</int>
						<int id="h">114</int>
						<int id="y">1061</int>
						<str id="sprite_class">lens_grass_1</str>
						<str id="name">lens_grass_1_1307987031014</str>
						<int id="x">254</int>
					</object>
					<object id="pampas_2_1307749098692">
						<int id="w">45</int>
						<int id="z">6</int>
						<int id="h">69</int>
						<int id="y">963</int>
						<str id="sprite_class">pampas_2</str>
						<str id="name">pampas_2_1307749098499</str>
						<int id="x">4976</int>
					</object>
					<object id="lens_grass_1_1308179352981">
						<int id="w">133</int>
						<int id="z">15</int>
						<int id="r">2</int>
						<int id="h">23</int>
						<int id="y">931</int>
						<str id="sprite_class">lens_grass_1</str>
						<str id="name">lens_grass_1_1307987031014</str>
						<int id="x">2879</int>
					</object>
					<object id="lens_grass_1_1307987031057">
						<int id="w">365</int>
						<int id="z">14</int>
						<int id="h">76</int>
						<int id="y">987</int>
						<str id="sprite_class">lens_grass_1</str>
						<str id="name">lens_grass_1_1307987031014</str>
						<int id="x">2613</int>
					</object>
					<object id="lens_grass_1_1307987031054">
						<int id="w">365</int>
						<int id="z">10</int>
						<int id="h">100</int>
						<int id="y">1042</int>
						<str id="sprite_class">lens_grass_1</str>
						<str id="name">lens_grass_1_1307987031014</str>
						<int id="x">510</int>
					</object>
					<object id="lens_grass_1_1307987031019">
						<int id="w">285</int>
						<int id="z">1</int>
						<int id="h">57</int>
						<int id="y">967</int>
						<str id="sprite_class">lens_grass_1</str>
						<str id="name">lens_grass_1_1307987031014</str>
						<int id="x">4824</int>
					</object>
				</object>
				<str id="name">middleplus</str>
				<int id="w">6000</int>
				<int id="h">1000</int>
				<int id="z">1</int>
				<object id="filtersNEW">
					<object id="contrast">
						<int id="value">0</int>
					</object>
					<object id="brightness">
						<int id="value">9</int>
					</object>
					<object id="saturation">
						<int id="value">18</int>
					</object>
					<object id="tintColor">
						<int id="value">0</int>
					</object>
				</object>
			</object>
			<object id="T_1307741552440">
				<object id="decos">
					<object id="tree_acacia_3_1308179352934">
						<int id="w">288</int>
						<int id="z">20</int>
						<int id="h">132</int>
						<int id="y">791</int>
						<str id="sprite_class">tree_acacia_3</str>
						<str id="name">tree_acacia_3_1307749098496</str>
						<int id="x">348</int>
					</object>
					<object id="lens_grass_1_1307987031045">
						<int id="w">97</int>
						<int id="z">12</int>
						<int id="h">24</int>
						<int id="y">808</int>
						<str id="sprite_class">lens_grass_1</str>
						<str id="name">lens_grass_1_1307987031014</str>
						<int id="x">574</int>
					</object>
					<object id="lens_grass_1_1308179352938">
						<int id="w">125</int>
						<int id="z">47</int>
						<int id="h">20</int>
						<int id="y">816</int>
						<str id="sprite_class">lens_grass_1</str>
						<str id="name">lens_grass_1_1307987031014</str>
						<int id="x">3203</int>
					</object>
					<object id="lens_grass_1_1308179352923">
						<int id="w">125</int>
						<int id="z">42</int>
						<int id="h">20</int>
						<int id="y">799</int>
						<str id="sprite_class">lens_grass_1</str>
						<str id="name">lens_grass_1_1307987031014</str>
						<int id="x">1326</int>
					</object>
					<object id="lens_grass_1_1308179352924">
						<int id="w">125</int>
						<int id="z">43</int>
						<int id="h">20</int>
						<int id="y">798</int>
						<str id="sprite_class">lens_grass_1</str>
						<str id="name">lens_grass_1_1307987031014</str>
						<int id="x">1467</int>
					</object>
					<object id="alakol_water_rock_2_1308179352905">
						<int id="w">79</int>
						<int id="z">40</int>
						<int id="h">21</int>
						<int id="y">797</int>
						<str id="sprite_class">alakol_water_rock_2</str>
						<str id="name">alakol_water_rock_2_1307749098574</str>
						<int id="x">2475</int>
					</object>
					<object id="lens_grass_1_1307741552471">
						<int id="w">1172</int>
						<int id="z">4</int>
						<int id="h">71</int>
						<int id="y">856</int>
						<str id="sprite_class">lens_grass_1</str>
						<str id="name">lens_grass_1_1307741552445</str>
						<int id="x">4124</int>
					</object>
					<object id="lens_grass_1_1307987031063">
						<int id="w">125</int>
						<int id="z">25</int>
						<int id="h">20</int>
						<int id="y">810</int>
						<str id="sprite_class">lens_grass_1</str>
						<str id="name">lens_grass_1_1307987031014</str>
						<int id="x">4341</int>
					</object>
					<object id="lens_grass_1_1308179352925">
						<int id="w">125</int>
						<int id="z">45</int>
						<int id="h">20</int>
						<int id="y">808</int>
						<str id="sprite_class">lens_grass_1</str>
						<str id="name">lens_grass_1_1307987031014</str>
						<int id="x">1456</int>
					</object>
					<object id="lens_grass_1_1307741552469">
						<int id="w">1229</int>
						<int id="z">14</int>
						<int id="h">66</int>
						<int id="y">865</int>
						<str id="sprite_class">lens_grass_1</str>
						<str id="name">lens_grass_1_1307741552445</str>
						<int id="x">3174</int>
					</object>
					<object id="transition_dirt_1_1308179353002">
						<int id="w">35</int>
						<int id="z">16</int>
						<int id="h">5</int>
						<int id="y">805</int>
						<str id="sprite_class">transition_dirt_1</str>
						<str id="name">transition_dirt_1_1308179352967</str>
						<int id="x">5196</int>
					</object>
					<object id="lens_grass_1_1307992844138">
						<int id="w">103</int>
						<int id="z">31</int>
						<int id="h">16</int>
						<int id="y">813</int>
						<str id="sprite_class">lens_grass_1</str>
						<str id="name">lens_grass_1_1307987031014</str>
						<int id="x">3498</int>
					</object>
					<object id="lens_grass_1_1307987031064">
						<int id="w">125</int>
						<int id="z">24</int>
						<int id="h">20</int>
						<int id="y">808</int>
						<str id="sprite_class">lens_grass_1</str>
						<str id="name">lens_grass_1_1307987031014</str>
						<int id="x">4260</int>
					</object>
					<object id="lens_grass_1_1307741552465">
						<int id="w">1317</int>
						<int id="z">9</int>
						<int id="r">1</int>
						<int id="h">86</int>
						<int id="y">861</int>
						<str id="sprite_class">lens_grass_1</str>
						<str id="name">lens_grass_1_1307741552445</str>
						<int id="x">871</int>
					</object>
					<object id="lens_grass_1_1307987031044">
						<int id="w">125</int>
						<int id="z">11</int>
						<int id="h">20</int>
						<int id="y">797</int>
						<str id="sprite_class">lens_grass_1</str>
						<str id="name">lens_grass_1_1307987031014</str>
						<int id="x">583</int>
					</object>
					<object id="alakol_water_rock_2_1308179352918">
						<int id="w">47</int>
						<int id="z">0</int>
						<int id="h">35</int>
						<int id="y">781</int>
						<str id="sprite_class">alakol_water_rock_2</str>
						<str id="name">alakol_water_rock_2_1307749098574</str>
						<int id="x">2579</int>
					</object>
					<object id="tree_acacia_2_1307992844131">
						<int id="w">301</int>
						<int id="z">30</int>
						<int id="h">169</int>
						<int id="y">813</int>
						<str id="sprite_class">tree_acacia_2</str>
						<str id="name">tree_acacia_2_1307749098540</str>
						<int id="x">3836</int>
					</object>
					<object id="transition_dirt_1_1308179353003">
						<int id="w">35</int>
						<int id="z">17</int>
						<int id="h">5</int>
						<int id="y">824</int>
						<str id="sprite_class">transition_dirt_1</str>
						<str id="name">transition_dirt_1_1308179352967</str>
						<int id="x">4853</int>
					</object>
					<object id="lens_grass_1_1307992844141">
						<int id="w">103</int>
						<int id="z">33</int>
						<int id="h">16</int>
						<int id="y">820</int>
						<str id="sprite_class">lens_grass_1</str>
						<str id="name">lens_grass_1_1307987031014</str>
						<int id="x">3608</int>
					</object>
					<object id="lens_grass_2_1307741552466">
						<int id="w">1202</int>
						<int id="z">8</int>
						<int id="h">72</int>
						<int id="y">838</int>
						<str id="sprite_class">lens_grass_2</str>
						<str id="name">lens_grass_2_1307741552444</str>
						<int id="x">232</int>
					</object>
					<object id="lens_grass_1_1307987031067">
						<int id="w">125</int>
						<int id="z">29</int>
						<int id="h">20</int>
						<int id="y">820</int>
						<str id="sprite_class">lens_grass_1</str>
						<str id="name">lens_grass_1_1307987031014</str>
						<int id="x">4785</int>
					</object>
					<object id="lens_grass_2_1307749098467">
						<int id="w">1280</int>
						<int id="z">15</int>
						<int id="r">1</int>
						<int id="h">73</int>
						<int id="y">869</int>
						<str id="sprite_class">lens_grass_2</str>
						<str id="name">lens_grass_2_1307741552444</str>
						<int id="x">4675</int>
					</object>
					<object id="lens_grass_1_1308179352936">
						<int id="w">125</int>
						<int id="z">46</int>
						<int id="h">20</int>
						<int id="y">815</int>
						<str id="sprite_class">lens_grass_1</str>
						<str id="name">lens_grass_1_1307987031014</str>
						<int id="x">3053</int>
					</object>
					<object id="lens_grass_1_1307987031050">
						<int id="w">99</int>
						<int id="z">21</int>
						<int id="h">27</int>
						<int id="y">807</int>
						<str id="sprite_class">lens_grass_1</str>
						<str id="name">lens_grass_1_1307987031014</str>
						<int id="x">302</int>
					</object>
					<object id="transition_dirt_2_1308179353001">
						<int id="w">83</int>
						<int id="z">27</int>
						<int id="h">10</int>
						<int id="y">823</int>
						<str id="sprite_class">transition_dirt_2</str>
						<str id="name">transition_dirt_2_1308179352964</str>
						<int id="x">5444</int>
					</object>
					<object id="lens_grass_1_1307987031066">
						<int id="w">125</int>
						<int id="z">28</int>
						<int id="h">20</int>
						<int id="y">819</int>
						<str id="sprite_class">lens_grass_1</str>
						<str id="name">lens_grass_1_1307987031014</str>
						<int id="x">5414</int>
					</object>
					<object id="lens_grass_1_1307987031051">
						<int id="w">99</int>
						<int id="z">22</int>
						<int id="h">22</int>
						<int id="y">790</int>
						<str id="sprite_class">lens_grass_1</str>
						<str id="name">lens_grass_1_1307987031014</str>
						<int id="x">186</int>
					</object>
					<object id="lens_grass_1_1307987031046">
						<int id="w">97</int>
						<int id="z">13</int>
						<int id="h">24</int>
						<int id="y">815</int>
						<str id="sprite_class">lens_grass_1</str>
						<str id="name">lens_grass_1_1307987031014</str>
						<int id="x">613</int>
					</object>
					<object id="lens_grass_2_1307741552468">
						<int id="w">1392</int>
						<int id="z">6</int>
						<int id="h">75</int>
						<int id="y">855</int>
						<str id="sprite_class">lens_grass_2</str>
						<str id="name">lens_grass_2_1307741552444</str>
						<int id="x">1421</int>
					</object>
					<object id="alakol_cliff_2_1308179352907">
						<int id="w">118</int>
						<int id="z">36</int>
						<int id="r">1</int>
						<int id="h">24</int>
						<int id="y">795</int>
						<str id="sprite_class">alakol_cliff_2</str>
						<str id="name">alakol_cliff_2_1307749098573</str>
						<int id="x">2550</int>
					</object>
					<object id="lens_grass_1_1308179352922">
						<int id="w">125</int>
						<int id="z">41</int>
						<int id="h">20</int>
						<int id="y">793</int>
						<str id="sprite_class">lens_grass_1</str>
						<str id="name">lens_grass_1_1307987031014</str>
						<int id="x">1388</int>
					</object>
					<object id="lens_grass_1_1307987031065">
						<int id="w">125</int>
						<int id="z">26</int>
						<int id="h">20</int>
						<int id="y">814</int>
						<str id="sprite_class">lens_grass_1</str>
						<str id="name">lens_grass_1_1307987031014</str>
						<int id="x">5368</int>
					</object>
					<object id="lens_grass_1_1307987031062">
						<int id="w">125</int>
						<int id="z">23</int>
						<int id="h">20</int>
						<int id="y">803</int>
						<str id="sprite_class">lens_grass_1</str>
						<str id="name">lens_grass_1_1307987031014</str>
						<int id="x">4398</int>
					</object>
					<object id="alakol_water_rock_1_1308179352921">
						<int id="w">30</int>
						<int id="z">39</int>
						<int id="h">23</int>
						<int id="y">796</int>
						<str id="sprite_class">alakol_water_rock_1</str>
						<str id="name">alakol_water_rock_1_1307749098577</str>
						<int id="x">2425</int>
					</object>
					<object id="alakol_water_rock_1_1308179352920">
						<int id="w">24</int>
						<int id="z">38</int>
						<int id="h">15</int>
						<int id="y">799</int>
						<str id="sprite_class">alakol_water_rock_1</str>
						<str id="name">alakol_water_rock_1_1307749098577</str>
						<int id="x">2537</int>
					</object>
					<object id="alakol_water_rock_2_1308179352919">
						<int id="w">63</int>
						<int id="z">1</int>
						<int id="h">13</int>
						<int id="y">774</int>
						<str id="sprite_class">alakol_water_rock_2</str>
						<str id="name">alakol_water_rock_2_1307749098574</str>
						<int id="x">2553</int>
					</object>
					<object id="lens_grass_1_1308179352939">
						<int id="w">85</int>
						<int id="z">49</int>
						<int id="h">18</int>
						<int id="y">814</int>
						<str id="sprite_class">lens_grass_1</str>
						<str id="name">lens_grass_1_1307987031014</str>
						<int id="x">1167</int>
					</object>
					<object id="lens_grass_1_1307987031049">
						<int id="w">117</int>
						<int id="z">18</int>
						<int id="h">17</int>
						<int id="y">785</int>
						<str id="sprite_class">lens_grass_1</str>
						<str id="name">lens_grass_1_1307987031014</str>
						<int id="x">260</int>
					</object>
					<object id="lens_grass_1_1308179352926">
						<int id="w">125</int>
						<int id="z">44</int>
						<int id="h">20</int>
						<int id="y">803</int>
						<str id="sprite_class">lens_grass_1</str>
						<str id="name">lens_grass_1_1307987031014</str>
						<int id="x">1542</int>
					</object>
					<object id="lens_grass_2_1307741552472">
						<int id="w">1242</int>
						<int id="z">3</int>
						<int id="r">-2</int>
						<int id="h">59</int>
						<int id="y">851</int>
						<str id="sprite_class">lens_grass_2</str>
						<str id="name">lens_grass_2_1307741552444</str>
						<int id="x">3671</int>
					</object>
					<object id="transition_dirt_2_1308179352999">
						<int id="w">83</int>
						<int id="z">50</int>
						<int id="h">10</int>
						<int id="y">815</int>
						<str id="sprite_class">transition_dirt_2</str>
						<str id="name">transition_dirt_2_1308179352964</str>
						<int id="x">5131</int>
					</object>
					<object id="lens_grass_2_1307741552470">
						<int id="w">1348</int>
						<int id="z">5</int>
						<int id="r">1</int>
						<int id="h">73</int>
						<int id="y">863</int>
						<str id="sprite_class">lens_grass_2</str>
						<str id="name">lens_grass_2_1307741552444</str>
						<int id="x">2667</int>
					</object>
					<object id="lens_grass_1_1307987031043">
						<int id="w">125</int>
						<int id="z">10</int>
						<int id="h">20</int>
						<int id="y">792</int>
						<str id="sprite_class">lens_grass_1</str>
						<str id="name">lens_grass_1_1307987031014</str>
						<int id="x">517</int>
					</object>
					<object id="lens_grass_1_1308179352937">
						<int id="w">125</int>
						<int id="z">48</int>
						<int id="h">20</int>
						<int id="y">820</int>
						<str id="sprite_class">lens_grass_1</str>
						<str id="name">lens_grass_1_1307987031014</str>
						<int id="x">3117</int>
					</object>
					<object id="lens_grass_1_1307749098466">
						<int id="w">1282</int>
						<int id="z">2</int>
						<int id="r">1</int>
						<int id="h">80</int>
						<int id="y">875</int>
						<str id="sprite_class">lens_grass_1</str>
						<str id="name">lens_grass_1_1307741552445</str>
						<int id="x">5326</int>
					</object>
					<object id="lens_grass_1_1307741552467">
						<int id="w">1426</int>
						<int id="z">7</int>
						<int id="r">1</int>
						<int id="h">77</int>
						<int id="y">860</int>
						<str id="sprite_class">lens_grass_1</str>
						<str id="name">lens_grass_1_1307741552445</str>
						<int id="x">2073</int>
					</object>
					<object id="alakol_water_rock_1_1308179352917">
						<int id="w">36</int>
						<int id="z">37</int>
						<int id="h">23</int>
						<int id="y">800</int>
						<str id="sprite_class">alakol_water_rock_1</str>
						<str id="name">alakol_water_rock_1_1307749098577</str>
						<int id="x">2630</int>
					</object>
					<object id="lens_grass_1_1307992844139">
						<int id="w">103</int>
						<int id="z">32</int>
						<int id="h">16</int>
						<int id="y">816</int>
						<str id="sprite_class">lens_grass_1</str>
						<str id="name">lens_grass_1_1307987031014</str>
						<int id="x">3551</int>
					</object>
					<object id="lens_grass_1_1307992844143">
						<int id="w">103</int>
						<int id="z">34</int>
						<int id="h">16</int>
						<int id="y">821</int>
						<str id="sprite_class">lens_grass_1</str>
						<str id="name">lens_grass_1_1307987031014</str>
						<int id="x">3633</int>
					</object>
					<object id="lens_grass_1_1307987031048">
						<int id="w">97</int>
						<int id="z">19</int>
						<int id="h">24</int>
						<int id="y">793</int>
						<str id="sprite_class">lens_grass_1</str>
						<str id="name">lens_grass_1_1307987031014</str>
						<int id="x">305</int>
					</object>
					<object id="lens_grass_1_1307992844142">
						<int id="w">103</int>
						<int id="z">35</int>
						<int id="h">16</int>
						<int id="y">827</int>
						<str id="sprite_class">lens_grass_1</str>
						<str id="name">lens_grass_1_1307987031014</str>
						<int id="x">3582</int>
					</object>
				</object>
				<str id="name">bg_2</str>
				<int id="w">5640</int>
				<int id="h">1000</int>
				<int id="z">-2</int>
				<object id="filtersNEW">
					<object id="contrast">
						<int id="value">0</int>
					</object>
					<object id="blur">
						<int id="value">2</int>
					</object>
					<object id="brightness">
						<int id="value">20</int>
					</object>
					<object id="saturation">
						<int id="value">10</int>
					</object>
					<object id="tintColor">
						<int id="value">0</int>
					</object>
				</object>
			</object>
			<object id="T_1307741552439">
				<object id="decos">
					<object id="lens_grass_1_1307987031095">
						<int id="w">186</int>
						<int id="z">13</int>
						<int id="h">28</int>
						<int id="y">852</int>
						<str id="sprite_class">lens_grass_1</str>
						<str id="name">lens_grass_1_1307987031014</str>
						<int id="x">1817</int>
					</object>
					<object id="lens_grass_1_1308179352941">
						<int id="w">197</int>
						<int id="z">24</int>
						<int id="h">41</int>
						<int id="y">848</int>
						<str id="sprite_class">lens_grass_1</str>
						<str id="name">lens_grass_1_1307987031014</str>
						<int id="x">991</int>
					</object>
					<object id="lens_grass_1_1307741552461">
						<int id="w">1681</int>
						<int id="z">8</int>
						<int id="h">110</int>
						<int id="y">927</int>
						<str id="sprite_class">lens_grass_1</str>
						<str id="name">lens_grass_1_1307741552445</str>
						<int id="x">3590</int>
					</object>
					<object id="lens_grass_2_1307741552462">
						<int id="w">2075</int>
						<int id="z">7</int>
						<int id="h">97</int>
						<int id="y">913</int>
						<str id="sprite_class">lens_grass_2</str>
						<str id="name">lens_grass_2_1307741552444</str>
						<int id="x">4457</int>
					</object>
					<object id="tree_acacia_2_1308179352933">
						<int id="w">592</int>
						<int id="z">22</int>
						<int id="h">332</int>
						<int id="y">831</int>
						<str id="sprite_class">tree_acacia_2</str>
						<str id="name">tree_acacia_2_1307749098540</str>
						<int id="x">20</int>
					</object>
					<object id="lens_grass_1_1308179352948">
						<int id="w">190</int>
						<int id="z">30</int>
						<int id="h">40</int>
						<int id="y">864</int>
						<str id="sprite_class">lens_grass_1</str>
						<str id="name">lens_grass_1_1307987031014</str>
						<int id="x">4226</int>
					</object>
					<object id="lens_grass_1_1308179352942">
						<int id="w">197</int>
						<int id="z">25</int>
						<int id="h">41</int>
						<int id="y">863</int>
						<str id="sprite_class">lens_grass_1</str>
						<str id="name">lens_grass_1_1307987031014</str>
						<int id="x">1030</int>
					</object>
					<object id="lens_grass_1_1307987031070">
						<int id="w">241</int>
						<int id="z">17</int>
						<int id="h">39</int>
						<int id="y">859</int>
						<str id="sprite_class">lens_grass_1</str>
						<str id="name">lens_grass_1_1307987031014</str>
						<int id="x">4742</int>
					</object>
					<object id="alakol_water_rock_1_1308179352956">
						<int id="w">109</int>
						<int id="z">33</int>
						<int id="h">111</int>
						<int id="y">859</int>
						<str id="sprite_class">alakol_water_rock_1</str>
						<str id="name">alakol_water_rock_1_1307749098577</str>
						<int id="x">3073</int>
					</object>
					<object id="lens_grass_1_1307987031040">
						<int id="w">190</int>
						<int id="z">10</int>
						<int id="h">28</int>
						<int id="y">836</int>
						<str id="sprite_class">lens_grass_1</str>
						<str id="name">lens_grass_1_1307987031014</str>
						<int id="x">2704</int>
					</object>
					<object id="lens_grass_1_1308179352949">
						<int id="w">190</int>
						<int id="z">31</int>
						<int id="h">40</int>
						<int id="y">878</int>
						<str id="sprite_class">lens_grass_1</str>
						<str id="name">lens_grass_1_1307987031014</str>
						<int id="x">4256</int>
					</object>
					<object id="lens_grass_1_1308179352961">
						<int id="w">190</int>
						<int id="z">37</int>
						<int id="h">40</int>
						<int id="y">890</int>
						<str id="sprite_class">lens_grass_1</str>
						<str id="name">lens_grass_1_1307987031014</str>
						<int id="x">3219</int>
					</object>
					<object id="lens_grass_1_1308179352959">
						<int id="w">190</int>
						<int id="z">35</int>
						<int id="h">40</int>
						<int id="y">863</int>
						<str id="sprite_class">lens_grass_1</str>
						<str id="name">lens_grass_1_1307987031014</str>
						<int id="x">2901</int>
					</object>
					<object id="lens_grass_1_1307987031039">
						<int id="w">190</int>
						<int id="z">11</int>
						<int id="h">40</int>
						<int id="y">852</int>
						<str id="sprite_class">lens_grass_1</str>
						<str id="name">lens_grass_1_1307987031014</str>
						<int id="x">2785</int>
					</object>
					<object id="lens_grass_1_1307741552463">
						<int id="w">1718</int>
						<int id="z">9</int>
						<int id="r">-1</int>
						<int id="h">89</int>
						<int id="y">912</int>
						<str id="sprite_class">lens_grass_1</str>
						<str id="name">lens_grass_1_1307741552445</str>
						<int id="x">5299</int>
					</object>
					<object id="tree_acacia_1_1307992844130">
						<int id="w">521</int>
						<int id="z">21</int>
						<int id="h">325</int>
						<int id="y">835</int>
						<str id="sprite_class">tree_acacia_1</str>
						<str id="name">tree_acacia_1_1307749098541</str>
						<int id="x">3565</int>
					</object>
					<object id="lens_grass_1_1308179352898">
						<int id="w">241</int>
						<int id="z">18</int>
						<int id="h">39</int>
						<int id="y">860</int>
						<str id="sprite_class">lens_grass_1</str>
						<str id="name">lens_grass_1_1307987031014</str>
						<int id="x">5765</int>
					</object>
					<object id="lens_grass_1_1307987031031">
						<int id="w">190</int>
						<int id="z">4</int>
						<int id="h">40</int>
						<int id="y">884</int>
						<str id="sprite_class">lens_grass_1</str>
						<str id="name">lens_grass_1_1307987031014</str>
						<int id="x">2477</int>
					</object>
					<object id="lens_grass_1_1307987031032">
						<int id="w">190</int>
						<int id="z">5</int>
						<int id="h">40</int>
						<int id="y">897</int>
						<str id="sprite_class">lens_grass_1</str>
						<str id="name">lens_grass_1_1307987031014</str>
						<int id="x">2332</int>
					</object>
					<object id="lens_grass_1_1308179352960">
						<int id="w">190</int>
						<int id="z">36</int>
						<int id="h">40</int>
						<int id="y">875</int>
						<str id="sprite_class">lens_grass_1</str>
						<str id="name">lens_grass_1_1307987031014</str>
						<int id="x">3127</int>
					</object>
					<object id="lens_grass_1_1307987031033">
						<int id="w">190</int>
						<int id="z">6</int>
						<int id="h">40</int>
						<int id="y">904</int>
						<str id="sprite_class">lens_grass_1</str>
						<str id="name">lens_grass_1_1307987031014</str>
						<int id="x">2237</int>
					</object>
					<object id="lens_grass_1_1307741552459">
						<int id="w">1578</int>
						<int id="z">3</int>
						<int id="h">104</int>
						<int id="y">911</int>
						<str id="sprite_class">lens_grass_1</str>
						<str id="name">lens_grass_1_1307741552445</str>
						<int id="x">1745</int>
					</object>
					<object id="lens_grass_1_1307741552458">
						<int id="w">1626</int>
						<int id="z">1</int>
						<int id="h">110</int>
						<int id="y">918</int>
						<str id="sprite_class">lens_grass_1</str>
						<str id="name">lens_grass_1_1307741552445</str>
						<int id="x">207</int>
					</object>
					<object id="transition_dirt_2_1308179352995">
						<int id="w">174</int>
						<int id="z">16</int>
						<int id="h">21</int>
						<int id="y">862</int>
						<str id="sprite_class">transition_dirt_2</str>
						<str id="name">transition_dirt_2_1308179352964</str>
						<int id="x">4882</int>
					</object>
					<object id="lens_grass_1_1308179352947">
						<int id="w">190</int>
						<int id="z">28</int>
						<int id="h">40</int>
						<int id="y">852</int>
						<str id="sprite_class">lens_grass_1</str>
						<str id="name">lens_grass_1_1307987031014</str>
						<int id="x">4138</int>
					</object>
					<object id="lens_grass_1_1307987031042">
						<int id="w">186</int>
						<int id="z">12</int>
						<int id="h">28</int>
						<int id="y">842</int>
						<str id="sprite_class">lens_grass_1</str>
						<str id="name">lens_grass_1_1307987031014</str>
						<int id="x">1876</int>
					</object>
					<object id="transition_dirt_1_1308179352997">
						<int id="w">98</int>
						<int id="z">29</int>
						<int id="h">15</int>
						<int id="y">857</int>
						<str id="sprite_class">transition_dirt_1</str>
						<str id="name">transition_dirt_1_1308179352967</str>
						<int id="x">4317</int>
					</object>
					<object id="lens_grass_2_1307741552460">
						<int id="w">1612</int>
						<int id="z">2</int>
						<int id="h">95</int>
						<int id="y">907</int>
						<str id="sprite_class">lens_grass_2</str>
						<str id="name">lens_grass_2_1307741552444</str>
						<int id="x">2620</int>
					</object>
					<object id="alakol_water_rock_2_1308179352957">
						<int id="w">195</int>
						<int id="z">32</int>
						<int id="h">75</int>
						<int id="y">848</int>
						<str id="sprite_class">alakol_water_rock_2</str>
						<str id="name">alakol_water_rock_2_1307749098574</str>
						<int id="x">2986</int>
					</object>
					<object id="lens_grass_1_1308179352946">
						<int id="w">190</int>
						<int id="z">27</int>
						<int id="h">40</int>
						<int id="y">850</int>
						<str id="sprite_class">lens_grass_1</str>
						<str id="name">lens_grass_1_1307987031014</str>
						<int id="x">3506</int>
					</object>
					<object id="lens_grass_1_1307987031069">
						<int id="w">241</int>
						<int id="z">15</int>
						<int id="h">39</int>
						<int id="y">850</int>
						<str id="sprite_class">lens_grass_1</str>
						<str id="name">lens_grass_1_1307987031014</str>
						<int id="x">4662</int>
					</object>
					<object id="transition_dirt_1_1308179352998">
						<int id="w">98</int>
						<int id="z">26</int>
						<int id="r">2</int>
						<int id="h">10</int>
						<int id="y">853</int>
						<str id="sprite_class">transition_dirt_1</str>
						<str id="name">transition_dirt_1_1308179352967</str>
						<int id="x">3535</int>
					</object>
					<object id="lens_grass_1_1307987031052">
						<int id="w">213</int>
						<int id="z">14</int>
						<int id="h">45</int>
						<int id="y">856</int>
						<str id="sprite_class">lens_grass_1</str>
						<str id="name">lens_grass_1_1307987031014</str>
						<int id="x">3</int>
					</object>
					<object id="lens_grass_1_1308179352940">
						<int id="w">197</int>
						<int id="z">23</int>
						<int id="h">41</int>
						<int id="y">840</int>
						<str id="sprite_class">lens_grass_1</str>
						<str id="name">lens_grass_1_1307987031014</str>
						<int id="x">861</int>
					</object>
					<object id="lens_grass_2_1307741552457">
						<int id="w">1670</int>
						<int id="z">0</int>
						<int id="h">99</int>
						<int id="y">904</int>
						<str id="sprite_class">lens_grass_2</str>
						<str id="name">lens_grass_2_1307741552444</str>
						<int id="x">977</int>
					</object>
					<object id="lens_grass_1_1308179352900">
						<int id="w">241</int>
						<int id="z">20</int>
						<int id="h">39</int>
						<int id="y">890</int>
						<str id="sprite_class">lens_grass_1</str>
						<str id="name">lens_grass_1_1307987031014</str>
						<int id="x">5810</int>
					</object>
					<object id="lens_grass_1_1308179352899">
						<int id="w">241</int>
						<int id="z">19</int>
						<int id="h">39</int>
						<int id="y">871</int>
						<str id="sprite_class">lens_grass_1</str>
						<str id="name">lens_grass_1_1307987031014</str>
						<int id="x">5840</int>
					</object>
				</object>
				<str id="name">bg_1</str>
				<int id="w">5820</int>
				<int id="h">1000</int>
				<int id="z">-1</int>
				<object id="filtersNEW">
					<object id="contrast">
						<int id="value">0</int>
					</object>
					<object id="brightness">
						<int id="value">13</int>
					</object>
					<object id="saturation">
						<int id="value">13</int>
					</object>
					<object id="tintColor">
						<int id="value">0</int>
					</object>
				</object>
			</object>
			<object id="middleground">
				<object id="decos">
					<object id="transition_dirt_1_1308179352993">
						<int id="w">157</int>
						<int id="z">36</int>
						<int id="h">30</int>
						<int id="y">6</int>
						<str id="sprite_class">transition_dirt_1</str>
						<str id="name">transition_dirt_1_1308179352967</str>
						<int id="x">2649</int>
					</object>
					<object id="lens_grass_2_1307741552455">
						<int id="w">2108</int>
						<int id="z">12</int>
						<int id="h">161</int>
						<int id="y">93</int>
						<str id="sprite_class">lens_grass_2</str>
						<str id="name">lens_grass_2_1307741552444</str>
						<int id="x">-158</int>
					</object>
					<object id="transition_dirt_3_1308179352976">
						<int id="w">235</int>
						<int id="z">29</int>
						<int id="r">4</int>
						<int id="h">36</int>
						<int id="y">-75</int>
						<str id="sprite_class">transition_dirt_3</str>
						<str id="name">transition_dirt_3_1308179352966</str>
						<int id="x">-41</int>
					</object>
					<object id="transition_dirt_1_1308179352988">
						<int id="w">98</int>
						<int id="z">35</int>
						<int id="h">15</int>
						<int id="y">-11</int>
						<str id="sprite_class">transition_dirt_1</str>
						<str id="name">transition_dirt_1_1308179352967</str>
						<int id="x">2399</int>
					</object>
					<object id="lens_grass_2_1307741552449">
						<int id="w">2108</int>
						<int id="z">11</int>
						<int id="h">161</int>
						<int id="y">90</int>
						<str id="sprite_class">lens_grass_2</str>
						<str id="name">lens_grass_2_1307741552444</str>
						<int id="x">1543</int>
					</object>
					<object id="lens_grass_1_1307741552448">
						<int id="w">2026</int>
						<int id="z">10</int>
						<int id="h">202</int>
						<int id="y">77</int>
						<str id="sprite_class">lens_grass_1</str>
						<str id="name">lens_grass_1_1307741552445</str>
						<int id="x">555</int>
					</object>
					<object id="tree_acacia_1_1308179352930">
						<int id="w">1021</int>
						<int id="z">17</int>
						<int id="h">639</int>
						<int id="y">-99</int>
						<str id="sprite_class">tree_acacia_1</str>
						<str id="name">tree_acacia_1_1308179352930</str>
						<int id="x">-1646</int>
					</object>
					<object id="transition_dirt_1_1308179352967">
						<int id="w">98</int>
						<int id="z">24</int>
						<int id="h">20</int>
						<int id="y">-92</int>
						<str id="sprite_class">transition_dirt_1</str>
						<str id="name">transition_dirt_1_1308179352967</str>
						<int id="x">818</int>
					</object>
					<object id="transition_dirt_2_1308179352987">
						<int id="w">292</int>
						<int id="z">14</int>
						<int id="h">36</int>
						<int id="y">-75</int>
						<str id="sprite_class">transition_dirt_2</str>
						<str id="name">transition_dirt_2_1308179352964</str>
						<int id="x">2661</int>
					</object>
					<object id="transition_dirt_3_1308179352963">
						<int id="w">255</int>
						<int id="z">19</int>
						<int id="h">45</int>
						<int id="y">1</int>
						<str id="sprite_class">transition_dirt_3</str>
						<str id="name">transition_dirt_3_1308179352962</str>
						<int id="x">277</int>
					</object>
					<object id="lens_grass_2_1307741552447">
						<int id="w">2108</int>
						<int id="z">6</int>
						<int id="h">161</int>
						<int id="y">25</int>
						<str id="sprite_class">lens_grass_2</str>
						<str id="name">lens_grass_2_1307741552444</str>
						<int id="x">-73</int>
					</object>
					<object id="lens_grass_1_1308179352974">
						<int id="w">138</int>
						<int id="z">26</int>
						<int id="h">24</int>
						<int id="y">-107</int>
						<str id="sprite_class">lens_grass_1</str>
						<str id="name">lens_grass_1_1307987031014</str>
						<int id="x">1226</int>
					</object>
					<object id="lens_grass_1_1307741552445">
						<int id="w">2026</int>
						<int id="z">8</int>
						<int id="h">202</int>
						<int id="y">68</int>
						<str id="sprite_class">lens_grass_1</str>
						<str id="name">lens_grass_1_1307741552445</str>
						<int id="x">-1389</int>
					</object>
					<object id="transition_dirt_3_1308179352962">
						<int id="w">255</int>
						<int id="z">18</int>
						<int id="h">45</int>
						<int id="y">9</int>
						<str id="sprite_class">transition_dirt_3</str>
						<str id="name">transition_dirt_3_1308179352962</str>
						<int id="x">-390</int>
					</object>
					<object id="lens_grass_2_1307741552452">
						<int id="w">2108</int>
						<int id="z">3</int>
						<int id="h">151</int>
						<int id="y">18</int>
						<str id="sprite_class">lens_grass_2</str>
						<str id="name">lens_grass_2_1307741552444</str>
						<int id="x">2875</int>
					</object>
					<object id="lens_grass_2_1307741552444">
						<int id="w">2108</int>
						<int id="z">7</int>
						<int id="h">161</int>
						<int id="y">19</int>
						<str id="sprite_class">lens_grass_2</str>
						<str id="name">lens_grass_2_1307741552444</str>
						<int id="x">-2527</int>
					</object>
					<object id="lens_grass_2_1307741552450">
						<int id="w">2108</int>
						<int id="z">5</int>
						<int id="r">2</int>
						<int id="h">161</int>
						<int id="y">52</int>
						<str id="sprite_class">lens_grass_2</str>
						<str id="name">lens_grass_2_1307741552444</str>
						<int id="x">1593</int>
					</object>
					<object id="lens_grass_2_1307741552454">
						<int id="w">2108</int>
						<int id="z">2</int>
						<int id="h">161</int>
						<int id="y">23</int>
						<str id="sprite_class">lens_grass_2</str>
						<str id="name">lens_grass_2_1307741552444</str>
						<int id="x">1694</int>
					</object>
					<object id="transition_dirt_1_1308179352972">
						<int id="w">98</int>
						<int id="z">25</int>
						<int id="h">20</int>
						<int id="y">-39</int>
						<str id="sprite_class">transition_dirt_1</str>
						<str id="name">transition_dirt_1_1308179352967</str>
						<int id="x">1175</int>
					</object>
					<object id="lens_grass_2_1307741552453">
						<int id="w">2108</int>
						<int id="z">1</int>
						<int id="h">161</int>
						<int id="y">21</int>
						<str id="sprite_class">lens_grass_2</str>
						<str id="name">lens_grass_2_1307741552444</str>
						<int id="x">1004</int>
					</object>
					<object id="lens_grass_1_1308179352897">
						<int id="w">285</int>
						<int id="z">15</int>
						<int id="r">1</int>
						<int id="h">55</int>
						<int id="y">-95</int>
						<str id="sprite_class">lens_grass_1</str>
						<str id="name">lens_grass_1_1307987031014</str>
						<int id="x">2636</int>
					</object>
					<object id="lens_topper_1_1308179352984">
						<int id="w">67</int>
						<int id="z">33</int>
						<int id="h">12</int>
						<int id="y">-117</int>
						<str id="sprite_class">lens_topper_1</str>
						<str id="name">lens_topper_1_1308179352984</str>
						<int id="x">-14</int>
					</object>
					<object id="lens_grass_1_1308179352973">
						<int id="w">386</int>
						<int id="z">28</int>
						<int id="h">40</int>
						<int id="y">-94</int>
						<str id="sprite_class">lens_grass_1</str>
						<str id="name">lens_grass_1_1307987031014</str>
						<int id="x">1014</int>
					</object>
					<object id="pampas_1_1308179353006">
						<int id="w">51</int>
						<int id="z">37</int>
						<int id="h">74</int>
						<int id="y">-104</int>
						<str id="sprite_class">pampas_1</str>
						<str id="name">pampas_1_1308179353005</str>
						<int id="x">-1604</int>
					</object>
					<object id="lens_grass_1_1308179352896">
						<int id="w">285</int>
						<int id="z">16</int>
						<int id="r">3</int>
						<int id="h">55</int>
						<int id="y">-87</int>
						<str id="sprite_class">lens_grass_1</str>
						<str id="name">lens_grass_1_1307987031014</str>
						<int id="x">2537</int>
					</object>
					<object id="lens_grass_2_1307741552456">
						<int id="w">2108</int>
						<int id="z">0</int>
						<int id="h">161</int>
						<int id="y">17</int>
						<str id="sprite_class">lens_grass_2</str>
						<str id="name">lens_grass_2_1307741552444</str>
						<int id="x">-1995</int>
					</object>
					<object id="lens_grass_1_1308179352983">
						<int id="w">142</int>
						<int id="z">32</int>
						<int id="h">37</int>
						<int id="y">-104</int>
						<str id="sprite_class">lens_grass_1</str>
						<str id="name">lens_grass_1_1307987031014</str>
						<int id="x">-81</int>
					</object>
					<object id="transition_dirt_3_1308179352989">
						<int id="w">235</int>
						<int id="z">34</int>
						<int id="h">26</int>
						<int id="y">-17</int>
						<str id="sprite_class">transition_dirt_3</str>
						<str id="name">transition_dirt_3_1308179352966</str>
						<int id="x">2228</int>
					</object>
					<object id="transition_dirt_3_1308179352966">
						<int id="w">235</int>
						<int id="z">22</int>
						<int id="h">36</int>
						<int id="y">-63</int>
						<str id="sprite_class">transition_dirt_3</str>
						<str id="name">transition_dirt_3_1308179352966</str>
						<int id="x">997</int>
					</object>
					<object id="lens_grass_2_1307741552451">
						<int id="w">2108</int>
						<int id="z">4</int>
						<int id="h">161</int>
						<int id="y">33</int>
						<str id="sprite_class">lens_grass_2</str>
						<str id="name">lens_grass_2_1307741552444</str>
						<int id="x">2285</int>
					</object>
					<object id="transition_dirt_2_1308179352986">
						<int id="w">292</int>
						<int id="z">13</int>
						<int id="h">36</int>
						<int id="y">-87</int>
						<str id="sprite_class">transition_dirt_2</str>
						<str id="name">transition_dirt_2_1308179352964</str>
						<int id="x">2707</int>
					</object>
					<object id="lens_grass_1_1308179352982">
						<int id="w">142</int>
						<int id="z">31</int>
						<int id="h">32</int>
						<int id="y">-102</int>
						<str id="sprite_class">lens_grass_1</str>
						<str id="name">lens_grass_1_1307987031014</str>
						<int id="x">22</int>
					</object>
					<object id="lens_grass_2_1307741552446">
						<int id="w">2108</int>
						<int id="z">9</int>
						<int id="h">161</int>
						<int id="y">92</int>
						<str id="sprite_class">lens_grass_2</str>
						<str id="name">lens_grass_2_1307741552444</str>
						<int id="x">-359</int>
					</object>
					<object id="transition_dirt_2_1308179352964">
						<int id="w">292</int>
						<int id="z">20</int>
						<int id="h">36</int>
						<int id="y">-16</int>
						<str id="sprite_class">transition_dirt_2</str>
						<str id="name">transition_dirt_2_1308179352964</str>
						<int id="x">1920</int>
					</object>
					<object id="transition_dirt_2_1308179352965">
						<int id="w">292</int>
						<int id="z">21</int>
						<int id="h">36</int>
						<int id="y">-75</int>
						<str id="sprite_class">transition_dirt_2</str>
						<str id="name">transition_dirt_2_1308179352964</str>
						<int id="x">1217</int>
					</object>
					<object id="transition_dirt_3_1308783223448">
						<int id="w">235</int>
						<int id="z">23</int>
						<int id="h">36</int>
						<int id="y">-58</int>
						<str id="sprite_class">transition_dirt_3</str>
						<str id="name">transition_dirt_3_1308179352966</str>
						<int id="x">1259</int>
					</object>
					<object id="transition_dirt_1_1308179352980">
						<int id="w">98</int>
						<int id="z">30</int>
						<int id="h">20</int>
						<int id="y">-62</int>
						<str id="sprite_class">transition_dirt_1</str>
						<str id="name">transition_dirt_1_1308179352967</str>
						<int id="x">-50</int>
					</object>
					<object id="lens_grass_1_1308179352975">
						<int id="w">138</int>
						<int id="z">27</int>
						<int id="h">27</int>
						<int id="y">-99</int>
						<str id="sprite_class">lens_grass_1</str>
						<str id="name">lens_grass_1_1307987031014</str>
						<int id="x">1324</int>
					</object>
				</object>
				<int id="h">1000</int>
				<object id="signposts">
					<object id="signpost_1">
						<int id="y">-82</int>
						<int id="h">200</int>
						<str id="id">signpost_1</str>
						<int id="w">100</int>
						<int id="x">2768</int>
						<object id="connects">
							<object id="0">
								<str id="hub_id">91</str>
								<int id="x">-2700</int>
								<str id="mote_id">9</str>
								<int id="y">-407</int>
								<str id="swf_file_versioned">http://c2.glitch.bz/locations/groddle1/1317079592.swf</str>
								<objref id="target" tsid="LA5143921J52F9U" label="Rube&apos;s Way 2"/>
							</object>
						</object>
					</object>
				</object>
				<object id="filtersNEW">
					<object id="contrast">
						<int id="value">0</int>
					</object>
					<object id="brightness">
						<int id="value">9</int>
					</object>
					<object id="saturation">
						<int id="value">18</int>
					</object>
					<object id="tintColor">
						<int id="value">0</int>
					</object>
				</object>
				<object id="platform_lines">
					<object id="plat_1307749098678">
						<int id="platform_item_perm">-1</int>
						<object id="start">
							<int id="y">-91</int>
							<int id="x">60</int>
						</object>
						<object id="end">
							<int id="y">-84</int>
							<int id="x">214</int>
						</object>
						<int id="platform_pc_perm">-1</int>
					</object>
					<object id="plat_1308179352969">
						<int id="platform_item_perm">-1</int>
						<object id="start">
							<int id="y">-91</int>
							<int id="x">1097</int>
						</object>
						<object id="end">
							<int id="y">-85</int>
							<int id="x">1156</int>
						</object>
						<int id="platform_pc_perm">-1</int>
					</object>
					<object id="plat_1307749098680">
						<int id="platform_item_perm">-1</int>
						<object id="start">
							<int id="y">-84</int>
							<int id="x">214</int>
						</object>
						<object id="end">
							<int id="y">-88</int>
							<int id="x">380</int>
						</object>
						<int id="platform_pc_perm">-1</int>
					</object>
					<object id="plat_1307749098676">
						<int id="platform_item_perm">-1</int>
						<object id="start">
							<int id="y">-78</int>
							<int id="x">-1007</int>
						</object>
						<object id="end">
							<int id="y">-80</int>
							<int id="x">-640</int>
						</object>
						<int id="platform_pc_perm">-1</int>
					</object>
					<object id="plat_1308179352990">
						<int id="platform_item_perm">-1</int>
						<object id="start">
							<int id="y">-74</int>
							<int id="x">2372</int>
						</object>
						<object id="end">
							<int id="y">-60</int>
							<int id="x">2596</int>
						</object>
						<int id="platform_pc_perm">-1</int>
					</object>
					<object id="plat_1308179352971">
						<int id="platform_item_perm">-1</int>
						<object id="start">
							<int id="y">-70</int>
							<int id="x">923</int>
						</object>
						<object id="end">
							<int id="y">-81</int>
							<int id="x">1067</int>
						</object>
						<int id="platform_pc_perm">-1</int>
					</object>
					<object id="plat_1307749098671">
						<int id="platform_item_perm">-1</int>
						<object id="start">
							<int id="y">-75</int>
							<int id="x">-1833</int>
						</object>
						<object id="end">
							<int id="y">-49</int>
							<int id="x">-1625</int>
						</object>
						<int id="platform_pc_perm">-1</int>
					</object>
					<object id="plat_1308179352968">
						<int id="platform_item_perm">-1</int>
						<object id="start">
							<int id="y">-85</int>
							<int id="x">1156</int>
						</object>
						<object id="end">
							<int id="y">-93</int>
							<int id="x">1341</int>
						</object>
						<int id="platform_pc_perm">-1</int>
					</object>
					<object id="plat_1307749098669">
						<int id="platform_item_perm">-1</int>
						<object id="start">
							<int id="y">-71</int>
							<int id="x">-2617</int>
						</object>
						<object id="end">
							<int id="y">-84</int>
							<int id="x">-2190</int>
						</object>
						<int id="platform_pc_perm">-1</int>
					</object>
					<object id="plat_1307749098681">
						<int id="platform_item_perm">-1</int>
						<object id="start">
							<int id="y">-88</int>
							<int id="x">380</int>
						</object>
						<object id="end">
							<int id="y">-70</int>
							<int id="x">923</int>
						</object>
						<int id="platform_pc_perm">-1</int>
					</object>
					<object id="plat_1307749098668">
						<int id="platform_item_perm">-1</int>
						<object id="start">
							<int id="y">-85</int>
							<int id="x">-2999</int>
						</object>
						<object id="end">
							<int id="y">-71</int>
							<int id="x">-2617</int>
						</object>
						<int id="platform_pc_perm">-1</int>
					</object>
					<object id="plat_1307749098674">
						<int id="platform_item_perm">-1</int>
						<object id="start">
							<int id="y">-49</int>
							<int id="x">-1625</int>
						</object>
						<object id="end">
							<int id="y">-73</int>
							<int id="x">-1146</int>
						</object>
						<int id="platform_pc_perm">-1</int>
					</object>
					<object id="plat_1308179352978">
						<int id="platform_item_perm">-1</int>
						<object id="start">
							<int id="y">-98</int>
							<int id="x">-119</int>
						</object>
						<object id="end">
							<int id="y">-87</int>
							<int id="x">-24</int>
						</object>
						<int id="platform_pc_perm">-1</int>
					</object>
					<object id="plat_1307749098675">
						<int id="platform_item_perm">-1</int>
						<object id="start">
							<int id="y">-73</int>
							<int id="x">-1146</int>
						</object>
						<object id="end">
							<int id="y">-78</int>
							<int id="x">-1007</int>
						</object>
						<int id="platform_pc_perm">-1</int>
					</object>
					<object id="plat_1307749098686">
						<int id="platform_item_perm">-1</int>
						<object id="start">
							<int id="y">-111</int>
							<int id="x">1590</int>
						</object>
						<object id="end">
							<int id="y">-74</int>
							<int id="x">2372</int>
						</object>
						<int id="platform_pc_perm">-1</int>
					</object>
					<object id="plat_1308179352991">
						<int id="platform_item_perm">-1</int>
						<object id="start">
							<int id="y">-60</int>
							<int id="x">2596</int>
						</object>
						<object id="end">
							<int id="y">-75</int>
							<int id="x">2999</int>
						</object>
						<int id="platform_pc_perm">-1</int>
					</object>
					<object id="plat_1307749098677">
						<int id="platform_item_perm">-1</int>
						<object id="start">
							<int id="y">-80</int>
							<int id="x">-640</int>
						</object>
						<object id="end">
							<int id="y">-104</int>
							<int id="x">-242</int>
						</object>
						<int id="platform_pc_perm">-1</int>
					</object>
					<object id="plat_1307749098685">
						<int id="platform_item_perm">-1</int>
						<object id="start">
							<int id="y">-93</int>
							<int id="x">1341</int>
						</object>
						<object id="end">
							<int id="y">-111</int>
							<int id="x">1590</int>
						</object>
						<int id="platform_pc_perm">-1</int>
					</object>
					<object id="plat_1308179352977">
						<int id="platform_item_perm">-1</int>
						<object id="start">
							<int id="y">-87</int>
							<int id="x">-24</int>
						</object>
						<object id="end">
							<int id="y">-91</int>
							<int id="x">60</int>
						</object>
						<int id="platform_pc_perm">-1</int>
					</object>
					<object id="plat_1307749098670">
						<int id="platform_item_perm">-1</int>
						<object id="start">
							<int id="y">-84</int>
							<int id="x">-2190</int>
						</object>
						<object id="end">
							<int id="y">-75</int>
							<int id="x">-1833</int>
						</object>
						<int id="platform_pc_perm">-1</int>
					</object>
					<object id="plat_1308179352970">
						<int id="platform_item_perm">-1</int>
						<object id="start">
							<int id="y">-81</int>
							<int id="x">1067</int>
						</object>
						<object id="end">
							<int id="y">-91</int>
							<int id="x">1097</int>
						</object>
						<int id="platform_pc_perm">-1</int>
					</object>
					<object id="plat_1308179352979">
						<int id="platform_item_perm">-1</int>
						<object id="start">
							<int id="y">-104</int>
							<int id="x">-242</int>
						</object>
						<object id="end">
							<int id="y">-98</int>
							<int id="x">-119</int>
						</object>
						<int id="platform_pc_perm">-1</int>
					</object>
				</object>
				<object id="walls">
				</object>
				<object id="targets">
				</object>
				<str id="name">middleground</str>
				<object id="boxes">
				</object>
				<object id="doors">
				</object>
				<int id="w">6000</int>
				<object id="ladders">
				</object>
				<int id="z">0</int>
			</object>
			<object id="T_1307741552441">
				<object id="decos">
					<object id="cloud_fluffy_1_1307984015706">
						<int id="w">539</int>
						<int id="z">13</int>
						<int id="h">59</int>
						<int id="y">748</int>
						<str id="sprite_class">cloud_fluffy_1</str>
						<str id="name">cloud_fluffy_1_1307749098737</str>
						<int id="x">3601</int>
					</object>
					<object id="mountain_trees_darker_1_1307987031101">
						<int id="w">454</int>
						<int id="z">0</int>
						<int id="r">1</int>
						<int id="h">72</int>
						<int id="y">799</int>
						<str id="sprite_class">mountain_trees_darker_1</str>
						<str id="name">mountain_trees_darker_1_1307749098702</str>
						<int id="x">3697</int>
					</object>
					<object id="cloud_fluffy_2_1308107342108">
						<int id="w">1384</int>
						<int id="z">9</int>
						<int id="h">29</int>
						<int id="y">722</int>
						<str id="sprite_class">cloud_fluffy_2</str>
						<str id="name">cloud_fluffy_2_1307749098529</str>
						<int id="x">3909</int>
					</object>
					<object id="heights_bush_4_1308179352901">
						<int id="w">537</int>
						<int id="z">6</int>
						<int id="r">3</int>
						<int id="h">28</int>
						<int id="y">756</int>
						<str id="sprite_class">heights_bush_4</str>
						<str id="name">heights_bush_4_1307741552494</str>
						<int id="x">39</int>
					</object>
					<object id="cloud_fluffy_2_1307984015711">
						<int id="w">1384</int>
						<int id="z">8</int>
						<int id="h">46</int>
						<int id="y">768</int>
						<str id="sprite_class">cloud_fluffy_2</str>
						<str id="name">cloud_fluffy_2_1307749098529</str>
						<int id="x">4619</int>
					</object>
					<object id="heights_bush_4_1307749098700">
						<int id="w">537</int>
						<int id="z">5</int>
						<int id="r">-1</int>
						<int id="h">28</int>
						<int id="y">769</int>
						<str id="sprite_class">heights_bush_4</str>
						<str id="name">heights_bush_4_1307741552494</str>
						<int id="x">366</int>
					</object>
					<object id="cloud_fluffy_2_1307984015710">
						<int id="w">1372</int>
						<int id="z">10</int>
						<int id="h">46</int>
						<int id="y">753</int>
						<str id="sprite_class">cloud_fluffy_2</str>
						<str id="name">cloud_fluffy_2_1307749098529</str>
						<int id="x">2662</int>
					</object>
					<object id="heights_bush_4_1307749098585">
						<int id="w">444</int>
						<int id="z">2</int>
						<int id="r">-1</int>
						<int id="h">27</int>
						<int id="y">785</int>
						<str id="sprite_class">heights_bush_4</str>
						<str id="name">heights_bush_4_1307741552494</str>
						<int id="x">3935</int>
					</object>
					<object id="cloud_fluffy_1_1307984015705">
						<int id="w">1392</int>
						<int id="z">14</int>
						<int id="h">119</int>
						<int id="y">715</int>
						<str id="sprite_class">cloud_fluffy_1</str>
						<str id="name">cloud_fluffy_1_1307749098737</str>
						<int id="x">2168</int>
					</object>
					<object id="cloud_fluffy_1_1307984015708">
						<int id="w">1176</int>
						<int id="z">11</int>
						<int id="h">80</int>
						<int id="y">726</int>
						<str id="sprite_class">cloud_fluffy_1</str>
						<str id="name">cloud_fluffy_1_1307749098737</str>
						<int id="x">513</int>
					</object>
					<object id="cloud_fluffy_1_1307984015707">
						<int id="w">1093</int>
						<int id="z">12</int>
						<int id="h">163</int>
						<int id="y">541</int>
						<str id="sprite_class">cloud_fluffy_1</str>
						<str id="name">cloud_fluffy_1_1307749098737</str>
						<int id="x">3931</int>
					</object>
					<object id="heights_bush_4_1308107342107">
						<int id="w">537</int>
						<int id="z">7</int>
						<int id="h">28</int>
						<int id="y">776</int>
						<str id="sprite_class">heights_bush_4</str>
						<str id="name">heights_bush_4_1307741552494</str>
						<int id="x">251</int>
						<bool id="h_flip">true</bool>
					</object>
					<object id="heights_bush_4_1307749098584">
						<int id="w">715</int>
						<int id="z">1</int>
						<int id="h">24</int>
						<int id="y">784</int>
						<str id="sprite_class">heights_bush_4</str>
						<str id="name">heights_bush_4_1307741552494</str>
						<int id="x">3648</int>
					</object>
					<object id="cloud_fluffy_2_1307984015709">
						<int id="w">1025</int>
						<int id="z">19</int>
						<int id="h">40</int>
						<int id="y">747</int>
						<str id="sprite_class">cloud_fluffy_2</str>
						<str id="name">cloud_fluffy_2_1307749098529</str>
						<int id="x">1391</int>
					</object>
					<object id="heights_bush_4_1307749098699">
						<int id="w">635</int>
						<int id="z">4</int>
						<int id="h">27</int>
						<int id="y">773</int>
						<str id="sprite_class">heights_bush_4</str>
						<str id="name">heights_bush_4_1307741552494</str>
						<int id="x">837</int>
					</object>
					<object id="heights_bush_4_1307749098587">
						<int id="w">564</int>
						<int id="z">3</int>
						<int id="r">2</int>
						<int id="h">22</int>
						<int id="y">787</int>
						<str id="sprite_class">heights_bush_4</str>
						<str id="name">heights_bush_4_1307741552494</str>
						<int id="x">4090</int>
						<bool id="h_flip">true</bool>
					</object>
				</object>
				<str id="name">sky</str>
				<int id="w">5160</int>
				<int id="h">1000</int>
				<int id="z">-5</int>
				<object id="filtersNEW">
					<object id="contrast">
						<int id="value">-10</int>
					</object>
					<object id="saturation">
						<int id="value">-60</int>
					</object>
					<object id="tintColor">
						<int id="value">16763904</int>
					</object>
					<object id="blur">
						<int id="value">3</int>
					</object>
					<object id="tintAmount">
						<int id="value">80</int>
					</object>
					<object id="brightness">
						<int id="value">19</int>
					</object>
				</object>
			</object>
			<object id="T_1307741552442">
				<object id="decos">
					<object id="lens_grass_1_1307749098480">
						<int id="w">1063</int>
						<int id="z">15</int>
						<int id="h">85</int>
						<int id="y">838</int>
						<str id="sprite_class">lens_grass_1</str>
						<str id="name">lens_grass_1_1307741552445</str>
						<int id="x">449</int>
					</object>
					<object id="lens_grass_1_1307749098476">
						<int id="w">1212</int>
						<int id="z">11</int>
						<int id="h">68</int>
						<int id="y">832</int>
						<str id="sprite_class">lens_grass_1</str>
						<str id="name">lens_grass_1_1307741552445</str>
						<int id="x">1869</int>
					</object>
					<object id="alakol_water_rock_2_1307987031087">
						<int id="w">34</int>
						<int id="z">3</int>
						<int id="r">15</int>
						<int id="h">13</int>
						<int id="y">771</int>
						<str id="sprite_class">alakol_water_rock_2</str>
						<str id="name">alakol_water_rock_2_1307749098574</str>
						<int id="x">2122</int>
					</object>
					<object id="tree_acacia_4_1307749098591">
						<int id="w">44</int>
						<int id="z">16</int>
						<int id="h">33</int>
						<int id="y">774</int>
						<str id="sprite_class">tree_acacia_4</str>
						<str id="name">tree_acacia_4_1307749098538</str>
						<int id="x">4032</int>
						<bool id="h_flip">true</bool>
					</object>
					<object id="alakol_water_rock_1_1308179352915">
						<int id="w">13</int>
						<int id="z">40</int>
						<int id="h">12</int>
						<int id="y">772</int>
						<str id="sprite_class">alakol_water_rock_1</str>
						<str id="name">alakol_water_rock_1_1307749098577</str>
						<int id="x">2002</int>
					</object>
					<object id="alakol_cliff_2_1308179352911">
						<int id="w">36</int>
						<int id="z">28</int>
						<int id="h">5</int>
						<int id="y">770</int>
						<str id="sprite_class">alakol_cliff_2</str>
						<str id="name">alakol_cliff_2_1307749098573</str>
						<int id="x">1975</int>
					</object>
					<object id="lens_grass_1_1307749098472">
						<int id="w">1289</int>
						<int id="z">8</int>
						<int id="h">81</int>
						<int id="y">850</int>
						<str id="sprite_class">lens_grass_1</str>
						<str id="name">lens_grass_1_1307741552445</str>
						<int id="x">3702</int>
					</object>
					<object id="tree_acacia_3_1307749098704">
						<int id="w">66</int>
						<int id="z">26</int>
						<int id="h">30</int>
						<int id="y">762</int>
						<str id="sprite_class">tree_acacia_3</str>
						<str id="name">tree_acacia_3_1307749098496</str>
						<int id="x">886</int>
					</object>
					<object id="alakol_water_rock_2_1307987031089">
						<int id="w">18</int>
						<int id="z">32</int>
						<int id="h">8</int>
						<int id="y">777</int>
						<str id="sprite_class">alakol_water_rock_2</str>
						<str id="name">alakol_water_rock_2_1307749098574</str>
						<int id="x">2161</int>
					</object>
					<object id="lens_grass_2_1307749098473">
						<int id="w">1258</int>
						<int id="z">5</int>
						<int id="r">1</int>
						<int id="h">71</int>
						<int id="y">841</int>
						<str id="sprite_class">lens_grass_2</str>
						<str id="name">lens_grass_2_1307741552444</str>
						<int id="x">4283</int>
					</object>
					<object id="alakol_water_rock_2_1308179352910">
						<int id="w">26</int>
						<int id="z">35</int>
						<int id="h">6</int>
						<int id="y">772</int>
						<str id="sprite_class">alakol_water_rock_2</str>
						<str id="name">alakol_water_rock_2_1307749098574</str>
						<int id="x">2030</int>
					</object>
					<object id="alakol_water_rock_2_1308179352953">
						<int id="w">21</int>
						<int id="z">34</int>
						<int id="h">8</int>
						<int id="y">781</int>
						<str id="sprite_class">alakol_water_rock_2</str>
						<str id="name">alakol_water_rock_2_1307749098574</str>
						<int id="x">2691</int>
					</object>
					<object id="alakol_cliff_2_1308179352950">
						<int id="w">36</int>
						<int id="z">29</int>
						<int id="h">7</int>
						<int id="y">780</int>
						<str id="sprite_class">alakol_cliff_2</str>
						<str id="name">alakol_cliff_2_1307749098573</str>
						<int id="x">2713</int>
					</object>
					<object id="alakol_water_rock_2_1308179352912">
						<int id="w">56</int>
						<int id="z">2</int>
						<int id="h">9</int>
						<int id="y">778</int>
						<str id="sprite_class">alakol_water_rock_2</str>
						<str id="name">alakol_water_rock_2_1307749098574</str>
						<int id="x">5222</int>
					</object>
					<object id="alakol_water_rock_1_1307749098577">
						<int id="w">16</int>
						<int id="z">22</int>
						<int id="h">13</int>
						<int id="y">785</int>
						<str id="sprite_class">alakol_water_rock_1</str>
						<str id="name">alakol_water_rock_1_1307749098577</str>
						<int id="x">5200</int>
					</object>
					<object id="alakol_water_rock_2_1307749098574">
						<int id="w">29</int>
						<int id="z">21</int>
						<int id="h">11</int>
						<int id="y">785</int>
						<str id="sprite_class">alakol_water_rock_2</str>
						<str id="name">alakol_water_rock_2_1307749098574</str>
						<int id="x">5265</int>
					</object>
					<object id="alakol_water_rock_1_1308179352916">
						<int id="w">26</int>
						<int id="z">42</int>
						<int id="h">7</int>
						<int id="y">769</int>
						<str id="sprite_class">alakol_water_rock_1</str>
						<str id="name">alakol_water_rock_1_1307749098577</str>
						<int id="x">1946</int>
					</object>
					<object id="alakol_water_rock_2_1308179352954">
						<int id="w">29</int>
						<int id="z">0</int>
						<int id="h">7</int>
						<int id="y">774</int>
						<str id="sprite_class">alakol_water_rock_2</str>
						<str id="name">alakol_water_rock_2_1307749098574</str>
						<int id="x">2712</int>
					</object>
					<object id="alakol_water_rock_2_1308179352952">
						<int id="w">18</int>
						<int id="z">33</int>
						<int id="h">13</int>
						<int id="y">782</int>
						<str id="sprite_class">alakol_water_rock_2</str>
						<str id="name">alakol_water_rock_2_1307749098574</str>
						<int id="x">2681</int>
					</object>
					<object id="alakol_cliff_1_1307749098572">
						<int id="w">83</int>
						<int id="z">20</int>
						<int id="r">-1</int>
						<int id="h">8</int>
						<int id="y">782</int>
						<str id="sprite_class">alakol_cliff_1</str>
						<str id="name">alakol_cliff_1_1307749098572</str>
						<int id="x">5232</int>
					</object>
					<object id="lens_grass_2_1307749098475">
						<int id="w">1009</int>
						<int id="z">9</int>
						<int id="h">55</int>
						<int id="y">831</int>
						<str id="sprite_class">lens_grass_2</str>
						<str id="name">lens_grass_2_1307741552444</str>
						<int id="x">3136</int>
					</object>
					<object id="lens_grass_2_1307749098481">
						<int id="w">934</int>
						<int id="z">14</int>
						<int id="r">1</int>
						<int id="h">71</int>
						<int id="y">816</int>
						<str id="sprite_class">lens_grass_2</str>
						<str id="name">lens_grass_2_1307741552444</str>
						<int id="x">67</int>
					</object>
					<object id="alakol_water_rock_2_1308179352951">
						<int id="w">21</int>
						<int id="z">38</int>
						<int id="h">9</int>
						<int id="y">780</int>
						<str id="sprite_class">alakol_water_rock_2</str>
						<str id="name">alakol_water_rock_2_1307749098574</str>
						<int id="x">2747</int>
					</object>
					<object id="alakol_water_rock_2_1308179352909">
						<int id="w">22</int>
						<int id="z">36</int>
						<int id="h">9</int>
						<int id="y">772</int>
						<str id="sprite_class">alakol_water_rock_2</str>
						<str id="name">alakol_water_rock_2_1307749098574</str>
						<int id="x">2043</int>
					</object>
					<object id="heights_bush_2_1307749098583">
						<int id="w">18</int>
						<int id="z">23</int>
						<int id="h">8</int>
						<int id="y">784</int>
						<str id="sprite_class">heights_bush_2</str>
						<str id="name">heights_bush_2_1307741552493</str>
						<int id="x">5248</int>
					</object>
					<object id="alakol_cliff_2_1308179352908">
						<int id="w">48</int>
						<int id="z">31</int>
						<int id="h">6</int>
						<int id="y">773</int>
						<str id="sprite_class">alakol_cliff_2</str>
						<str id="name">alakol_cliff_2_1307749098573</str>
						<int id="x">2095</int>
					</object>
					<object id="tree_acacia_1_1307749098541">
						<int id="w">56</int>
						<int id="z">19</int>
						<int id="h">35</int>
						<int id="y">781</int>
						<str id="sprite_class">tree_acacia_1</str>
						<str id="name">tree_acacia_1_1307749098541</str>
						<int id="x">4433</int>
					</object>
					<object id="lens_grass_2_1307749098468">
						<int id="w">1035</int>
						<int id="z">6</int>
						<int id="r">1</int>
						<int id="h">71</int>
						<int id="y">850</int>
						<str id="sprite_class">lens_grass_2</str>
						<str id="name">lens_grass_2_1307741552444</str>
						<int id="x">5247</int>
					</object>
					<object id="tree_acacia_2_1307749098589">
						<int id="w">54</int>
						<int id="z">18</int>
						<int id="h">31</int>
						<int id="y">773</int>
						<str id="sprite_class">tree_acacia_2</str>
						<str id="name">tree_acacia_2_1307749098540</str>
						<int id="x">4142</int>
					</object>
					<object id="alakol_water_rock_2_1308179352903">
						<int id="w">21</int>
						<int id="z">37</int>
						<int id="h">9</int>
						<int id="y">774</int>
						<str id="sprite_class">alakol_water_rock_2</str>
						<str id="name">alakol_water_rock_2_1307749098574</str>
						<int id="x">2200</int>
					</object>
					<object id="lens_grass_1_1307749098474">
						<int id="w">1322</int>
						<int id="z">10</int>
						<int id="h">85</int>
						<int id="y">860</int>
						<str id="sprite_class">lens_grass_1</str>
						<str id="name">lens_grass_1_1307741552445</str>
						<int id="x">2721</int>
					</object>
					<object id="lens_grass_2_1307749098479">
						<int id="w">1152</int>
						<int id="z">12</int>
						<int id="r">1</int>
						<int id="h">68</int>
						<int id="y">828</int>
						<str id="sprite_class">lens_grass_2</str>
						<str id="name">lens_grass_2_1307741552444</str>
						<int id="x">1435</int>
					</object>
					<object id="tree_acacia_3_1307749098588">
						<int id="w">67</int>
						<int id="z">24</int>
						<int id="h">31</int>
						<int id="y">781</int>
						<str id="sprite_class">tree_acacia_3</str>
						<str id="name">tree_acacia_3_1307749098496</str>
						<int id="x">4401</int>
					</object>
					<object id="lens_grass_1_1307749098478">
						<int id="w">1089</int>
						<int id="z">13</int>
						<int id="h">69</int>
						<int id="y">827</int>
						<str id="sprite_class">lens_grass_1</str>
						<str id="name">lens_grass_1_1307741552445</str>
						<int id="x">892</int>
					</object>
					<object id="alakol_cliff_2_1307987031085">
						<int id="w">36</int>
						<int id="z">27</int>
						<int id="h">7</int>
						<int id="y">766</int>
						<str id="sprite_class">alakol_cliff_2</str>
						<str id="name">alakol_cliff_2_1307749098573</str>
						<int id="x">2147</int>
					</object>
					<object id="tree_acacia_1_1307749098703">
						<int id="w">44</int>
						<int id="z">25</int>
						<int id="h">27</int>
						<int id="y">765</int>
						<str id="sprite_class">tree_acacia_1</str>
						<str id="name">tree_acacia_1_1307749098552</str>
						<int id="x">1037</int>
					</object>
					<object id="lens_grass_1_1307749098469">
						<int id="w">1140</int>
						<int id="z">7</int>
						<int id="h">78</int>
						<int id="y">857</int>
						<str id="sprite_class">lens_grass_1</str>
						<str id="name">lens_grass_1_1307741552445</str>
						<int id="x">4776</int>
					</object>
					<object id="alakol_water_rock_1_1308179352914">
						<int id="w">29</int>
						<int id="z">1</int>
						<int id="h">9</int>
						<int id="y">770</int>
						<str id="sprite_class">alakol_water_rock_1</str>
						<str id="name">alakol_water_rock_1_1307749098577</str>
						<int id="x">1974</int>
					</object>
					<object id="lens_grass_2_1307749098477">
						<int id="w">1106</int>
						<int id="z">4</int>
						<int id="r">1</int>
						<int id="h">36</int>
						<int id="y">806</int>
						<str id="sprite_class">lens_grass_2</str>
						<str id="name">lens_grass_2_1307741552444</str>
						<int id="x">2474</int>
					</object>
					<object id="alakol_water_rock_1_1308179352913">
						<int id="w">16</int>
						<int id="z">39</int>
						<int id="h">13</int>
						<int id="y">788</int>
						<str id="sprite_class">alakol_water_rock_1</str>
						<str id="name">alakol_water_rock_1_1307749098577</str>
						<int id="x">5295</int>
					</object>
					<object id="tree_acacia_4_1307987031068">
						<int id="w">37</int>
						<int id="z">17</int>
						<int id="r">-4</int>
						<int id="h">31</int>
						<int id="y">775</int>
						<str id="sprite_class">tree_acacia_4</str>
						<str id="name">tree_acacia_4_1307749098538</str>
						<int id="x">3555</int>
						<bool id="h_flip">true</bool>
					</object>
					<object id="alakol_cliff_1_1307987031086">
						<int id="w">87</int>
						<int id="z">30</int>
						<int id="r">1</int>
						<int id="h">8</int>
						<int id="y">772</int>
						<str id="sprite_class">alakol_cliff_1</str>
						<str id="name">alakol_cliff_1_1307749098572</str>
						<int id="x">2139</int>
					</object>
				</object>
				<str id="name">bg_3</str>
				<int id="w">5400</int>
				<int id="h">1000</int>
				<int id="z">-3</int>
				<object id="filtersNEW">
					<object id="contrast">
						<int id="value">0</int>
					</object>
					<object id="blur">
						<int id="value">3</int>
					</object>
					<object id="brightness">
						<int id="value">25</int>
					</object>
					<object id="saturation">
						<int id="value">6</int>
					</object>
					<object id="tintColor">
						<int id="value">0</int>
					</object>
				</object>
			</object>
		</object>
		<null id="loading_label"/>
		<int id="ground_y">0</int>
		<int id="rookable_type">0</int>
		<null id="physics"/>
		<null id="img_file_versioned"/>
		<str id="tsid">LA513RIT0J52F6P</str>
		<str id="swf_file_versioned">http://c2.glitch.bz/locations/groddle1/1317079592.swf</str>
		<object id="gradient">
			<str id="top">7395BF</str>
			<str id="bottom">FFD859</str>
		</object>
		<object id="sources">
			<int id="LA5143921J52F9U">1</int>
		</object>
		<str id="music_file"></str>
		<bool id="wall_jump">false</bool>
		<bool id="no_zoom">false</bool>
	</object>
</game_object>
