<game_object tsid="GA59DJ1KSH42F4L" ts="1337668899377" label="Range Rd 2" class_tsid="" lastUpdateTime="1337668873400" upd_gs="gs8" load_time="2012-05-21 23:19:49.823" upd_time="2012-05-21 23:37:19.590">
	<object id="dynamic">
		<int id="l">-3000</int>
		<int id="r">3000</int>
		<int id="t">-1000</int>
		<int id="b">0</int>
		<str id="label">Range Rd 2</str>
		<str id="swf_file">groddle1.swf</str>
		<object id="layers">
			<object id="T_1308610194792">
				<object id="decos">
					<object id="bureaucratic_hall_light_ray_1_1308610194805">
						<int id="w">589</int>
						<int id="z">1</int>
						<int id="r">180</int>
						<int id="x">2219</int>
						<int id="y">706</int>
						<int id="h">77</int>
						<str id="name">bureaucratic_hall_light_ray_1_1308593897021</str>
						<str id="sprite_class">bureaucratic_hall_light_ray_1</str>
					</object>
					<object id="bureaucratic_hall_light_ray_1_1308610194806">
						<int id="w">589</int>
						<int id="z">0</int>
						<int id="r">180</int>
						<int id="x">2219</int>
						<int id="y">706</int>
						<int id="h">77</int>
						<str id="name">bureaucratic_hall_light_ray_1_1308593897021</str>
						<str id="sprite_class">bureaucratic_hall_light_ray_1</str>
					</object>
				</object>
				<int id="w">4800</int>
				<int id="h">1000</int>
				<int id="z">-5</int>
				<object id="filtersNEW">
					<object id="tintAmount">
						<int id="value">100</int>
					</object>
					<object id="tintColor">
						<int id="value">7376844</int>
					</object>
				</object>
				<str id="name">Water</str>
			</object>
			<object id="middleground">
				<object id="decos">
					<object id="lens_grass_2_1308610194618">
						<int id="w">2168</int>
						<int id="z">4</int>
						<int id="x">702</int>
						<int id="y">88</int>
						<int id="h">219</int>
						<str id="name">lens_grass_2_1307725023672</str>
						<str id="sprite_class">lens_grass_2</str>
					</object>
					<object id="lens_grass_1_1308610194600">
						<int id="w">269</int>
						<int id="z">22</int>
						<int id="x">2905</int>
						<int id="y">-103</int>
						<int id="h">53</int>
						<str id="name">lens_grass_1_1307725023671</str>
						<str id="sprite_class">lens_grass_1</str>
					</object>
					<object id="lens_grass_1_1308610194605">
						<int id="w">269</int>
						<int id="z">17</int>
						<int id="x">1185</int>
						<int id="y">-9</int>
						<int id="h">53</int>
						<str id="name">lens_grass_1_1307725023671</str>
						<str id="sprite_class">lens_grass_1</str>
					</object>
					<object id="lens_grass_1_1308610194611">
						<int id="w">269</int>
						<int id="z">11</int>
						<int id="x">-97</int>
						<int id="y">-126</int>
						<int id="h">53</int>
						<str id="name">lens_grass_1_1307725023671</str>
						<str id="sprite_class">lens_grass_1</str>
					</object>
					<object id="lens_grass_1_1308610194603">
						<int id="w">269</int>
						<int id="z">19</int>
						<int id="x">1742</int>
						<int id="y">-119</int>
						<int id="h">53</int>
						<str id="name">lens_grass_1_1307725023671</str>
						<str id="sprite_class">lens_grass_1</str>
					</object>
					<object id="lens_grass_1_1308610194613">
						<int id="w">223</int>
						<int id="z">9</int>
						<int id="x">-1162</int>
						<int id="y">-110</int>
						<int id="h">33</int>
						<str id="name">lens_grass_1_1307725023671</str>
						<str id="sprite_class">lens_grass_1</str>
					</object>
					<object id="lens_grass_1_1308610194602">
						<int id="w">269</int>
						<int id="z">20</int>
						<int id="x">2463</int>
						<int id="y">-10</int>
						<int id="h">53</int>
						<str id="name">lens_grass_1_1307725023671</str>
						<str id="sprite_class">lens_grass_1</str>
					</object>
					<object id="lens_grass_1_1308610194607">
						<int id="w">223</int>
						<int id="z">15</int>
						<int id="x">-1061</int>
						<int id="y">-95</int>
						<int id="h">44</int>
						<str id="name">lens_grass_1_1307725023671</str>
						<str id="sprite_class">lens_grass_1</str>
					</object>
					<object id="lens_grass_1_1308610194615">
						<int id="w">329</int>
						<int id="z">7</int>
						<int id="x">-1994</int>
						<int id="y">-21</int>
						<int id="h">65</int>
						<str id="name">lens_grass_1_1307725023671</str>
						<str id="sprite_class">lens_grass_1</str>
					</object>
					<object id="lens_grass_2_1308610194619">
						<int id="w">2168</int>
						<int id="z">3</int>
						<int id="x">-1362</int>
						<int id="y">72</int>
						<int id="h">219</int>
						<str id="name">lens_grass_2_1307725023672</str>
						<str id="sprite_class">lens_grass_2</str>
					</object>
					<object id="lens_grass_2_1308610194621">
						<int id="w">2536</int>
						<int id="z">1</int>
						<int id="x">-201</int>
						<int id="y">48</int>
						<int id="h">219</int>
						<str id="name">lens_grass_2_1307725023672</str>
						<str id="sprite_class">lens_grass_2</str>
					</object>
					<object id="lens_grass_2_1308610194620">
						<int id="w">2168</int>
						<int id="z">2</int>
						<int id="x">-2486</int>
						<int id="y">56</int>
						<int id="h">219</int>
						<str id="name">lens_grass_2_1307725023672</str>
						<str id="sprite_class">lens_grass_2</str>
					</object>
					<object id="lens_grass_1_1308610194616">
						<int id="w">329</int>
						<int id="z">6</int>
						<int id="x">-2108</int>
						<int id="y">-40</int>
						<int id="h">65</int>
						<str id="name">lens_grass_1_1307725023671</str>
						<str id="sprite_class">lens_grass_1</str>
					</object>
					<object id="lens_grass_1_1308610194604">
						<int id="w">269</int>
						<int id="z">18</int>
						<int id="x">1610</int>
						<int id="y">-131</int>
						<int id="h">53</int>
						<str id="name">lens_grass_1_1307725023671</str>
						<str id="sprite_class">lens_grass_1</str>
					</object>
					<object id="lens_grass_1_1308610194609">
						<int id="w">269</int>
						<int id="z">13</int>
						<int id="x">345</int>
						<int id="y">-10</int>
						<int id="h">53</int>
						<str id="name">lens_grass_1_1307725023671</str>
						<str id="sprite_class">lens_grass_1</str>
					</object>
					<object id="lens_grass_1_1308610194601">
						<int id="w">269</int>
						<int id="z">21</int>
						<int id="x">2592</int>
						<int id="y">5</int>
						<int id="h">53</int>
						<str id="name">lens_grass_1_1307725023671</str>
						<str id="sprite_class">lens_grass_1</str>
					</object>
					<object id="lens_grass_1_1308610194608">
						<int id="w">269</int>
						<int id="z">14</int>
						<int id="x">201</int>
						<int id="y">13</int>
						<int id="h">53</int>
						<str id="name">lens_grass_1_1307725023671</str>
						<str id="sprite_class">lens_grass_1</str>
					</object>
					<object id="pampas_2_1308610194599">
						<int id="w">55</int>
						<int id="z">23</int>
						<int id="x">-792</int>
						<int id="y">-104</int>
						<int id="h">85</int>
						<str id="name">pampas_2_1307731442968</str>
						<str id="sprite_class">pampas_2</str>
					</object>
					<object id="lens_grass_2_1308610194617">
						<int id="w">2168</int>
						<int id="z">5</int>
						<int id="r">-1</int>
						<int id="x">2582</int>
						<int id="y">60</int>
						<int id="h">219</int>
						<str id="name">lens_grass_2_1307725023672</str>
						<str id="sprite_class">lens_grass_2</str>
					</object>
					<object id="lens_grass_2_1308610194622">
						<int id="w">2469</int>
						<int id="z">0</int>
						<int id="r">-1</int>
						<int id="x">1429</int>
						<int id="y">45</int>
						<int id="h">219</int>
						<str id="name">lens_grass_2_1307725023672</str>
						<str id="sprite_class">lens_grass_2</str>
					</object>
					<object id="lens_grass_1_1308610194614">
						<int id="w">329</int>
						<int id="z">8</int>
						<int id="x">-2025</int>
						<int id="y">1</int>
						<int id="h">65</int>
						<str id="name">lens_grass_1_1307725023671</str>
						<str id="sprite_class">lens_grass_1</str>
					</object>
					<object id="lens_grass_1_1308610194612">
						<int id="w">269</int>
						<int id="z">10</int>
						<int id="x">-738</int>
						<int id="y">-8</int>
						<int id="h">53</int>
						<str id="name">lens_grass_1_1307725023671</str>
						<str id="sprite_class">lens_grass_1</str>
					</object>
					<object id="lens_grass_1_1308610194606">
						<int id="w">271</int>
						<int id="z">16</int>
						<int id="x">1474</int>
						<int id="y">-148</int>
						<int id="h">35</int>
						<str id="name">lens_grass_1_1307725023671</str>
						<str id="sprite_class">lens_grass_1</str>
					</object>
					<object id="lens_grass_1_1308610194610">
						<int id="w">269</int>
						<int id="z">12</int>
						<int id="x">35</int>
						<int id="y">-110</int>
						<int id="h">53</int>
						<str id="name">lens_grass_1_1307725023671</str>
						<str id="sprite_class">lens_grass_1</str>
					</object>
				</object>
				<object id="doors">
				</object>
				<object id="signposts">
					<object id="signpost_1">
						<int id="y">-105</int>
						<int id="h">200</int>
						<int id="w">100</int>
						<int id="x">-2764</int>
						<object id="connects">
							<object id="0">
								<str id="hub_id">86</str>
								<int id="y">-107</int>
								<str id="swf_file_versioned">http://c2.glitch.bz/locations/groddle1/1316726082.swf</str>
								<int id="x">2640</int>
								<str id="mote_id">9</str>
								<objref id="target" tsid="LA5PV4JH5K42CIV" label="Contour Rd W"/>
							</object>
							<object id="1">
								<str id="hub_id">86</str>
								<int id="y">-407</int>
								<str id="swf_file_versioned">http://c2.glitch.bz/locations/groddle1/1316726082.swf</str>
								<int id="x">2620</int>
								<str id="mote_id">9</str>
								<objref id="target" tsid="LA5371G9AH421NO" label="Range Rd 1"/>
							</object>
							<object id="2">
								<str id="hub_id">86</str>
								<int id="y">-107</int>
								<str id="swf_file_versioned">http://c2.glitch.bz/locations/groddle1/1316726082.swf</str>
								<int id="x">-2670</int>
								<str id="mote_id">9</str>
								<objref id="target" tsid="LA517OTP8K42NN9" label="Contour Rd E"/>
							</object>
						</object>
					</object>
					<object id="signpost_2">
						<int id="y">-90</int>
						<int id="h">200</int>
						<str id="id">signpost_2</str>
						<int id="w">100</int>
						<int id="x">2732</int>
						<object id="connects">
							<object id="0">
								<str id="hub_id">86</str>
								<int id="y">-115</int>
								<str id="swf_file_versioned">http://c2.glitch.bz/locations/groddle1/1316726082.swf</str>
								<int id="x">2440</int>
								<str id="mote_id">9</str>
								<objref id="target" tsid="LA57JSVQRH423HV" label="Mart&apos;s Way 2"/>
							</object>
							<object id="1">
								<str id="hub_id">86</str>
								<int id="y">-110</int>
								<str id="swf_file_versioned">http://c2.glitch.bz/locations/groddle1/1316726082.swf</str>
								<int id="x">-2500</int>
								<str id="mote_id">9</str>
								<objref id="target" tsid="LA5M6H0P2I42BQJ" label="Range Rd 3"/>
							</object>
							<object id="2">
								<str id="hub_id">86</str>
								<int id="y">-115</int>
								<str id="swf_file_versioned">http://c2.glitch.bz/locations/groddle1/1316726082.swf</str>
								<int id="x">-2650</int>
								<str id="mote_id">9</str>
								<objref id="target" tsid="LA57LTPQBK42SLV" label="Mart&apos;s Way 3"/>
							</object>
						</object>
					</object>
				</object>
				<object id="targets">
				</object>
				<int id="w">6000</int>
				<str id="name">middleground</str>
				<int id="h">1000</int>
				<object id="platform_lines">
					<object id="plat_1308610194625">
						<int id="platform_pc_perm">-1</int>
						<object id="start">
							<int id="y">-72</int>
							<int id="x">-2254</int>
						</object>
						<object id="end">
							<int id="y">-86</int>
							<int id="x">-2178</int>
						</object>
						<int id="platform_item_perm">-1</int>
					</object>
					<object id="plat_1308610194646">
						<int id="platform_pc_perm">-1</int>
						<object id="start">
							<int id="y">-85</int>
							<int id="x">2564</int>
						</object>
						<object id="end">
							<int id="y">-67</int>
							<int id="x">2807</int>
						</object>
						<int id="platform_item_perm">-1</int>
					</object>
					<object id="plat_1308610194641">
						<int id="platform_pc_perm">-1</int>
						<object id="start">
							<int id="y">-72</int>
							<int id="x">1234</int>
						</object>
						<object id="end">
							<int id="y">-68</int>
							<int id="x">1449</int>
						</object>
						<int id="platform_item_perm">-1</int>
					</object>
					<object id="plat_1308610194640">
						<int id="platform_pc_perm">-1</int>
						<object id="start">
							<int id="y">-69</int>
							<int id="x">1056</int>
						</object>
						<object id="end">
							<int id="y">-72</int>
							<int id="x">1234</int>
						</object>
						<int id="platform_item_perm">-1</int>
					</object>
					<object id="plat_1308610194645">
						<int id="platform_pc_perm">-1</int>
						<object id="start">
							<int id="y">-86</int>
							<int id="x">2317</int>
						</object>
						<object id="end">
							<int id="y">-85</int>
							<int id="x">2564</int>
						</object>
						<int id="platform_item_perm">-1</int>
					</object>
					<object id="plat_1308610194636">
						<int id="platform_pc_perm">-1</int>
						<object id="start">
							<int id="y">-75</int>
							<int id="x">-4</int>
						</object>
						<object id="end">
							<int id="y">-79</int>
							<int id="x">306</int>
						</object>
						<int id="platform_item_perm">-1</int>
					</object>
					<object id="plat_1308610194647">
						<int id="platform_pc_perm">-1</int>
						<object id="start">
							<int id="y">-67</int>
							<int id="x">2807</int>
						</object>
						<object id="end">
							<int id="y">-63</int>
							<int id="x">2997</int>
						</object>
						<int id="platform_item_perm">-1</int>
					</object>
					<object id="plat_1308610194624">
						<int id="platform_pc_perm">-1</int>
						<object id="start">
							<int id="y">-73</int>
							<int id="x">-2677</int>
						</object>
						<object id="end">
							<int id="y">-72</int>
							<int id="x">-2254</int>
						</object>
						<int id="platform_item_perm">-1</int>
					</object>
					<object id="plat_1308610194637">
						<int id="platform_pc_perm">-1</int>
						<object id="start">
							<int id="y">-79</int>
							<int id="x">306</int>
						</object>
						<object id="end">
							<int id="y">-68</int>
							<int id="x">507</int>
						</object>
						<int id="platform_item_perm">-1</int>
					</object>
					<object id="plat_1308610194642">
						<int id="platform_pc_perm">-1</int>
						<object id="start">
							<int id="y">-68</int>
							<int id="x">1449</int>
						</object>
						<object id="end">
							<int id="y">-69</int>
							<int id="x">1681</int>
						</object>
						<int id="platform_item_perm">-1</int>
					</object>
					<object id="plat_1308610194633">
						<int id="platform_pc_perm">-1</int>
						<object id="start">
							<int id="y">-82</int>
							<int id="x">-1016</int>
						</object>
						<object id="end">
							<int id="y">-88</int>
							<int id="x">-719</int>
						</object>
						<int id="platform_item_perm">-1</int>
					</object>
					<object id="plat_1308610194629">
						<int id="platform_pc_perm">-1</int>
						<object id="start">
							<int id="y">-47</int>
							<int id="x">-1853</int>
						</object>
						<object id="end">
							<int id="y">-55</int>
							<int id="x">-1761</int>
						</object>
						<int id="platform_item_perm">-1</int>
					</object>
					<object id="plat_1308610194635">
						<int id="platform_pc_perm">-1</int>
						<object id="start">
							<int id="y">-83</int>
							<int id="x">-430</int>
						</object>
						<object id="end">
							<int id="y">-75</int>
							<int id="x">-4</int>
						</object>
						<int id="platform_item_perm">-1</int>
					</object>
					<object id="plat_1308610194639">
						<int id="platform_pc_perm">-1</int>
						<object id="start">
							<int id="y">-69</int>
							<int id="x">846</int>
						</object>
						<object id="end">
							<int id="y">-69</int>
							<int id="x">1056</int>
						</object>
						<int id="platform_item_perm">-1</int>
					</object>
					<object id="plat_1308610194626">
						<int id="platform_pc_perm">-1</int>
						<object id="start">
							<int id="y">-86</int>
							<int id="x">-2178</int>
						</object>
						<object id="end">
							<int id="y">-84</int>
							<int id="x">-2080</int>
						</object>
						<int id="platform_item_perm">-1</int>
					</object>
					<object id="plat_1308610194631">
						<int id="platform_pc_perm">-1</int>
						<object id="start">
							<int id="y">-67</int>
							<int id="x">-1526</int>
						</object>
						<object id="end">
							<int id="y">-74</int>
							<int id="x">-1251</int>
						</object>
						<int id="platform_item_perm">-1</int>
					</object>
					<object id="plat_1308610194644">
						<int id="platform_pc_perm">-1</int>
						<object id="start">
							<int id="y">-76</int>
							<int id="x">1979</int>
						</object>
						<object id="end">
							<int id="y">-86</int>
							<int id="x">2317</int>
						</object>
						<int id="platform_item_perm">-1</int>
					</object>
					<object id="plat_1308610194623">
						<int id="platform_pc_perm">-1</int>
						<object id="start">
							<int id="y">-68</int>
							<int id="x">-2999</int>
						</object>
						<object id="end">
							<int id="y">-73</int>
							<int id="x">-2677</int>
						</object>
						<int id="platform_item_perm">-1</int>
					</object>
					<object id="plat_1308610194632">
						<int id="platform_pc_perm">-1</int>
						<object id="start">
							<int id="y">-74</int>
							<int id="x">-1251</int>
						</object>
						<object id="end">
							<int id="y">-82</int>
							<int id="x">-1016</int>
						</object>
						<int id="platform_item_perm">-1</int>
					</object>
					<object id="plat_1308610194643">
						<int id="platform_pc_perm">-1</int>
						<object id="start">
							<int id="y">-69</int>
							<int id="x">1681</int>
						</object>
						<object id="end">
							<int id="y">-76</int>
							<int id="x">1979</int>
						</object>
						<int id="platform_item_perm">-1</int>
					</object>
					<object id="plat_1308610194634">
						<int id="platform_pc_perm">-1</int>
						<object id="start">
							<int id="y">-88</int>
							<int id="x">-719</int>
						</object>
						<object id="end">
							<int id="y">-83</int>
							<int id="x">-430</int>
						</object>
						<int id="platform_item_perm">-1</int>
					</object>
					<object id="plat_1308610194638">
						<int id="platform_pc_perm">-1</int>
						<object id="start">
							<int id="y">-68</int>
							<int id="x">507</int>
						</object>
						<object id="end">
							<int id="y">-69</int>
							<int id="x">846</int>
						</object>
						<int id="platform_item_perm">-1</int>
					</object>
					<object id="plat_1308610194628">
						<int id="platform_pc_perm">-1</int>
						<object id="start">
							<int id="y">-70</int>
							<int id="x">-1947</int>
						</object>
						<object id="end">
							<int id="y">-47</int>
							<int id="x">-1853</int>
						</object>
						<int id="platform_item_perm">-1</int>
					</object>
					<object id="plat_1308610194630">
						<int id="platform_pc_perm">-1</int>
						<object id="start">
							<int id="y">-55</int>
							<int id="x">-1761</int>
						</object>
						<object id="end">
							<int id="y">-67</int>
							<int id="x">-1526</int>
						</object>
						<int id="platform_item_perm">-1</int>
					</object>
					<object id="plat_1308610194627">
						<int id="platform_pc_perm">-1</int>
						<object id="start">
							<int id="y">-84</int>
							<int id="x">-2080</int>
						</object>
						<object id="end">
							<int id="y">-70</int>
							<int id="x">-1947</int>
						</object>
						<int id="platform_item_perm">-1</int>
					</object>
				</object>
				<object id="boxes">
				</object>
				<object id="filtersNEW">
					<object id="saturation">
						<int id="value">18</int>
					</object>
					<object id="tintColor">
						<int id="value">0</int>
					</object>
					<object id="contrast">
						<int id="value">0</int>
					</object>
					<object id="brightness">
						<int id="value">9</int>
					</object>
				</object>
				<int id="z">0</int>
				<object id="walls">
				</object>
				<object id="ladders">
				</object>
			</object>
			<object id="T_1307725023670">
				<object id="decos">
					<object id="lens_grass_2_1308610194770">
						<int id="w">1158</int>
						<int id="z">21</int>
						<int id="r">1</int>
						<int id="x">1027</int>
						<int id="y">771</int>
						<int id="h">47</int>
						<str id="name">lens_grass_2_1307725023672</str>
						<str id="sprite_class">lens_grass_2</str>
					</object>
					<object id="alakol_water_rock_1_1308610194781">
						<int id="w">72</int>
						<int id="z">10</int>
						<int id="x">5452</int>
						<int id="y">687</int>
						<int id="h">19</int>
						<str id="name">alakol_water_rock_1_1307731442935</str>
						<str id="sprite_class">alakol_water_rock_1</str>
					</object>
					<object id="tree_acacia_2_1308610194753">
						<int id="w">40</int>
						<int id="z">38</int>
						<int id="x">2364</int>
						<int id="y">731</int>
						<int id="h">22</int>
						<str id="name">tree_acacia_2_1308593897008</str>
						<str id="sprite_class">tree_acacia_2</str>
					</object>
					<object id="heights_bush_4_1308610194789">
						<int id="w">374</int>
						<int id="z">2</int>
						<int id="x">170</int>
						<int id="y">717</int>
						<int id="h">29</int>
						<str id="name">heights_bush_4_1307731442857</str>
						<str id="sprite_class">heights_bush_4</str>
					</object>
					<object id="lens_grass_2_1308610194748">
						<int id="w">245</int>
						<int id="z">43</int>
						<int id="x">2776</int>
						<bool id="h_flip">true</bool>
						<int id="y">765</int>
						<int id="h">43</int>
						<str id="name">lens_grass_2_1308593897037</str>
						<str id="sprite_class">lens_grass_2</str>
					</object>
					<object id="lens_grass_2_1308610194775">
						<int id="w">546</int>
						<int id="z">16</int>
						<int id="r">-1</int>
						<int id="x">2113</int>
						<int id="y">742</int>
						<int id="h">22</int>
						<str id="name">lens_grass_2_1307725023672</str>
						<str id="sprite_class">lens_grass_2</str>
					</object>
					<object id="heights_bush_2_1308610194754">
						<int id="w">14</int>
						<int id="z">37</int>
						<int id="x">2383</int>
						<int id="y">732</int>
						<int id="h">7</int>
						<str id="name">heights_bush_2_1308593897000</str>
						<str id="sprite_class">heights_bush_2</str>
					</object>
					<object id="alakol_water_rock_2_1308610194765">
						<int id="w">109</int>
						<int id="z">26</int>
						<int id="x">5353</int>
						<int id="y">713</int>
						<int id="h">30</int>
						<str id="name">alakol_water_rock_2_1307731442936</str>
						<str id="sprite_class">alakol_water_rock_2</str>
					</object>
					<object id="lens_grass_2_1308610194749">
						<int id="w">245</int>
						<int id="z">42</int>
						<int id="x">2827</int>
						<bool id="h_flip">true</bool>
						<int id="y">755</int>
						<int id="h">43</int>
						<str id="name">lens_grass_2_1308593897037</str>
						<str id="sprite_class">lens_grass_2</str>
					</object>
					<object id="alakol_water_rock_2_1308610194767">
						<int id="w">85</int>
						<int id="z">24</int>
						<int id="x">5400</int>
						<int id="y">702</int>
						<int id="h">54</int>
						<str id="name">alakol_water_rock_2_1307731442936</str>
						<str id="sprite_class">alakol_water_rock_2</str>
					</object>
					<object id="heights_bush_4_1308610194786">
						<int id="w">592</int>
						<int id="z">5</int>
						<int id="x">1640</int>
						<int id="y">735</int>
						<int id="h">22</int>
						<str id="name">heights_bush_4_1307731442857</str>
						<str id="sprite_class">heights_bush_4</str>
					</object>
					<object id="heights_bush_1_1308610194756">
						<int id="w">9</int>
						<int id="z">35</int>
						<int id="x">2501</int>
						<bool id="h_flip">true</bool>
						<int id="y">731</int>
						<int id="h">5</int>
						<str id="name">heights_bush_1_1308593896995</str>
						<str id="sprite_class">heights_bush_1</str>
					</object>
					<object id="heights_bush_4_1308610194784">
						<int id="w">527</int>
						<int id="z">7</int>
						<int id="x">2482</int>
						<bool id="h_flip">true</bool>
						<int id="y">721</int>
						<int id="h">25</int>
						<str id="name">heights_bush_4_1307731442857</str>
						<str id="sprite_class">heights_bush_4</str>
					</object>
					<object id="alakol_water_rock_2_1308610194764">
						<int id="w">43</int>
						<int id="z">27</int>
						<int id="x">5299</int>
						<int id="y">708</int>
						<int id="h">18</int>
						<str id="name">alakol_water_rock_2_1307731442936</str>
						<str id="sprite_class">alakol_water_rock_2</str>
					</object>
					<object id="heights_bush_4_1308610194783">
						<int id="w">472</int>
						<int id="z">8</int>
						<int id="r">-1</int>
						<int id="x">5173</int>
						<bool id="h_flip">true</bool>
						<int id="y">708</int>
						<int id="h">23</int>
						<str id="name">heights_bush_4_1307731442857</str>
						<str id="sprite_class">heights_bush_4</str>
					</object>
					<object id="heights_bush_1_1308610194762">
						<int id="w">28</int>
						<int id="z">29</int>
						<int id="x">5399</int>
						<int id="y">710</int>
						<int id="h">16</int>
						<str id="name">heights_bush_1_1307731442942</str>
						<str id="sprite_class">heights_bush_1</str>
					</object>
					<object id="tree_acacia_1_1308610194768">
						<int id="w">31</int>
						<int id="z">23</int>
						<int id="x">3566</int>
						<int id="y">708</int>
						<int id="h">19</int>
						<str id="name">tree_acacia_1_1307731442861</str>
						<str id="sprite_class">tree_acacia_1</str>
					</object>
					<object id="tree_acacia_3_1308610194758">
						<int id="w">56</int>
						<int id="z">33</int>
						<int id="x">876</int>
						<int id="y">728</int>
						<int id="h">26</int>
						<str id="name">tree_acacia_3_1307731442854</str>
						<str id="sprite_class">tree_acacia_3</str>
					</object>
					<object id="tree_acacia_4_1308610194752">
						<int id="w">33</int>
						<int id="z">39</int>
						<int id="x">2278</int>
						<int id="y">732</int>
						<int id="h">25</int>
						<str id="name">tree_acacia_4_1308593897013</str>
						<str id="sprite_class">tree_acacia_4</str>
					</object>
					<object id="lens_grass_2_1308610194779">
						<int id="w">712</int>
						<int id="z">12</int>
						<int id="x">2597</int>
						<int id="y">736</int>
						<int id="h">29</int>
						<str id="name">lens_grass_2_1307725023672</str>
						<str id="sprite_class">lens_grass_2</str>
					</object>
					<object id="heights_bush_4_1308610194785">
						<int id="w">497</int>
						<int id="z">6</int>
						<int id="r">1</int>
						<int id="x">2818</int>
						<int id="y">718</int>
						<int id="h">23</int>
						<str id="name">heights_bush_4_1307731442857</str>
						<str id="sprite_class">heights_bush_4</str>
					</object>
					<object id="tree_acacia_1_1308610194761">
						<int id="w">44</int>
						<int id="z">30</int>
						<int id="x">325</int>
						<int id="y">721</int>
						<int id="h">28</int>
						<str id="name">tree_acacia_1_1307731442861</str>
						<str id="sprite_class">tree_acacia_1</str>
					</object>
					<object id="lens_grass_2_1308610194774">
						<int id="w">1158</int>
						<int id="z">17</int>
						<int id="r">-1</int>
						<int id="x">3517</int>
						<int id="y">748</int>
						<int id="h">47</int>
						<str id="name">lens_grass_2_1307725023672</str>
						<str id="sprite_class">lens_grass_2</str>
					</object>
					<object id="heights_bush_4_1308610194782">
						<int id="w">586</int>
						<int id="z">9</int>
						<int id="r">-3</int>
						<int id="x">1157</int>
						<int id="y">742</int>
						<int id="h">23</int>
						<str id="name">heights_bush_4_1307731442857</str>
						<str id="sprite_class">heights_bush_4</str>
					</object>
					<object id="lens_grass_2_1308610194771">
						<int id="w">1158</int>
						<int id="z">20</int>
						<int id="r">-1</int>
						<int id="x">5130</int>
						<int id="y">743</int>
						<int id="h">47</int>
						<str id="name">lens_grass_2_1307725023672</str>
						<str id="sprite_class">lens_grass_2</str>
					</object>
					<object id="lens_grass_2_1308610194780">
						<int id="w">1158</int>
						<int id="z">11</int>
						<int id="x">4029</int>
						<int id="y">733</int>
						<int id="h">47</int>
						<str id="name">lens_grass_2_1307725023672</str>
						<str id="sprite_class">lens_grass_2</str>
					</object>
					<object id="tree_acacia_3_1308610194759">
						<int id="w">56</int>
						<int id="z">32</int>
						<int id="x">361</int>
						<int id="y">716</int>
						<int id="h">26</int>
						<str id="name">tree_acacia_3_1307731442854</str>
						<str id="sprite_class">tree_acacia_3</str>
					</object>
					<object id="heights_bush_4_1308610194787">
						<int id="w">374</int>
						<int id="z">4</int>
						<int id="r">-2</int>
						<int id="x">1349</int>
						<int id="y">737</int>
						<int id="h">24</int>
						<str id="name">heights_bush_4_1307731442857</str>
						<str id="sprite_class">heights_bush_4</str>
					</object>
					<object id="lens_grass_2_1308610194776">
						<int id="w">1158</int>
						<int id="z">15</int>
						<int id="r">1</int>
						<int id="x">2899</int>
						<int id="y">752</int>
						<int id="h">47</int>
						<str id="name">lens_grass_2_1307725023672</str>
						<str id="sprite_class">lens_grass_2</str>
					</object>
					<object id="tree_acacia_2_1308610194760">
						<int id="w">41</int>
						<int id="z">31</int>
						<int id="x">29</int>
						<int id="y">718</int>
						<int id="h">23</int>
						<str id="name">tree_acacia_2_1307731442855</str>
						<str id="sprite_class">tree_acacia_2</str>
					</object>
					<object id="lens_grass_2_1308610194773">
						<int id="w">855</int>
						<int id="z">18</int>
						<int id="r">1</int>
						<int id="x">1573</int>
						<int id="y">757</int>
						<int id="h">35</int>
						<str id="name">lens_grass_2_1307725023672</str>
						<str id="sprite_class">lens_grass_2</str>
					</object>
					<object id="alakol_cliff_2_1308610194766">
						<int id="w">112</int>
						<int id="z">25</int>
						<int id="r">1</int>
						<int id="x">5414</int>
						<int id="y">707</int>
						<int id="h">31</int>
						<str id="name">alakol_cliff_2_1307731442934</str>
						<str id="sprite_class">alakol_cliff_2</str>
					</object>
					<object id="heights_bush_4_1308610194790">
						<int id="w">469</int>
						<int id="z">1</int>
						<int id="r">3</int>
						<int id="x">441</int>
						<int id="y">721</int>
						<int id="h">16</int>
						<str id="name">heights_bush_4_1307731442857</str>
						<str id="sprite_class">heights_bush_4</str>
					</object>
					<object id="alakol_water_rock_1_1308610194791">
						<int id="w">17</int>
						<int id="z">0</int>
						<int id="x">2578</int>
						<int id="y">710</int>
						<int id="h">11</int>
						<str id="name">alakol_water_rock_1_1307731442935</str>
						<str id="sprite_class">alakol_water_rock_1</str>
					</object>
					<object id="tree_acacia_1_1308610194769">
						<int id="w">31</int>
						<int id="z">22</int>
						<int id="x">2947</int>
						<int id="y">718</int>
						<int id="h">20</int>
						<str id="name">tree_acacia_1_1307731442861</str>
						<str id="sprite_class">tree_acacia_1</str>
					</object>
					<object id="lens_grass_2_1308610194750">
						<int id="w">162</int>
						<int id="z">41</int>
						<int id="x">2596</int>
						<bool id="h_flip">true</bool>
						<int id="y">751</int>
						<int id="h">17</int>
						<str id="name">lens_grass_2_1308593897037</str>
						<str id="sprite_class">lens_grass_2</str>
					</object>
					<object id="alakol_water_rock_1_1308610194763">
						<int id="w">32</int>
						<int id="z">28</int>
						<int id="x">5440</int>
						<int id="y">715</int>
						<int id="h">26</int>
						<str id="name">alakol_water_rock_1_1307731442935</str>
						<str id="sprite_class">alakol_water_rock_1</str>
					</object>
					<object id="lens_grass_2_1308610194778">
						<int id="w">1158</int>
						<int id="z">13</int>
						<int id="r">1</int>
						<int id="x">350</int>
						<int id="y">757</int>
						<int id="h">47</int>
						<str id="name">lens_grass_2_1307725023672</str>
						<str id="sprite_class">lens_grass_2</str>
					</object>
					<object id="tree_acacia_2_1308610194746">
						<int id="w">97</int>
						<int id="z">45</int>
						<int id="x">2641</int>
						<int id="y">737</int>
						<int id="h">55</int>
						<str id="name">tree_acacia_2_1308593897015</str>
						<str id="sprite_class">tree_acacia_2</str>
					</object>
					<object id="heights_bush_4_1308610194788">
						<int id="w">599</int>
						<int id="z">3</int>
						<int id="r">-1</int>
						<int id="x">1729</int>
						<int id="y">731</int>
						<int id="h">22</int>
						<str id="name">heights_bush_4_1307731442857</str>
						<str id="sprite_class">heights_bush_4</str>
					</object>
					<object id="tree_acacia_2_1308610194751">
						<int id="w">45</int>
						<int id="z">40</int>
						<int id="x">2570</int>
						<int id="y">730</int>
						<int id="h">25</int>
						<str id="name">tree_acacia_2_1308593897008</str>
						<str id="sprite_class">tree_acacia_2</str>
					</object>
					<object id="lens_grass_2_1308610194777">
						<int id="w">820</int>
						<int id="z">14</int>
						<int id="r">-1</int>
						<int id="x">1992</int>
						<int id="y">735</int>
						<int id="h">23</int>
						<str id="name">lens_grass_2_1307725023672</str>
						<str id="sprite_class">lens_grass_2</str>
					</object>
					<object id="lens_grass_2_1308610194747">
						<int id="w">245</int>
						<int id="z">44</int>
						<int id="x">2692</int>
						<bool id="h_flip">true</bool>
						<int id="y">771</int>
						<int id="h">43</int>
						<str id="name">lens_grass_2_1308593897037</str>
						<str id="sprite_class">lens_grass_2</str>
					</object>
					<object id="lens_grass_2_1308610194772">
						<int id="w">1158</int>
						<int id="z">19</int>
						<int id="r">1</int>
						<int id="x">4690</int>
						<int id="y">748</int>
						<int id="h">47</int>
						<str id="name">lens_grass_2_1307725023672</str>
						<str id="sprite_class">lens_grass_2</str>
					</object>
					<object id="heights_bush_1_1308610194755">
						<int id="w">9</int>
						<int id="z">36</int>
						<int id="x">2507</int>
						<bool id="h_flip">true</bool>
						<int id="y">733</int>
						<int id="h">5</int>
						<str id="name">heights_bush_1_1308593896995</str>
						<str id="sprite_class">heights_bush_1</str>
					</object>
					<object id="heights_bush_2_1308610194757">
						<int id="w">14</int>
						<int id="z">34</int>
						<int id="x">2543</int>
						<int id="y">741</int>
						<int id="h">7</int>
						<str id="name">heights_bush_2_1308593897000</str>
						<str id="sprite_class">heights_bush_2</str>
					</object>
				</object>
				<int id="w">5280</int>
				<int id="h">1000</int>
				<int id="z">-3</int>
				<object id="filtersNEW">
					<object id="saturation">
						<int id="value">6</int>
					</object>
					<object id="contrast">
						<int id="value">0</int>
					</object>
					<object id="blur">
						<int id="value">3</int>
					</object>
					<object id="brightness">
						<int id="value">25</int>
					</object>
				</object>
				<str id="name">bg_4</str>
			</object>
			<object id="T_1307725023669">
				<object id="decos">
					<object id="cloud_fluffy_2_1308610194801">
						<int id="w">758</int>
						<int id="z">3</int>
						<int id="x">2269</int>
						<int id="y">636</int>
						<int id="h">89</int>
						<str id="name">cloud_fluffy_2_1307725023726</str>
						<str id="sprite_class">cloud_fluffy_2</str>
					</object>
					<object id="groddle_light_pool_1308610194795">
						<int id="w">319</int>
						<int id="z">9</int>
						<int id="r">-90</int>
						<int id="x">2253</int>
						<int id="y">801</int>
						<int id="h">82</int>
						<str id="name">groddle_light_pool_1308593065371</str>
						<str id="sprite_class">groddle_light_pool</str>
					</object>
					<object id="mountain_trees_darker_1_1308610194797">
						<int id="w">705</int>
						<int id="z">7</int>
						<int id="r">2</int>
						<int id="x">2654</int>
						<int id="y">741</int>
						<int id="h">69</int>
						<str id="name">mountain_trees_darker_1_1308593065383</str>
						<str id="sprite_class">mountain_trees_darker_1</str>
					</object>
					<object id="cloud_fluffy_1_1308610194800">
						<int id="w">1009</int>
						<int id="z">4</int>
						<int id="x">2112</int>
						<int id="y">706</int>
						<int id="h">95</int>
						<str id="name">cloud_fluffy_1_1307731442949</str>
						<str id="sprite_class">cloud_fluffy_1</str>
					</object>
					<object id="groddle_light_pool_1308610194794">
						<int id="w">319</int>
						<int id="z">10</int>
						<int id="r">-110</int>
						<int id="x">2223</int>
						<int id="y">697</int>
						<int id="h">82</int>
						<str id="name">groddle_light_pool_1308593065371</str>
						<str id="sprite_class">groddle_light_pool</str>
					</object>
					<object id="groddle_light_pool_1308593065371">
						<int id="w">319</int>
						<int id="z">8</int>
						<int id="r">-90</int>
						<int id="x">2281</int>
						<int id="y">760</int>
						<int id="h">82</int>
						<str id="name">groddle_light_pool_1308593065371</str>
						<str id="sprite_class">groddle_light_pool</str>
					</object>
					<object id="groddle_light_pool_1308610194793">
						<int id="w">319</int>
						<int id="z">11</int>
						<int id="r">-65</int>
						<int id="x">2314</int>
						<int id="y">749</int>
						<int id="h">82</int>
						<str id="name">groddle_light_pool_1308593065371</str>
						<str id="sprite_class">groddle_light_pool</str>
					</object>
					<object id="cloud_fluffy_2_1308610194803">
						<int id="w">1231</int>
						<int id="z">1</int>
						<int id="x">598</int>
						<int id="y">688</int>
						<int id="h">89</int>
						<str id="name">cloud_fluffy_2_1307725023726</str>
						<str id="sprite_class">cloud_fluffy_2</str>
					</object>
					<object id="cloud_fluffy_2_1308610194799">
						<int id="w">1231</int>
						<int id="z">5</int>
						<int id="x">4267</int>
						<int id="y">650</int>
						<int id="h">89</int>
						<str id="name">cloud_fluffy_2_1307725023726</str>
						<str id="sprite_class">cloud_fluffy_2</str>
					</object>
					<object id="mountain_trees_darker_1_1308610194804">
						<int id="w">600</int>
						<int id="z">0</int>
						<int id="x">98</int>
						<int id="y">751</int>
						<int id="h">102</int>
						<str id="name">mountain_trees_darker_1_1307741552431</str>
						<str id="sprite_class">mountain_trees_darker_1</str>
					</object>
					<object id="groddle_light_pool_1308610194796">
						<int id="w">319</int>
						<int id="z">8</int>
						<int id="r">-90</int>
						<int id="x">2281</int>
						<int id="y">760</int>
						<int id="h">82</int>
						<str id="name">groddle_light_pool_1308593065371</str>
						<str id="sprite_class">groddle_light_pool</str>
					</object>
					<object id="cloud_fluffy_2_1308610194802">
						<int id="w">1231</int>
						<int id="z">2</int>
						<int id="x">3423</int>
						<int id="y">569</int>
						<int id="h">89</int>
						<str id="name">cloud_fluffy_2_1307725023726</str>
						<str id="sprite_class">cloud_fluffy_2</str>
					</object>
					<object id="cloud_fluffy_1_1308610194798">
						<int id="w">1009</int>
						<int id="z">6</int>
						<int id="x">2548</int>
						<int id="y">664</int>
						<int id="h">95</int>
						<str id="name">cloud_fluffy_1_1307731442949</str>
						<str id="sprite_class">cloud_fluffy_1</str>
					</object>
				</object>
				<int id="w">4800</int>
				<int id="h">1000</int>
				<int id="z">-4</int>
				<object id="filtersNEW">
					<object id="contrast">
						<int id="value">-10</int>
					</object>
					<object id="blur">
						<int id="value">3</int>
					</object>
					<object id="saturation">
						<int id="value">-60</int>
					</object>
					<object id="tintColor">
						<int id="value">16760576</int>
					</object>
					<object id="tintAmount">
						<int id="value">80</int>
					</object>
					<object id="brightness">
						<int id="value">19</int>
					</object>
				</object>
				<str id="name">sky</str>
			</object>
			<object id="T_1307725023667">
				<object id="decos">
					<object id="lens_grass_1_1308610194684">
						<int id="w">98</int>
						<int id="z">16</int>
						<int id="x">4563</int>
						<int id="y">755</int>
						<int id="h">19</int>
						<str id="name">lens_grass_1_1307725023671</str>
						<str id="sprite_class">lens_grass_1</str>
					</object>
					<object id="lens_grass_1_1308610194666">
						<int id="w">147</int>
						<int id="z">34</int>
						<int id="x">222</int>
						<int id="y">816</int>
						<int id="h">29</int>
						<str id="name">lens_grass_1_1307725023671</str>
						<str id="sprite_class">lens_grass_1</str>
					</object>
					<object id="tree_acacia_1_1308610194659">
						<int id="w">963</int>
						<int id="z">41</int>
						<int id="x">4737</int>
						<int id="y">835</int>
						<int id="h">604</int>
						<str id="name">tree_acacia_1_1307731442861</str>
						<str id="sprite_class">tree_acacia_1</str>
					</object>
					<object id="lens_grass_2_1308610194694">
						<int id="w">1400</int>
						<int id="z">6</int>
						<int id="r">3</int>
						<int id="x">1089</int>
						<int id="y">869</int>
						<int id="h">102</int>
						<str id="name">lens_grass_2_1307725023672</str>
						<str id="sprite_class">lens_grass_2</str>
					</object>
					<object id="lens_grass_2_1308610194668">
						<int id="w">1763</int>
						<int id="z">32</int>
						<int id="r">-1</int>
						<int id="x">5735</int>
						<int id="y">953</int>
						<int id="h">178</int>
						<str id="name">lens_grass_2_1307725023672</str>
						<str id="sprite_class">lens_grass_2</str>
					</object>
					<object id="lens_grass_1_1308610194652">
						<int id="w">147</int>
						<int id="z">48</int>
						<int id="x">2474</int>
						<int id="y">819</int>
						<int id="h">29</int>
						<str id="name">lens_grass_1_1307725023671</str>
						<str id="sprite_class">lens_grass_1</str>
					</object>
					<object id="lens_grass_1_1308610194667">
						<int id="w">147</int>
						<int id="z">33</int>
						<int id="x">178</int>
						<int id="y">804</int>
						<int id="h">29</int>
						<str id="name">lens_grass_1_1307725023671</str>
						<str id="sprite_class">lens_grass_1</str>
					</object>
					<object id="lens_grass_2_1308610194700">
						<int id="w">1400</int>
						<int id="z">0</int>
						<int id="x">5510</int>
						<int id="y">843</int>
						<int id="h">102</int>
						<str id="name">lens_grass_2_1307725023672</str>
						<str id="sprite_class">lens_grass_2</str>
					</object>
					<object id="tree_acacia_2_1308610194679">
						<int id="w">434</int>
						<int id="z">21</int>
						<int id="x">1276</int>
						<int id="y">784</int>
						<int id="h">243</int>
						<str id="name">tree_acacia_2_1307731442855</str>
						<str id="sprite_class">tree_acacia_2</str>
					</object>
					<object id="lens_grass_1_1308610194689">
						<int id="w">107</int>
						<int id="z">11</int>
						<int id="x">1303</int>
						<int id="y">790</int>
						<int id="h">21</int>
						<str id="name">lens_grass_1_1307725023671</str>
						<str id="sprite_class">lens_grass_1</str>
					</object>
					<object id="lens_grass_1_1308610194653">
						<int id="w">147</int>
						<int id="z">47</int>
						<int id="x">2291</int>
						<int id="y">819</int>
						<int id="h">29</int>
						<str id="name">lens_grass_1_1307725023671</str>
						<str id="sprite_class">lens_grass_1</str>
					</object>
					<object id="lens_grass_1_1308610194663">
						<int id="w">147</int>
						<int id="z">37</int>
						<int id="x">292</int>
						<int id="y">815</int>
						<int id="h">29</int>
						<str id="name">lens_grass_1_1307725023671</str>
						<str id="sprite_class">lens_grass_1</str>
					</object>
					<object id="lens_grass_1_1308610194682">
						<int id="w">98</int>
						<int id="z">18</int>
						<int id="x">4531</int>
						<int id="y">772</int>
						<int id="h">19</int>
						<str id="name">lens_grass_1_1307725023671</str>
						<str id="sprite_class">lens_grass_1</str>
					</object>
					<object id="lens_grass_2_1308610194699">
						<int id="w">1400</int>
						<int id="z">1</int>
						<int id="r">2</int>
						<int id="x">4658</int>
						<int id="y">838</int>
						<int id="h">102</int>
						<str id="name">lens_grass_2_1307725023672</str>
						<str id="sprite_class">lens_grass_2</str>
					</object>
					<object id="lens_grass_2_1308610194677">
						<int id="w">1763</int>
						<int id="z">23</int>
						<int id="r">-1</int>
						<int id="x">4382</int>
						<int id="y">943</int>
						<int id="h">178</int>
						<str id="name">lens_grass_2_1307725023672</str>
						<str id="sprite_class">lens_grass_2</str>
					</object>
					<object id="lens_grass_1_1308610194688">
						<int id="w">107</int>
						<int id="z">12</int>
						<int id="x">1228</int>
						<int id="y">795</int>
						<int id="h">21</int>
						<str id="name">lens_grass_1_1307725023671</str>
						<str id="sprite_class">lens_grass_1</str>
					</object>
					<object id="tree_acacia_2_1308610194691">
						<int id="w">485</int>
						<int id="z">9</int>
						<int id="x">4247</int>
						<int id="y">759</int>
						<int id="h">272</int>
						<str id="name">tree_acacia_2_1307731442855</str>
						<str id="sprite_class">tree_acacia_2</str>
					</object>
					<object id="lens_grass_1_1308610194654">
						<int id="w">147</int>
						<int id="z">46</int>
						<int id="x">2386</int>
						<int id="y">812</int>
						<int id="h">29</int>
						<str id="name">lens_grass_1_1307725023671</str>
						<str id="sprite_class">lens_grass_1</str>
					</object>
					<object id="pampas_1_1308610194692">
						<int id="w">26</int>
						<int id="z">8</int>
						<int id="x">5349</int>
						<bool id="h_flip">true</bool>
						<int id="y">756</int>
						<int id="h">38</int>
						<str id="name">pampas_1_1307731442969</str>
						<str id="sprite_class">pampas_1</str>
					</object>
					<object id="lens_grass_2_1308610194671">
						<int id="w">1763</int>
						<int id="z">29</int>
						<int id="r">1</int>
						<int id="x">2753</int>
						<int id="y">944</int>
						<int id="h">178</int>
						<str id="name">lens_grass_2_1307725023672</str>
						<str id="sprite_class">lens_grass_2</str>
					</object>
					<object id="pampas_1_1308610194661">
						<int id="w">43</int>
						<int id="z">39</int>
						<int id="x">162</int>
						<bool id="h_flip">true</bool>
						<int id="y">810</int>
						<int id="h">62</int>
						<str id="name">pampas_1_1307731442969</str>
						<str id="sprite_class">pampas_1</str>
					</object>
					<object id="lens_grass_2_1308610194693">
						<int id="w">1400</int>
						<int id="z">7</int>
						<int id="r">-1</int>
						<int id="x">1599</int>
						<int id="y">863</int>
						<int id="h">102</int>
						<str id="name">lens_grass_2_1307725023672</str>
						<str id="sprite_class">lens_grass_2</str>
					</object>
					<object id="lens_grass_2_1308610194673">
						<int id="w">1763</int>
						<int id="z">27</int>
						<int id="r">-1</int>
						<int id="x">1630</int>
						<int id="y">969</int>
						<int id="h">178</int>
						<str id="name">lens_grass_2_1307725023672</str>
						<str id="sprite_class">lens_grass_2</str>
					</object>
					<object id="pampas_2_1308610194680">
						<int id="w">22</int>
						<int id="z">20</int>
						<int id="x">1294</int>
						<int id="y">779</int>
						<int id="h">34</int>
						<str id="name">pampas_2_1307731442968</str>
						<str id="sprite_class">pampas_2</str>
					</object>
					<object id="pampas_1_1308610194651">
						<int id="w">46</int>
						<int id="z">49</int>
						<int id="x">4764</int>
						<int id="y">833</int>
						<int id="h">66</int>
						<str id="name">pampas_1_1307731442969</str>
						<str id="sprite_class">pampas_1</str>
					</object>
					<object id="lens_grass_1_1308610194683">
						<int id="w">98</int>
						<int id="z">17</int>
						<int id="x">4558</int>
						<int id="y">764</int>
						<int id="h">19</int>
						<str id="name">lens_grass_1_1307725023671</str>
						<str id="sprite_class">lens_grass_1</str>
					</object>
					<object id="pampas_2_1308610194681">
						<int id="w">20</int>
						<int id="z">19</int>
						<int id="x">4265</int>
						<int id="y">762</int>
						<int id="h">31</int>
						<str id="name">pampas_2_1307731442968</str>
						<str id="sprite_class">pampas_2</str>
					</object>
					<object id="lens_grass_2_1308610194674">
						<int id="w">1763</int>
						<int id="z">26</int>
						<int id="r">2</int>
						<int id="x">897</int>
						<int id="y">974</int>
						<int id="h">178</int>
						<str id="name">lens_grass_2_1307725023672</str>
						<str id="sprite_class">lens_grass_2</str>
					</object>
					<object id="lens_grass_1_1308610194690">
						<int id="w">107</int>
						<int id="z">10</int>
						<int id="x">1374</int>
						<int id="y">784</int>
						<int id="h">21</int>
						<str id="name">lens_grass_1_1307725023671</str>
						<str id="sprite_class">lens_grass_1</str>
					</object>
					<object id="heights_bush_2_1308610194648">
						<int id="w">113</int>
						<int id="z">52</int>
						<int id="x">1993</int>
						<int id="y">819</int>
						<int id="h">54</int>
						<str id="name">heights_bush_2_1308593897020</str>
						<str id="sprite_class">heights_bush_2</str>
					</object>
					<object id="tree_acacia_4_1308610194650">
						<int id="w">407</int>
						<int id="z">50</int>
						<int id="x">5334</int>
						<int id="y">763</int>
						<int id="h">312</int>
						<str id="name">tree_acacia_4_1308593896978</str>
						<str id="sprite_class">tree_acacia_4</str>
					</object>
					<object id="lens_grass_1_1308610194687">
						<int id="w">107</int>
						<int id="z">13</int>
						<int id="x">1359</int>
						<int id="y">792</int>
						<int id="h">21</int>
						<str id="name">lens_grass_1_1307725023671</str>
						<str id="sprite_class">lens_grass_1</str>
					</object>
					<object id="lens_grass_1_1308610194665">
						<int id="w">147</int>
						<int id="z">35</int>
						<int id="x">307</int>
						<int id="y">804</int>
						<int id="h">29</int>
						<str id="name">lens_grass_1_1307725023671</str>
						<str id="sprite_class">lens_grass_1</str>
					</object>
					<object id="tree_acacia_4_1308610194678">
						<int id="w">383</int>
						<int id="z">22</int>
						<int id="x">771</int>
						<int id="y">786</int>
						<int id="h">294</int>
						<str id="name">tree_acacia_4_1308593065382</str>
						<str id="sprite_class">tree_acacia_4</str>
					</object>
					<object id="lens_grass_1_1308610194686">
						<int id="w">98</int>
						<int id="z">14</int>
						<int id="x">4484</int>
						<int id="y">747</int>
						<int id="h">19</int>
						<str id="name">lens_grass_1_1307725023671</str>
						<str id="sprite_class">lens_grass_1</str>
					</object>
					<object id="lens_grass_2_1308610194670">
						<int id="w">1763</int>
						<int id="z">30</int>
						<int id="r">1</int>
						<int id="x">3525</int>
						<int id="y">952</int>
						<int id="h">178</int>
						<str id="name">lens_grass_2_1307725023672</str>
						<str id="sprite_class">lens_grass_2</str>
					</object>
					<object id="tree_acacia_2_1308610194649">
						<int id="w">930</int>
						<int id="z">51</int>
						<int id="x">2056</int>
						<int id="y">805</int>
						<int id="h">520</int>
						<str id="name">tree_acacia_2_1308593897018</str>
						<str id="sprite_class">tree_acacia_2</str>
					</object>
					<object id="lens_grass_1_1308610194657">
						<int id="w">147</int>
						<int id="z">43</int>
						<int id="x">5146</int>
						<int id="y">824</int>
						<int id="h">29</int>
						<str id="name">lens_grass_1_1307725023671</str>
						<str id="sprite_class">lens_grass_1</str>
					</object>
					<object id="lens_grass_2_1308610194672">
						<int id="w">1763</int>
						<int id="z">28</int>
						<int id="r">-1</int>
						<int id="x">2419</int>
						<int id="y">955</int>
						<int id="h">178</int>
						<str id="name">lens_grass_2_1307725023672</str>
						<str id="sprite_class">lens_grass_2</str>
					</object>
					<object id="lens_grass_2_1308610194695">
						<int id="w">1400</int>
						<int id="z">5</int>
						<int id="r">2</int>
						<int id="x">388</int>
						<int id="y">853</int>
						<int id="h">102</int>
						<str id="name">lens_grass_2_1307725023672</str>
						<str id="sprite_class">lens_grass_2</str>
					</object>
					<object id="lens_grass_2_1308610194698">
						<int id="w">1400</int>
						<int id="z">2</int>
						<int id="x">4145</int>
						<int id="y">838</int>
						<int id="h">102</int>
						<str id="name">lens_grass_2_1307725023672</str>
						<str id="sprite_class">lens_grass_2</str>
					</object>
					<object id="lens_grass_1_1308610194658">
						<int id="w">147</int>
						<int id="z">42</int>
						<int id="x">5210</int>
						<int id="y">816</int>
						<int id="h">29</int>
						<str id="name">lens_grass_1_1307725023671</str>
						<str id="sprite_class">lens_grass_1</str>
					</object>
					<object id="lens_grass_1_1308610194656">
						<int id="w">147</int>
						<int id="z">44</int>
						<int id="x">5078</int>
						<int id="y">831</int>
						<int id="h">29</int>
						<str id="name">lens_grass_1_1307725023671</str>
						<str id="sprite_class">lens_grass_1</str>
					</object>
					<object id="lens_grass_2_1308610194675">
						<int id="w">1763</int>
						<int id="z">25</int>
						<int id="x">198</int>
						<int id="y">952</int>
						<int id="h">178</int>
						<str id="name">lens_grass_2_1307725023672</str>
						<str id="sprite_class">lens_grass_2</str>
					</object>
					<object id="lens_grass_1_1308610194664">
						<int id="w">147</int>
						<int id="z">36</int>
						<int id="x">408</int>
						<int id="y">810</int>
						<int id="h">29</int>
						<str id="name">lens_grass_1_1307725023671</str>
						<str id="sprite_class">lens_grass_1</str>
					</object>
					<object id="lens_grass_2_1308610194676">
						<int id="w">1763</int>
						<int id="z">24</int>
						<int id="x">5130</int>
						<int id="y">963</int>
						<int id="h">178</int>
						<str id="name">lens_grass_2_1307725023672</str>
						<str id="sprite_class">lens_grass_2</str>
					</object>
					<object id="lens_grass_2_1308610194697">
						<int id="w">1400</int>
						<int id="z">3</int>
						<int id="r">-1</int>
						<int id="x">2685</int>
						<int id="y">864</int>
						<int id="h">102</int>
						<str id="name">lens_grass_2_1307725023672</str>
						<str id="sprite_class">lens_grass_2</str>
					</object>
					<object id="lens_grass_2_1308610194669">
						<int id="w">1763</int>
						<int id="z">31</int>
						<int id="x">3991</int>
						<int id="y">976</int>
						<int id="h">178</int>
						<str id="name">lens_grass_2_1307725023672</str>
						<str id="sprite_class">lens_grass_2</str>
					</object>
					<object id="lens_grass_1_1308610194685">
						<int id="w">98</int>
						<int id="z">15</int>
						<int id="x">4509</int>
						<int id="y">750</int>
						<int id="h">19</int>
						<str id="name">lens_grass_1_1307725023671</str>
						<str id="sprite_class">lens_grass_1</str>
					</object>
					<object id="lens_grass_2_1308610194696">
						<int id="w">1400</int>
						<int id="z">4</int>
						<int id="r">-1</int>
						<int id="x">2800</int>
						<int id="y">864</int>
						<int id="h">102</int>
						<str id="name">lens_grass_2_1307725023672</str>
						<str id="sprite_class">lens_grass_2</str>
					</object>
					<object id="lens_grass_1_1308610194655">
						<int id="w">147</int>
						<int id="z">45</int>
						<int id="x">2441</int>
						<int id="y">803</int>
						<int id="h">29</int>
						<str id="name">lens_grass_1_1307725023671</str>
						<str id="sprite_class">lens_grass_1</str>
					</object>
					<object id="pampas_1_1308610194660">
						<int id="w">36</int>
						<int id="z">40</int>
						<int id="x">4687</int>
						<bool id="h_flip">true</bool>
						<int id="y">810</int>
						<int id="h">52</int>
						<str id="name">pampas_1_1307731442969</str>
						<str id="sprite_class">pampas_1</str>
					</object>
					<object id="lens_grass_1_1308610194662">
						<int id="w">147</int>
						<int id="z">38</int>
						<int id="x">264</int>
						<int id="y">826</int>
						<int id="h">29</int>
						<str id="name">lens_grass_1_1307725023671</str>
						<str id="sprite_class">lens_grass_1</str>
					</object>
				</object>
				<int id="w">5700</int>
				<int id="h">1000</int>
				<int id="z">-1</int>
				<object id="filtersNEW">
					<object id="saturation">
						<int id="value">13</int>
					</object>
					<object id="tintColor">
						<int id="value">0</int>
					</object>
					<object id="contrast">
						<int id="value">0</int>
					</object>
					<object id="brightness">
						<int id="value">13</int>
					</object>
				</object>
				<str id="name">bg_2</str>
			</object>
			<object id="T_1307725023668">
				<object id="decos">
					<object id="lens_grass_1_1308610194708">
						<int id="w">63</int>
						<int id="z">37</int>
						<int id="x">5437</int>
						<int id="y">736</int>
						<int id="h">12</int>
						<str id="name">lens_grass_1_1307725023671</str>
						<str id="sprite_class">lens_grass_1</str>
					</object>
					<object id="lens_grass_2_1308610194736">
						<int id="w">888</int>
						<int id="z">9</int>
						<int id="r">-1</int>
						<int id="x">1497</int>
						<int id="y">804</int>
						<int id="h">65</int>
						<str id="name">lens_grass_2_1307725023672</str>
						<str id="sprite_class">lens_grass_2</str>
					</object>
					<object id="lens_grass_2_1308610194742">
						<int id="w">888</int>
						<int id="z">3</int>
						<int id="r">2</int>
						<int id="x">3070</int>
						<int id="y">798</int>
						<int id="h">65</int>
						<str id="name">lens_grass_2_1307725023672</str>
						<str id="sprite_class">lens_grass_2</str>
					</object>
					<object id="lens_grass_2_1308610194740">
						<int id="w">888</int>
						<int id="z">5</int>
						<int id="r">-1</int>
						<int id="x">1853</int>
						<int id="y">798</int>
						<int id="h">65</int>
						<str id="name">lens_grass_2_1307725023672</str>
						<str id="sprite_class">lens_grass_2</str>
					</object>
					<object id="pampas_2_1308610194712">
						<int id="w">14</int>
						<int id="z">33</int>
						<int id="x">2423</int>
						<int id="y">761</int>
						<int id="h">21</int>
						<str id="name">pampas_2_1307731442968</str>
						<str id="sprite_class">pampas_2</str>
					</object>
					<object id="lens_grass_1_1308610194713">
						<int id="w">63</int>
						<int id="z">32</int>
						<int id="x">5408</int>
						<int id="y">724</int>
						<int id="h">12</int>
						<str id="name">lens_grass_1_1307725023671</str>
						<str id="sprite_class">lens_grass_1</str>
					</object>
					<object id="tree_acacia_3_1308610194731">
						<int id="w">228</int>
						<int id="z">14</int>
						<int id="x">2324</int>
						<int id="y">744</int>
						<int id="h">104</int>
						<str id="name">tree_acacia_3_1307731442854</str>
						<str id="sprite_class">tree_acacia_3</str>
					</object>
					<object id="heights_bush_1_1308610194727">
						<int id="w">33</int>
						<int id="z">18</int>
						<int id="x">2399</int>
						<bool id="h_flip">true</bool>
						<int id="y">750</int>
						<int id="h">19</int>
						<str id="name">heights_bush_1_1308593896995</str>
						<str id="sprite_class">heights_bush_1</str>
					</object>
					<object id="lens_grass_2_1308610194733">
						<int id="w">888</int>
						<int id="z">12</int>
						<int id="r">1</int>
						<int id="x">5535</int>
						<int id="y">783</int>
						<int id="h">65</int>
						<str id="name">lens_grass_2_1307725023672</str>
						<str id="sprite_class">lens_grass_2</str>
					</object>
					<object id="pampas_2_1308610194709">
						<int id="w">16</int>
						<int id="z">36</int>
						<int id="x">2653</int>
						<int id="y">762</int>
						<int id="h">24</int>
						<str id="name">pampas_2_1307731442968</str>
						<str id="sprite_class">pampas_2</str>
					</object>
					<object id="lens_grass_1_1308610194715">
						<int id="w">63</int>
						<int id="z">30</int>
						<int id="x">5148</int>
						<int id="y">746</int>
						<int id="h">12</int>
						<str id="name">lens_grass_1_1307725023671</str>
						<str id="sprite_class">lens_grass_1</str>
					</object>
					<object id="pampas_2_1308610194702">
						<int id="w">16</int>
						<int id="z">43</int>
						<int id="x">2693</int>
						<int id="y">770</int>
						<int id="h">24</int>
						<str id="name">pampas_2_1307731442968</str>
						<str id="sprite_class">pampas_2</str>
					</object>
					<object id="lens_grass_2_1308610194706">
						<int id="w">888</int>
						<int id="z">39</int>
						<int id="x">2200</int>
						<int id="y">808</int>
						<int id="h">65</int>
						<str id="name">lens_grass_2_1307725023672</str>
						<str id="sprite_class">lens_grass_2</str>
					</object>
					<object id="pampas_2_1308610194711">
						<int id="w">20</int>
						<int id="z">34</int>
						<int id="x">2404</int>
						<int id="y">766</int>
						<int id="h">30</int>
						<str id="name">pampas_2_1307731442968</str>
						<str id="sprite_class">pampas_2</str>
					</object>
					<object id="lens_grass_2_1308610194735">
						<int id="w">888</int>
						<int id="z">10</int>
						<int id="r">1</int>
						<int id="x">4799</int>
						<int id="y">783</int>
						<int id="h">65</int>
						<str id="name">lens_grass_2_1307725023672</str>
						<str id="sprite_class">lens_grass_2</str>
					</object>
					<object id="lens_grass_1_1308610194724">
						<int id="w">68</int>
						<int id="z">21</int>
						<int id="x">715</int>
						<int id="y">748</int>
						<int id="h">13</int>
						<str id="name">lens_grass_1_1307725023671</str>
						<str id="sprite_class">lens_grass_1</str>
					</object>
					<object id="heights_bush_1_1308610194725">
						<int id="w">22</int>
						<int id="z">20</int>
						<int id="x">2765</int>
						<int id="y">743</int>
						<int id="h">13</int>
						<str id="name">heights_bush_1_1308593896995</str>
						<str id="sprite_class">heights_bush_1</str>
					</object>
					<object id="heights_bush_2_1308610194729">
						<int id="w">35</int>
						<int id="z">16</int>
						<int id="x">2696</int>
						<int id="y">756</int>
						<int id="h">17</int>
						<str id="name">heights_bush_2_1308593896994</str>
						<str id="sprite_class">heights_bush_2</str>
					</object>
					<object id="lens_grass_2_1308610194743">
						<int id="w">888</int>
						<int id="z">2</int>
						<int id="r">-2</int>
						<int id="x">3526</int>
						<int id="y">793</int>
						<int id="h">65</int>
						<str id="name">lens_grass_2_1307725023672</str>
						<str id="sprite_class">lens_grass_2</str>
					</object>
					<object id="lens_grass_1_1308610194714">
						<int id="w">63</int>
						<int id="z">31</int>
						<int id="x">5180</int>
						<int id="y">750</int>
						<int id="h">12</int>
						<str id="name">lens_grass_1_1307725023671</str>
						<str id="sprite_class">lens_grass_1</str>
					</object>
					<object id="lens_grass_1_1308610194707">
						<int id="w">63</int>
						<int id="z">38</int>
						<int id="x">5466</int>
						<int id="y">738</int>
						<int id="h">12</int>
						<str id="name">lens_grass_1_1307725023671</str>
						<str id="sprite_class">lens_grass_1</str>
					</object>
					<object id="lens_grass_2_1308610194739">
						<int id="w">888</int>
						<int id="z">6</int>
						<int id="r">1</int>
						<int id="x">238</int>
						<int id="y">783</int>
						<int id="h">65</int>
						<str id="name">lens_grass_2_1307725023672</str>
						<str id="sprite_class">lens_grass_2</str>
					</object>
					<object id="pampas_2_1308610194701">
						<int id="w">14</int>
						<int id="z">44</int>
						<int id="x">2450</int>
						<int id="y">751</int>
						<int id="h">21</int>
						<str id="name">pampas_2_1307731442968</str>
						<str id="sprite_class">pampas_2</str>
					</object>
					<object id="pampas_2_1308610194717">
						<int id="w">20</int>
						<int id="z">28</int>
						<int id="x">2705</int>
						<int id="y">777</int>
						<int id="h">30</int>
						<str id="name">pampas_2_1307731442968</str>
						<str id="sprite_class">pampas_2</str>
					</object>
					<object id="lens_grass_1_1308610194718">
						<int id="w">63</int>
						<int id="z">27</int>
						<int id="x">3918</int>
						<int id="y">721</int>
						<int id="h">12</int>
						<str id="name">lens_grass_1_1307725023671</str>
						<str id="sprite_class">lens_grass_1</str>
					</object>
					<object id="pampas_2_1308610194704">
						<int id="w">16</int>
						<int id="z">41</int>
						<int id="x">2640</int>
						<int id="y">764</int>
						<int id="h">24</int>
						<str id="name">pampas_2_1307731442968</str>
						<str id="sprite_class">pampas_2</str>
					</object>
					<object id="tree_acacia_3_1308610194732">
						<int id="w">297</int>
						<int id="z">13</int>
						<int id="x">3534</int>
						<int id="y">750</int>
						<int id="h">136</int>
						<str id="name">tree_acacia_3_1307731442854</str>
						<str id="sprite_class">tree_acacia_3</str>
					</object>
					<object id="lens_grass_1_1308610194723">
						<int id="w">68</int>
						<int id="z">22</int>
						<int id="x">740</int>
						<int id="y">749</int>
						<int id="h">13</int>
						<str id="name">lens_grass_1_1307725023671</str>
						<str id="sprite_class">lens_grass_1</str>
					</object>
					<object id="heights_bush_1_1308610194726">
						<int id="w">33</int>
						<int id="z">19</int>
						<int id="x">2725</int>
						<int id="y">765</int>
						<int id="h">19</int>
						<str id="name">heights_bush_1_1308593896995</str>
						<str id="sprite_class">heights_bush_1</str>
					</object>
					<object id="lens_grass_1_1308610194720">
						<int id="w">63</int>
						<int id="z">25</int>
						<int id="x">3894</int>
						<int id="y">718</int>
						<int id="h">12</int>
						<str id="name">lens_grass_1_1307725023671</str>
						<str id="sprite_class">lens_grass_1</str>
					</object>
					<object id="lens_grass_1_1308610194722">
						<int id="w">68</int>
						<int id="z">23</int>
						<int id="x">746</int>
						<int id="y">756</int>
						<int id="h">13</int>
						<str id="name">lens_grass_1_1307725023671</str>
						<str id="sprite_class">lens_grass_1</str>
					</object>
					<object id="lens_grass_2_1308610194734">
						<int id="w">888</int>
						<int id="z">11</int>
						<int id="r">-3</int>
						<int id="x">5155</int>
						<int id="y">783</int>
						<int id="h">65</int>
						<str id="name">lens_grass_2_1307725023672</str>
						<str id="sprite_class">lens_grass_2</str>
					</object>
					<object id="lens_grass_2_1308610194737">
						<int id="w">888</int>
						<int id="z">8</int>
						<int id="r">1</int>
						<int id="x">1047</int>
						<int id="y">808</int>
						<int id="h">65</int>
						<str id="name">lens_grass_2_1307725023672</str>
						<str id="sprite_class">lens_grass_2</str>
					</object>
					<object id="lens_grass_2_1308610194744">
						<int id="w">888</int>
						<int id="z">1</int>
						<int id="x">3948</int>
						<int id="y">773</int>
						<int id="h">65</int>
						<str id="name">lens_grass_2_1307725023672</str>
						<str id="sprite_class">lens_grass_2</str>
					</object>
					<object id="lens_grass_2_1308610194745">
						<int id="w">888</int>
						<int id="z">0</int>
						<int id="r">1</int>
						<int id="x">4362</int>
						<int id="y">773</int>
						<int id="h">65</int>
						<str id="name">lens_grass_2_1307725023672</str>
						<str id="sprite_class">lens_grass_2</str>
					</object>
					<object id="lens_grass_1_1308610194716">
						<int id="w">63</int>
						<int id="z">29</int>
						<int id="x">3923</int>
						<int id="y">726</int>
						<int id="h">12</int>
						<str id="name">lens_grass_1_1307725023671</str>
						<str id="sprite_class">lens_grass_1</str>
					</object>
					<object id="lens_grass_1_1308610194719">
						<int id="w">63</int>
						<int id="z">26</int>
						<int id="x">3954</int>
						<int id="y">717</int>
						<int id="h">12</int>
						<str id="name">lens_grass_1_1307725023671</str>
						<str id="sprite_class">lens_grass_1</str>
					</object>
					<object id="pampas_2_1308610194703">
						<int id="w">16</int>
						<int id="z">42</int>
						<int id="x">2666</int>
						<int id="y">768</int>
						<int id="h">24</int>
						<str id="name">pampas_2_1307731442968</str>
						<str id="sprite_class">pampas_2</str>
					</object>
					<object id="lens_grass_2_1308610194705">
						<int id="w">888</int>
						<int id="z">40</int>
						<int id="r">2</int>
						<int id="x">2950</int>
						<int id="y">832</int>
						<int id="h">65</int>
						<str id="name">lens_grass_2_1307725023672</str>
						<str id="sprite_class">lens_grass_2</str>
					</object>
					<object id="tree_acacia_1_1308610194730">
						<int id="w">165</int>
						<int id="z">15</int>
						<int id="x">2662</int>
						<int id="y">764</int>
						<int id="h">103</int>
						<str id="name">tree_acacia_1_1308593897007</str>
						<str id="sprite_class">tree_acacia_1</str>
					</object>
					<object id="lens_grass_1_1308610194721">
						<int id="w">68</int>
						<int id="z">24</int>
						<int id="x">761</int>
						<int id="y">761</int>
						<int id="h">13</int>
						<str id="name">lens_grass_1_1307725023671</str>
						<str id="sprite_class">lens_grass_1</str>
					</object>
					<object id="lens_grass_2_1308610194741">
						<int id="w">888</int>
						<int id="z">4</int>
						<int id="r">-1</int>
						<int id="x">2028</int>
						<int id="y">769</int>
						<int id="h">41</int>
						<str id="name">lens_grass_2_1307725023672</str>
						<str id="sprite_class">lens_grass_2</str>
					</object>
					<object id="heights_bush_1_1308610194728">
						<int id="w">33</int>
						<int id="z">17</int>
						<int id="x">2712</int>
						<bool id="h_flip">true</bool>
						<int id="y">756</int>
						<int id="h">19</int>
						<str id="name">heights_bush_1_1308593896995</str>
						<str id="sprite_class">heights_bush_1</str>
					</object>
					<object id="lens_grass_2_1308610194738">
						<int id="w">888</int>
						<int id="z">7</int>
						<int id="r">1</int>
						<int id="x">735</int>
						<int id="y">803</int>
						<int id="h">65</int>
						<str id="name">lens_grass_2_1307725023672</str>
						<str id="sprite_class">lens_grass_2</str>
					</object>
					<object id="lens_grass_1_1308610194710">
						<int id="w">63</int>
						<int id="z">35</int>
						<int id="x">5436</int>
						<int id="y">729</int>
						<int id="h">12</int>
						<str id="name">lens_grass_1_1307725023671</str>
						<str id="sprite_class">lens_grass_1</str>
					</object>
				</object>
				<int id="w">5520</int>
				<int id="h">1000</int>
				<int id="z">-2</int>
				<object id="filtersNEW">
					<object id="saturation">
						<int id="value">10</int>
					</object>
					<object id="contrast">
						<int id="value">0</int>
					</object>
					<object id="blur">
						<int id="value">2</int>
					</object>
					<object id="brightness">
						<int id="value">20</int>
					</object>
				</object>
				<str id="name">bg_3</str>
			</object>
		</object>
		<null id="physics"/>
		<null id="img_file_versioned"/>
		<null id="loading_label"/>
		<int id="ground_y">0</int>
		<str id="tsid">LA59DJ1KSH42F4L</str>
		<int id="rookable_type">0</int>
		<str id="swf_file_versioned">http://c2.glitch.bz/locations/groddle1/1316726082.swf</str>
		<object id="gradient">
			<str id="top">678EB8</str>
			<str id="bottom">FFCF54</str>
		</object>
		<object id="sources">
			<int id="LA5PV4JH5K42CIV">1</int>
			<int id="LA57LTPQBK42SLV">1</int>
			<int id="LA5M6H0P2I42BQJ">1</int>
			<int id="LA57JSVQRH423HV">1</int>
			<int id="LA517OTP8K42NN9">1</int>
			<int id="LA5371G9AH421NO">1</int>
		</object>
		<str id="music_file"></str>
		<bool id="wall_jump">false</bool>
		<bool id="no_zoom">false</bool>
	</object>
</game_object>
