<game_object tsid="GA5FIJ2LMPB2FVN" ts="1350579491058" label="Cancrin Psam" class_tsid="" lastUpdateTime="1350579480" upd_gs="gs12" load_time="2012-10-18 09:17:05.000" upd_time="2012-10-18 09:57:59.846">
	<object id="dynamic">
		<int id="l">-3000</int>
		<int id="r">3000</int>
		<int id="t">-1000</int>
		<int id="b">0</int>
		<str id="label">heights1</str>
		<str id="swf_file">groddle1.swf</str>
		<object id="layers">
			<object id="middleground">
				<object id="targets">
				</object>
				<object id="decos">
					<object id="heights_face_1_1315368013301">
						<int id="z">15</int>
						<int id="x">-2003</int>
						<int id="y">51</int>
						<str id="sprite_class">heights_face_1</str>
						<str id="name">heights_face_1_1315368013300</str>
						<int id="h">576</int>
						<int id="w">842</int>
					</object>
					<object id="heights_topper_1_1315368013479">
						<int id="z">93</int>
						<int id="r">-5</int>
						<int id="x">628</int>
						<int id="y">-67</int>
						<str id="sprite_class">heights_topper_1</str>
						<str id="name">heights_topper_1_1315368013477</str>
						<int id="h">69</int>
						<bool id="h_flip">true</bool>
						<int id="w">269</int>
					</object>
					<object id="heights_mound_3_1315881788562">
						<int id="z">0</int>
						<int id="r">-12</int>
						<int id="x">1462</int>
						<int id="y">-158</int>
						<str id="sprite_class">heights_mound_3</str>
						<str id="name">heights_mound_3_1315881788558</str>
						<int id="h">189</int>
						<int id="w">547</int>
					</object>
					<object id="heights_topper_1_1315881788509">
						<int id="z">112</int>
						<int id="x">1707</int>
						<int id="y">-172</int>
						<str id="sprite_class">heights_topper_1</str>
						<str id="name">heights_topper_1_1315881788509</str>
						<int id="h">69</int>
						<bool id="h_flip">true</bool>
						<int id="w">269</int>
					</object>
					<object id="heights_platform_4_1315881788476">
						<int id="z">90</int>
						<int id="x">878</int>
						<int id="y">69</int>
						<str id="sprite_class">heights_platform_4</str>
						<str id="name">heights_platform_4_1315881788476</str>
						<int id="h">217</int>
						<int id="w">513</int>
					</object>
					<object id="heights_platform_rock_3_1315972774833">
						<int id="z">124</int>
						<int id="x">2539</int>
						<int id="y">42</int>
						<str id="sprite_class">heights_platform_rock_3</str>
						<str id="name">heights_platform_rock_3_1315972774833</str>
						<int id="h">141</int>
						<int id="w">243</int>
					</object>
					<object id="dirt_mountain_dirt_cap_1_1315368013328">
						<int id="z">13</int>
						<int id="r">5</int>
						<int id="x">-2696</int>
						<int id="y">-137</int>
						<str id="sprite_class">dirt_mountain_dirt_cap_1</str>
						<str id="name">dirt_mountain_dirt_cap_1_1315368013326</str>
						<int id="h">436</int>
						<bool id="h_flip">true</bool>
						<int id="w">265</int>
					</object>
					<object id="heights_bandaid_2_1315368013470">
						<int id="z">86</int>
						<int id="r">-3</int>
						<int id="x">-1153</int>
						<int id="y">-226</int>
						<str id="sprite_class">heights_bandaid_2</str>
						<str id="name">heights_bandaid_2_1315368013470</str>
						<int id="h">197</int>
						<int id="w">121</int>
					</object>
					<object id="heights_moss_1_1315368013408">
						<int id="z">69</int>
						<int id="x">-2086</int>
						<int id="y">-338</int>
						<str id="sprite_class">heights_moss_1</str>
						<str id="name">heights_moss_1_1315368013408</str>
						<int id="h">75</int>
						<bool id="h_flip">true</bool>
						<int id="w">138</int>
					</object>
					<object id="heights_ladder_2_1315368013383">
						<int id="z">51</int>
						<int id="x">-875</int>
						<int id="y">-463</int>
						<str id="sprite_class">heights_ladder_2</str>
						<str id="name">heights_ladder_2_1315368013383</str>
						<int id="h">87</int>
						<int id="w">70</int>
					</object>
					<object id="heights_ladderbed_1_1315368013384">
						<int id="z">25</int>
						<int id="x">-863</int>
						<int id="y">-220</int>
						<str id="sprite_class">heights_ladderbed_1</str>
						<str id="name">heights_ladderbed_1_1315368013384</str>
						<int id="h">147</int>
						<int id="w">136</int>
					</object>
					<object id="heights_platform_rock_2_1315972774831">
						<int id="z">122</int>
						<int id="x">2263</int>
						<int id="y">46</int>
						<str id="sprite_class">heights_platform_rock_2</str>
						<str id="name">heights_platform_rock_2_1315972774831</str>
						<int id="h">145</int>
						<int id="w">414</int>
					</object>
					<object id="heights_platform_3_1315881788481">
						<int id="z">94</int>
						<int id="x">1208</int>
						<int id="y">34</int>
						<str id="sprite_class">heights_platform_3</str>
						<str id="name">heights_platform_3_1315881788481</str>
						<int id="h">205</int>
						<int id="w">236</int>
					</object>
					<object id="heights_moss_3_1315368013407">
						<int id="z">66</int>
						<int id="r">-4</int>
						<int id="x">-1447</int>
						<int id="y">-440</int>
						<str id="sprite_class">heights_moss_3</str>
						<str id="name">heights_moss_3_1315368013407</str>
						<int id="h">135</int>
						<int id="w">358</int>
					</object>
					<object id="gravel_2_1315368013471">
						<int id="z">88</int>
						<int id="x">-1096</int>
						<int id="y">-226</int>
						<str id="sprite_class">gravel_2</str>
						<str id="name">gravel_2_1315368013471</str>
						<int id="h">31</int>
						<int id="w">55</int>
					</object>
					<object id="heights_bandaid_3_1315368013387">
						<int id="z">9</int>
						<int id="r">60</int>
						<int id="x">-1054</int>
						<int id="y">-407</int>
						<str id="sprite_class">heights_bandaid_3</str>
						<str id="name">heights_bandaid_3_1315368013386</str>
						<int id="h">264</int>
						<int id="w">146</int>
					</object>
					<object id="heights_mound_2_1315368013417">
						<int id="z">71</int>
						<int id="x">-2398</int>
						<int id="y">-201</int>
						<str id="sprite_class">heights_mound_2</str>
						<str id="name">heights_mound_2_1315368013401</str>
						<int id="h">166</int>
						<int id="w">174</int>
					</object>
					<object id="heights_platform_2_1315368013324">
						<int id="z">46</int>
						<int id="x">-261</int>
						<int id="y">-314</int>
						<str id="sprite_class">heights_platform_2</str>
						<str id="name">heights_platform_2_1315368013320</str>
						<int id="h">208</int>
						<bool id="h_flip">true</bool>
						<int id="w">451</int>
					</object>
					<object id="dirt_mountain_dirt_cap_1_1315368013327">
						<int id="z">12</int>
						<int id="r">5</int>
						<int id="x">-2772</int>
						<int id="y">-283</int>
						<str id="sprite_class">dirt_mountain_dirt_cap_1</str>
						<str id="name">dirt_mountain_dirt_cap_1_1315368013326</str>
						<int id="h">436</int>
						<int id="w">265</int>
					</object>
					<object id="heights_face_rock_2_1315368013436">
						<int id="z">21</int>
						<int id="x">-2295</int>
						<int id="y">-201</int>
						<str id="sprite_class">heights_face_rock_2</str>
						<str id="name">heights_face_rock_2_1315368013436</str>
						<int id="h">111</int>
						<int id="w">391</int>
					</object>
					<object id="heights_moss_2_1315368013450">
						<int id="z">62</int>
						<int id="x">-2527</int>
						<int id="y">-160</int>
						<str id="sprite_class">heights_moss_2</str>
						<str id="name">heights_moss_2_1315368013450</str>
						<int id="h">44</int>
						<int id="w">199</int>
					</object>
					<object id="heights_platform_3_1315881788516">
						<int id="z">121</int>
						<int id="r">1</int>
						<int id="x">1310</int>
						<int id="y">49</int>
						<str id="sprite_class">heights_platform_3</str>
						<str id="name">heights_platform_3_1315881788516</str>
						<int id="h">205</int>
						<bool id="h_flip">true</bool>
						<int id="w">236</int>
					</object>
					<object id="stalagmite_base_3_1315368013453">
						<int id="z">57</int>
						<int id="r">-4</int>
						<int id="x">-1994</int>
						<int id="y">-211</int>
						<str id="sprite_class">stalagmite_base_3</str>
						<str id="name">stalagmite_base_3_1315368013444</str>
						<int id="h">36</int>
						<int id="w">136</int>
					</object>
					<object id="heights_platform_4_1315368013456">
						<int id="z">38</int>
						<int id="x">153</int>
						<int id="y">53</int>
						<str id="sprite_class">heights_platform_4</str>
						<str id="name">heights_platform_4_1315368013312</str>
						<int id="h">217</int>
						<bool id="h_flip">true</bool>
						<int id="w">513</int>
					</object>
					<object id="heights_topper_1_1315881788513">
						<int id="z">116</int>
						<int id="x">2107</int>
						<int id="y">-178</int>
						<str id="sprite_class">heights_topper_1</str>
						<str id="name">heights_topper_1_1315881788513</str>
						<int id="h">69</int>
						<int id="w">269</int>
					</object>
					<object id="heights_ladderbed_1_1315881788488">
						<int id="z">29</int>
						<int id="x">1001</int>
						<int id="y">-361</int>
						<str id="sprite_class">heights_ladderbed_1</str>
						<str id="name">heights_ladderbed_1_1315881788486</str>
						<int id="h">147</int>
						<int id="w">136</int>
					</object>
					<object id="heights_topper_2_1315368013406">
						<int id="z">65</int>
						<int id="x">-2092</int>
						<int id="y">-366</int>
						<str id="sprite_class">heights_topper_2</str>
						<str id="name">heights_topper_2_1315368013406</str>
						<int id="h">56</int>
						<int id="w">159</int>
					</object>
					<object id="heights_platform_2_1315368013334">
						<int id="z">48</int>
						<int id="x">-1218</int>
						<int id="y">-378</int>
						<str id="sprite_class">heights_platform_2</str>
						<str id="name">heights_platform_2_1315368013320</str>
						<int id="h">208</int>
						<bool id="h_flip">true</bool>
						<int id="w">451</int>
					</object>
					<object id="heights_platform_4_1315368013313">
						<int id="z">24</int>
						<int id="x">-2399</int>
						<int id="y">-1</int>
						<str id="sprite_class">heights_platform_4</str>
						<str id="name">heights_platform_4_1315368013312</str>
						<int id="h">217</int>
						<bool id="h_flip">true</bool>
						<int id="w">513</int>
					</object>
					<object id="heights_ladder_2_1315368013390">
						<int id="z">52</int>
						<int id="x">-858</int>
						<int id="y">-302</int>
						<str id="sprite_class">heights_ladder_2</str>
						<str id="name">heights_ladder_2_1315368013383</str>
						<int id="h">87</int>
						<int id="w">70</int>
					</object>
					<object id="heights_face_1_1315368013302">
						<int id="z">20</int>
						<int id="x">-1379</int>
						<int id="y">54</int>
						<str id="sprite_class">heights_face_1</str>
						<str id="name">heights_face_1_1315368013300</str>
						<int id="h">576</int>
						<int id="w">842</int>
					</object>
					<object id="heights_ladderbed_1_1315881788486">
						<int id="z">87</int>
						<int id="x">1006</int>
						<int id="y">-136</int>
						<str id="sprite_class">heights_ladderbed_1</str>
						<str id="name">heights_ladderbed_1_1315881788486</str>
						<int id="h">147</int>
						<int id="w">136</int>
					</object>
					<object id="heights_platform_4_1315368013481">
						<int id="z">32</int>
						<int id="x">698</int>
						<int id="y">-251</int>
						<str id="sprite_class">heights_platform_4</str>
						<str id="name">heights_platform_4_1315368013312</str>
						<int id="h">191</int>
						<bool id="h_flip">true</bool>
						<int id="w">513</int>
					</object>
					<object id="heights_moss_2_1315368013396">
						<int id="z">56</int>
						<int id="x">-3003</int>
						<int id="y">-456</int>
						<str id="sprite_class">heights_moss_2</str>
						<str id="name">heights_moss_2_1315368013396</str>
						<int id="h">44</int>
						<int id="w">199</int>
					</object>
					<object id="heights_platform_4_1315881788517">
						<int id="z">119</int>
						<int id="r">2</int>
						<int id="x">1650</int>
						<int id="y">106</int>
						<str id="sprite_class">heights_platform_4</str>
						<str id="name">heights_platform_4_1315881788517</str>
						<int id="h">227</int>
						<int id="w">513</int>
					</object>
					<object id="heights_platform_rock_1_1315972774832">
						<int id="z">123</int>
						<int id="x">1986</int>
						<int id="y">43</int>
						<str id="sprite_class">heights_platform_rock_1</str>
						<str id="name">heights_platform_rock_1_1315972774832</str>
						<int id="h">146</int>
						<int id="w">237</int>
					</object>
					<object id="heights_mound_3_1315881788559">
						<int id="z">3</int>
						<int id="r">5</int>
						<int id="x">2047</int>
						<int id="y">-186</int>
						<str id="sprite_class">heights_mound_3</str>
						<str id="name">heights_mound_3_1315881788558</str>
						<int id="h">189</int>
						<int id="w">498</int>
					</object>
					<object id="heights_moss_1_1315368013395">
						<int id="z">58</int>
						<int id="x">-2952</int>
						<int id="y">-397</int>
						<str id="sprite_class">heights_moss_1</str>
						<str id="name">heights_moss_1_1315368013395</str>
						<int id="h">88</int>
						<int id="w">162</int>
					</object>
					<object id="heights_topper_1_1315368013477">
						<int id="z">91</int>
						<int id="x">431</int>
						<int id="y">-87</int>
						<str id="sprite_class">heights_topper_1</str>
						<str id="name">heights_topper_1_1315368013477</str>
						<int id="h">69</int>
						<int id="w">269</int>
					</object>
					<object id="heights_ladder_1_1315881788491">
						<int id="z">96</int>
						<int id="x">999</int>
						<int id="y">-330</int>
						<str id="sprite_class">heights_ladder_1</str>
						<str id="name">heights_ladder_1_1315881788489</str>
						<int id="h">79</int>
						<int id="w">73</int>
					</object>
					<object id="heights_platform_4_1315368013341">
						<int id="z">44</int>
						<int id="r">-6</int>
						<int id="x">-1638</int>
						<int id="y">-338</int>
						<str id="sprite_class">heights_platform_4</str>
						<str id="name">heights_platform_4_1315368013312</str>
						<int id="h">217</int>
						<bool id="h_flip">true</bool>
						<int id="w">513</int>
					</object>
					<object id="stalagmite_base_2_1315368013441">
						<int id="z">68</int>
						<int id="x">-2411</int>
						<int id="y">-183</int>
						<str id="sprite_class">stalagmite_base_2</str>
						<str id="name">stalagmite_base_2_1315368013441</str>
						<int id="h">57</int>
						<int id="w">325</int>
					</object>
					<object id="heights_face_rock_1_1315368013319">
						<int id="z">22</int>
						<int id="x">-2900</int>
						<int id="y">10</int>
						<str id="sprite_class">heights_face_rock_1</str>
						<str id="name">heights_face_rock_1_1315368013319</str>
						<int id="h">98</int>
						<int id="w">308</int>
					</object>
					<object id="heights_platform_4_1315368013322">
						<int id="z">36</int>
						<int id="r">5</int>
						<int id="x">-614</int>
						<int id="y">8</int>
						<str id="sprite_class">heights_platform_4</str>
						<str id="name">heights_platform_4_1315368013312</str>
						<int id="h">217</int>
						<bool id="h_flip">true</bool>
						<int id="w">513</int>
					</object>
					<object id="heights_platform_4_1315881788506">
						<int id="z">106</int>
						<int id="r">-5</int>
						<int id="x">2886</int>
						<int id="y">-206</int>
						<str id="sprite_class">heights_platform_4</str>
						<str id="name">heights_platform_4_1315881788506</str>
						<int id="h">217</int>
						<int id="w">513</int>
					</object>
					<object id="heights_face_rock_1_1315368013451">
						<int id="z">78</int>
						<int id="x">-1777</int>
						<int id="y">-578</int>
						<str id="sprite_class">heights_face_rock_1</str>
						<str id="name">heights_face_rock_1_1315368013451</str>
						<int id="h">55</int>
						<int id="w">173</int>
					</object>
					<object id="heights_face_rock_2_1315881788500">
						<int id="z">35</int>
						<int id="r">2</int>
						<int id="x">454</int>
						<int id="y">-130</int>
						<str id="sprite_class">heights_face_rock_2</str>
						<str id="name">heights_face_rock_2_1315368013461</str>
						<int id="h">136</int>
						<bool id="h_flip">true</bool>
						<int id="w">480</int>
					</object>
					<object id="heights_face_1_1315881788502">
						<int id="z">104</int>
						<int id="r">-5</int>
						<int id="x">2120</int>
						<int id="y">331</int>
						<str id="sprite_class">heights_face_1</str>
						<str id="name">heights_face_1_1315881788501</str>
						<int id="h">576</int>
						<bool id="h_flip">true</bool>
						<int id="w">842</int>
					</object>
					<object id="heights_mound_3_1315881788560">
						<int id="z">1</int>
						<int id="r">-9</int>
						<int id="x">1617</int>
						<int id="y">-184</int>
						<str id="sprite_class">heights_mound_3</str>
						<str id="name">heights_mound_3_1315881788558</str>
						<int id="h">189</int>
						<int id="w">498</int>
					</object>
					<object id="heights_platform_4_1315368013318">
						<int id="z">33</int>
						<int id="r">-1</int>
						<int id="x">-1539</int>
						<int id="y">-45</int>
						<str id="sprite_class">heights_platform_4</str>
						<str id="name">heights_platform_4_1315368013312</str>
						<int id="h">217</int>
						<bool id="h_flip">true</bool>
						<int id="w">513</int>
					</object>
					<object id="heights_ladder_1_1315881788489">
						<int id="z">95</int>
						<int id="x">1006</int>
						<int id="y">-158</int>
						<str id="sprite_class">heights_ladder_1</str>
						<str id="name">heights_ladder_1_1315881788489</str>
						<int id="h">79</int>
						<int id="w">73</int>
					</object>
					<object id="heights_face_rock_2_1315368013461">
						<int id="z">43</int>
						<int id="r">2</int>
						<int id="x">-1365</int>
						<int id="y">-244</int>
						<str id="sprite_class">heights_face_rock_2</str>
						<str id="name">heights_face_rock_2_1315368013461</str>
						<int id="h">136</int>
						<int id="w">480</int>
					</object>
					<object id="heights_topper_1_1315881788510">
						<int id="z">109</int>
						<int id="x">1625</int>
						<int id="y">-202</int>
						<str id="sprite_class">heights_topper_1</str>
						<str id="name">heights_topper_1_1315881788509</str>
						<int id="h">69</int>
						<bool id="h_flip">true</bool>
						<int id="w">269</int>
					</object>
					<object id="heights_face_1_1315881788504">
						<int id="z">7</int>
						<int id="r">-20</int>
						<int id="x">3007</int>
						<int id="y">-173</int>
						<str id="sprite_class">heights_face_1</str>
						<str id="name">heights_face_1_1315881788501</str>
						<int id="h">576</int>
						<bool id="h_flip">true</bool>
						<int id="w">842</int>
					</object>
					<object id="groddle_plant_2_1315368013442">
						<int id="z">81</int>
						<int id="x">-2321</int>
						<int id="y">-191</int>
						<str id="sprite_class">groddle_plant_2</str>
						<str id="name">groddle_plant_2_1315368013442</str>
						<int id="h">117</int>
						<int id="w">51</int>
					</object>
					<object id="heights_platform_4_1315368013312">
						<int id="z">23</int>
						<int id="x">-2794</int>
						<int id="y">-7</int>
						<str id="sprite_class">heights_platform_4</str>
						<str id="name">heights_platform_4_1315368013312</str>
						<int id="h">217</int>
						<int id="w">513</int>
					</object>
					<object id="heights_platform_4_1315368013323">
						<int id="z">37</int>
						<int id="r">5</int>
						<int id="x">-239</int>
						<int id="y">41</int>
						<str id="sprite_class">heights_platform_4</str>
						<str id="name">heights_platform_4_1315368013312</str>
						<int id="h">217</int>
						<bool id="h_flip">true</bool>
						<int id="w">513</int>
					</object>
					<object id="heights_mound_2_1315368013403">
						<int id="z">61</int>
						<int id="x">-2104</int>
						<int id="y">-288</int>
						<str id="sprite_class">heights_mound_2</str>
						<str id="name">heights_mound_2_1315368013401</str>
						<int id="h">147</int>
						<bool id="h_flip">true</bool>
						<int id="w">171</int>
					</object>
					<object id="heights_face_rock_3_1315881788565">
						<int id="z">111</int>
						<int id="x">2188</int>
						<int id="y">-66</int>
						<str id="sprite_class">heights_face_rock_3</str>
						<str id="name">heights_face_rock_3_1315881788565</str>
						<int id="h">139</int>
						<int id="w">374</int>
					</object>
					<object id="heights_platform_2_1315368013325">
						<int id="z">49</int>
						<int id="r">2</int>
						<int id="x">-2808</int>
						<int id="y">-315</int>
						<str id="sprite_class">heights_platform_2</str>
						<str id="name">heights_platform_2_1315368013320</str>
						<int id="h">208</int>
						<bool id="h_flip">true</bool>
						<int id="w">451</int>
					</object>
					<object id="heights_ladder_1_1315368013430">
						<int id="z">79</int>
						<int id="x">-1623</int>
						<int id="y">-566</int>
						<str id="sprite_class">heights_ladder_1</str>
						<str id="name">heights_ladder_1_1315368013428</str>
						<int id="h">79</int>
						<int id="w">73</int>
					</object>
					<object id="heights_topper_1_1315972774834">
						<int id="z">114</int>
						<int id="x">2661</int>
						<int id="y">-30</int>
						<str id="sprite_class">heights_topper_1</str>
						<str id="name">heights_topper_1_1315972774834</str>
						<int id="h">69</int>
						<int id="w">285</int>
					</object>
					<object id="heights_ladderbed_1_1315881788487">
						<int id="z">28</int>
						<int id="x">1006</int>
						<int id="y">-266</int>
						<str id="sprite_class">heights_ladderbed_1</str>
						<str id="name">heights_ladderbed_1_1315881788486</str>
						<int id="h">147</int>
						<int id="w">136</int>
					</object>
					<object id="heights_platform_2_1315368013425">
						<int id="z">76</int>
						<int id="x">-1886</int>
						<int id="y">-561</int>
						<str id="sprite_class">heights_platform_2</str>
						<str id="name">heights_platform_2_1315368013425</str>
						<int id="h">208</int>
						<int id="w">451</int>
					</object>
					<object id="heights_platform_lip_1_1315368013329">
						<int id="z">50</int>
						<int id="r">1</int>
						<int id="x">-1341</int>
						<int id="y">53</int>
						<str id="sprite_class">heights_platform_lip_1</str>
						<str id="name">heights_platform_lip_1_1315368013329</str>
						<int id="h">304</int>
						<int id="w">694</int>
					</object>
					<object id="heights_bandaid_2_1315881788512">
						<int id="z">6</int>
						<int id="x">1831</int>
						<int id="y">-200</int>
						<str id="sprite_class">heights_bandaid_2</str>
						<str id="name">heights_bandaid_2_1315881788512</str>
						<int id="h">378</int>
						<int id="w">232</int>
					</object>
					<object id="heights_ladderbed_1_1315368013426">
						<int id="z">39</int>
						<int id="x">-1623</int>
						<int id="y">-539</int>
						<str id="sprite_class">heights_ladderbed_1</str>
						<str id="name">heights_ladderbed_1_1315368013426</str>
						<int id="h">147</int>
						<int id="w">136</int>
					</object>
					<object id="gravel_1_1315368013468">
						<int id="z">85</int>
						<int id="x">-1356</int>
						<int id="y">-183</int>
						<str id="sprite_class">gravel_1</str>
						<str id="name">gravel_1_1315368013467</str>
						<int id="h">51</int>
						<int id="w">280</int>
					</object>
					<object id="heights_topper_1_1315881788515">
						<int id="z">120</int>
						<int id="r">5</int>
						<int id="x">2177</int>
						<int id="y">-159</int>
						<str id="sprite_class">heights_topper_1</str>
						<str id="name">heights_topper_1_1315881788513</str>
						<int id="h">69</int>
						<int id="w">269</int>
					</object>
					<object id="groddle_plant_1_1315881788498">
						<int id="z">99</int>
						<int id="x">882</int>
						<int id="y">-132</int>
						<str id="sprite_class">groddle_plant_1</str>
						<str id="name">groddle_plant_1_1315881788498</str>
						<int id="h">105</int>
						<int id="w">99</int>
					</object>
					<object id="heights_platform_4_1315368013315">
						<int id="z">34</int>
						<int id="r">5</int>
						<int id="x">-1060</int>
						<int id="y">-28</int>
						<str id="sprite_class">heights_platform_4</str>
						<str id="name">heights_platform_4_1315368013312</str>
						<int id="h">217</int>
						<bool id="h_flip">true</bool>
						<int id="w">513</int>
					</object>
					<object id="heights_topper_2_1315881788508">
						<int id="z">113</int>
						<int id="x">1837</int>
						<int id="y">-157</int>
						<str id="sprite_class">heights_topper_2</str>
						<str id="name">heights_topper_2_1315881788508</str>
						<int id="h">60</int>
						<int id="w">145</int>
					</object>
					<object id="heights_face_1_1315368013300">
						<int id="z">14</int>
						<int id="x">-2662</int>
						<int id="y">66</int>
						<str id="sprite_class">heights_face_1</str>
						<str id="name">heights_face_1_1315368013300</str>
						<int id="h">576</int>
						<int id="w">842</int>
					</object>
					<object id="heights_ladder_1_1315368013428">
						<int id="z">77</int>
						<int id="x">-1623</int>
						<int id="y">-724</int>
						<str id="sprite_class">heights_ladder_1</str>
						<str id="name">heights_ladder_1_1315368013428</str>
						<int id="h">79</int>
						<int id="w">73</int>
					</object>
					<object id="stalagmite_base_3_1315368013444">
						<int id="z">82</int>
						<int id="x">-2179</int>
						<int id="y">-197</int>
						<str id="sprite_class">stalagmite_base_3</str>
						<str id="name">stalagmite_base_3_1315368013444</str>
						<int id="h">36</int>
						<int id="w">127</int>
					</object>
					<object id="heights_platform_4_1315368013314">
						<int id="z">31</int>
						<int id="r">-5</int>
						<int id="x">-1924</int>
						<int id="y">-27</int>
						<str id="sprite_class">heights_platform_4</str>
						<str id="name">heights_platform_4_1315368013312</str>
						<int id="h">217</int>
						<bool id="h_flip">true</bool>
						<int id="w">513</int>
					</object>
					<object id="heights_topper_1_1315972774835">
						<int id="z">115</int>
						<int id="r">8</int>
						<int id="x">1892</int>
						<int id="y">-40</int>
						<str id="sprite_class">heights_topper_1</str>
						<str id="name">heights_topper_1_1315972774834</str>
						<int id="h">69</int>
						<int id="w">269</int>
					</object>
					<object id="heights_topper_2_1315368013413">
						<int id="z">75</int>
						<int id="x">-2414</int>
						<int id="y">-362</int>
						<str id="sprite_class">heights_topper_2</str>
						<str id="name">heights_topper_2_1315368013406</str>
						<int id="h">56</int>
						<int id="w">159</int>
					</object>
					<object id="heights_ladderbed_1_1315368013427">
						<int id="z">40</int>
						<int id="x">-1620</int>
						<int id="y">-667</int>
						<str id="sprite_class">heights_ladderbed_1</str>
						<str id="name">heights_ladderbed_1_1315368013426</str>
						<int id="h">147</int>
						<bool id="h_flip">true</bool>
						<int id="w">136</int>
					</object>
					<object id="heights_moss_1_1315881788495">
						<int id="z">70</int>
						<int id="x">479</int>
						<int id="y">-329</int>
						<str id="sprite_class">heights_moss_1</str>
						<str id="name">heights_moss_1_1315368013408</str>
						<int id="h">86</int>
						<bool id="h_flip">true</bool>
						<int id="w">158</int>
					</object>
					<object id="heights_mound_3_1315368013476">
						<int id="z">89</int>
						<int id="x">553</int>
						<int id="y">41</int>
						<str id="sprite_class">heights_mound_3</str>
						<str id="name">heights_mound_3_1315368013476</str>
						<int id="h">189</int>
						<int id="w">536</int>
					</object>
					<object id="heights_mound_3_1315881788561">
						<int id="z">5</int>
						<int id="r">5</int>
						<int id="x">2280</int>
						<int id="y">-137</int>
						<str id="sprite_class">heights_mound_3</str>
						<str id="name">heights_mound_3_1315881788558</str>
						<int id="h">189</int>
						<int id="w">498</int>
					</object>
					<object id="heights_ladderbed_1_1315368013385">
						<int id="z">26</int>
						<int id="x">-861</int>
						<int id="y">-347</int>
						<str id="sprite_class">heights_ladderbed_1</str>
						<str id="name">heights_ladderbed_1_1315368013384</str>
						<int id="h">147</int>
						<int id="w">136</int>
					</object>
					<object id="heights_ladder_2_1315881788490">
						<int id="z">97</int>
						<int id="x">998</int>
						<int id="y">-242</int>
						<str id="sprite_class">heights_ladder_2</str>
						<str id="name">heights_ladder_2_1315881788490</str>
						<int id="h">87</int>
						<int id="w">70</int>
					</object>
					<object id="heights_topper_wide_1_1315368013394">
						<int id="z">55</int>
						<int id="x">-2846</int>
						<int id="y">-431</int>
						<str id="sprite_class">heights_topper_wide_1</str>
						<str id="name">heights_topper_wide_1_1315368013394</str>
						<int id="h">99</int>
						<int id="w">534</int>
					</object>
					<object id="heights_face_1_1315368013305">
						<int id="z">18</int>
						<int id="x">316</int>
						<int id="y">65</int>
						<str id="sprite_class">heights_face_1</str>
						<str id="name">heights_face_1_1315368013300</str>
						<int id="h">576</int>
						<int id="w">842</int>
					</object>
					<object id="heights_bandaid_3_1315368013386">
						<int id="z">8</int>
						<int id="r">-70</int>
						<int id="x">-693</int>
						<int id="y">-438</int>
						<str id="sprite_class">heights_bandaid_3</str>
						<str id="name">heights_bandaid_3_1315368013386</str>
						<int id="h">264</int>
						<int id="w">146</int>
					</object>
					<object id="heights_face_1_1315881788501">
						<int id="z">103</int>
						<int id="r">-5</int>
						<int id="x">2765</int>
						<int id="y">48</int>
						<str id="sprite_class">heights_face_1</str>
						<str id="name">heights_face_1_1315881788501</str>
						<int id="h">576</int>
						<bool id="h_flip">true</bool>
						<int id="w">842</int>
					</object>
					<object id="heights_face_1_1315368013306">
						<int id="z">19</int>
						<int id="x">910</int>
						<int id="y">58</int>
						<str id="sprite_class">heights_face_1</str>
						<str id="name">heights_face_1_1315368013300</str>
						<int id="h">576</int>
						<int id="w">842</int>
					</object>
					<object id="heights_topper_1_1315881788511">
						<int id="z">110</int>
						<int id="x">1509</int>
						<int id="y">-208</int>
						<str id="sprite_class">heights_topper_1</str>
						<str id="name">heights_topper_1_1315881788509</str>
						<int id="h">69</int>
						<bool id="h_flip">true</bool>
						<int id="w">269</int>
					</object>
					<object id="heights_ladder_1_1315368013389">
						<int id="z">53</int>
						<int id="x">-870</int>
						<int id="y">-378</int>
						<str id="sprite_class">heights_ladder_1</str>
						<str id="name">heights_ladder_1_1315368013389</str>
						<int id="h">79</int>
						<int id="w">73</int>
					</object>
					<object id="heights_topper_1_1315881788507">
						<int id="z">108</int>
						<int id="x">1973</int>
						<int id="y">-169</int>
						<str id="sprite_class">heights_topper_1</str>
						<str id="name">heights_topper_1_1315881788507</str>
						<int id="h">69</int>
						<int id="w">269</int>
					</object>
					<object id="heights_topper_1_1315881788514">
						<int id="z">117</int>
						<int id="x">2271</int>
						<int id="y">-177</int>
						<str id="sprite_class">heights_topper_1</str>
						<str id="name">heights_topper_1_1315881788513</str>
						<int id="h">69</int>
						<bool id="h_flip">true</bool>
						<int id="w">269</int>
					</object>
					<object id="heights_mound_2_1315368013415">
						<int id="z">73</int>
						<int id="x">-2426</int>
						<int id="y">-284</int>
						<str id="sprite_class">heights_mound_2</str>
						<str id="name">heights_mound_2_1315368013401</str>
						<int id="h">147</int>
						<bool id="h_flip">true</bool>
						<int id="w">171</int>
					</object>
					<object id="dirt_mountain_dirt_cap_1_1315368013326">
						<int id="z">10</int>
						<int id="r">-25</int>
						<int id="x">-2838</int>
						<int id="y">-421</int>
						<str id="sprite_class">dirt_mountain_dirt_cap_1</str>
						<str id="name">dirt_mountain_dirt_cap_1_1315368013326</str>
						<int id="h">436</int>
						<int id="w">265</int>
					</object>
					<object id="heights_mound_2_1315368013416">
						<int id="z">72</int>
						<int id="x">-2405</int>
						<int id="y">-286</int>
						<str id="sprite_class">heights_mound_2</str>
						<str id="name">heights_mound_2_1315368013401</str>
						<int id="h">147</int>
						<int id="w">171</int>
					</object>
					<object id="heights_moss_2_1315881788497">
						<int id="z">101</int>
						<int id="x">816</int>
						<int id="y">-110</int>
						<str id="sprite_class">heights_moss_2</str>
						<str id="name">heights_moss_2_1315881788497</str>
						<int id="h">44</int>
						<int id="w">199</int>
					</object>
					<object id="heights_mound_3_1315881788558">
						<int id="z">2</int>
						<int id="x">1831</int>
						<int id="y">-221</int>
						<str id="sprite_class">heights_mound_3</str>
						<str id="name">heights_mound_3_1315881788558</str>
						<int id="h">189</int>
						<int id="w">498</int>
					</object>
					<object id="heights_platform_2_1315881788505">
						<int id="z">107</int>
						<int id="r">-5</int>
						<int id="x">2519</int>
						<int id="y">-188</int>
						<str id="sprite_class">heights_platform_2</str>
						<str id="name">heights_platform_2_1315881788505</str>
						<int id="h">208</int>
						<int id="w">451</int>
					</object>
					<object id="heights_mound_2_1315368013402">
						<int id="z">63</int>
						<int id="x">-2109</int>
						<int id="y">-202</int>
						<str id="sprite_class">heights_mound_2</str>
						<str id="name">heights_mound_2_1315368013401</str>
						<int id="h">147</int>
						<bool id="h_flip">true</bool>
						<int id="w">180</int>
					</object>
					<object id="stalagmite_base_3_1315368013445">
						<int id="z">84</int>
						<int id="x">-2094</int>
						<int id="y">-191</int>
						<str id="sprite_class">stalagmite_base_3</str>
						<str id="name">stalagmite_base_3_1315368013444</str>
						<int id="h">36</int>
						<int id="w">206</int>
					</object>
					<object id="heights_ladder_2_1315368013429">
						<int id="z">80</int>
						<int id="x">-1621</int>
						<int id="y">-640</int>
						<str id="sprite_class">heights_ladder_2</str>
						<str id="name">heights_ladder_2_1315368013429</str>
						<int id="h">87</int>
						<int id="w">70</int>
					</object>
					<object id="heights_platform_2_1315368013480">
						<int id="z">47</int>
						<int id="r">-5</int>
						<int id="x">308</int>
						<int id="y">-229</int>
						<str id="sprite_class">heights_platform_2</str>
						<str id="name">heights_platform_2_1315368013320</str>
						<int id="h">204</int>
						<int id="w">424</int>
					</object>
					<object id="heights_moss_1_1315881788496">
						<int id="z">100</int>
						<int id="x">1050</int>
						<int id="y">-31</int>
						<str id="sprite_class">heights_moss_1</str>
						<str id="name">heights_moss_1_1315368013408</str>
						<int id="h">86</int>
						<bool id="h_flip">true</bool>
						<int id="w">158</int>
					</object>
					<object id="heights_mound_2_1315368013414">
						<int id="z">74</int>
						<int id="x">-2431</int>
						<int id="y">-198</int>
						<str id="sprite_class">heights_mound_2</str>
						<str id="name">heights_mound_2_1315368013401</str>
						<int id="h">147</int>
						<bool id="h_flip">true</bool>
						<int id="w">180</int>
					</object>
					<object id="heights_face_rock_3_1315368013452">
						<int id="z">45</int>
						<int id="x">-2869</int>
						<int id="y">-239</int>
						<str id="sprite_class">heights_face_rock_3</str>
						<str id="name">heights_face_rock_3_1315368013452</str>
						<int id="h">139</int>
						<int id="w">374</int>
					</object>
					<object id="heights_face_1_1315881788503">
						<int id="z">27</int>
						<int id="r">10</int>
						<int id="x">1502</int>
						<int id="y">303</int>
						<str id="sprite_class">heights_face_1</str>
						<str id="name">heights_face_1_1315881788501</str>
						<int id="h">576</int>
						<int id="w">842</int>
					</object>
					<object id="heights_ladder_2_1315881788492">
						<int id="z">98</int>
						<int id="x">1000</int>
						<int id="y">-411</int>
						<str id="sprite_class">heights_ladder_2</str>
						<str id="name">heights_ladder_2_1315881788490</str>
						<int id="h">87</int>
						<int id="w">70</int>
					</object>
					<object id="heights_platform_1_1315368013316">
						<int id="z">41</int>
						<int id="x">-1359</int>
						<int id="y">-75</int>
						<str id="sprite_class">heights_platform_1</str>
						<str id="name">heights_platform_1_1315368013316</str>
						<int id="h">190</int>
						<int id="w">222</int>
					</object>
					<object id="heights_moss_3_1315368013449">
						<int id="z">64</int>
						<int id="x">-2359</int>
						<int id="y">-80</int>
						<str id="sprite_class">heights_moss_3</str>
						<str id="name">heights_moss_3_1315368013449</str>
						<int id="h">135</int>
						<int id="w">358</int>
					</object>
					<object id="heights_ladder_1_1315368013391">
						<int id="z">54</int>
						<int id="x">-863</int>
						<int id="y">-229</int>
						<str id="sprite_class">heights_ladder_1</str>
						<str id="name">heights_ladder_1_1315368013389</str>
						<int id="h">79</int>
						<int id="w">73</int>
					</object>
					<object id="heights_face_1_1315368013304">
						<int id="z">17</int>
						<int id="x">-219</int>
						<int id="y">61</int>
						<str id="sprite_class">heights_face_1</str>
						<str id="name">heights_face_1_1315368013300</str>
						<int id="h">576</int>
						<int id="w">842</int>
					</object>
					<object id="heights_face_rock_1_1315881788564">
						<int id="z">4</int>
						<int id="r">-180</int>
						<int id="x">1835</int>
						<int id="y">-324</int>
						<str id="sprite_class">heights_face_rock_1</str>
						<str id="name">heights_face_rock_1_1315881788564</str>
						<int id="h">98</int>
						<int id="w">307</int>
					</object>
					<object id="heights_platform_4_1315881788520">
						<int id="z">118</int>
						<int id="r">-4</int>
						<int id="x">2875</int>
						<int id="y">108</int>
						<str id="sprite_class">heights_platform_4</str>
						<str id="name">heights_platform_4_1315881788517</str>
						<int id="h">217</int>
						<int id="w">513</int>
					</object>
					<object id="stalagmite_base_3_1315368013446">
						<int id="z">83</int>
						<int id="x">-2009</int>
						<int id="y">-202</int>
						<str id="sprite_class">stalagmite_base_3</str>
						<str id="name">stalagmite_base_3_1315368013444</str>
						<int id="h">36</int>
						<int id="w">127</int>
					</object>
					<object id="heights_moss_3_1315881788494">
						<int id="z">67</int>
						<int id="r">3</int>
						<int id="x">-195</int>
						<int id="y">-41</int>
						<str id="sprite_class">heights_moss_3</str>
						<str id="name">heights_moss_3_1315368013407</str>
						<int id="h">135</int>
						<int id="w">358</int>
					</object>
					<object id="heights_topper_1_1315368013478">
						<int id="z">92</int>
						<int id="x">526</int>
						<int id="y">-83</int>
						<str id="sprite_class">heights_topper_1</str>
						<str id="name">heights_topper_1_1315368013477</str>
						<int id="h">69</int>
						<int id="w">269</int>
					</object>
					<object id="heights_face_1_1315368013330">
						<int id="z">11</int>
						<int id="r">5</int>
						<int id="x">-1698</int>
						<int id="y">-245</int>
						<str id="sprite_class">heights_face_1</str>
						<str id="name">heights_face_1_1315368013300</str>
						<int id="h">576</int>
						<int id="w">842</int>
					</object>
					<object id="heights_platform_2_1315368013320">
						<int id="z">42</int>
						<int id="x">-611</int>
						<int id="y">-316</int>
						<str id="sprite_class">heights_platform_2</str>
						<str id="name">heights_platform_2_1315368013320</str>
						<int id="h">208</int>
						<int id="w">451</int>
					</object>
					<object id="heights_ladderbed_1_1315368013388">
						<int id="z">30</int>
						<int id="x">-871</int>
						<int id="y">-409</int>
						<str id="sprite_class">heights_ladderbed_1</str>
						<str id="name">heights_ladderbed_1_1315368013384</str>
						<int id="h">147</int>
						<int id="w">136</int>
					</object>
					<object id="heights_face_rock_2_1315881788563">
						<int id="z">105</int>
						<int id="x">2154</int>
						<int id="y">-212</int>
						<str id="sprite_class">heights_face_rock_2</str>
						<str id="name">heights_face_rock_2_1315881788563</str>
						<int id="h">111</int>
						<int id="w">391</int>
					</object>
					<object id="heights_mound_2_1315368013401">
						<int id="z">59</int>
						<int id="x">-2076</int>
						<int id="y">-205</int>
						<str id="sprite_class">heights_mound_2</str>
						<str id="name">heights_mound_2_1315368013401</str>
						<int id="h">166</int>
						<int id="w">174</int>
					</object>
					<object id="heights_face_1_1315368013303">
						<int id="z">16</int>
						<int id="x">-756</int>
						<int id="y">62</int>
						<str id="sprite_class">heights_face_1</str>
						<str id="name">heights_face_1_1315368013300</str>
						<int id="h">576</int>
						<int id="w">842</int>
					</object>
					<object id="heights_mound_2_1315368013404">
						<int id="z">60</int>
						<int id="x">-2083</int>
						<int id="y">-290</int>
						<str id="sprite_class">heights_mound_2</str>
						<str id="name">heights_mound_2_1315368013401</str>
						<int id="h">147</int>
						<int id="w">171</int>
					</object>
				</object>
				<str id="name">middleground</str>
				<object id="doors">
				</object>
				<object id="signposts">
					<object id="signpost_1">
						<object id="connects">
							<object id="0">
								<int id="x">-2632</int>
								<int id="y">-310</int>
								<str id="mote_id">9</str>
								<str id="swf_file_versioned">http://c2.glitch.bz/locations/groddle1/1316726082.swf</str>
								<str id="hub_id">102</str>
								<bool id="hidden">false</bool>
								<objref id="target" tsid="LA53D0DJQMB2B4S" label="Meion Nsut"/>
							</object>
							<object id="1">
								<int id="x">2550</int>
								<int id="y">-180</int>
								<str id="mote_id">9</str>
								<str id="swf_file_versioned">http://c2.glitch.bz/locations/groddle1/1316726082.swf</str>
								<str id="hub_id">102</str>
								<bool id="hidden">false</bool>
								<objref id="target" tsid="LA5ATR2SUMB2FKP" label="Arago Thaum"/>
							</object>
						</object>
						<int id="x">2672</int>
						<int id="h">200</int>
						<int id="y">-77</int>
						<int id="w">100</int>
					</object>
					<object id="signpost_2">
						<str id="id">signpost_2</str>
						<object id="connects">
							<object id="0">
								<int id="x">-1695</int>
								<int id="y">-735</int>
								<str id="mote_id">9</str>
								<str id="swf_file_versioned">http://c2.glitch.bz/locations/groddle1/1316726082.swf</str>
								<str id="hub_id">102</str>
								<bool id="hidden">false</bool>
								<objref id="target" tsid="LIFDS8H7KBC2B2U" label="Seugal Elba"/>
							</object>
							<object id="1">
								<int id="x">2600</int>
								<int id="y">-310</int>
								<str id="mote_id">9</str>
								<str id="swf_file_versioned">http://c2.glitch.bz/locations/groddle1/1316726082.swf</str>
								<str id="hub_id">102</str>
								<bool id="hidden">false</bool>
								<objref id="target" tsid="LDOEDH6P6GC2R2T" label="Juom Guson"/>
							</object>
						</object>
						<int id="x">-2831</int>
						<int id="h">200</int>
						<int id="y">-203</int>
						<int id="w">100</int>
					</object>
				</object>
				<object id="boxes">
				</object>
				<int id="w">6000</int>
				<object id="ladders">
					<object id="ladder_1315368013431">
						<int id="x">-1625</int>
						<int id="h">218</int>
						<int id="y">-548</int>
						<int id="w">50</int>
					</object>
					<object id="ladder_1315881788493">
						<int id="x">998</int>
						<int id="h">307</int>
						<int id="y">-156</int>
						<int id="w">50</int>
					</object>
					<object id="ladder_1315368013392">
						<int id="x">-869</int>
						<int id="h">305</int>
						<int id="y">-210</int>
						<int id="w">50</int>
					</object>
				</object>
				<object id="walls">
				</object>
				<object id="filtersNEW">
					<object id="brightness">
						<int id="value">20</int>
					</object>
					<object id="saturation">
						<int id="value">-10</int>
					</object>
				</object>
				<int id="z">0</int>
				<int id="h">1000</int>
				<object id="platform_lines">
					<object id="plat_1315368013400">
						<int id="platform_item_perm">-1</int>
						<object id="start">
							<int id="x">-2999</int>
							<int id="y">-487</int>
						</object>
						<object id="end">
							<int id="x">-2883</int>
							<int id="y">-482</int>
						</object>
						<int id="platform_pc_perm">-1</int>
					</object>
					<object id="plat_1315368013484">
						<int id="platform_item_perm">-1</int>
						<object id="start">
							<int id="x">270</int>
							<int id="y">-393</int>
						</object>
						<object id="end">
							<int id="x">335</int>
							<int id="y">-394</int>
						</object>
						<int id="platform_pc_perm">-1</int>
					</object>
					<object id="plat_1315881788539">
						<int id="platform_item_perm">-1</int>
						<object id="start">
							<int id="x">2649</int>
							<int id="y">-365</int>
						</object>
						<object id="end">
							<int id="x">2755</int>
							<int id="y">-374</int>
						</object>
						<int id="platform_pc_perm">-1</int>
					</object>
					<object id="plat_1315881788527">
						<int id="platform_item_perm">-1</int>
						<object id="start">
							<int id="x">1804</int>
							<int id="y">-198</int>
						</object>
						<object id="end">
							<int id="x">1844</int>
							<int id="y">-196</int>
						</object>
						<int id="platform_pc_perm">-1</int>
					</object>
					<object id="plat_1315368013490">
						<int id="platform_item_perm">-1</int>
						<object id="start">
							<int id="x">822</int>
							<int id="y">-415</int>
						</object>
						<object id="end">
							<int id="x">940</int>
							<int id="y">-412</int>
						</object>
						<int id="platform_pc_perm">-1</int>
					</object>
					<object id="plat_1315881788478">
						<int id="platform_item_perm">-1</int>
						<object id="start">
							<int id="x">799</int>
							<int id="y">-107</int>
						</object>
						<object id="end">
							<int id="x">895</int>
							<int id="y">-112</int>
						</object>
						<int id="platform_pc_perm">-1</int>
					</object>
					<object id="plat_1315368013419">
						<int id="platform_item_perm">-1</int>
						<object id="start">
							<int id="x">-2442</int>
							<int id="y">-393</int>
						</object>
						<object id="end">
							<int id="x">-2352</int>
							<int id="y">-396</int>
						</object>
						<int id="platform_pc_perm">-1</int>
					</object>
					<object id="plat_1315368013447">
						<int id="platform_item_perm">-1</int>
						<object id="start">
							<int id="x">-2142</int>
							<int id="y">-180</int>
						</object>
						<object id="end">
							<int id="x">-2055</int>
							<int id="y">-182</int>
						</object>
						<int id="platform_pc_perm">-1</int>
					</object>
					<object id="plat_1315368013423">
						<int id="platform_item_perm">-1</int>
						<object id="start">
							<int id="x">-1857</int>
							<int id="y">-501</int>
						</object>
						<object id="end">
							<int id="x">-1741</int>
							<int id="y">-509</int>
						</object>
						<int id="platform_pc_perm">-1</int>
					</object>
					<object id="plat_1315881788535">
						<int id="platform_item_perm">-1</int>
						<object id="start">
							<int id="x">2291</int>
							<int id="y">-340</int>
						</object>
						<object id="end">
							<int id="x">2351</int>
							<int id="y">-355</int>
						</object>
						<int id="platform_pc_perm">-1</int>
					</object>
					<object id="plat_1315368013418">
						<int id="platform_item_perm">-1</int>
						<object id="start">
							<int id="x">-2479</int>
							<int id="y">-393</int>
						</object>
						<object id="end">
							<int id="x">-2442</int>
							<int id="y">-393</int>
						</object>
						<int id="platform_pc_perm">-1</int>
					</object>
					<object id="plat_1315368013352">
						<int id="platform_item_perm">-1</int>
						<object id="start">
							<int id="x">-1270</int>
							<int id="y">-548</int>
						</object>
						<object id="end">
							<int id="x">-1210</int>
							<int id="y">-556</int>
						</object>
						<int id="platform_pc_perm">-1</int>
					</object>
					<object id="plat_1315881788482">
						<int id="platform_item_perm">-1</int>
						<object id="start">
							<int id="x">1120</int>
							<int id="y">-120</int>
						</object>
						<object id="end">
							<int id="x">1171</int>
							<int id="y">-133</int>
						</object>
						<int id="platform_pc_perm">-1</int>
					</object>
					<object id="plat_1315368013435">
						<int id="platform_item_perm">-1</int>
						<object id="start">
							<int id="x">-1791</int>
							<int id="y">-727</int>
						</object>
						<object id="end">
							<int id="x">-1676</int>
							<int id="y">-726</int>
						</object>
						<int id="platform_pc_perm">-1</int>
					</object>
					<object id="plat_1315368013371">
						<int id="platform_item_perm">-1</int>
						<object id="start">
							<int id="x">-1604</int>
							<int id="y">-199</int>
						</object>
						<object id="end">
							<int id="x">-1495</int>
							<int id="y">-177</int>
						</object>
						<int id="platform_pc_perm">-1</int>
					</object>
					<object id="plat_1315368013365">
						<int id="platform_item_perm">-1</int>
						<object id="start">
							<int id="x">-2284</int>
							<int id="y">-184</int>
						</object>
						<object id="end">
							<int id="x">-2142</int>
							<int id="y">-180</int>
						</object>
						<int id="platform_pc_perm">-1</int>
					</object>
					<object id="plat_1315368013483">
						<int id="platform_item_perm">-1</int>
						<object id="start">
							<int id="x">153</int>
							<int id="y">-389</int>
						</object>
						<object id="end">
							<int id="x">270</int>
							<int id="y">-393</int>
						</object>
						<int id="platform_pc_perm">-1</int>
					</object>
					<object id="plat_1315368013487">
						<int id="platform_item_perm">-1</int>
						<object id="start">
							<int id="x">532</int>
							<int id="y">-409</int>
						</object>
						<object id="end">
							<int id="x">645</int>
							<int id="y">-407</int>
						</object>
						<int id="platform_pc_perm">-1</int>
					</object>
					<object id="plat_1315881788532">
						<int id="platform_item_perm">-1</int>
						<object id="start">
							<int id="x">2175</int>
							<int id="y">-224</int>
						</object>
						<object id="end">
							<int id="x">2276</int>
							<int id="y">-224</int>
						</object>
						<int id="platform_pc_perm">-1</int>
					</object>
					<object id="plat_1315881788484">
						<int id="platform_item_perm">-1</int>
						<object id="start">
							<int id="x">1215</int>
							<int id="y">-147</int>
						</object>
						<object id="end">
							<int id="x">1270</int>
							<int id="y">-148</int>
						</object>
						<int id="platform_pc_perm">-1</int>
					</object>
					<object id="plat_1315368013374">
						<int id="platform_item_perm">-1</int>
						<object id="start">
							<int id="x">-1318</int>
							<int id="y">-170</int>
						</object>
						<object id="end">
							<int id="x">-1203</int>
							<int id="y">-181</int>
						</object>
						<int id="platform_pc_perm">-1</int>
					</object>
					<object id="plat_1315368013378">
						<int id="platform_item_perm">-1</int>
						<object id="start">
							<int id="x">-940</int>
							<int id="y">-204</int>
						</object>
						<object id="end">
							<int id="x">-804</int>
							<int id="y">-191</int>
						</object>
						<int id="platform_pc_perm">-1</int>
					</object>
					<object id="plat_1315368013377">
						<int id="platform_item_perm">-1</int>
						<object id="start">
							<int id="x">-1000</int>
							<int id="y">-205</int>
						</object>
						<object id="end">
							<int id="x">-940</int>
							<int id="y">-204</int>
						</object>
						<int id="platform_pc_perm">-1</int>
					</object>
					<object id="plat_1315881788530">
						<int id="platform_item_perm">-1</int>
						<object id="start">
							<int id="x">1978</int>
							<int id="y">-219</int>
						</object>
						<object id="end">
							<int id="x">2066</int>
							<int id="y">-220</int>
						</object>
						<int id="platform_pc_perm">-1</int>
					</object>
					<object id="plat_1315368013409">
						<int id="platform_item_perm">-1</int>
						<object id="start">
							<int id="x">-2157</int>
							<int id="y">-397</int>
						</object>
						<object id="end">
							<int id="x">-2120</int>
							<int id="y">-397</int>
						</object>
						<int id="platform_pc_perm">-1</int>
					</object>
					<object id="plat_1315881788534">
						<int id="platform_item_perm">-1</int>
						<object id="start">
							<int id="x">2330</int>
							<int id="y">-219</int>
						</object>
						<object id="end">
							<int id="x">2393</int>
							<int id="y">-206</int>
						</object>
						<int id="platform_pc_perm">-1</int>
					</object>
					<object id="plat_1315368013381">
						<int id="platform_item_perm">-1</int>
						<object id="start">
							<int id="x">-511</int>
							<int id="y">-167</int>
						</object>
						<object id="end">
							<int id="x">-364</int>
							<int id="y">-147</int>
						</object>
						<int id="platform_pc_perm">-1</int>
					</object>
					<object id="plat_1315368013443">
						<int id="platform_item_perm">-1</int>
						<object id="start">
							<int id="x">-2420</int>
							<int id="y">-172</int>
						</object>
						<object id="end">
							<int id="x">-2375</int>
							<int id="y">-174</int>
						</object>
						<int id="platform_pc_perm">-1</int>
					</object>
					<object id="plat_1315368013373">
						<int id="platform_item_perm">-1</int>
						<object id="start">
							<int id="x">-1421</int>
							<int id="y">-170</int>
						</object>
						<object id="end">
							<int id="x">-1318</int>
							<int id="y">-170</int>
						</object>
						<int id="platform_pc_perm">-1</int>
					</object>
					<object id="plat_1315881788556">
						<int id="platform_item_perm">-1</int>
						<object id="start">
							<int id="x">1308</int>
							<int id="y">-134</int>
						</object>
						<object id="end">
							<int id="x">1355</int>
							<int id="y">-114</int>
						</object>
						<int id="platform_pc_perm">-1</int>
					</object>
					<object id="plat_1315881788547">
						<int id="platform_item_perm">-1</int>
						<object id="start">
							<int id="x">2249</int>
							<int id="y">-54</int>
						</object>
						<object id="end">
							<int id="x">2465</int>
							<int id="y">-59</int>
						</object>
						<int id="platform_pc_perm">-1</int>
					</object>
					<object id="plat_1315368013472">
						<int id="platform_item_perm">-1</int>
						<object id="start">
							<int id="x">-263</int>
							<int id="y">-139</int>
						</object>
						<object id="end">
							<int id="x">-140</int>
							<int id="y">-133</int>
						</object>
						<int id="platform_pc_perm">-1</int>
					</object>
					<object id="plat_1315881788548">
						<int id="platform_item_perm">-1</int>
						<object id="start">
							<int id="x">2117</int>
							<int id="y">-60</int>
						</object>
						<object id="end">
							<int id="x">2249</int>
							<int id="y">-54</int>
						</object>
						<int id="platform_pc_perm">-1</int>
					</object>
					<object id="plat_1315368013433">
						<int id="platform_item_perm">-1</int>
						<object id="start">
							<int id="x">-1957</int>
							<int id="y">-735</int>
						</object>
						<object id="end">
							<int id="x">-1870</int>
							<int id="y">-728</int>
						</object>
						<int id="platform_pc_perm">-1</int>
					</object>
					<object id="plat_1315368013379">
						<int id="platform_item_perm">-1</int>
						<object id="start">
							<int id="x">-804</int>
							<int id="y">-191</int>
						</object>
						<object id="end">
							<int id="x">-651</int>
							<int id="y">-174</int>
						</object>
						<int id="platform_pc_perm">-1</int>
					</object>
					<object id="plat_1315368013353">
						<int id="platform_item_perm">-1</int>
						<object id="start">
							<int id="x">-1392</int>
							<int id="y">-535</int>
						</object>
						<object id="end">
							<int id="x">-1270</int>
							<int id="y">-548</int>
						</object>
						<int id="platform_pc_perm">-1</int>
					</object>
					<object id="plat_1315881788536">
						<int id="platform_item_perm">-1</int>
						<object id="start">
							<int id="x">2351</int>
							<int id="y">-355</int>
						</object>
						<object id="end">
							<int id="x">2454</int>
							<int id="y">-363</int>
						</object>
						<int id="platform_pc_perm">-1</int>
					</object>
					<object id="plat_1315881788552">
						<int id="platform_item_perm">-1</int>
						<object id="start">
							<int id="x">1684</int>
							<int id="y">-85</int>
						</object>
						<object id="end">
							<int id="x">1790</int>
							<int id="y">-83</int>
						</object>
						<int id="platform_pc_perm">-1</int>
					</object>
					<object id="plat_1315368013362">
						<int id="platform_item_perm">-1</int>
						<object id="start">
							<int id="x">-2669</int>
							<int id="y">-185</int>
						</object>
						<object id="end">
							<int id="x">-2535</int>
							<int id="y">-178</int>
						</object>
						<int id="platform_pc_perm">-1</int>
					</object>
					<object id="plat_1315881788537">
						<int id="platform_item_perm">-1</int>
						<object id="start">
							<int id="x">2454</int>
							<int id="y">-363</int>
						</object>
						<object id="end">
							<int id="x">2563</int>
							<int id="y">-364</int>
						</object>
						<int id="platform_pc_perm">-1</int>
					</object>
					<object id="plat_1315368013432">
						<int id="platform_item_perm">-1</int>
						<object id="start">
							<int id="x">-2096</int>
							<int id="y">-736</int>
						</object>
						<object id="end">
							<int id="x">-1957</int>
							<int id="y">-735</int>
						</object>
						<int id="platform_pc_perm">-1</int>
					</object>
					<object id="plat_1315368013350">
						<int id="platform_item_perm">-1</int>
						<object id="start">
							<int id="x">-1127</int>
							<int id="y">-559</int>
						</object>
						<object id="end">
							<int id="x">-1007</int>
							<int id="y">-553</int>
						</object>
						<int id="platform_pc_perm">-1</int>
					</object>
					<object id="plat_1315368013475">
						<int id="platform_item_perm">-1</int>
						<object id="start">
							<int id="x">229</int>
							<int id="y">-131</int>
						</object>
						<object id="end">
							<int id="x">367</int>
							<int id="y">-133</int>
						</object>
						<int id="platform_pc_perm">-1</int>
					</object>
					<object id="plat_1315881788540">
						<int id="platform_item_perm">-1</int>
						<object id="start">
							<int id="x">2755</int>
							<int id="y">-374</int>
						</object>
						<object id="end">
							<int id="x">2858</int>
							<int id="y">-380</int>
						</object>
						<int id="platform_pc_perm">-1</int>
					</object>
					<object id="plat_1315368013361">
						<int id="platform_item_perm">-1</int>
						<object id="start">
							<int id="x">-2797</int>
							<int id="y">-185</int>
						</object>
						<object id="end">
							<int id="x">-2669</int>
							<int id="y">-185</int>
						</object>
						<int id="platform_pc_perm">-1</int>
					</object>
					<object id="plat_1315368013448">
						<int id="platform_item_perm">-1</int>
						<object id="start">
							<int id="x">-2055</int>
							<int id="y">-182</int>
						</object>
						<object id="end">
							<int id="x">-1982</int>
							<int id="y">-193</int>
						</object>
						<int id="platform_pc_perm">-1</int>
					</object>
					<object id="plat_1315368013338">
						<int id="platform_item_perm">-1</int>
						<object id="start">
							<int id="x">-353</int>
							<int id="y">-485</int>
						</object>
						<object id="end">
							<int id="x">-249</int>
							<int id="y">-490</int>
						</object>
						<int id="platform_pc_perm">-1</int>
					</object>
					<object id="plat_1315368013421">
						<int id="platform_item_perm">-1</int>
						<object id="start">
							<int id="x">-1654</int>
							<int id="y">-518</int>
						</object>
						<object id="end">
							<int id="x">-1579</int>
							<int id="y">-538</int>
						</object>
						<int id="platform_pc_perm">-1</int>
					</object>
					<object id="plat_1315368013410">
						<int id="platform_item_perm">-1</int>
						<object id="start">
							<int id="x">-2120</int>
							<int id="y">-397</int>
						</object>
						<object id="end">
							<int id="x">-2030</int>
							<int id="y">-400</int>
						</object>
						<int id="platform_pc_perm">-1</int>
					</object>
					<object id="plat_1315368013339">
						<int id="platform_item_perm">-1</int>
						<object id="start">
							<int id="x">-249</int>
							<int id="y">-490</int>
						</object>
						<object id="end">
							<int id="x">-127</int>
							<int id="y">-497</int>
						</object>
						<int id="platform_pc_perm">-1</int>
					</object>
					<object id="plat_1315881788538">
						<int id="platform_item_perm">-1</int>
						<object id="start">
							<int id="x">2563</int>
							<int id="y">-364</int>
						</object>
						<object id="end">
							<int id="x">2649</int>
							<int id="y">-365</int>
						</object>
						<int id="platform_pc_perm">-1</int>
					</object>
					<object id="plat_1315368013398">
						<int id="platform_item_perm">-1</int>
						<object id="start">
							<int id="x">-2751</int>
							<int id="y">-476</int>
						</object>
						<object id="end">
							<int id="x">-2632</int>
							<int id="y">-482</int>
						</object>
						<int id="platform_pc_perm">-1</int>
					</object>
					<object id="plat_1315881788549">
						<int id="platform_item_perm">-1</int>
						<object id="start">
							<int id="x">2007</int>
							<int id="y">-73</int>
						</object>
						<object id="end">
							<int id="x">2117</int>
							<int id="y">-60</int>
						</object>
						<int id="platform_pc_perm">-1</int>
					</object>
					<object id="plat_1315881788525">
						<int id="platform_item_perm">-1</int>
						<object id="start">
							<int id="x">1659</int>
							<int id="y">-247</int>
						</object>
						<object id="end">
							<int id="x">1723</int>
							<int id="y">-222</int>
						</object>
						<int id="platform_pc_perm">-1</int>
					</object>
					<object id="plat_1315368013360">
						<int id="platform_item_perm">-1</int>
						<object id="start">
							<int id="x">-2888</int>
							<int id="y">-192</int>
						</object>
						<object id="end">
							<int id="x">-2797</int>
							<int id="y">-185</int>
						</object>
						<int id="platform_pc_perm">-1</int>
					</object>
					<object id="plat_1315368013397">
						<int id="platform_item_perm">-1</int>
						<object id="start">
							<int id="x">-2632</int>
							<int id="y">-482</int>
						</object>
						<object id="end">
							<int id="x">-2592</int>
							<int id="y">-483</int>
						</object>
						<int id="platform_pc_perm">-1</int>
					</object>
					<object id="plat_1315368013354">
						<int id="platform_item_perm">-1</int>
						<object id="start">
							<int id="x">-1517</int>
							<int id="y">-535</int>
						</object>
						<object id="end">
							<int id="x">-1392</int>
							<int id="y">-535</int>
						</object>
						<int id="platform_pc_perm">-1</int>
					</object>
					<object id="plat_1315368013399">
						<int id="platform_item_perm">-1</int>
						<object id="start">
							<int id="x">-2883</int>
							<int id="y">-482</int>
						</object>
						<object id="end">
							<int id="x">-2751</int>
							<int id="y">-476</int>
						</object>
						<int id="platform_pc_perm">-1</int>
					</object>
					<object id="plat_1315881788523">
						<int id="platform_item_perm">-1</int>
						<object id="start">
							<int id="x">1533</int>
							<int id="y">-257</int>
						</object>
						<object id="end">
							<int id="x">1603</int>
							<int id="y">-248</int>
						</object>
						<int id="platform_pc_perm">-1</int>
					</object>
					<object id="plat_1315881788542">
						<int id="platform_item_perm">-1</int>
						<object id="start">
							<int id="x">2954</int>
							<int id="y">-397</int>
						</object>
						<object id="end">
							<int id="x">2999</int>
							<int id="y">-406</int>
						</object>
						<int id="platform_pc_perm">-1</int>
					</object>
					<object id="plat_1315881788550">
						<int id="platform_item_perm">-1</int>
						<object id="start">
							<int id="x">1900</int>
							<int id="y">-81</int>
						</object>
						<object id="end">
							<int id="x">2007</int>
							<int id="y">-73</int>
						</object>
						<int id="platform_pc_perm">-1</int>
					</object>
					<object id="plat_1315881788557">
						<int id="platform_item_perm">-1</int>
						<object id="start">
							<int id="x">1355</int>
							<int id="y">-114</int>
						</object>
						<object id="end">
							<int id="x">1396</int>
							<int id="y">-104</int>
						</object>
						<int id="platform_pc_perm">-1</int>
					</object>
					<object id="plat_1315881788551">
						<int id="platform_item_perm">-1</int>
						<object id="start">
							<int id="x">1790</int>
							<int id="y">-83</int>
						</object>
						<object id="end">
							<int id="x">1900</int>
							<int id="y">-81</int>
						</object>
						<int id="platform_pc_perm">-1</int>
					</object>
					<object id="plat_1315368013336">
						<int id="platform_item_perm">-1</int>
						<object id="start">
							<int id="x">-712</int>
							<int id="y">-495</int>
						</object>
						<object id="end">
							<int id="x">-561</int>
							<int id="y">-490</int>
						</object>
						<int id="platform_pc_perm">-1</int>
					</object>
					<object id="plat_1315881788546">
						<int id="platform_item_perm">-1</int>
						<object id="start">
							<int id="x">2465</int>
							<int id="y">-59</int>
						</object>
						<object id="end">
							<int id="x">2581</int>
							<int id="y">-61</int>
						</object>
						<int id="platform_pc_perm">-1</int>
					</object>
					<object id="plat_1315368013491">
						<int id="platform_item_perm">-1</int>
						<object id="start">
							<int id="x">367</int>
							<int id="y">-133</int>
						</object>
						<object id="end">
							<int id="x">508</int>
							<int id="y">-128</int>
						</object>
						<int id="platform_pc_perm">-1</int>
					</object>
					<object id="plat_1315368013364">
						<int id="platform_item_perm">-1</int>
						<object id="start">
							<int id="x">-2375</int>
							<int id="y">-174</int>
						</object>
						<object id="end">
							<int id="x">-2284</int>
							<int id="y">-184</int>
						</object>
						<int id="platform_pc_perm">-1</int>
					</object>
					<object id="plat_1315881788553">
						<int id="platform_item_perm">-1</int>
						<object id="start">
							<int id="x">1545</int>
							<int id="y">-95</int>
						</object>
						<object id="end">
							<int id="x">1684</int>
							<int id="y">-85</int>
						</object>
						<int id="platform_pc_perm">-1</int>
					</object>
					<object id="plat_1315881788480">
						<int id="platform_item_perm">-1</int>
						<object id="start">
							<int id="x">1008</int>
							<int id="y">-116</int>
						</object>
						<object id="end">
							<int id="x">1120</int>
							<int id="y">-120</int>
						</object>
						<int id="platform_pc_perm">-1</int>
					</object>
					<object id="plat_1315881788533">
						<int id="platform_item_perm">-1</int>
						<object id="start">
							<int id="x">2276</int>
							<int id="y">-224</int>
						</object>
						<object id="end">
							<int id="x">2330</int>
							<int id="y">-219</int>
						</object>
						<int id="platform_pc_perm">-1</int>
					</object>
					<object id="plat_1315368013376">
						<int id="platform_item_perm">-1</int>
						<object id="start">
							<int id="x">-1084</int>
							<int id="y">-195</int>
						</object>
						<object id="end">
							<int id="x">-1000</int>
							<int id="y">-205</int>
						</object>
						<int id="platform_pc_perm">-1</int>
					</object>
					<object id="plat_1315368013375">
						<int id="platform_item_perm">-1</int>
						<object id="start">
							<int id="x">-1203</int>
							<int id="y">-181</int>
						</object>
						<object id="end">
							<int id="x">-1084</int>
							<int id="y">-195</int>
						</object>
						<int id="platform_pc_perm">-1</int>
					</object>
					<object id="plat_1315881788529">
						<int id="platform_item_perm">-1</int>
						<object id="start">
							<int id="x">1914</int>
							<int id="y">-207</int>
						</object>
						<object id="end">
							<int id="x">1978</int>
							<int id="y">-219</int>
						</object>
						<int id="platform_pc_perm">-1</int>
					</object>
					<object id="plat_1315368013368">
						<int id="platform_item_perm">-1</int>
						<object id="start">
							<int id="x">-1861</int>
							<int id="y">-216</int>
						</object>
						<object id="end">
							<int id="x">-1761</int>
							<int id="y">-222</int>
						</object>
						<int id="platform_pc_perm">-1</int>
					</object>
					<object id="plat_1315368013492">
						<int id="platform_item_perm">-1</int>
						<object id="start">
							<int id="x">508</int>
							<int id="y">-128</int>
						</object>
						<object id="end">
							<int id="x">625</int>
							<int id="y">-123</int>
						</object>
						<int id="platform_pc_perm">-1</int>
					</object>
					<object id="plat_1315368013485">
						<int id="platform_item_perm">-1</int>
						<object id="start">
							<int id="x">335</int>
							<int id="y">-394</int>
						</object>
						<object id="end">
							<int id="x">431</int>
							<int id="y">-406</int>
						</object>
						<int id="platform_pc_perm">-1</int>
					</object>
					<object id="plat_1315881788543">
						<int id="platform_item_perm">-1</int>
						<object id="start">
							<int id="x">2897</int>
							<int id="y">-73</int>
						</object>
						<object id="end">
							<int id="x">2999</int>
							<int id="y">-84</int>
						</object>
						<int id="platform_pc_perm">-1</int>
					</object>
					<object id="plat_1315368013474">
						<int id="platform_item_perm">-1</int>
						<object id="start">
							<int id="x">123</int>
							<int id="y">-124</int>
						</object>
						<object id="end">
							<int id="x">229</int>
							<int id="y">-131</int>
						</object>
						<int id="platform_pc_perm">-1</int>
					</object>
					<object id="plat_1315881788531">
						<int id="platform_item_perm">-1</int>
						<object id="start">
							<int id="x">2066</int>
							<int id="y">-220</int>
						</object>
						<object id="end">
							<int id="x">2175</int>
							<int id="y">-224</int>
						</object>
						<int id="platform_pc_perm">-1</int>
					</object>
					<object id="plat_1315368013372">
						<int id="platform_item_perm">-1</int>
						<object id="start">
							<int id="x">-1495</int>
							<int id="y">-177</int>
						</object>
						<object id="end">
							<int id="x">-1421</int>
							<int id="y">-170</int>
						</object>
						<int id="platform_pc_perm">-1</int>
					</object>
					<object id="plat_1315368013359">
						<int id="platform_item_perm">-1</int>
						<object id="start">
							<int id="x">-2999</int>
							<int id="y">-191</int>
						</object>
						<object id="end">
							<int id="x">-2888</int>
							<int id="y">-192</int>
						</object>
						<int id="platform_pc_perm">-1</int>
					</object>
					<object id="plat_1315368013335">
						<int id="platform_item_perm">-1</int>
						<object id="start">
							<int id="x">-823</int>
							<int id="y">-490</int>
						</object>
						<object id="end">
							<int id="x">-712</int>
							<int id="y">-495</int>
						</object>
						<int id="platform_pc_perm">-1</int>
					</object>
					<object id="plat_1315881788526">
						<int id="platform_item_perm">-1</int>
						<object id="start">
							<int id="x">1723</int>
							<int id="y">-222</int>
						</object>
						<object id="end">
							<int id="x">1804</int>
							<int id="y">-198</int>
						</object>
						<int id="platform_pc_perm">-1</int>
					</object>
					<object id="plat_1315881788555">
						<int id="platform_item_perm">-1</int>
						<object id="start">
							<int id="x">1396</int>
							<int id="y">-104</int>
						</object>
						<object id="end">
							<int id="x">1475</int>
							<int id="y">-99</int>
						</object>
						<int id="platform_pc_perm">-1</int>
					</object>
					<object id="plat_1315881788522">
						<int id="platform_item_perm">-1</int>
						<object id="start">
							<int id="x">1455</int>
							<int id="y">-265</int>
						</object>
						<object id="end">
							<int id="x">1533</int>
							<int id="y">-257</int>
						</object>
						<int id="platform_pc_perm">-1</int>
					</object>
					<object id="plat_1315368013340">
						<int id="platform_item_perm">-1</int>
						<object id="start">
							<int id="x">-127</int>
							<int id="y">-497</int>
						</object>
						<object id="end">
							<int id="x">-48</int>
							<int id="y">-489</int>
						</object>
						<int id="platform_pc_perm">-1</int>
					</object>
					<object id="plat_1315368013424">
						<int id="platform_item_perm">-1</int>
						<object id="start">
							<int id="x">-1900</int>
							<int id="y">-493</int>
						</object>
						<object id="end">
							<int id="x">-1857</int>
							<int id="y">-501</int>
						</object>
						<int id="platform_pc_perm">-1</int>
					</object>
					<object id="plat_1315368013369">
						<int id="platform_item_perm">-1</int>
						<object id="start">
							<int id="x">-1761</int>
							<int id="y">-222</int>
						</object>
						<object id="end">
							<int id="x">-1675</int>
							<int id="y">-219</int>
						</object>
						<int id="platform_pc_perm">-1</int>
					</object>
					<object id="plat_1315368013489">
						<int id="platform_item_perm">-1</int>
						<object id="start">
							<int id="x">721</int>
							<int id="y">-410</int>
						</object>
						<object id="end">
							<int id="x">822</int>
							<int id="y">-415</int>
						</object>
						<int id="platform_pc_perm">-1</int>
					</object>
					<object id="plat_1315368013473">
						<int id="platform_item_perm">-1</int>
						<object id="start">
							<int id="x">-140</int>
							<int id="y">-133</int>
						</object>
						<object id="end">
							<int id="x">123</int>
							<int id="y">-124</int>
						</object>
						<int id="platform_pc_perm">-1</int>
					</object>
					<object id="plat_1315368013380">
						<int id="platform_item_perm">-1</int>
						<object id="start">
							<int id="x">-651</int>
							<int id="y">-174</int>
						</object>
						<object id="end">
							<int id="x">-511</int>
							<int id="y">-167</int>
						</object>
						<int id="platform_pc_perm">-1</int>
					</object>
					<object id="plat_1315881788477">
						<int id="platform_item_perm">-1</int>
						<object id="start">
							<int id="x">714</int>
							<int id="y">-115</int>
						</object>
						<object id="end">
							<int id="x">799</int>
							<int id="y">-107</int>
						</object>
						<int id="platform_pc_perm">-1</int>
					</object>
					<object id="plat_1315881788521">
						<int id="platform_item_perm">-1</int>
						<object id="start">
							<int id="x">1402</int>
							<int id="y">-261</int>
						</object>
						<object id="end">
							<int id="x">1455</int>
							<int id="y">-265</int>
						</object>
						<int id="platform_pc_perm">-1</int>
					</object>
					<object id="plat_1315368013420">
						<int id="platform_item_perm">-1</int>
						<object id="start">
							<int id="x">-1579</int>
							<int id="y">-538</int>
						</object>
						<object id="end">
							<int id="x">-1517</int>
							<int id="y">-535</int>
						</object>
						<int id="platform_pc_perm">-1</int>
					</object>
					<object id="plat_1315881788528">
						<int id="platform_item_perm">-1</int>
						<object id="start">
							<int id="x">1844</int>
							<int id="y">-196</int>
						</object>
						<object id="end">
							<int id="x">1914</int>
							<int id="y">-207</int>
						</object>
						<int id="platform_pc_perm">-1</int>
					</object>
					<object id="plat_1315368013367">
						<int id="platform_item_perm">-1</int>
						<object id="start">
							<int id="x">-1982</int>
							<int id="y">-193</int>
						</object>
						<object id="end">
							<int id="x">-1861</int>
							<int id="y">-216</int>
						</object>
						<int id="platform_pc_perm">-1</int>
					</object>
					<object id="plat_1315881788483">
						<int id="platform_item_perm">-1</int>
						<object id="start">
							<int id="x">1171</int>
							<int id="y">-133</int>
						</object>
						<object id="end">
							<int id="x">1215</int>
							<int id="y">-147</int>
						</object>
						<int id="platform_pc_perm">-1</int>
					</object>
					<object id="plat_1315368013494">
						<int id="platform_item_perm">-1</int>
						<object id="start">
							<int id="x">97</int>
							<int id="y">-379</int>
						</object>
						<object id="end">
							<int id="x">153</int>
							<int id="y">-389</int>
						</object>
						<int id="platform_pc_perm">-1</int>
					</object>
					<object id="plat_1315881788479">
						<int id="platform_item_perm">-1</int>
						<object id="start">
							<int id="x">895</int>
							<int id="y">-112</int>
						</object>
						<object id="end">
							<int id="x">1008</int>
							<int id="y">-116</int>
						</object>
						<int id="platform_pc_perm">-1</int>
					</object>
					<object id="plat_1315881788541">
						<int id="platform_item_perm">-1</int>
						<object id="start">
							<int id="x">2858</int>
							<int id="y">-380</int>
						</object>
						<object id="end">
							<int id="x">2954</int>
							<int id="y">-397</int>
						</object>
						<int id="platform_pc_perm">-1</int>
					</object>
					<object id="plat_1315368013337">
						<int id="platform_item_perm">-1</int>
						<object id="start">
							<int id="x">-561</int>
							<int id="y">-490</int>
						</object>
						<object id="end">
							<int id="x">-353</int>
							<int id="y">-485</int>
						</object>
						<int id="platform_pc_perm">-1</int>
					</object>
					<object id="plat_1315881788554">
						<int id="platform_item_perm">-1</int>
						<object id="start">
							<int id="x">1475</int>
							<int id="y">-99</int>
						</object>
						<object id="end">
							<int id="x">1545</int>
							<int id="y">-95</int>
						</object>
						<int id="platform_pc_perm">-1</int>
					</object>
					<object id="plat_1315368013486">
						<int id="platform_item_perm">-1</int>
						<object id="start">
							<int id="x">431</int>
							<int id="y">-406</int>
						</object>
						<object id="end">
							<int id="x">532</int>
							<int id="y">-409</int>
						</object>
						<int id="platform_pc_perm">-1</int>
					</object>
					<object id="plat_1315368013493">
						<int id="platform_item_perm">-1</int>
						<object id="start">
							<int id="x">625</int>
							<int id="y">-123</int>
						</object>
						<object id="end">
							<int id="x">714</int>
							<int id="y">-115</int>
						</object>
						<int id="platform_pc_perm">-1</int>
					</object>
					<object id="plat_1315881788485">
						<int id="platform_item_perm">-1</int>
						<object id="start">
							<int id="x">1270</int>
							<int id="y">-148</int>
						</object>
						<object id="end">
							<int id="x">1308</int>
							<int id="y">-134</int>
						</object>
						<int id="platform_pc_perm">-1</int>
					</object>
					<object id="plat_1315881788544">
						<int id="platform_item_perm">-1</int>
						<object id="start">
							<int id="x">2721</int>
							<int id="y">-68</int>
						</object>
						<object id="end">
							<int id="x">2897</int>
							<int id="y">-73</int>
						</object>
						<int id="platform_pc_perm">-1</int>
					</object>
					<object id="plat_1315368013370">
						<int id="platform_item_perm">-1</int>
						<object id="start">
							<int id="x">-1675</int>
							<int id="y">-219</int>
						</object>
						<object id="end">
							<int id="x">-1604</int>
							<int id="y">-199</int>
						</object>
						<int id="platform_pc_perm">-1</int>
					</object>
					<object id="plat_1315368013488">
						<int id="platform_item_perm">-1</int>
						<object id="start">
							<int id="x">645</int>
							<int id="y">-407</int>
						</object>
						<object id="end">
							<int id="x">721</int>
							<int id="y">-410</int>
						</object>
						<int id="platform_pc_perm">-1</int>
					</object>
					<object id="plat_1315368013351">
						<int id="platform_item_perm">-1</int>
						<object id="start">
							<int id="x">-1210</int>
							<int id="y">-556</int>
						</object>
						<object id="end">
							<int id="x">-1127</int>
							<int id="y">-559</int>
						</object>
						<int id="platform_pc_perm">-1</int>
					</object>
					<object id="plat_1315368013363">
						<int id="platform_item_perm">-1</int>
						<object id="start">
							<int id="x">-2535</int>
							<int id="y">-178</int>
						</object>
						<object id="end">
							<int id="x">-2420</int>
							<int id="y">-172</int>
						</object>
						<int id="platform_pc_perm">-1</int>
					</object>
					<object id="plat_1315881788545">
						<int id="platform_item_perm">-1</int>
						<object id="start">
							<int id="x">2581</int>
							<int id="y">-61</int>
						</object>
						<object id="end">
							<int id="x">2721</int>
							<int id="y">-68</int>
						</object>
						<int id="platform_pc_perm">-1</int>
					</object>
					<object id="plat_1315368013422">
						<int id="platform_item_perm">-1</int>
						<object id="start">
							<int id="x">-1741</int>
							<int id="y">-509</int>
						</object>
						<object id="end">
							<int id="x">-1654</int>
							<int id="y">-518</int>
						</object>
						<int id="platform_pc_perm">-1</int>
					</object>
					<object id="plat_1315368013434">
						<int id="platform_item_perm">-1</int>
						<object id="start">
							<int id="x">-1870</int>
							<int id="y">-728</int>
						</object>
						<object id="end">
							<int id="x">-1791</int>
							<int id="y">-727</int>
						</object>
						<int id="platform_pc_perm">-1</int>
					</object>
					<object id="plat_1315881788524">
						<int id="platform_item_perm">-1</int>
						<object id="start">
							<int id="x">1603</int>
							<int id="y">-248</int>
						</object>
						<object id="end">
							<int id="x">1659</int>
							<int id="y">-247</int>
						</object>
						<int id="platform_pc_perm">-1</int>
					</object>
					<object id="plat_1315368013382">
						<int id="platform_item_perm">-1</int>
						<object id="start">
							<int id="x">-364</int>
							<int id="y">-147</int>
						</object>
						<object id="end">
							<int id="x">-263</int>
							<int id="y">-139</int>
						</object>
						<int id="platform_pc_perm">-1</int>
					</object>
				</object>
			</object>
			<object id="T_1315368013342">
				<int id="z">-1</int>
				<str id="name">bg1</str>
				<int id="h">990</int>
				<object id="decos">
					<object id="heights_coniferous_1_1315990368610">
						<int id="z">12</int>
						<int id="x">3871</int>
						<int id="y">620</int>
						<str id="sprite_class">heights_coniferous_1</str>
						<str id="name">heights_coniferous_1_1315990368610</str>
						<int id="h">550</int>
						<int id="w">226</int>
					</object>
					<object id="alakol_cliff_1_1315990368606">
						<int id="z">3</int>
						<int id="x">3877</int>
						<int id="y">727</int>
						<str id="sprite_class">alakol_cliff_1</str>
						<str id="name">alakol_cliff_1_1315368013310</str>
						<int id="h">129</int>
						<int id="w">759</int>
					</object>
					<object id="alakol_cliff_1_1315368013344">
						<int id="z">0</int>
						<int id="x">616</int>
						<int id="y">544</int>
						<str id="sprite_class">alakol_cliff_1</str>
						<str id="name">alakol_cliff_1_1315368013310</str>
						<int id="h">129</int>
						<int id="w">759</int>
					</object>
					<object id="alakol_cliff_1_1315990368605">
						<int id="z">1</int>
						<int id="x">4700</int>
						<int id="y">704</int>
						<str id="sprite_class">alakol_cliff_1</str>
						<str id="name">alakol_cliff_1_1315368013310</str>
						<int id="h">129</int>
						<int id="w">759</int>
					</object>
					<object id="heights_coniferous_1_1315368013462">
						<int id="z">7</int>
						<int id="x">716</int>
						<int id="y">453</int>
						<str id="sprite_class">heights_coniferous_1</str>
						<str id="name">heights_coniferous_1_1315368013462</str>
						<int id="h">523</int>
						<int id="w">215</int>
					</object>
					<object id="gravel_2_1315368013465">
						<int id="z">10</int>
						<int id="x">368</int>
						<int id="y">442</int>
						<str id="sprite_class">gravel_2</str>
						<str id="name">gravel_2_1315368013465</str>
						<int id="h">22</int>
						<int id="w">39</int>
					</object>
					<object id="heights_coniferous_2_1315368013463">
						<int id="z">8</int>
						<int id="x">885</int>
						<int id="y">465</int>
						<str id="sprite_class">heights_coniferous_2</str>
						<str id="name">heights_coniferous_2_1315368013463</str>
						<int id="h">531</int>
						<int id="w">296</int>
					</object>
					<object id="heights_moss_2_1315990368609">
						<int id="z">2</int>
						<int id="x">4776</int>
						<int id="y">609</int>
						<str id="sprite_class">heights_moss_2</str>
						<str id="name">heights_moss_2_1315990368609</str>
						<int id="h">32</int>
						<bool id="h_flip">true</bool>
						<int id="w">199</int>
					</object>
					<object id="alakol_cliff_2_1315368013343">
						<int id="z">4</int>
						<int id="x">774</int>
						<int id="y">556</int>
						<str id="sprite_class">alakol_cliff_2</str>
						<str id="name">alakol_cliff_2_1315368013311</str>
						<int id="h">119</int>
						<int id="w">386</int>
					</object>
					<object id="alakol_cliff_2_1315990368607">
						<int id="z">5</int>
						<int id="x">4816</int>
						<int id="y">600</int>
						<str id="sprite_class">alakol_cliff_2</str>
						<str id="name">alakol_cliff_2_1315368013311</str>
						<int id="h">82</int>
						<int id="w">386</int>
					</object>
					<object id="heights_moss_3_1315990368608">
						<int id="z">11</int>
						<int id="r">-1</int>
						<int id="x">4510</int>
						<int id="y">645</int>
						<str id="sprite_class">heights_moss_3</str>
						<str id="name">heights_moss_3_1315990368608</str>
						<int id="h">68</int>
						<int id="w">267</int>
					</object>
					<object id="heights_moss_1_1315368013464">
						<int id="z">9</int>
						<int id="r">-3</int>
						<int id="x">496</int>
						<int id="y">488</int>
						<str id="sprite_class">heights_moss_1</str>
						<str id="name">heights_moss_1_1315368013464</str>
						<int id="h">67</int>
						<int id="w">123</int>
					</object>
					<object id="gravel_1_1315368013466">
						<int id="z">6</int>
						<int id="x">699</int>
						<int id="y">454</int>
						<str id="sprite_class">gravel_1</str>
						<str id="name">gravel_1_1315368013466</str>
						<int id="h">32</int>
						<int id="w">173</int>
					</object>
				</object>
				<object id="filtersNEW">
					<object id="blur">
						<int id="value">2</int>
					</object>
					<object id="contrast">
						<int id="value">-15</int>
					</object>
					<object id="brightness">
						<int id="value">40</int>
					</object>
					<object id="saturation">
						<int id="value">-25</int>
					</object>
				</object>
				<int id="w">5400</int>
			</object>
			<object id="T_1315367810134">
				<int id="z">-2</int>
				<str id="name">sky</str>
				<int id="h">1000</int>
				<object id="decos">
					<object id="mountain_trees_darker_1_1315889206990">
						<int id="z">3</int>
						<int id="x">2409</int>
						<int id="y">709</int>
						<str id="sprite_class">mountain_trees_darker_1</str>
						<str id="name">mountain_trees_darker_1_1315368013459</str>
						<int id="h">462</int>
						<int id="w">1089</int>
					</object>
					<object id="mountain_trees_darker_1_1315368013469">
						<int id="z">1</int>
						<int id="r">5</int>
						<int id="x">107</int>
						<int id="y">620</int>
						<str id="sprite_class">mountain_trees_darker_1</str>
						<str id="name">mountain_trees_darker_1_1315368013459</str>
						<int id="h">384</int>
						<bool id="h_flip">true</bool>
						<int id="w">906</int>
					</object>
					<object id="pinehills_2_1315368013457">
						<int id="z">9</int>
						<int id="r">5</int>
						<int id="x">1464</int>
						<int id="y">662</int>
						<str id="sprite_class">pinehills_2</str>
						<str id="name">pinehills_2_1315368013439</str>
						<int id="h">265</int>
						<int id="w">878</int>
					</object>
					<object id="mountain_trees_darker_1_1315368013460">
						<int id="z">2</int>
						<int id="x">1289</int>
						<int id="y">693</int>
						<str id="sprite_class">mountain_trees_darker_1</str>
						<str id="name">mountain_trees_darker_1_1315368013459</str>
						<int id="h">384</int>
						<int id="w">906</int>
					</object>
					<object id="pinehills_2_1315368013440">
						<int id="z">5</int>
						<int id="x">511</int>
						<int id="y">663</int>
						<str id="sprite_class">pinehills_2</str>
						<str id="name">pinehills_2_1315368013439</str>
						<int id="h">265</int>
						<int id="w">878</int>
					</object>
					<object id="pinehills_2_1315889206991">
						<int id="z">10</int>
						<int id="r">5</int>
						<int id="x">3270</int>
						<int id="y">837</int>
						<str id="sprite_class">pinehills_2</str>
						<str id="name">pinehills_2_1315889206991</str>
						<int id="h">291</int>
						<int id="w">965</int>
					</object>
					<object id="pinehills_2_1315889206994">
						<int id="z">8</int>
						<int id="x">2147</int>
						<int id="y">740</int>
						<str id="sprite_class">pinehills_2</str>
						<str id="name">pinehills_2_1315889206991</str>
						<int id="h">291</int>
						<int id="w">965</int>
					</object>
					<object id="pinehills_2_1315889206992">
						<int id="z">11</int>
						<int id="r">5</int>
						<int id="x">2818</int>
						<int id="y">744</int>
						<str id="sprite_class">pinehills_2</str>
						<str id="name">pinehills_2_1315889206991</str>
						<int id="h">291</int>
						<int id="w">965</int>
					</object>
					<object id="pinehills_2_1315368013458">
						<int id="z">6</int>
						<int id="r">5</int>
						<int id="x">1135</int>
						<int id="y">601</int>
						<str id="sprite_class">pinehills_2</str>
						<str id="name">pinehills_2_1315368013439</str>
						<int id="h">265</int>
						<int id="w">878</int>
					</object>
					<object id="mountain_trees_darker_1_1315889206995">
						<int id="z">12</int>
						<int id="x">3918</int>
						<int id="y">852</int>
						<str id="sprite_class">mountain_trees_darker_1</str>
						<str id="name">mountain_trees_darker_1_1315889206995</str>
						<int id="h">428</int>
						<int id="w">1010</int>
					</object>
					<object id="mountain_trees_darker_1_1315368013459">
						<int id="z">0</int>
						<int id="x">684</int>
						<int id="y">640</int>
						<str id="sprite_class">mountain_trees_darker_1</str>
						<str id="name">mountain_trees_darker_1_1315368013459</str>
						<int id="h">384</int>
						<int id="w">906</int>
					</object>
					<object id="pinehills_2_1315368013439">
						<int id="z">4</int>
						<int id="r">5</int>
						<int id="x">146</int>
						<int id="y">607</int>
						<str id="sprite_class">pinehills_2</str>
						<str id="name">pinehills_2_1315368013439</str>
						<int id="h">265</int>
						<int id="w">878</int>
					</object>
					<object id="pinehills_2_1315889206993">
						<int id="z">7</int>
						<int id="x">2514</int>
						<int id="y">736</int>
						<str id="sprite_class">pinehills_2</str>
						<str id="name">pinehills_2_1315889206991</str>
						<int id="h">291</int>
						<int id="w">965</int>
					</object>
				</object>
				<object id="filtersNEW">
					<object id="blur">
						<int id="value">4</int>
					</object>
					<object id="contrast">
						<int id="value">-35</int>
					</object>
					<object id="brightness">
						<int id="value">55</int>
					</object>
					<object id="saturation">
						<int id="value">-30</int>
					</object>
				</object>
				<int id="w">4698</int>
			</object>
		</object>
		<int id="ground_y">-223</int>
		<null id="img_file_versioned"/>
		<str id="tsid">LA5FIJ2LMPB2FVN</str>
		<object id="gradient">
			<str id="bottom">FFFFFF</str>
			<str id="top">8ABDFF</str>
		</object>
		<null id="loading_label"/>
		<str id="swf_file_versioned">http://c2.glitch.bz/locations/groddle1/1316726082.swf</str>
		<int id="rookable_type">0</int>
		<null id="physics"/>
		<object id="sources">
			<int id="LIFDS8H7KBC2B2U">1</int>
			<int id="LA53D0DJQMB2B4S">1</int>
			<int id="LDOEDH6P6GC2R2T">1</int>
			<int id="LA5ATR2SUMB2FKP">1</int>
		</object>
	</object>
</game_object>
