<game_object tsid="GA5KUKA22I42CI9" ts="1337668863191" label="Mart&apos;s Way 4" class_tsid="" lastUpdateTime="1337668714671" upd_gs="gs8" load_time="2012-05-21 23:14:38.274" upd_time="2012-05-21 23:36:43.400">
	<object id="dynamic">
		<int id="l">-3000</int>
		<int id="r">3000</int>
		<int id="t">-1000</int>
		<int id="b">0</int>
		<str id="label">Mart's Way 4</str>
		<str id="swf_file">groddle1.swf</str>
		<object id="layers">
			<object id="middleground">
				<object id="decos">
					<object id="lens_grass_2_1307741552444">
						<int id="w">2108</int>
						<int id="z">7</int>
						<int id="x">-2527</int>
						<int id="y">19</int>
						<int id="h">161</int>
						<str id="name">lens_grass_2_1307741552444</str>
						<str id="sprite_class">lens_grass_2</str>
					</object>
					<object id="lens_grass_2_1307741552453">
						<int id="w">2108</int>
						<int id="z">1</int>
						<int id="x">1004</int>
						<int id="y">21</int>
						<int id="h">161</int>
						<str id="name">lens_grass_2_1307741552444</str>
						<str id="sprite_class">lens_grass_2</str>
					</object>
					<object id="tree_acacia_3_1308041830308">
						<int id="w">1334</int>
						<int id="z">15</int>
						<int id="x">-1176</int>
						<int id="y">-103</int>
						<int id="h">610</int>
						<str id="name">tree_acacia_3_1307749098496</str>
						<str id="sprite_class">tree_acacia_3</str>
					</object>
					<object id="lens_grass_2_1307741552452">
						<int id="w">2108</int>
						<int id="z">3</int>
						<int id="x">2875</int>
						<int id="y">18</int>
						<int id="h">151</int>
						<str id="name">lens_grass_2_1307741552444</str>
						<str id="sprite_class">lens_grass_2</str>
					</object>
					<object id="pampas_2_1308256230838">
						<int id="w">75</int>
						<int id="z">16</int>
						<int id="x">2982</int>
						<bool id="h_flip">true</bool>
						<int id="y">-117</int>
						<int id="h">115</int>
						<str id="name">pampas_2_1307749098499</str>
						<str id="sprite_class">pampas_2</str>
					</object>
					<object id="lens_grass_2_1307741552447">
						<int id="w">2108</int>
						<int id="z">6</int>
						<int id="x">-73</int>
						<int id="y">25</int>
						<int id="h">161</int>
						<str id="name">lens_grass_2_1307741552444</str>
						<str id="sprite_class">lens_grass_2</str>
					</object>
					<object id="lens_grass_2_1307741552451">
						<int id="w">2108</int>
						<int id="z">4</int>
						<int id="x">2285</int>
						<int id="y">33</int>
						<int id="h">161</int>
						<str id="name">lens_grass_2_1307741552444</str>
						<str id="sprite_class">lens_grass_2</str>
					</object>
					<object id="lens_grass_1_1308256230839">
						<int id="w">246</int>
						<int id="z">18</int>
						<int id="x">2749</int>
						<int id="y">-105</int>
						<int id="h">44</int>
						<str id="name">lens_grass_1_1307987031014</str>
						<str id="sprite_class">lens_grass_1</str>
					</object>
					<object id="lens_grass_2_1307741552455">
						<int id="w">2108</int>
						<int id="z">12</int>
						<int id="x">-158</int>
						<int id="y">93</int>
						<int id="h">161</int>
						<str id="name">lens_grass_2_1307741552444</str>
						<str id="sprite_class">lens_grass_2</str>
					</object>
					<object id="lens_grass_2_1307741552446">
						<int id="w">2108</int>
						<int id="z">9</int>
						<int id="x">-359</int>
						<int id="y">92</int>
						<int id="h">161</int>
						<str id="name">lens_grass_2_1307741552444</str>
						<str id="sprite_class">lens_grass_2</str>
					</object>
					<object id="lens_grass_2_1307741552456">
						<int id="w">2108</int>
						<int id="z">0</int>
						<int id="x">-1995</int>
						<int id="y">17</int>
						<int id="h">161</int>
						<str id="name">lens_grass_2_1307741552444</str>
						<str id="sprite_class">lens_grass_2</str>
					</object>
					<object id="lens_grass_2_1307741552450">
						<int id="w">2108</int>
						<int id="z">5</int>
						<int id="r">2</int>
						<int id="x">1593</int>
						<int id="y">52</int>
						<int id="h">161</int>
						<str id="name">lens_grass_2_1307741552444</str>
						<str id="sprite_class">lens_grass_2</str>
					</object>
					<object id="lens_grass_2_1307741552454">
						<int id="w">2108</int>
						<int id="z">2</int>
						<int id="x">1694</int>
						<int id="y">23</int>
						<int id="h">161</int>
						<str id="name">lens_grass_2_1307741552444</str>
						<str id="sprite_class">lens_grass_2</str>
					</object>
					<object id="lens_grass_1_1307987031060">
						<int id="w">285</int>
						<int id="z">13</int>
						<int id="r">1</int>
						<int id="x">460</int>
						<int id="y">-89</int>
						<int id="h">55</int>
						<str id="name">lens_grass_1_1307987031014</str>
						<str id="sprite_class">lens_grass_1</str>
					</object>
					<object id="lens_grass_1_1308256230840">
						<int id="w">298</int>
						<int id="z">19</int>
						<int id="x">2920</int>
						<int id="y">-74</int>
						<int id="h">67</int>
						<str id="name">lens_grass_1_1307987031014</str>
						<str id="sprite_class">lens_grass_1</str>
					</object>
					<object id="lens_grass_1_1307741552448">
						<int id="w">2026</int>
						<int id="z">10</int>
						<int id="x">556</int>
						<int id="y">77</int>
						<int id="h">202</int>
						<str id="name">lens_grass_1_1307741552445</str>
						<str id="sprite_class">lens_grass_1</str>
					</object>
					<object id="pampas_2_1308264891995">
						<int id="w">62</int>
						<int id="z">17</int>
						<int id="x">2964</int>
						<bool id="h_flip">true</bool>
						<int id="y">-99</int>
						<int id="h">97</int>
						<str id="name">pampas_2_1307749098499</str>
						<str id="sprite_class">pampas_2</str>
					</object>
					<object id="lens_grass_1_1307741552445">
						<int id="w">2026</int>
						<int id="z">8</int>
						<int id="x">-1389</int>
						<int id="y">68</int>
						<int id="h">202</int>
						<str id="name">lens_grass_1_1307741552445</str>
						<str id="sprite_class">lens_grass_1</str>
					</object>
					<object id="lens_grass_2_1307741552449">
						<int id="w">2108</int>
						<int id="z">11</int>
						<int id="x">1543</int>
						<int id="y">90</int>
						<int id="h">161</int>
						<str id="name">lens_grass_2_1307741552444</str>
						<str id="sprite_class">lens_grass_2</str>
					</object>
					<object id="lens_grass_1_1307987031061">
						<int id="w">285</int>
						<int id="z">14</int>
						<int id="r">3</int>
						<int id="x">361</int>
						<int id="y">-81</int>
						<int id="h">55</int>
						<str id="name">lens_grass_1_1307987031014</str>
						<str id="sprite_class">lens_grass_1</str>
					</object>
				</object>
				<object id="doors">
				</object>
				<object id="signposts">
					<object id="signpost_1">
						<int id="y">-97</int>
						<int id="h">200</int>
						<str id="id">signpost_1</str>
						<int id="w">100</int>
						<int id="x">-2701</int>
						<object id="connects">
							<object id="0">
								<str id="hub_id">86</str>
								<int id="y">-392</int>
								<str id="swf_file_versioned">http://c2.glitch.bz/locations/groddle1/1316726082.swf</str>
								<int id="x">2588</int>
								<str id="mote_id">9</str>
								<objref id="target" tsid="LA51CP6NAF42G0N" label="Empty Via 2"/>
							</object>
							<object id="1">
								<str id="hub_id">86</str>
								<int id="y">-100</int>
								<str id="swf_file_versioned">http://c2.glitch.bz/locations/groddle1/1316726082.swf</str>
								<int id="x">2633</int>
								<str id="mote_id">9</str>
								<objref id="target" tsid="LA57LTPQBK42SLV" label="Mart&apos;s Way 3"/>
							</object>
							<object id="2">
								<str id="hub_id">86</str>
								<int id="y">-130</int>
								<str id="swf_file_versioned">http://c2.glitch.bz/locations/groddle1/1316726082.swf</str>
								<int id="x">-2680</int>
								<str id="mote_id">9</str>
								<objref id="target" tsid="LA52G8H9PJ420LQ" label="Empty Via 3"/>
							</object>
						</object>
					</object>
				</object>
				<object id="targets">
				</object>
				<int id="w">6000</int>
				<str id="name">middleground</str>
				<int id="h">1000</int>
				<object id="platform_lines">
					<object id="plat_1308256230850">
						<int id="platform_pc_perm">-1</int>
						<object id="start">
							<int id="y">-65</int>
							<int id="x">376</int>
						</object>
						<object id="end">
							<int id="y">-70</int>
							<int id="x">577</int>
						</object>
						<int id="platform_item_perm">-1</int>
					</object>
					<object id="plat_1308256230846">
						<int id="platform_pc_perm">-1</int>
						<object id="start">
							<int id="y">-83</int>
							<int id="x">1088</int>
						</object>
						<object id="end">
							<int id="y">-81</int>
							<int id="x">1614</int>
						</object>
						<int id="platform_item_perm">-1</int>
					</object>
					<object id="plat_1308256230844">
						<int id="platform_pc_perm">-1</int>
						<object id="start">
							<int id="y">-85</int>
							<int id="x">2018</int>
						</object>
						<object id="end">
							<int id="y">-93</int>
							<int id="x">2778</int>
						</object>
						<int id="platform_item_perm">-1</int>
					</object>
					<object id="plat_1308256230852">
						<int id="platform_pc_perm">-1</int>
						<object id="start">
							<int id="y">-99</int>
							<int id="x">81</int>
						</object>
						<object id="end">
							<int id="y">-65</int>
							<int id="x">376</int>
						</object>
						<int id="platform_item_perm">-1</int>
					</object>
					<object id="plat_1308256230857">
						<int id="platform_pc_perm">-1</int>
						<object id="start">
							<int id="y">-82</int>
							<int id="x">-3000</int>
						</object>
						<object id="end">
							<int id="y">-85</int>
							<int id="x">-1659</int>
						</object>
						<int id="platform_item_perm">-1</int>
					</object>
					<object id="plat_1308256230855">
						<int id="platform_pc_perm">-1</int>
						<object id="start">
							<int id="y">-81</int>
							<int id="x">-1199</int>
						</object>
						<object id="end">
							<int id="y">-84</int>
							<int id="x">-864</int>
						</object>
						<int id="platform_item_perm">-1</int>
					</object>
					<object id="plat_1308256230841">
						<int id="platform_pc_perm">-1</int>
						<object id="start">
							<int id="y">-126</int>
							<int id="x">2886</int>
						</object>
						<object id="end">
							<int id="y">-120</int>
							<int id="x">2999</int>
						</object>
						<int id="platform_item_perm">-1</int>
					</object>
					<object id="plat_1308256230845">
						<int id="platform_pc_perm">-1</int>
						<object id="start">
							<int id="y">-81</int>
							<int id="x">1614</int>
						</object>
						<object id="end">
							<int id="y">-85</int>
							<int id="x">2018</int>
						</object>
						<int id="platform_item_perm">-1</int>
					</object>
					<object id="plat_1308256230849">
						<int id="platform_pc_perm">-1</int>
						<object id="start">
							<int id="y">-93</int>
							<int id="x">793</int>
						</object>
						<object id="end">
							<int id="y">-83</int>
							<int id="x">1088</int>
						</object>
						<int id="platform_item_perm">-1</int>
					</object>
					<object id="plat_1308256230854">
						<int id="platform_pc_perm">-1</int>
						<object id="start">
							<int id="y">-84</int>
							<int id="x">-864</int>
						</object>
						<object id="end">
							<int id="y">-101</int>
							<int id="x">-409</int>
						</object>
						<int id="platform_item_perm">-1</int>
					</object>
					<object id="plat_1308256230851">
						<int id="platform_pc_perm">-1</int>
						<object id="start">
							<int id="y">-70</int>
							<int id="x">577</int>
						</object>
						<object id="end">
							<int id="y">-93</int>
							<int id="x">793</int>
						</object>
						<int id="platform_item_perm">-1</int>
					</object>
					<object id="plat_1308256230843">
						<int id="platform_pc_perm">-1</int>
						<object id="start">
							<int id="y">-93</int>
							<int id="x">2778</int>
						</object>
						<object id="end">
							<int id="y">-114</int>
							<int id="x">2816</int>
						</object>
						<int id="platform_item_perm">-1</int>
					</object>
					<object id="plat_1308256230853">
						<int id="platform_pc_perm">-1</int>
						<object id="start">
							<int id="y">-101</int>
							<int id="x">-409</int>
						</object>
						<object id="end">
							<int id="y">-99</int>
							<int id="x">81</int>
						</object>
						<int id="platform_item_perm">-1</int>
					</object>
					<object id="plat_1308256230842">
						<int id="platform_pc_perm">-1</int>
						<object id="start">
							<int id="y">-114</int>
							<int id="x">2816</int>
						</object>
						<object id="end">
							<int id="y">-126</int>
							<int id="x">2886</int>
						</object>
						<int id="platform_item_perm">-1</int>
					</object>
					<object id="plat_1308256230856">
						<int id="platform_pc_perm">-1</int>
						<object id="start">
							<int id="y">-85</int>
							<int id="x">-1659</int>
						</object>
						<object id="end">
							<int id="y">-81</int>
							<int id="x">-1199</int>
						</object>
						<int id="platform_item_perm">-1</int>
					</object>
				</object>
				<object id="boxes">
				</object>
				<object id="filtersNEW">
					<object id="saturation">
						<int id="value">18</int>
					</object>
					<object id="tintColor">
						<int id="value">0</int>
					</object>
					<object id="contrast">
						<int id="value">0</int>
					</object>
					<object id="brightness">
						<int id="value">9</int>
					</object>
				</object>
				<int id="z">0</int>
				<object id="walls">
				</object>
				<object id="ladders">
				</object>
			</object>
			<object id="T_1307741552440">
				<object id="decos">
					<object id="lens_grass_1_1307987031045">
						<int id="w">97</int>
						<int id="z">10</int>
						<int id="x">760</int>
						<int id="y">808</int>
						<int id="h">24</int>
						<str id="name">lens_grass_1_1307987031014</str>
						<str id="sprite_class">lens_grass_1</str>
					</object>
					<object id="lens_grass_1_1307987031065">
						<int id="w">125</int>
						<int id="z">27</int>
						<int id="x">4932</int>
						<int id="y">828</int>
						<int id="h">20</int>
						<str id="name">lens_grass_1_1307987031014</str>
						<str id="sprite_class">lens_grass_1</str>
					</object>
					<object id="pampas_2_1308041830332">
						<int id="w">11</int>
						<int id="z">48</int>
						<int id="r">20</int>
						<int id="x">465</int>
						<int id="y">798</int>
						<int id="h">17</int>
						<str id="name">pampas_2_1307749098499</str>
						<str id="sprite_class">pampas_2</str>
					</object>
					<object id="lens_grass_1_1307987031062">
						<int id="w">125</int>
						<int id="z">24</int>
						<int id="x">5009</int>
						<int id="y">815</int>
						<int id="h">20</int>
						<str id="name">lens_grass_1_1307987031014</str>
						<str id="sprite_class">lens_grass_1</str>
					</object>
					<object id="lens_grass_1_1307987031048">
						<int id="w">97</int>
						<int id="z">18</int>
						<int id="x">305</int>
						<int id="y">793</int>
						<int id="h">24</int>
						<str id="name">lens_grass_1_1307987031014</str>
						<str id="sprite_class">lens_grass_1</str>
					</object>
					<object id="tree_acacia_2_1307992844131">
						<int id="w">268</int>
						<int id="z">30</int>
						<int id="x">5172</int>
						<int id="y">802</int>
						<int id="h">150</int>
						<str id="name">tree_acacia_2_1307749098540</str>
						<str id="sprite_class">tree_acacia_2</str>
					</object>
					<object id="tree_acacia_2_1307749098706">
						<int id="w">300</int>
						<int id="z">21</int>
						<int id="x">33</int>
						<int id="y">779</int>
						<int id="h">168</int>
						<str id="name">tree_acacia_2_1307749098540</str>
						<str id="sprite_class">tree_acacia_2</str>
					</object>
					<object id="alakol_water_rock_2_1308242885176">
						<int id="w">65</int>
						<int id="z">45</int>
						<int id="x">400</int>
						<int id="y">800</int>
						<int id="h">22</int>
						<str id="name">alakol_water_rock_2_1307749098574</str>
						<str id="sprite_class">alakol_water_rock_2</str>
					</object>
					<object id="alakol_water_rock_1_1307992844134">
						<int id="w">28</int>
						<int id="z">34</int>
						<int id="x">5158</int>
						<int id="y">805</int>
						<int id="h">23</int>
						<str id="name">alakol_water_rock_1_1307749098577</str>
						<str id="sprite_class">alakol_water_rock_1</str>
					</object>
					<object id="alakol_cliff_2_1308242885173">
						<int id="w">139</int>
						<int id="z">44</int>
						<int id="x">418</int>
						<int id="y">797</int>
						<int id="h">32</int>
						<str id="name">alakol_cliff_2_1307749098573</str>
						<str id="sprite_class">alakol_cliff_2</str>
					</object>
					<object id="lens_grass_1_1307749098466">
						<int id="w">1282</int>
						<int id="z">0</int>
						<int id="r">1</int>
						<int id="x">5326</int>
						<int id="y">875</int>
						<int id="h">80</int>
						<str id="name">lens_grass_1_1307741552445</str>
						<str id="sprite_class">lens_grass_1</str>
					</object>
					<object id="lens_grass_2_1307741552470">
						<int id="w">1348</int>
						<int id="z">3</int>
						<int id="r">1</int>
						<int id="x">2667</int>
						<int id="y">863</int>
						<int id="h">73</int>
						<str id="name">lens_grass_2_1307741552444</str>
						<str id="sprite_class">lens_grass_2</str>
					</object>
					<object id="lens_grass_1_1307741552465">
						<int id="w">1317</int>
						<int id="z">7</int>
						<int id="r">1</int>
						<int id="x">871</int>
						<int id="y">861</int>
						<int id="h">86</int>
						<str id="name">lens_grass_1_1307741552445</str>
						<str id="sprite_class">lens_grass_1</str>
					</object>
					<object id="heights_bush_2_1307992844144">
						<int id="w">27</int>
						<int id="z">40</int>
						<int id="x">5139</int>
						<bool id="h_flip">true</bool>
						<int id="y">804</int>
						<int id="h">13</int>
						<str id="name">heights_bush_2_1307741552493</str>
						<str id="sprite_class">heights_bush_2</str>
					</object>
					<object id="lens_grass_1_1307987031046">
						<int id="w">97</int>
						<int id="z">11</int>
						<int id="x">799</int>
						<int id="y">815</int>
						<int id="h">24</int>
						<str id="name">lens_grass_1_1307987031014</str>
						<str id="sprite_class">lens_grass_1</str>
					</object>
					<object id="lens_grass_1_1307987031064">
						<int id="w">125</int>
						<int id="z">25</int>
						<int id="x">4871</int>
						<int id="y">820</int>
						<int id="h">20</int>
						<str id="name">lens_grass_1_1307987031014</str>
						<str id="sprite_class">lens_grass_1</str>
					</object>
					<object id="lens_grass_1_1307992844138">
						<int id="w">103</int>
						<int id="z">35</int>
						<int id="x">3498</int>
						<int id="y">813</int>
						<int id="h">16</int>
						<str id="name">lens_grass_1_1307987031014</str>
						<str id="sprite_class">lens_grass_1</str>
					</object>
					<object id="lens_grass_2_1307741552468">
						<int id="w">1392</int>
						<int id="z">4</int>
						<int id="x">1421</int>
						<int id="y">855</int>
						<int id="h">75</int>
						<str id="name">lens_grass_2_1307741552444</str>
						<str id="sprite_class">lens_grass_2</str>
					</object>
					<object id="alakol_water_rock_2_1308041830262">
						<int id="w">62</int>
						<int id="z">31</int>
						<int id="x">5150</int>
						<int id="y">797</int>
						<int id="h">26</int>
						<str id="name">alakol_water_rock_2_1307749098574</str>
						<str id="sprite_class">alakol_water_rock_2</str>
					</object>
					<object id="lens_grass_2_1307741552472">
						<int id="w">1242</int>
						<int id="z">1</int>
						<int id="r">-2</int>
						<int id="x">3671</int>
						<int id="y">851</int>
						<int id="h">59</int>
						<str id="name">lens_grass_2_1307741552444</str>
						<str id="sprite_class">lens_grass_2</str>
					</object>
					<object id="lens_grass_1_1307987031067">
						<int id="w">125</int>
						<int id="z">29</int>
						<int id="x">4763</int>
						<int id="y">835</int>
						<int id="h">20</int>
						<str id="name">lens_grass_1_1307987031014</str>
						<str id="sprite_class">lens_grass_1</str>
					</object>
					<object id="lens_grass_2_1307749098467">
						<int id="w">1280</int>
						<int id="z">13</int>
						<int id="r">1</int>
						<int id="x">4675</int>
						<int id="y">869</int>
						<int id="h">73</int>
						<str id="name">lens_grass_2_1307741552444</str>
						<str id="sprite_class">lens_grass_2</str>
					</object>
					<object id="lens_grass_1_1307741552467">
						<int id="w">1426</int>
						<int id="z">5</int>
						<int id="r">1</int>
						<int id="x">2073</int>
						<int id="y">860</int>
						<int id="h">77</int>
						<str id="name">lens_grass_1_1307741552445</str>
						<str id="sprite_class">lens_grass_1</str>
					</object>
					<object id="lens_grass_1_1307987031050">
						<int id="w">99</int>
						<int id="z">19</int>
						<int id="x">302</int>
						<int id="y">807</int>
						<int id="h">27</int>
						<str id="name">lens_grass_1_1307987031014</str>
						<str id="sprite_class">lens_grass_1</str>
					</object>
					<object id="tree_acacia_3_1308242885182">
						<int id="w">333</int>
						<int id="z">22</int>
						<int id="x">2163</int>
						<int id="y">797</int>
						<int id="h">152</int>
						<str id="name">tree_acacia_3_1307749098496</str>
						<str id="sprite_class">tree_acacia_3</str>
					</object>
					<object id="alakol_water_rock_1_1308242885179">
						<int id="w">38</int>
						<int id="z">43</int>
						<int id="x">536</int>
						<int id="y">793</int>
						<int id="h">28</int>
						<str id="name">alakol_water_rock_1_1307749098577</str>
						<str id="sprite_class">alakol_water_rock_1</str>
					</object>
					<object id="alakol_water_rock_1_1307992844132">
						<int id="w">44</int>
						<int id="z">33</int>
						<int id="x">5168</int>
						<int id="y">805</int>
						<int id="h">23</int>
						<str id="name">alakol_water_rock_1_1307749098577</str>
						<str id="sprite_class">alakol_water_rock_1</str>
					</object>
					<object id="lens_grass_1_1307992844139">
						<int id="w">103</int>
						<int id="z">36</int>
						<int id="x">3551</int>
						<int id="y">816</int>
						<int id="h">16</int>
						<str id="name">lens_grass_1_1307987031014</str>
						<str id="sprite_class">lens_grass_1</str>
					</object>
					<object id="lens_grass_1_1307987031063">
						<int id="w">125</int>
						<int id="z">26</int>
						<int id="x">4952</int>
						<int id="y">822</int>
						<int id="h">20</int>
						<str id="name">lens_grass_1_1307987031014</str>
						<str id="sprite_class">lens_grass_1</str>
					</object>
					<object id="tree_acacia_4_1307749098568">
						<int id="w">228</int>
						<int id="z">14</int>
						<int id="x">3874</int>
						<int id="y">800</int>
						<int id="h">174</int>
						<str id="name">tree_acacia_4_1307749098538</str>
						<str id="sprite_class">tree_acacia_4</str>
					</object>
					<object id="lens_grass_1_1307992844143">
						<int id="w">103</int>
						<int id="z">38</int>
						<int id="x">3633</int>
						<int id="y">821</int>
						<int id="h">16</int>
						<str id="name">lens_grass_1_1307987031014</str>
						<str id="sprite_class">lens_grass_1</str>
					</object>
					<object id="pampas_2_1308242885181">
						<int id="w">7</int>
						<int id="z">49</int>
						<int id="r">20</int>
						<int id="x">549</int>
						<int id="y">790</int>
						<int id="h">11</int>
						<str id="name">pampas_2_1307749098499</str>
						<str id="sprite_class">pampas_2</str>
					</object>
					<object id="lens_grass_1_1307987031043">
						<int id="w">125</int>
						<int id="z">8</int>
						<int id="x">703</int>
						<int id="y">792</int>
						<int id="h">20</int>
						<str id="name">lens_grass_1_1307987031014</str>
						<str id="sprite_class">lens_grass_1</str>
					</object>
					<object id="lens_grass_1_1307987031049">
						<int id="w">117</int>
						<int id="z">17</int>
						<int id="x">260</int>
						<int id="y">785</int>
						<int id="h">17</int>
						<str id="name">lens_grass_1_1307987031014</str>
						<str id="sprite_class">lens_grass_1</str>
					</object>
					<object id="lens_grass_1_1307987031044">
						<int id="w">125</int>
						<int id="z">9</int>
						<int id="x">769</int>
						<int id="y">797</int>
						<int id="h">20</int>
						<str id="name">lens_grass_1_1307987031014</str>
						<str id="sprite_class">lens_grass_1</str>
					</object>
					<object id="pampas_2_1308041830331">
						<int id="w">11</int>
						<int id="z">46</int>
						<int id="r">-10</int>
						<int id="x">348</int>
						<bool id="h_flip">true</bool>
						<int id="y">789</int>
						<int id="h">17</int>
						<str id="name">pampas_2_1307749098499</str>
						<str id="sprite_class">pampas_2</str>
					</object>
					<object id="lens_grass_1_1307741552469">
						<int id="w">1229</int>
						<int id="z">12</int>
						<int id="x">3174</int>
						<int id="y">865</int>
						<int id="h">66</int>
						<str id="name">lens_grass_1_1307741552445</str>
						<str id="sprite_class">lens_grass_1</str>
					</object>
					<object id="lens_grass_1_1307987031051">
						<int id="w">99</int>
						<int id="z">20</int>
						<int id="x">186</int>
						<int id="y">790</int>
						<int id="h">22</int>
						<str id="name">lens_grass_1_1307987031014</str>
						<str id="sprite_class">lens_grass_1</str>
					</object>
					<object id="alakol_water_rock_2_1307992844133">
						<int id="w">61</int>
						<int id="z">32</int>
						<int id="x">5137</int>
						<int id="y">805</int>
						<int id="h">27</int>
						<str id="name">alakol_water_rock_2_1307749098574</str>
						<str id="sprite_class">alakol_water_rock_2</str>
					</object>
					<object id="lens_grass_1_1307992844141">
						<int id="w">103</int>
						<int id="z">37</int>
						<int id="x">3608</int>
						<int id="y">820</int>
						<int id="h">16</int>
						<str id="name">lens_grass_1_1307987031014</str>
						<str id="sprite_class">lens_grass_1</str>
					</object>
					<object id="pampas_2_1308242885180">
						<int id="w">10</int>
						<int id="z">47</int>
						<int id="r">-10</int>
						<int id="x">542</int>
						<bool id="h_flip">true</bool>
						<int id="y">792</int>
						<int id="h">15</int>
						<str id="name">pampas_2_1307749098499</str>
						<str id="sprite_class">pampas_2</str>
					</object>
					<object id="lens_grass_1_1307987031066">
						<int id="w">125</int>
						<int id="z">28</int>
						<int id="x">4978</int>
						<int id="y">833</int>
						<int id="h">20</int>
						<str id="name">lens_grass_1_1307987031014</str>
						<str id="sprite_class">lens_grass_1</str>
					</object>
					<object id="lens_grass_1_1307741552471">
						<int id="w">1172</int>
						<int id="z">2</int>
						<int id="x">4124</int>
						<int id="y">856</int>
						<int id="h">71</int>
						<str id="name">lens_grass_1_1307741552445</str>
						<str id="sprite_class">lens_grass_1</str>
					</object>
					<object id="lens_grass_2_1307741552466">
						<int id="w">1202</int>
						<int id="z">6</int>
						<int id="x">232</int>
						<int id="y">838</int>
						<int id="h">72</int>
						<str id="name">lens_grass_2_1307741552444</str>
						<str id="sprite_class">lens_grass_2</str>
					</object>
					<object id="alakol_water_rock_1_1308242885178">
						<int id="w">38</int>
						<int id="z">42</int>
						<int id="x">384</int>
						<int id="y">776</int>
						<int id="h">26</int>
						<str id="name">alakol_water_rock_1_1307749098577</str>
						<str id="sprite_class">alakol_water_rock_1</str>
					</object>
					<object id="heights_bush_2_1308242885183">
						<int id="w">54</int>
						<int id="z">23</int>
						<int id="x">2144</int>
						<int id="y">799</int>
						<int id="h">27</int>
						<str id="name">heights_bush_2_1308242885164</str>
						<str id="sprite_class">heights_bush_2</str>
					</object>
					<object id="lens_grass_1_1307992844142">
						<int id="w">103</int>
						<int id="z">39</int>
						<int id="x">3582</int>
						<int id="y">827</int>
						<int id="h">16</int>
						<str id="name">lens_grass_1_1307987031014</str>
						<str id="sprite_class">lens_grass_1</str>
					</object>
					<object id="alakol_water_rock_1_1308242885177">
						<int id="w">84</int>
						<int id="z">41</int>
						<int id="x">441</int>
						<int id="y">775</int>
						<int id="h">24</int>
						<str id="name">alakol_water_rock_1_1307749098577</str>
						<str id="sprite_class">alakol_water_rock_1</str>
					</object>
				</object>
				<int id="w">5640</int>
				<int id="h">1000</int>
				<int id="z">-2</int>
				<object id="filtersNEW">
					<object id="saturation">
						<int id="value">10</int>
					</object>
					<object id="tintColor">
						<int id="value">0</int>
					</object>
					<object id="contrast">
						<int id="value">0</int>
					</object>
					<object id="blur">
						<int id="value">2</int>
					</object>
					<object id="brightness">
						<int id="value">20</int>
					</object>
				</object>
				<str id="name">bg_2</str>
			</object>
			<object id="T_1307741552438">
				<object id="decos">
					<object id="lens_grass_1_1307987031021">
						<int id="w">338</int>
						<int id="z">0</int>
						<int id="r">1</int>
						<int id="x">4895</int>
						<int id="y">1026</int>
						<int id="h">71</int>
						<str id="name">lens_grass_1_1307987031014</str>
						<str id="sprite_class">lens_grass_1</str>
					</object>
					<object id="pampas_1_1307749098571">
						<int id="w">57</int>
						<int id="z">12</int>
						<int id="x">3126</int>
						<int id="y">998</int>
						<int id="h">84</int>
						<str id="name">pampas_1_1307749098498</str>
						<str id="sprite_class">pampas_1</str>
					</object>
					<object id="tree_acacia_1_1308242885195">
						<int id="w">1042</int>
						<int id="z">11</int>
						<int id="x">3086</int>
						<int id="y">1004</int>
						<int id="h">724</int>
						<str id="name">tree_acacia_1_1307749098552</str>
						<str id="sprite_class">tree_acacia_1</str>
					</object>
					<object id="lens_grass_1_1308242885149">
						<int id="w">365</int>
						<int id="z">13</int>
						<int id="x">705</int>
						<int id="y">978</int>
						<int id="h">67</int>
						<str id="name">lens_grass_1_1307987031014</str>
						<str id="sprite_class">lens_grass_1</str>
					</object>
					<object id="stalagmite_base_1_1308256230858">
						<int id="w">294</int>
						<int id="z">19</int>
						<int id="x">1448</int>
						<int id="y">978</int>
						<int id="h">78</int>
						<str id="name">stalagmite_base_1_1307741552479</str>
						<str id="sprite_class">stalagmite_base_1</str>
					</object>
					<object id="lens_grass_1_1308256230833">
						<int id="w">593</int>
						<int id="z">9</int>
						<int id="x">5368</int>
						<int id="y">1032</int>
						<int id="h">79</int>
						<str id="name">lens_grass_1_1307987031014</str>
						<str id="sprite_class">lens_grass_1</str>
					</object>
					<object id="lens_grass_1_1307987031053">
						<int id="w">365</int>
						<int id="z">14</int>
						<int id="x">540</int>
						<int id="y">1018</int>
						<int id="h">100</int>
						<str id="name">lens_grass_1_1307987031014</str>
						<str id="sprite_class">lens_grass_1</str>
					</object>
					<object id="lens_grass_1_1307987031019">
						<int id="w">285</int>
						<int id="z">1</int>
						<int id="x">4824</int>
						<int id="y">967</int>
						<int id="h">50</int>
						<str id="name">lens_grass_1_1307987031014</str>
						<str id="sprite_class">lens_grass_1</str>
					</object>
					<object id="lens_grass_1_1307987031022">
						<int id="w">593</int>
						<int id="z">2</int>
						<int id="x">4577</int>
						<int id="y">1004</int>
						<int id="h">79</int>
						<str id="name">lens_grass_1_1307987031014</str>
						<str id="sprite_class">lens_grass_1</str>
					</object>
					<object id="lens_grass_1_1307987031058">
						<int id="w">365</int>
						<int id="z">18</int>
						<int id="x">2405</int>
						<int id="y">1021</int>
						<int id="h">90</int>
						<str id="name">lens_grass_1_1307987031014</str>
						<str id="sprite_class">lens_grass_1</str>
					</object>
					<object id="lens_grass_1_1308256230847">
						<int id="w">397</int>
						<int id="z">4</int>
						<int id="x">3721</int>
						<int id="y">1026</int>
						<int id="h">80</int>
						<str id="name">lens_grass_1_1307987031014</str>
						<str id="sprite_class">lens_grass_1</str>
					</object>
					<object id="stalagmite_base_1_1308256230862">
						<int id="w">93</int>
						<int id="z">23</int>
						<int id="x">1274</int>
						<int id="y">958</int>
						<int id="h">21</int>
						<str id="name">stalagmite_base_1_1307741552479</str>
						<str id="sprite_class">stalagmite_base_1</str>
					</object>
					<object id="lens_grass_1_1307987031057">
						<int id="w">365</int>
						<int id="z">16</int>
						<int id="x">2609</int>
						<int id="y">988</int>
						<int id="h">86</int>
						<str id="name">lens_grass_1_1307987031014</str>
						<str id="sprite_class">lens_grass_1</str>
					</object>
					<object id="lens_grass_1_1307987031020">
						<int id="w">285</int>
						<int id="z">10</int>
						<int id="x">5054</int>
						<int id="y">1036</int>
						<int id="h">60</int>
						<str id="name">lens_grass_1_1307987031014</str>
						<str id="sprite_class">lens_grass_1</str>
					</object>
					<object id="lens_grass_1_1308256230834">
						<int id="w">445</int>
						<int id="z">5</int>
						<int id="x">5649</int>
						<int id="y">998</int>
						<int id="h">67</int>
						<str id="name">lens_grass_1_1307987031014</str>
						<str id="sprite_class">lens_grass_1</str>
					</object>
					<object id="stalagmite_base_1_1308256230861">
						<int id="w">124</int>
						<int id="z">20</int>
						<int id="x">1481</int>
						<int id="y">934</int>
						<int id="h">33</int>
						<str id="name">stalagmite_base_1_1307741552479</str>
						<str id="sprite_class">stalagmite_base_1</str>
					</object>
					<object id="lens_grass_1_1308256230848">
						<int id="w">397</int>
						<int id="z">3</int>
						<int id="x">3852</int>
						<int id="y">1002</int>
						<int id="h">80</int>
						<str id="name">lens_grass_1_1307987031014</str>
						<str id="sprite_class">lens_grass_1</str>
					</object>
					<object id="lens_grass_1_1308256230835">
						<int id="w">359</int>
						<int id="z">8</int>
						<int id="x">5905</int>
						<int id="y">1021</int>
						<int id="h">81</int>
						<str id="name">lens_grass_1_1307987031014</str>
						<str id="sprite_class">lens_grass_1</str>
					</object>
					<object id="pampas_2_1308256230836">
						<int id="w">60</int>
						<int id="z">6</int>
						<int id="x">5461</int>
						<int id="y">957</int>
						<int id="h">93</int>
						<str id="name">pampas_2_1307749098499</str>
						<str id="sprite_class">pampas_2</str>
					</object>
					<object id="lens_grass_1_1307987031059">
						<int id="w">365</int>
						<int id="z">17</int>
						<int id="x">2168</int>
						<int id="y">988</int>
						<int id="h">73</int>
						<str id="name">lens_grass_1_1307987031014</str>
						<str id="sprite_class">lens_grass_1</str>
					</object>
					<object id="lens_grass_1_1307987031054">
						<int id="w">631</int>
						<int id="z">15</int>
						<int id="x">259</int>
						<int id="y">1063</int>
						<int id="h">130</int>
						<str id="name">lens_grass_1_1307987031014</str>
						<str id="sprite_class">lens_grass_1</str>
					</object>
					<object id="pampas_2_1308256230837">
						<int id="w">51</int>
						<int id="z">7</int>
						<int id="x">5422</int>
						<bool id="h_flip">true</bool>
						<int id="y">956</int>
						<int id="h">78</int>
						<str id="name">pampas_2_1307749098499</str>
						<str id="sprite_class">pampas_2</str>
					</object>
					<object id="stalagmite_base_3_1308256230859">
						<int id="w">258</int>
						<int id="z">22</int>
						<int id="x">1293</int>
						<int id="y">992</int>
						<int id="h">53</int>
						<str id="name">stalagmite_base_3_1307741552481</str>
						<str id="sprite_class">stalagmite_base_3</str>
					</object>
					<object id="stalagmite_base_3_1308256230860">
						<int id="w">143</int>
						<int id="z">21</int>
						<int id="x">1648</int>
						<int id="y">992</int>
						<int id="h">31</int>
						<str id="name">stalagmite_base_3_1307741552481</str>
						<str id="sprite_class">stalagmite_base_3</str>
					</object>
				</object>
				<int id="w">6000</int>
				<int id="h">1000</int>
				<int id="z">1</int>
				<object id="filtersNEW">
					<object id="saturation">
						<int id="value">18</int>
					</object>
					<object id="tintColor">
						<int id="value">0</int>
					</object>
					<object id="contrast">
						<int id="value">0</int>
					</object>
					<object id="brightness">
						<int id="value">9</int>
					</object>
				</object>
				<str id="name">middleplus</str>
			</object>
			<object id="T_1307741552442">
				<object id="decos">
					<object id="alakol_water_rock_1_1308041830321">
						<int id="w">28</int>
						<int id="z">32</int>
						<int id="x">-159</int>
						<int id="y">763</int>
						<int id="h">23</int>
						<str id="name">alakol_water_rock_1_1307749098577</str>
						<str id="sprite_class">alakol_water_rock_1</str>
					</object>
					<object id="alakol_water_rock_2_1308041830326">
						<int id="w">62</int>
						<int id="z">25</int>
						<int id="x">1591</int>
						<int id="y">770</int>
						<int id="h">14</int>
						<str id="name">alakol_water_rock_2_1307749098574</str>
						<str id="sprite_class">alakol_water_rock_2</str>
					</object>
					<object id="alakol_water_rock_1_1308041830328">
						<int id="w">44</int>
						<int id="z">22</int>
						<int id="x">1512</int>
						<int id="y">764</int>
						<int id="h">11</int>
						<str id="name">alakol_water_rock_1_1307749098577</str>
						<str id="sprite_class">alakol_water_rock_1</str>
					</object>
					<object id="alakol_water_rock_2_1308041830322">
						<int id="w">54</int>
						<int id="z">29</int>
						<int id="x">1498</int>
						<int id="y">771</int>
						<int id="h">10</int>
						<str id="name">alakol_water_rock_2_1307749098574</str>
						<str id="sprite_class">alakol_water_rock_2</str>
					</object>
					<object id="heights_bush_1_1308242885163">
						<int id="w">14</int>
						<int id="z">44</int>
						<int id="x">1621</int>
						<int id="y">775</int>
						<int id="h">8</int>
						<str id="name">heights_bush_1_1308242885163</str>
						<str id="sprite_class">heights_bush_1</str>
					</object>
					<object id="alakol_water_rock_2_1308041830323">
						<int id="w">72</int>
						<int id="z">28</int>
						<int id="x">-70</int>
						<int id="y">767</int>
						<int id="h">28</int>
						<str id="name">alakol_water_rock_2_1307749098574</str>
						<str id="sprite_class">alakol_water_rock_2</str>
					</object>
					<object id="alakol_water_rock_2_1308242885160">
						<int id="w">25</int>
						<int id="z">31</int>
						<int id="x">1950</int>
						<int id="y">771</int>
						<int id="h">10</int>
						<str id="name">alakol_water_rock_2_1307749098574</str>
						<str id="sprite_class">alakol_water_rock_2</str>
					</object>
					<object id="alakol_cliff_2_1308041830324">
						<int id="w">69</int>
						<int id="z">27</int>
						<int id="x">1614</int>
						<int id="y">773</int>
						<int id="h">8</int>
						<str id="name">alakol_cliff_2_1307749098573</str>
						<str id="sprite_class">alakol_cliff_2</str>
					</object>
					<object id="alakol_cliff_2_1308242885151">
						<int id="w">61</int>
						<int id="z">37</int>
						<int id="x">1273</int>
						<int id="y">765</int>
						<int id="h">6</int>
						<str id="name">alakol_cliff_2_1307749098573</str>
						<str id="sprite_class">alakol_cliff_2</str>
					</object>
					<object id="heights_bush_2_1308242885165">
						<int id="w">16</int>
						<int id="z">48</int>
						<int id="x">1633</int>
						<int id="y">774</int>
						<int id="h">8</int>
						<str id="name">heights_bush_2_1308242885164</str>
						<str id="sprite_class">heights_bush_2</str>
					</object>
					<object id="alakol_water_rock_1_1308242885156">
						<int id="w">38</int>
						<int id="z">40</int>
						<int id="x">1397</int>
						<int id="y">764</int>
						<int id="h">9</int>
						<str id="name">alakol_water_rock_1_1307749098577</str>
						<str id="sprite_class">alakol_water_rock_1</str>
					</object>
					<object id="heights_bush_2_1308041830319">
						<int id="w">26</int>
						<int id="z">34</int>
						<int id="x">-170</int>
						<int id="y">764</int>
						<int id="h">12</int>
						<str id="name">heights_bush_2_1307741552493</str>
						<str id="sprite_class">heights_bush_2</str>
					</object>
					<object id="alakol_water_rock_1_1308041830327">
						<int id="w">71</int>
						<int id="z">24</int>
						<int id="x">-98</int>
						<int id="y">747</int>
						<int id="h">21</int>
						<str id="name">alakol_water_rock_1_1307749098577</str>
						<str id="sprite_class">alakol_water_rock_1</str>
					</object>
					<object id="tree_acacia_2_1307749098589">
						<int id="w">61</int>
						<int id="z">17</int>
						<int id="x">2663</int>
						<int id="y">782</int>
						<int id="h">34</int>
						<str id="name">tree_acacia_2_1307749098540</str>
						<str id="sprite_class">tree_acacia_2</str>
					</object>
					<object id="lens_grass_2_1307749098468">
						<int id="w">1035</int>
						<int id="z">3</int>
						<int id="r">1</int>
						<int id="x">5247</int>
						<int id="y">850</int>
						<int id="h">71</int>
						<str id="name">lens_grass_2_1307741552444</str>
						<str id="sprite_class">lens_grass_2</str>
					</object>
					<object id="tree_acacia_4_1307987031068">
						<int id="w">44</int>
						<int id="z">14</int>
						<int id="r">1</int>
						<int id="x">3887</int>
						<bool id="h_flip">true</bool>
						<int id="y">777</int>
						<int id="h">37</int>
						<str id="name">tree_acacia_4_1307749098538</str>
						<str id="sprite_class">tree_acacia_4</str>
					</object>
					<object id="tree_acacia_4_1307749098591">
						<int id="w">54</int>
						<int id="z">13</int>
						<int id="x">2689</int>
						<bool id="h_flip">true</bool>
						<int id="y">782</int>
						<int id="h">52</int>
						<str id="name">tree_acacia_4_1307749098538</str>
						<str id="sprite_class">tree_acacia_4</str>
					</object>
					<object id="tree_acacia_3_1307749098588">
						<int id="w">75</int>
						<int id="z">19</int>
						<int id="x">3936</int>
						<int id="y">780</int>
						<int id="h">34</int>
						<str id="name">tree_acacia_3_1307749098496</str>
						<str id="sprite_class">tree_acacia_3</str>
					</object>
					<object id="lens_grass_1_1307749098474">
						<int id="w">1322</int>
						<int id="z">7</int>
						<int id="x">2721</int>
						<int id="y">860</int>
						<int id="h">85</int>
						<str id="name">lens_grass_1_1307741552445</str>
						<str id="sprite_class">lens_grass_1</str>
					</object>
					<object id="alakol_cliff_2_1308242885152">
						<int id="w">86</int>
						<int id="z">36</int>
						<int id="x">1317</int>
						<int id="y">764</int>
						<int id="h">9</int>
						<str id="name">alakol_cliff_2_1307749098573</str>
						<str id="sprite_class">alakol_cliff_2</str>
					</object>
					<object id="lens_grass_2_1307749098477">
						<int id="w">1106</int>
						<int id="z">1</int>
						<int id="r">1</int>
						<int id="x">2474</int>
						<int id="y">806</int>
						<int id="h">36</int>
						<str id="name">lens_grass_2_1307741552444</str>
						<str id="sprite_class">lens_grass_2</str>
					</object>
					<object id="lens_grass_2_1307749098479">
						<int id="w">1152</int>
						<int id="z">9</int>
						<int id="r">1</int>
						<int id="x">1435</int>
						<int id="y">828</int>
						<int id="h">68</int>
						<str id="name">lens_grass_2_1307741552444</str>
						<str id="sprite_class">lens_grass_2</str>
					</object>
					<object id="alakol_water_rock_1_1308242885155">
						<int id="w">23</int>
						<int id="z">39</int>
						<int id="x">1314</int>
						<int id="y">767</int>
						<int id="h">9</int>
						<str id="name">alakol_water_rock_1_1307749098577</str>
						<str id="sprite_class">alakol_water_rock_1</str>
					</object>
					<object id="lens_grass_1_1307749098476">
						<int id="w">1212</int>
						<int id="z">8</int>
						<int id="x">1869</int>
						<int id="y">832</int>
						<int id="h">68</int>
						<str id="name">lens_grass_1_1307741552445</str>
						<str id="sprite_class">lens_grass_1</str>
					</object>
					<object id="tree_acacia_1_1307749098541">
						<int id="w">47</int>
						<int id="z">18</int>
						<int id="x">3769</int>
						<int id="y">775</int>
						<int id="h">29</int>
						<str id="name">tree_acacia_1_1307749098541</str>
						<str id="sprite_class">tree_acacia_1</str>
					</object>
					<object id="heights_bush_2_1308242885171">
						<int id="w">16</int>
						<int id="z">52</int>
						<int id="x">1813</int>
						<int id="y">772</int>
						<int id="h">8</int>
						<str id="name">heights_bush_2_1308242885164</str>
						<str id="sprite_class">heights_bush_2</str>
					</object>
					<object id="tree_acacia_1_1307749098703">
						<int id="w">38</int>
						<int id="z">20</int>
						<int id="x">630</int>
						<int id="y">765</int>
						<int id="h">24</int>
						<str id="name">tree_acacia_1_1307749098552</str>
						<str id="sprite_class">tree_acacia_1</str>
					</object>
					<object id="heights_bush_1_1308242885168">
						<int id="w">14</int>
						<int id="z">50</int>
						<int id="x">1423</int>
						<int id="y">764</int>
						<int id="h">8</int>
						<str id="name">heights_bush_1_1308242885163</str>
						<str id="sprite_class">heights_bush_1</str>
					</object>
					<object id="alakol_cliff_1_1308041830325">
						<int id="w">137</int>
						<int id="z">26</int>
						<int id="r">1</int>
						<int id="x">1537</int>
						<int id="y">768</int>
						<int id="h">8</int>
						<str id="name">alakol_cliff_1_1307749098572</str>
						<str id="sprite_class">alakol_cliff_1</str>
					</object>
					<object id="lens_grass_2_1307749098475">
						<int id="w">1009</int>
						<int id="z">6</int>
						<int id="x">3136</int>
						<int id="y">831</int>
						<int id="h">55</int>
						<str id="name">lens_grass_2_1307741552444</str>
						<str id="sprite_class">lens_grass_2</str>
					</object>
					<object id="alakol_water_rock_1_1308242885161">
						<int id="w">22</int>
						<int id="z">43</int>
						<int id="x">1853</int>
						<int id="y">771</int>
						<int id="h">16</int>
						<str id="name">alakol_water_rock_1_1307749098577</str>
						<str id="sprite_class">alakol_water_rock_1</str>
					</object>
					<object id="lens_grass_1_1307749098478">
						<int id="w">1089</int>
						<int id="z">10</int>
						<int id="x">892</int>
						<int id="y">827</int>
						<int id="h">69</int>
						<str id="name">lens_grass_1_1307741552445</str>
						<str id="sprite_class">lens_grass_1</str>
					</object>
					<object id="heights_bush_2_1308242885170">
						<int id="w">16</int>
						<int id="z">49</int>
						<int id="x">1255</int>
						<int id="y">767</int>
						<int id="h">8</int>
						<str id="name">heights_bush_2_1308242885164</str>
						<str id="sprite_class">heights_bush_2</str>
					</object>
					<object id="heights_bush_1_1308242885166">
						<int id="w">14</int>
						<int id="z">45</int>
						<int id="x">1529</int>
						<int id="y">769</int>
						<int id="h">8</int>
						<str id="name">heights_bush_1_1308242885163</str>
						<str id="sprite_class">heights_bush_1</str>
					</object>
					<object id="tree_acacia_3_1307749098704">
						<int id="w">61</int>
						<int id="z">21</int>
						<int id="x">256</int>
						<int id="y">760</int>
						<int id="h">28</int>
						<str id="name">tree_acacia_3_1307749098496</str>
						<str id="sprite_class">tree_acacia_3</str>
					</object>
					<object id="alakol_water_rock_1_1308242885153">
						<int id="w">74</int>
						<int id="z">23</int>
						<int id="x">1560</int>
						<int id="y">768</int>
						<int id="h">13</int>
						<str id="name">alakol_water_rock_1_1307749098577</str>
						<str id="sprite_class">alakol_water_rock_1</str>
					</object>
					<object id="heights_bush_1_1308242885169">
						<int id="w">14</int>
						<int id="z">51</int>
						<int id="x">1301</int>
						<int id="y">765</int>
						<int id="h">8</int>
						<str id="name">heights_bush_1_1308242885163</str>
						<str id="sprite_class">heights_bush_1</str>
					</object>
					<object id="lens_grass_1_1307749098472">
						<int id="w">1289</int>
						<int id="z">5</int>
						<int id="x">3702</int>
						<int id="y">850</int>
						<int id="h">81</int>
						<str id="name">lens_grass_1_1307741552445</str>
						<str id="sprite_class">lens_grass_1</str>
					</object>
					<object id="alakol_water_rock_1_1308242885162">
						<int id="w">23</int>
						<int id="z">42</int>
						<int id="x">1911</int>
						<int id="y">769</int>
						<int id="h">8</int>
						<str id="name">alakol_water_rock_1_1307749098577</str>
						<str id="sprite_class">alakol_water_rock_1</str>
					</object>
					<object id="lens_grass_1_1307749098469">
						<int id="w">1140</int>
						<int id="z">4</int>
						<int id="x">4776</int>
						<int id="y">857</int>
						<int id="h">78</int>
						<str id="name">lens_grass_1_1307741552445</str>
						<str id="sprite_class">lens_grass_1</str>
					</object>
					<object id="heights_bush_2_1308242885164">
						<int id="w">16</int>
						<int id="z">47</int>
						<int id="x">1943</int>
						<int id="y">771</int>
						<int id="h">8</int>
						<str id="name">heights_bush_2_1308242885164</str>
						<str id="sprite_class">heights_bush_2</str>
					</object>
					<object id="heights_bush_1_1308242885167">
						<int id="w">14</int>
						<int id="z">46</int>
						<int id="x">1413</int>
						<int id="y">764</int>
						<int id="h">8</int>
						<str id="name">heights_bush_1_1308242885163</str>
						<str id="sprite_class">heights_bush_1</str>
					</object>
					<object id="lens_grass_2_1307749098473">
						<int id="w">1258</int>
						<int id="z">2</int>
						<int id="r">1</int>
						<int id="x">4283</int>
						<int id="y">841</int>
						<int id="h">71</int>
						<str id="name">lens_grass_2_1307741552444</str>
						<str id="sprite_class">lens_grass_2</str>
					</object>
					<object id="alakol_water_rock_2_1308242885159">
						<int id="w">58</int>
						<int id="z">30</int>
						<int id="x">1818</int>
						<int id="y">772</int>
						<int id="h">10</int>
						<str id="name">alakol_water_rock_2_1307749098574</str>
						<str id="sprite_class">alakol_water_rock_2</str>
					</object>
					<object id="tree_acacia_3_1308242885193">
						<int id="w">75</int>
						<int id="z">53</int>
						<int id="x">5256</int>
						<int id="y">785</int>
						<int id="h">34</int>
						<str id="name">tree_acacia_3_1307749098496</str>
						<str id="sprite_class">tree_acacia_3</str>
					</object>
					<object id="alakol_water_rock_1_1308242885154">
						<int id="w">23</int>
						<int id="z">38</int>
						<int id="x">1228</int>
						<int id="y">766</int>
						<int id="h">9</int>
						<str id="name">alakol_water_rock_1_1307749098577</str>
						<str id="sprite_class">alakol_water_rock_1</str>
					</object>
					<object id="alakol_water_rock_1_1308242885157">
						<int id="w">44</int>
						<int id="z">0</int>
						<int id="x">1413</int>
						<int id="y">767</int>
						<int id="h">19</int>
						<str id="name">alakol_water_rock_1_1307749098577</str>
						<str id="sprite_class">alakol_water_rock_1</str>
					</object>
					<object id="tree_acacia_2_1307749098540">
						<int id="w">54</int>
						<int id="z">16</int>
						<int id="x">3375</int>
						<int id="y">784</int>
						<int id="h">30</int>
						<str id="name">tree_acacia_2_1307749098540</str>
						<str id="sprite_class">tree_acacia_2</str>
					</object>
					<object id="alakol_water_rock_1_1308242885158">
						<int id="w">22</int>
						<int id="z">41</int>
						<int id="x">1797</int>
						<int id="y">771</int>
						<int id="h">12</int>
						<str id="name">alakol_water_rock_1_1307749098577</str>
						<str id="sprite_class">alakol_water_rock_1</str>
					</object>
					<object id="lens_grass_1_1307749098480">
						<int id="w">1063</int>
						<int id="z">12</int>
						<int id="x">449</int>
						<int id="y">838</int>
						<int id="h">85</int>
						<str id="name">lens_grass_1_1307741552445</str>
						<str id="sprite_class">lens_grass_1</str>
					</object>
					<object id="lens_grass_2_1307749098481">
						<int id="w">934</int>
						<int id="z">11</int>
						<int id="r">1</int>
						<int id="x">67</int>
						<int id="y">816</int>
						<int id="h">71</int>
						<str id="name">lens_grass_2_1307741552444</str>
						<str id="sprite_class">lens_grass_2</str>
					</object>
					<object id="alakol_water_rock_1_1308041830320">
						<int id="w">46</int>
						<int id="z">33</int>
						<int id="x">1331</int>
						<int id="y">758</int>
						<int id="h">12</int>
						<str id="name">alakol_water_rock_1_1307749098577</str>
						<str id="sprite_class">alakol_water_rock_1</str>
					</object>
					<object id="tree_acacia_4_1307749098539">
						<int id="w">55</int>
						<int id="z">15</int>
						<int id="x">3348</int>
						<int id="y">782</int>
						<int id="h">42</int>
						<str id="name">tree_acacia_4_1307749098538</str>
						<str id="sprite_class">tree_acacia_4</str>
					</object>
					<object id="tree_acacia_3_1308041830335">
						<int id="w">75</int>
						<int id="z">35</int>
						<int id="x">3149</int>
						<int id="y">782</int>
						<int id="h">34</int>
						<str id="name">tree_acacia_3_1307749098496</str>
						<str id="sprite_class">tree_acacia_3</str>
					</object>
				</object>
				<int id="w">5400</int>
				<int id="h">1000</int>
				<int id="z">-3</int>
				<object id="filtersNEW">
					<object id="saturation">
						<int id="value">6</int>
					</object>
					<object id="tintColor">
						<int id="value">0</int>
					</object>
					<object id="contrast">
						<int id="value">0</int>
					</object>
					<object id="blur">
						<int id="value">3</int>
					</object>
					<object id="brightness">
						<int id="value">25</int>
					</object>
				</object>
				<str id="name">bg_3</str>
			</object>
			<object id="T_1307741552441">
				<object id="decos">
					<object id="cloud_fluffy_2_1307984015711">
						<int id="w">1069</int>
						<int id="z">4</int>
						<int id="x">4649</int>
						<int id="y">759</int>
						<int id="h">114</int>
						<str id="name">cloud_fluffy_2_1307749098529</str>
						<str id="sprite_class">cloud_fluffy_2</str>
					</object>
					<object id="heights_bush_4_1307749098584">
						<int id="w">616</int>
						<int id="z">0</int>
						<int id="r">-1</int>
						<int id="x">3383</int>
						<int id="y">770</int>
						<int id="h">16</int>
						<str id="name">heights_bush_4_1307741552494</str>
						<str id="sprite_class">heights_bush_4</str>
					</object>
					<object id="cloud_fluffy_1_1307984015705">
						<int id="w">798</int>
						<int id="z">8</int>
						<int id="x">2339</int>
						<int id="y">724</int>
						<int id="h">119</int>
						<str id="name">cloud_fluffy_1_1307749098737</str>
						<str id="sprite_class">cloud_fluffy_1</str>
					</object>
					<object id="heights_bush_4_1307749098587">
						<int id="w">423</int>
						<int id="z">3</int>
						<int id="r">2</int>
						<int id="x">3746</int>
						<bool id="h_flip">true</bool>
						<int id="y">776</int>
						<int id="h">24</int>
						<str id="name">heights_bush_4_1307741552494</str>
						<str id="sprite_class">heights_bush_4</str>
					</object>
					<object id="cloud_fluffy_1_1307984015708">
						<int id="w">944</int>
						<int id="z">6</int>
						<int id="x">465</int>
						<int id="y">738</int>
						<int id="h">119</int>
						<str id="name">cloud_fluffy_1_1307749098737</str>
						<str id="sprite_class">cloud_fluffy_1</str>
					</object>
					<object id="heights_bush_4_1308242885150">
						<int id="w">578</int>
						<int id="z">2</int>
						<int id="r">1</int>
						<int id="x">2652</int>
						<int id="y">775</int>
						<int id="h">17</int>
						<str id="name">heights_bush_4_1307741552494</str>
						<str id="sprite_class">heights_bush_4</str>
					</object>
					<object id="cloud_fluffy_1_1307984015706">
						<int id="w">539</int>
						<int id="z">7</int>
						<int id="x">3601</int>
						<int id="y">738</int>
						<int id="h">59</int>
						<str id="name">cloud_fluffy_1_1307749098737</str>
						<str id="sprite_class">cloud_fluffy_1</str>
					</object>
					<object id="cloud_fluffy_2_1307984015710">
						<int id="w">1069</int>
						<int id="z">5</int>
						<int id="x">3181</int>
						<int id="y">715</int>
						<int id="h">114</int>
						<str id="name">cloud_fluffy_2_1307749098529</str>
						<str id="sprite_class">cloud_fluffy_2</str>
					</object>
					<object id="cloud_fluffy_2_1307984015709">
						<int id="w">964</int>
						<int id="z">9</int>
						<int id="x">1457</int>
						<int id="y">719</int>
						<int id="h">82</int>
						<str id="name">cloud_fluffy_2_1307749098529</str>
						<str id="sprite_class">cloud_fluffy_2</str>
					</object>
					<object id="heights_bush_4_1307749098585">
						<int id="w">451</int>
						<int id="z">1</int>
						<int id="x">2997</int>
						<int id="y">786</int>
						<int id="h">31</int>
						<str id="name">heights_bush_4_1307741552494</str>
						<str id="sprite_class">heights_bush_4</str>
					</object>
				</object>
				<int id="w">5160</int>
				<int id="h">992</int>
				<int id="z">-5</int>
				<object id="filtersNEW">
					<object id="contrast">
						<int id="value">-10</int>
					</object>
					<object id="blur">
						<int id="value">3</int>
					</object>
					<object id="saturation">
						<int id="value">-60</int>
					</object>
					<object id="tintColor">
						<int id="value">16763904</int>
					</object>
					<object id="tintAmount">
						<int id="value">80</int>
					</object>
					<object id="brightness">
						<int id="value">19</int>
					</object>
				</object>
				<str id="name">sky</str>
			</object>
			<object id="T_1307741552439">
				<object id="decos">
					<object id="stalagmite_base_3_1307749098627">
						<int id="w">63</int>
						<int id="z">14</int>
						<int id="x">886</int>
						<int id="y">837</int>
						<int id="h">14</int>
						<str id="name">stalagmite_base_3_1307741552481</str>
						<str id="sprite_class">stalagmite_base_3</str>
					</object>
					<object id="alakol_water_rock_1_1308242885187">
						<int id="w">118</int>
						<int id="z">21</int>
						<int id="x">4603</int>
						<int id="y">847</int>
						<int id="h">116</int>
						<str id="name">alakol_water_rock_1_1307749098577</str>
						<str id="sprite_class">alakol_water_rock_1</str>
					</object>
					<object id="lens_grass_1_1307987031052">
						<int id="w">213</int>
						<int id="z">17</int>
						<int id="x">3</int>
						<int id="y">856</int>
						<int id="h">45</int>
						<str id="name">lens_grass_1_1307987031014</str>
						<str id="sprite_class">lens_grass_1</str>
					</object>
					<object id="pampas_2_1308041830329">
						<int id="w">20</int>
						<int id="z">22</int>
						<int id="x">818</int>
						<int id="y">835</int>
						<int id="h">31</int>
						<str id="name">pampas_2_1307749098499</str>
						<str id="sprite_class">pampas_2</str>
					</object>
					<object id="lens_grass_1_1307987031031">
						<int id="w">190</int>
						<int id="z">4</int>
						<int id="x">2477</int>
						<int id="y">884</int>
						<int id="h">40</int>
						<str id="name">lens_grass_1_1307987031014</str>
						<str id="sprite_class">lens_grass_1</str>
					</object>
					<object id="alakol_water_rock_1_1308242885185">
						<int id="w">117</int>
						<int id="z">24</int>
						<int id="x">4751</int>
						<int id="y">855</int>
						<int id="h">61</int>
						<str id="name">alakol_water_rock_1_1307749098577</str>
						<str id="sprite_class">alakol_water_rock_1</str>
					</object>
					<object id="lens_grass_2_1307741552460">
						<int id="w">1612</int>
						<int id="z">2</int>
						<int id="x">2620</int>
						<int id="y">907</int>
						<int id="h">95</int>
						<str id="name">lens_grass_2_1307741552444</str>
						<str id="sprite_class">lens_grass_2</str>
					</object>
					<object id="tree_acacia_1_1308242885184">
						<int id="w">491</int>
						<int id="z">20</int>
						<int id="x">793</int>
						<int id="y">838</int>
						<int id="h">306</int>
						<str id="name">tree_acacia_1_1307749098541</str>
						<str id="sprite_class">tree_acacia_1</str>
					</object>
					<object id="tree_acacia_4_1308242885192">
						<int id="w">616</int>
						<int id="z">11</int>
						<int id="x">5701</int>
						<int id="y">849</int>
						<int id="h">470</int>
						<str id="name">tree_acacia_4_1307749098538</str>
						<str id="sprite_class">tree_acacia_4</str>
					</object>
					<object id="lens_grass_1_1307987031070">
						<int id="w">241</int>
						<int id="z">19</int>
						<int id="x">4186</int>
						<int id="y">862</int>
						<int id="h">39</int>
						<str id="name">lens_grass_1_1307987031014</str>
						<str id="sprite_class">lens_grass_1</str>
					</object>
					<object id="lens_grass_1_1307987031069">
						<int id="w">241</int>
						<int id="z">18</int>
						<int id="x">4106</int>
						<int id="y">853</int>
						<int id="h">39</int>
						<str id="name">lens_grass_1_1307987031014</str>
						<str id="sprite_class">lens_grass_1</str>
					</object>
					<object id="lens_grass_1_1307741552458">
						<int id="w">1626</int>
						<int id="z">1</int>
						<int id="x">207</int>
						<int id="y">918</int>
						<int id="h">110</int>
						<str id="name">lens_grass_1_1307741552445</str>
						<str id="sprite_class">lens_grass_1</str>
					</object>
					<object id="lens_grass_1_1307987031040">
						<int id="w">190</int>
						<int id="z">12</int>
						<int id="x">2750</int>
						<int id="y">847</int>
						<int id="h">40</int>
						<str id="name">lens_grass_1_1307987031014</str>
						<str id="sprite_class">lens_grass_1</str>
					</object>
					<object id="lens_grass_1_1307987031095">
						<int id="w">186</int>
						<int id="z">16</int>
						<int id="x">1817</int>
						<int id="y">852</int>
						<int id="h">28</int>
						<str id="name">lens_grass_1_1307987031014</str>
						<str id="sprite_class">lens_grass_1</str>
					</object>
					<object id="lens_grass_1_1308242885190">
						<int id="w">241</int>
						<int id="z">26</int>
						<int id="x">4514</int>
						<int id="y">860</int>
						<int id="h">39</int>
						<str id="name">lens_grass_1_1307987031014</str>
						<str id="sprite_class">lens_grass_1</str>
					</object>
					<object id="lens_grass_1_1307987031039">
						<int id="w">190</int>
						<int id="z">13</int>
						<int id="x">2886</int>
						<int id="y">855</int>
						<int id="h">40</int>
						<str id="name">lens_grass_1_1307987031014</str>
						<str id="sprite_class">lens_grass_1</str>
					</object>
					<object id="alakol_water_rock_1_1308242885188">
						<int id="w">38</int>
						<int id="z">25</int>
						<int id="x">4529</int>
						<int id="y">827</int>
						<int id="h">37</int>
						<str id="name">alakol_water_rock_1_1307749098577</str>
						<str id="sprite_class">alakol_water_rock_1</str>
					</object>
					<object id="lens_grass_1_1308242885189">
						<int id="w">241</int>
						<int id="z">27</int>
						<int id="x">4848</int>
						<int id="y">872</int>
						<int id="h">39</int>
						<str id="name">lens_grass_1_1307987031014</str>
						<str id="sprite_class">lens_grass_1</str>
					</object>
					<object id="lens_grass_2_1307741552462">
						<int id="w">2075</int>
						<int id="z">7</int>
						<int id="x">4457</int>
						<int id="y">913</int>
						<int id="h">97</int>
						<str id="name">lens_grass_2_1307741552444</str>
						<str id="sprite_class">lens_grass_2</str>
					</object>
					<object id="lens_grass_1_1307741552463">
						<int id="w">1718</int>
						<int id="z">9</int>
						<int id="r">-1</int>
						<int id="x">5299</int>
						<int id="y">912</int>
						<int id="h">89</int>
						<str id="name">lens_grass_1_1307741552445</str>
						<str id="sprite_class">lens_grass_1</str>
					</object>
					<object id="lens_grass_1_1307741552459">
						<int id="w">1578</int>
						<int id="z">3</int>
						<int id="x">1745</int>
						<int id="y">911</int>
						<int id="h">104</int>
						<str id="name">lens_grass_1_1307741552445</str>
						<str id="sprite_class">lens_grass_1</str>
					</object>
					<object id="alakol_water_rock_2_1308242885186">
						<int id="w">166</int>
						<int id="z">23</int>
						<int id="x">4661</int>
						<int id="y">850</int>
						<int id="h">63</int>
						<str id="name">alakol_water_rock_2_1307749098574</str>
						<str id="sprite_class">alakol_water_rock_2</str>
					</object>
					<object id="lens_grass_1_1307987031033">
						<int id="w">190</int>
						<int id="z">6</int>
						<int id="x">2237</int>
						<int id="y">904</int>
						<int id="h">40</int>
						<str id="name">lens_grass_1_1307987031014</str>
						<str id="sprite_class">lens_grass_1</str>
					</object>
					<object id="lens_grass_1_1307987031032">
						<int id="w">190</int>
						<int id="z">5</int>
						<int id="x">2332</int>
						<int id="y">897</int>
						<int id="h">40</int>
						<str id="name">lens_grass_1_1307987031014</str>
						<str id="sprite_class">lens_grass_1</str>
					</object>
					<object id="tree_acacia_3_1307749098496">
						<int id="w">863</int>
						<int id="z">10</int>
						<int id="x">3737</int>
						<int id="y">843</int>
						<int id="h">395</int>
						<str id="name">tree_acacia_3_1307749098496</str>
						<str id="sprite_class">tree_acacia_3</str>
					</object>
					<object id="lens_grass_1_1307987031042">
						<int id="w">186</int>
						<int id="z">15</int>
						<int id="x">1876</int>
						<int id="y">842</int>
						<int id="h">28</int>
						<str id="name">lens_grass_1_1307987031014</str>
						<str id="sprite_class">lens_grass_1</str>
					</object>
					<object id="lens_grass_2_1307741552457">
						<int id="w">1670</int>
						<int id="z">0</int>
						<int id="x">977</int>
						<int id="y">904</int>
						<int id="h">99</int>
						<str id="name">lens_grass_2_1307741552444</str>
						<str id="sprite_class">lens_grass_2</str>
					</object>
					<object id="lens_grass_1_1307741552461">
						<int id="w">1681</int>
						<int id="z">8</int>
						<int id="x">3590</int>
						<int id="y">927</int>
						<int id="h">110</int>
						<str id="name">lens_grass_1_1307741552445</str>
						<str id="sprite_class">lens_grass_1</str>
					</object>
					<object id="heights_bush_1_1308242885191">
						<int id="w">85</int>
						<int id="z">28</int>
						<int id="r">5</int>
						<int id="x">4693</int>
						<int id="y">857</int>
						<int id="h">50</int>
						<str id="name">heights_bush_1_1308242885191</str>
						<str id="sprite_class">heights_bush_1</str>
					</object>
				</object>
				<int id="w">5820</int>
				<int id="h">1000</int>
				<int id="z">-1</int>
				<object id="filtersNEW">
					<object id="saturation">
						<int id="value">13</int>
					</object>
					<object id="tintColor">
						<int id="value">0</int>
					</object>
					<object id="contrast">
						<int id="value">0</int>
					</object>
					<object id="brightness">
						<int id="value">13</int>
					</object>
				</object>
				<str id="name">bg_1</str>
			</object>
		</object>
		<null id="loading_label"/>
		<int id="ground_y">0</int>
		<int id="rookable_type">0</int>
		<null id="physics"/>
		<null id="img_file_versioned"/>
		<str id="tsid">LA5KUKA22I42CI9</str>
		<str id="swf_file_versioned">http://c2.glitch.bz/locations/groddle1/1316726082.swf</str>
		<object id="gradient">
			<str id="top">7395BF</str>
			<str id="bottom">FFD859</str>
		</object>
		<object id="sources">
			<int id="LA57LTPQBK42SLV">1</int>
			<int id="LA51CP6NAF42G0N">1</int>
			<int id="LA52G8H9PJ420LQ">1</int>
		</object>
		<str id="music_file"></str>
		<bool id="wall_jump">false</bool>
		<bool id="no_zoom">false</bool>
	</object>
</game_object>
