<game_object tsid="GA5PV4T79OE2AOA" ts="1346031821028" label="Lisa Hell Street" class_tsid="" lastUpdateTime="1346031810" upd_gs="gs9" load_time="2012-08-26 18:42:44.098" upd_time="2012-08-26 18:39:03.250">
	<object id="dynamic">
		<int id="l">-2500</int>
		<int id="r">2500</int>
		<int id="t">-800</int>
		<int id="b">0</int>
		<str id="label">Lisa Hell Street</str>
		<str id="swf_file">alpine_landscape.swf,firebog.swf</str>
		<object id="layers">
			<object id="T_1318889580829">
				<str id="name">foreground</str>
				<int id="w">5400</int>
				<int id="h">800</int>
				<int id="z">1</int>
				<object id="filtersNEW">
					<object id="tintColor">
						<int id="value">6947071</int>
					</object>
					<object id="contrast">
						<int id="value">53</int>
					</object>
					<object id="tintAmount">
						<int id="value">31</int>
					</object>
					<object id="brightness">
						<int id="value">-79</int>
					</object>
				</object>
				<object id="decos">
					<object id="grass_solid_5_1_1318956491129">
						<int id="h">422</int>
						<int id="w">497</int>
						<bool id="animated">true</bool>
						<int id="x">5083</int>
						<str id="sprite_class">grass_solid_5_1</str>
						<int id="y">-22</int>
						<str id="name">grass_solid_5_1_1318889580840</str>
						<int id="z">65</int>
						<int id="r">-163</int>
						<bool id="h_flip">true</bool>
					</object>
					<object id="grass_solid_1318889580915">
						<int id="h">444</int>
						<int id="w">519</int>
						<int id="r">-169</int>
						<int id="x">975</int>
						<str id="sprite_class">grass_solid</str>
						<int id="y">-54</int>
						<str id="name">grass_solid_1318889580913</str>
						<int id="z">3</int>
						<bool id="h_flip">true</bool>
					</object>
					<object id="crosssection_underground_fill_1_1318905252774">
						<int id="h">299</int>
						<int id="w">823</int>
						<int id="r">4</int>
						<int id="x">5244</int>
						<str id="sprite_class">crosssection_underground_fill_1</str>
						<int id="y">231</int>
						<str id="name">crosssection_underground_fill_1_1318889580850</str>
						<int id="z">24</int>
					</object>
					<object id="underground_stalagtite_1318956491125">
						<int id="h">290</int>
						<int id="w">353</int>
						<int id="x">4152</int>
						<str id="sprite_class">underground_stalagtite</str>
						<int id="y">422</int>
						<str id="name">underground_stalagtite_1318956491081</str>
						<int id="z">47</int>
					</object>
					<object id="crosssection_underground_fill_1_1318889580897">
						<int id="h">313</int>
						<int id="w">823</int>
						<int id="r">-4</int>
						<int id="x">2944</int>
						<str id="sprite_class">crosssection_underground_fill_1</str>
						<int id="y">253</int>
						<str id="name">crosssection_underground_fill_1_1318889580850</str>
						<int id="z">21</int>
					</object>
					<object id="grass_solid_5_1_1318889580848">
						<int id="h">448</int>
						<int id="w">528</int>
						<bool id="animated">true</bool>
						<int id="x">601</int>
						<str id="sprite_class">grass_solid_5_1</str>
						<int id="y">-114</int>
						<str id="name">grass_solid_5_1_1318889580840</str>
						<int id="z">2</int>
						<int id="r">-170</int>
						<bool id="h_flip">true</bool>
					</object>
					<object id="underground_stalagtite_1318956491082">
						<int id="h">191</int>
						<int id="w">308</int>
						<int id="x">2864</int>
						<str id="sprite_class">underground_stalagtite</str>
						<int id="y">361</int>
						<str id="name">underground_stalagtite_1318956491081</str>
						<int id="z">35</int>
					</object>
					<object id="crosssection_underground_fill_1_1318889580879">
						<int id="h">248</int>
						<int id="w">755</int>
						<int id="r">-4</int>
						<int id="x">1653</int>
						<str id="sprite_class">crosssection_underground_fill_1</str>
						<int id="y">158</int>
						<str id="name">crosssection_underground_fill_1_1318889580850</str>
						<int id="z">26</int>
					</object>
					<object id="underground_stalagtite_1318956491099">
						<int id="h">153</int>
						<int id="w">230</int>
						<int id="r">-182</int>
						<int id="x">3118</int>
						<str id="sprite_class">underground_stalagtite</str>
						<int id="y">599</int>
						<str id="name">underground_stalagtite_1318956491081</str>
						<int id="z">51</int>
					</object>
					<object id="crosssection_underground_fill_1_1318889580896">
						<int id="h">248</int>
						<int id="w">755</int>
						<int id="r">-4</int>
						<int id="x">1944</int>
						<str id="sprite_class">crosssection_underground_fill_1</str>
						<int id="y">856</int>
						<str id="name">crosssection_underground_fill_1_1318889580850</str>
						<int id="z">19</int>
					</object>
					<object id="crosssection_underground_fill_1_1318889580898">
						<int id="h">248</int>
						<int id="w">755</int>
						<int id="r">4</int>
						<int id="x">2540</int>
						<str id="sprite_class">crosssection_underground_fill_1</str>
						<int id="y">889</int>
						<str id="name">crosssection_underground_fill_1_1318889580850</str>
						<int id="z">8</int>
					</object>
					<object id="underground_stalagtite_1318956491123">
						<int id="h">145</int>
						<int id="w">218</int>
						<int id="r">-182</int>
						<int id="x">3884</int>
						<str id="sprite_class">underground_stalagtite</str>
						<int id="y">560</int>
						<str id="name">underground_stalagtite_1318956491081</str>
						<int id="z">62</int>
					</object>
					<object id="crosssection_underground_fill_2_1318889580880">
						<int id="h">215</int>
						<int id="w">649</int>
						<int id="r">2</int>
						<int id="x">1728</int>
						<str id="sprite_class">crosssection_underground_fill_2</str>
						<int id="y">246</int>
						<str id="name">crosssection_underground_fill_2_1318889580851</str>
						<int id="z">27</int>
					</object>
					<object id="grass_solid_5_1_1319152337601">
						<int id="h">422</int>
						<int id="w">497</int>
						<bool id="animated">true</bool>
						<int id="x">5288</int>
						<str id="sprite_class">grass_solid_5_1</str>
						<int id="y">-68</int>
						<str id="name">grass_solid_5_1_1318889580840</str>
						<int id="z">66</int>
						<int id="r">-163</int>
						<bool id="h_flip">true</bool>
					</object>
					<object id="underground_stalagtite_1318956491119">
						<int id="h">145</int>
						<int id="w">255</int>
						<int id="r">-182</int>
						<int id="x">3527</int>
						<str id="sprite_class">underground_stalagtite</str>
						<int id="y">605</int>
						<str id="name">underground_stalagtite_1318956491081</str>
						<int id="z">54</int>
					</object>
					<object id="underground_stalagtite_1318956491093">
						<int id="h">104</int>
						<int id="w">199</int>
						<int id="x">3299</int>
						<str id="sprite_class">underground_stalagtite</str>
						<int id="y">295</int>
						<str id="name">underground_stalagtite_1318956491081</str>
						<int id="z">39</int>
					</object>
					<object id="crosssection_underground_fill_1_1318889580850">
						<int id="h">248</int>
						<int id="w">755</int>
						<int id="x">235</int>
						<str id="sprite_class">crosssection_underground_fill_1</str>
						<int id="y">873</int>
						<str id="name">crosssection_underground_fill_1_1318889580850</str>
						<int id="z">6</int>
					</object>
					<object id="grass_solid_5_1_1318889580878">
						<int id="h">534</int>
						<int id="w">629</int>
						<bool id="animated">true</bool>
						<int id="x">1369</int>
						<str id="sprite_class">grass_solid_5_1</str>
						<int id="y">-47</int>
						<str id="name">grass_solid_5_1_1318889580840</str>
						<int id="z">4</int>
						<int id="r">-170</int>
						<bool id="h_flip">true</bool>
					</object>
					<object id="underground_stalagtite_1318956491089">
						<int id="h">216</int>
						<int id="w">279</int>
						<int id="x">3064</int>
						<str id="sprite_class">underground_stalagtite</str>
						<int id="y">386</int>
						<str id="name">underground_stalagtite_1318956491081</str>
						<int id="z">38</int>
					</object>
					<object id="grass_solid_5_1_1318956491137">
						<int id="h">304</int>
						<int id="w">359</int>
						<bool id="animated">true</bool>
						<int id="x">5365</int>
						<str id="sprite_class">grass_solid_5_1</str>
						<int id="y">728</int>
						<str id="name">grass_solid_5_1_1318889580840</str>
						<int id="z">33</int>
						<int id="r">-14</int>
					</object>
					<object id="underground_stalagtite_1318956491109">
						<int id="h">90</int>
						<int id="w">202</int>
						<int id="r">-182</int>
						<int id="x">2949</int>
						<str id="sprite_class">underground_stalagtite</str>
						<int id="y">666</int>
						<str id="name">underground_stalagtite_1318956491081</str>
						<int id="z">60</int>
					</object>
					<object id="crosssection_underground_fill_1_1318905252775">
						<int id="h">248</int>
						<int id="w">755</int>
						<int id="r">-4</int>
						<int id="x">3105</int>
						<str id="sprite_class">crosssection_underground_fill_1</str>
						<int id="y">949</int>
						<str id="name">crosssection_underground_fill_1_1318889580850</str>
						<int id="z">9</int>
					</object>
					<object id="underground_stalagtite_1318956491122">
						<int id="h">243</int>
						<int id="w">273</int>
						<int id="r">-182</int>
						<int id="x">4006</int>
						<str id="sprite_class">underground_stalagtite</str>
						<int id="y">466</int>
						<str id="name">underground_stalagtite_1318956491081</str>
						<int id="z">61</int>
					</object>
					<object id="underground_stalagtite_1318956491096">
						<int id="h">124</int>
						<int id="w">189</int>
						<int id="x">3634</int>
						<str id="sprite_class">underground_stalagtite</str>
						<int id="y">313</int>
						<str id="name">underground_stalagtite_1318956491081</str>
						<int id="z">43</int>
					</object>
					<object id="underground_stalagtite_1318956491108">
						<int id="h">135</int>
						<int id="w">234</int>
						<int id="r">-182</int>
						<int id="x">2802</int>
						<str id="sprite_class">underground_stalagtite</str>
						<int id="y">584</int>
						<str id="name">underground_stalagtite_1318956491081</str>
						<int id="z">59</int>
					</object>
					<object id="underground_stalagtite_1318956491100">
						<int id="h">128</int>
						<int id="w">246</int>
						<int id="r">-182</int>
						<int id="x">3002</int>
						<str id="sprite_class">underground_stalagtite</str>
						<int id="y">629</int>
						<str id="name">underground_stalagtite_1318956491081</str>
						<int id="z">58</int>
					</object>
					<object id="underground_stalagtite_1318956491088">
						<int id="h">134</int>
						<int id="w">191</int>
						<int id="x">2997</int>
						<str id="sprite_class">underground_stalagtite</str>
						<int id="y">321</int>
						<str id="name">underground_stalagtite_1318956491081</str>
						<int id="z">37</int>
					</object>
					<object id="crosssection_underground_fill_1_1318905252783">
						<int id="h">248</int>
						<int id="w">755</int>
						<int id="r">-3</int>
						<int id="x">5235</int>
						<str id="sprite_class">crosssection_underground_fill_1</str>
						<int id="y">907</int>
						<str id="name">crosssection_underground_fill_1_1318889580850</str>
						<int id="z">13</int>
					</object>
					<object id="crosssection_underground_fill_2_1318905252781">
						<int id="h">326</int>
						<int id="w">899</int>
						<int id="x">4461</int>
						<str id="sprite_class">crosssection_underground_fill_2</str>
						<int id="y">938</int>
						<str id="name">crosssection_underground_fill_2_1318889580851</str>
						<int id="z">14</int>
					</object>
					<object id="underground_stalagtite_1318956491097">
						<int id="h">81</int>
						<int id="w">169</int>
						<int id="x">3396</int>
						<str id="sprite_class">underground_stalagtite</str>
						<int id="y">271</int>
						<str id="name">underground_stalagtite_1318956491081</str>
						<int id="z">48</int>
					</object>
					<object id="crosssection_underground_fill_1_1318905252777">
						<int id="h">248</int>
						<int id="w">755</int>
						<int id="r">-3</int>
						<int id="x">3979</int>
						<str id="sprite_class">crosssection_underground_fill_1</str>
						<int id="y">894</int>
						<str id="name">crosssection_underground_fill_1_1318889580850</str>
						<int id="z">11</int>
					</object>
					<object id="underground_stalagtite_1318956491110">
						<int id="h">209</int>
						<int id="w">264</int>
						<int id="r">-182</int>
						<int id="x">2675</int>
						<str id="sprite_class">underground_stalagtite</str>
						<int id="y">505</int>
						<str id="name">underground_stalagtite_1318956491081</str>
						<int id="z">57</int>
					</object>
					<object id="crosssection_underground_fill_1_1318905252782">
						<int id="h">248</int>
						<int id="w">755</int>
						<int id="r">7</int>
						<int id="x">4849</int>
						<str id="sprite_class">crosssection_underground_fill_1</str>
						<int id="y">894</int>
						<str id="name">crosssection_underground_fill_1_1318889580850</str>
						<int id="z">12</int>
					</object>
					<object id="grass_solid_1318956491134">
						<int id="h">131</int>
						<int id="w">153</int>
						<int id="r">3</int>
						<int id="x">4957</int>
						<str id="sprite_class">grass_solid</str>
						<int id="y">720</int>
						<str id="name">grass_solid_1318889580913</str>
						<int id="z">34</int>
					</object>
					<object id="underground_stalagtite_1318956491098">
						<int id="h">134</int>
						<int id="w">181</int>
						<int id="x">3551</int>
						<str id="sprite_class">underground_stalagtite</str>
						<int id="y">295</int>
						<str id="name">underground_stalagtite_1318956491081</str>
						<int id="z">49</int>
					</object>
					<object id="grass_solid_1318956491139">
						<int id="h">233</int>
						<int id="w">272</int>
						<int id="r">-172</int>
						<int id="x">4395</int>
						<str id="sprite_class">grass_solid</str>
						<int id="y">163</int>
						<str id="name">grass_solid_1318889580913</str>
						<int id="z">64</int>
						<bool id="h_flip">true</bool>
					</object>
					<object id="crosssection_underground_fill_2_1318889580851">
						<int id="h">215</int>
						<int id="w">649</int>
						<int id="r">-180</int>
						<int id="x">789</int>
						<str id="sprite_class">crosssection_underground_fill_2</str>
						<int id="y">623</int>
						<str id="name">crosssection_underground_fill_2_1318889580851</str>
						<int id="z">28</int>
					</object>
					<object id="underground_stalagtite_1318956491112">
						<int id="h">300</int>
						<int id="w">369</int>
						<int id="r">-3</int>
						<int id="x">2740</int>
						<str id="sprite_class">underground_stalagtite</str>
						<int id="y">473</int>
						<str id="name">underground_stalagtite_1318956491081</str>
						<int id="z">36</int>
					</object>
					<object id="underground_stalagtite_1318956491117">
						<int id="h">156</int>
						<int id="w">222</int>
						<int id="r">-182</int>
						<int id="x">3342</int>
						<str id="sprite_class">underground_stalagtite</str>
						<int id="y">585</int>
						<str id="name">underground_stalagtite_1318956491081</str>
						<int id="z">52</int>
					</object>
					<object id="crosssection_underground_fill_1_1318889580852">
						<int id="h">248</int>
						<int id="w">755</int>
						<int id="r">-4</int>
						<int id="x">1306</int>
						<str id="sprite_class">crosssection_underground_fill_1</str>
						<int id="y">851</int>
						<str id="name">crosssection_underground_fill_1_1318889580850</str>
						<int id="z">7</int>
					</object>
					<object id="underground_stalagtite_1318956491113">
						<int id="h">264</int>
						<int id="w">357</int>
						<int id="x">3847</int>
						<str id="sprite_class">underground_stalagtite</str>
						<int id="y">420</int>
						<str id="name">underground_stalagtite_1318956491081</str>
						<int id="z">44</int>
					</object>
					<object id="grass_solid_5_1_1318956491128">
						<int id="h">473</int>
						<int id="w">557</int>
						<bool id="animated">true</bool>
						<int id="x">4776</int>
						<str id="sprite_class">grass_solid_5_1</str>
						<int id="y">34</int>
						<str id="name">grass_solid_5_1_1318889580840</str>
						<int id="z">63</int>
						<int id="r">-180</int>
						<bool id="h_flip">true</bool>
					</object>
					<object id="crosssection_underground_fill_1_1318905252776">
						<int id="h">248</int>
						<int id="w">755</int>
						<int id="r">4</int>
						<int id="x">3651</int>
						<str id="sprite_class">crosssection_underground_fill_1</str>
						<int id="y">941</int>
						<str id="name">crosssection_underground_fill_1_1318889580850</str>
						<int id="z">10</int>
					</object>
					<object id="grass_solid_5_1_1318956491136">
						<int id="h">175</int>
						<int id="w">206</int>
						<bool id="animated">true</bool>
						<int id="x">4349</int>
						<str id="sprite_class">grass_solid_5_1</str>
						<int id="y">698</int>
						<str id="name">grass_solid_5_1_1318889580840</str>
						<int id="z">68</int>
						<int id="r">-16</int>
					</object>
					<object id="underground_stalagtite_1318956491092">
						<int id="h">216</int>
						<int id="w">279</int>
						<int id="x">5647</int>
						<str id="sprite_class">underground_stalagtite</str>
						<int id="y">525</int>
						<str id="name">underground_stalagtite_1318956491081</str>
						<int id="z">41</int>
					</object>
					<object id="grass_solid_1319148424093">
						<int id="h">262</int>
						<int id="w">306</int>
						<int id="r">3</int>
						<int id="x">4725</int>
						<str id="sprite_class">grass_solid</str>
						<int id="y">739</int>
						<str id="name">grass_solid_1318889580913</str>
						<int id="z">67</int>
					</object>
					<object id="underground_stalagtite_1318956491120">
						<int id="h">105</int>
						<int id="w">199</int>
						<int id="r">-182</int>
						<int id="x">3672</int>
						<str id="sprite_class">underground_stalagtite</str>
						<int id="y">621</int>
						<str id="name">underground_stalagtite_1318956491081</str>
						<int id="z">55</int>
					</object>
					<object id="grass_solid_5_1_1318889580901">
						<int id="h">224</int>
						<int id="w">264</int>
						<bool id="animated">true</bool>
						<int id="x">1613</int>
						<str id="sprite_class">grass_solid_5_1</str>
						<int id="y">702</int>
						<str id="name">grass_solid_5_1_1318889580840</str>
						<int id="z">16</int>
						<int id="r">-2</int>
					</object>
					<object id="grass_solid_5_1_1318889580840">
						<int id="h">537</int>
						<int id="w">633</int>
						<bool id="animated">true</bool>
						<int id="x">80</int>
						<str id="sprite_class">grass_solid_5_1</str>
						<int id="y">-183</int>
						<str id="name">grass_solid_5_1_1318889580840</str>
						<int id="z">1</int>
						<int id="r">-200</int>
					</object>
					<object id="underground_stalagtite_1318956491116">
						<int id="h">166</int>
						<int id="w">181</int>
						<int id="x">3757</int>
						<str id="sprite_class">underground_stalagtite</str>
						<int id="y">356</int>
						<str id="name">underground_stalagtite_1318956491081</str>
						<int id="z">50</int>
					</object>
					<object id="grass_solid_1319148424096">
						<int id="h">186</int>
						<int id="w">217</int>
						<int id="r">5</int>
						<int id="x">471</int>
						<str id="sprite_class">grass_solid</str>
						<int id="y">720</int>
						<str id="name">grass_solid_1318889580913</str>
						<int id="z">69</int>
					</object>
					<object id="crosssection_underground_fill_2_1318905252773">
						<int id="h">326</int>
						<int id="w">899</int>
						<int id="x">4689</int>
						<str id="sprite_class">crosssection_underground_fill_2</str>
						<int id="y">265</int>
						<str id="name">crosssection_underground_fill_2_1318889580851</str>
						<int id="z">25</int>
					</object>
					<object id="grass_solid_1319148424094">
						<int id="h">131</int>
						<int id="w">153</int>
						<int id="r">3</int>
						<int id="x">1779</int>
						<str id="sprite_class">grass_solid</str>
						<int id="y">689</int>
						<str id="name">grass_solid_1318889580913</str>
						<int id="z">17</int>
					</object>
					<object id="crosssection_underground_fill_1_1318889580948">
						<int id="h">299</int>
						<int id="w">823</int>
						<int id="r">-4</int>
						<int id="x">3575</int>
						<str id="sprite_class">crosssection_underground_fill_1</str>
						<int id="y">244</int>
						<str id="name">crosssection_underground_fill_1_1318889580850</str>
						<int id="z">22</int>
					</object>
					<object id="crosssection_underground_fill_1_1318889580895">
						<int id="h">299</int>
						<int id="w">823</int>
						<int id="r">8</int>
						<int id="x">2305</int>
						<str id="sprite_class">crosssection_underground_fill_1</str>
						<int id="y">181</int>
						<str id="name">crosssection_underground_fill_1_1318889580850</str>
						<int id="z">20</int>
					</object>
					<object id="grass_solid_1318956491138">
						<int id="h">143</int>
						<int id="w">167</int>
						<int id="r">3</int>
						<int id="x">4475</int>
						<str id="sprite_class">grass_solid</str>
						<int id="y">669</int>
						<str id="name">grass_solid_1318889580913</str>
						<int id="z">32</int>
					</object>
					<object id="underground_stalagtite_1318956491114">
						<int id="h">158</int>
						<int id="w">233</int>
						<int id="x">3919</int>
						<str id="sprite_class">underground_stalagtite</str>
						<int id="y">328</int>
						<str id="name">underground_stalagtite_1318956491081</str>
						<int id="z">45</int>
					</object>
					<object id="grass_solid_1318956491133">
						<int id="h">131</int>
						<int id="w">153</int>
						<int id="r">3</int>
						<int id="x">5074</int>
						<str id="sprite_class">grass_solid</str>
						<int id="y">727</int>
						<str id="name">grass_solid_1318889580913</str>
						<int id="z">31</int>
					</object>
					<object id="underground_stalagtite_1318956491121">
						<int id="h">130</int>
						<int id="w">205</int>
						<int id="r">-182</int>
						<int id="x">3729</int>
						<str id="sprite_class">underground_stalagtite</str>
						<int id="y">590</int>
						<str id="name">underground_stalagtite_1318956491081</str>
						<int id="z">56</int>
					</object>
					<object id="grass_solid_5_1_1318889580894">
						<int id="h">487</int>
						<int id="w">574</int>
						<bool id="animated">true</bool>
						<int id="x">2268</int>
						<str id="sprite_class">grass_solid_5_1</str>
						<int id="y">12</int>
						<str id="name">grass_solid_5_1_1318889580840</str>
						<int id="z">5</int>
						<int id="r">-170</int>
						<bool id="h_flip">true</bool>
					</object>
					<object id="underground_stalagtite_1318956491095">
						<int id="h">180</int>
						<int id="w">277</int>
						<int id="x">3498</int>
						<str id="sprite_class">underground_stalagtite</str>
						<int id="y">344</int>
						<str id="name">underground_stalagtite_1318956491081</str>
						<int id="z">42</int>
					</object>
					<object id="underground_stalagtite_1318956491115">
						<int id="h">189</int>
						<int id="w">291</int>
						<int id="x">4078</int>
						<str id="sprite_class">underground_stalagtite</str>
						<int id="y">334</int>
						<str id="name">underground_stalagtite_1318956491081</str>
						<int id="z">46</int>
					</object>
					<object id="grass_solid_1318889580913">
						<int id="h">279</int>
						<int id="w">326</int>
						<int id="r">-169</int>
						<int id="x">2565</int>
						<str id="sprite_class">grass_solid</str>
						<int id="y">139</int>
						<str id="name">grass_solid_1318889580913</str>
						<int id="z">29</int>
						<bool id="h_flip">true</bool>
					</object>
					<object id="grass_solid_5_1_1318889580899">
						<int id="h">224</int>
						<int id="w">264</int>
						<bool id="animated">true</bool>
						<int id="x">2441</int>
						<str id="sprite_class">grass_solid_5_1</str>
						<int id="y">714</int>
						<str id="name">grass_solid_5_1_1318889580840</str>
						<int id="z">15</int>
						<int id="r">-2</int>
					</object>
					<object id="underground_stalagtite_1318956491094">
						<int id="h">116</int>
						<int id="w">161</int>
						<int id="x">3159</int>
						<str id="sprite_class">underground_stalagtite</str>
						<int id="y">323</int>
						<str id="name">underground_stalagtite_1318956491081</str>
						<int id="z">40</int>
					</object>
					<object id="grass_solid_1319148424095">
						<int id="h">131</int>
						<int id="w">153</int>
						<int id="r">3</int>
						<int id="x">1427</int>
						<str id="sprite_class">grass_solid</str>
						<int id="y">665</int>
						<str id="name">grass_solid_1318889580913</str>
						<int id="z">18</int>
					</object>
					<object id="underground_stalagtite_1318956491118">
						<int id="h">97</int>
						<int id="w">179</int>
						<int id="r">-182</int>
						<int id="x">3387</int>
						<str id="sprite_class">underground_stalagtite</str>
						<int id="y">634</int>
						<str id="name">underground_stalagtite_1318956491081</str>
						<int id="z">53</int>
					</object>
					<object id="grass_solid_1318956491059">
						<int id="h">159</int>
						<int id="w">186</int>
						<int id="r">3</int>
						<int id="x">335</int>
						<str id="sprite_class">grass_solid</str>
						<int id="y">708</int>
						<str id="name">grass_solid_1318889580913</str>
						<int id="z">30</int>
						<bool id="h_flip">true</bool>
					</object>
					<object id="crosssection_underground_fill_1_1318905252772">
						<int id="h">299</int>
						<int id="w">823</int>
						<int id="r">4</int>
						<int id="x">4215</int>
						<str id="sprite_class">crosssection_underground_fill_1</str>
						<int id="y">246</int>
						<str id="name">crosssection_underground_fill_1_1318889580850</str>
						<int id="z">23</int>
					</object>
				</object>
			</object>
			<object id="middleground">
				<int id="h">800</int>
				<object id="platform_lines">
					<object id="plat_1318956491154">
						<int id="platform_pc_perm">-1</int>
						<object id="start">
							<int id="y">-292</int>
							<int id="x">-1150</int>
						</object>
						<object id="end">
							<int id="y">-299</int>
							<int id="x">-1044</int>
						</object>
						<int id="platform_item_perm">-1</int>
					</object>
					<object id="plat_1318956491173">
						<int id="platform_pc_perm">-1</int>
						<object id="start">
							<int id="y">-239</int>
							<int id="x">592</int>
						</object>
						<object id="end">
							<int id="y">-224</int>
							<int id="x">718</int>
						</object>
						<int id="platform_item_perm">-1</int>
					</object>
					<object id="plat_1318956491174">
						<int id="platform_pc_perm">-1</int>
						<object id="start">
							<int id="y">-224</int>
							<int id="x">718</int>
						</object>
						<object id="end">
							<int id="y">-228</int>
							<int id="x">828</int>
						</object>
						<int id="platform_item_perm">-1</int>
					</object>
					<object id="plat_1318956491160">
						<int id="platform_pc_perm">-1</int>
						<object id="start">
							<int id="y">-298</int>
							<int id="x">-586</int>
						</object>
						<object id="end">
							<int id="y">-282</int>
							<int id="x">-500</int>
						</object>
						<int id="platform_item_perm">-1</int>
					</object>
					<object id="plat_1318956491170">
						<int id="platform_pc_perm">-1</int>
						<object id="start">
							<int id="y">-222</int>
							<int id="x">350</int>
						</object>
						<object id="end">
							<int id="y">-235</int>
							<int id="x">454</int>
						</object>
						<int id="platform_item_perm">-1</int>
					</object>
					<object id="plat_1318956491150">
						<int id="platform_pc_perm">-1</int>
						<object id="start">
							<int id="y">-299</int>
							<int id="x">-1507</int>
						</object>
						<object id="end">
							<int id="y">-307</int>
							<int id="x">-1408</int>
						</object>
						<int id="platform_item_perm">-1</int>
					</object>
					<object id="plat_1318956491166">
						<int id="platform_pc_perm">-1</int>
						<object id="start">
							<int id="y">-245</int>
							<int id="x">-27</int>
						</object>
						<object id="end">
							<int id="y">-232</int>
							<int id="x">82</int>
						</object>
						<int id="platform_item_perm">-1</int>
					</object>
					<object id="plat_1318956491145">
						<int id="platform_pc_perm">-1</int>
						<object id="start">
							<int id="y">-308</int>
							<int id="x">-1981</int>
						</object>
						<object id="end">
							<int id="y">-307</int>
							<int id="x">-1881</int>
						</object>
						<int id="platform_item_perm">-1</int>
					</object>
					<object id="plat_1318956491171">
						<int id="platform_pc_perm">-1</int>
						<object id="start">
							<int id="y">-235</int>
							<int id="x">454</int>
						</object>
						<object id="end">
							<int id="y">-248</int>
							<int id="x">530</int>
						</object>
						<int id="platform_item_perm">-1</int>
					</object>
					<object id="plat_1318956491156">
						<int id="platform_pc_perm">-1</int>
						<object id="start">
							<int id="y">-307</int>
							<int id="x">-972</int>
						</object>
						<object id="end">
							<int id="y">-289</int>
							<int id="x">-889</int>
						</object>
						<int id="platform_item_perm">-1</int>
					</object>
					<object id="plat_1318956491155">
						<int id="platform_pc_perm">-1</int>
						<object id="start">
							<int id="y">-299</int>
							<int id="x">-1044</int>
						</object>
						<object id="end">
							<int id="y">-307</int>
							<int id="x">-972</int>
						</object>
						<int id="platform_item_perm">-1</int>
					</object>
					<object id="plat_1318956491158">
						<int id="platform_pc_perm">-1</int>
						<object id="start">
							<int id="y">-285</int>
							<int id="x">-773</int>
						</object>
						<object id="end">
							<int id="y">-289</int>
							<int id="x">-664</int>
						</object>
						<int id="platform_item_perm">-1</int>
					</object>
					<object id="plat_1318956491140">
						<int id="platform_pc_perm">-1</int>
						<object id="start">
							<int id="y">-338</int>
							<int id="x">-2499</int>
						</object>
						<object id="end">
							<int id="y">-317</int>
							<int id="x">-2366</int>
						</object>
						<int id="platform_item_perm">-1</int>
					</object>
					<object id="plat_1318956491176">
						<int id="platform_pc_perm">-1</int>
						<object id="start">
							<int id="y">-233</int>
							<int id="x">933</int>
						</object>
						<object id="end">
							<int id="y">-228</int>
							<int id="x">1025</int>
						</object>
						<int id="platform_item_perm">-1</int>
					</object>
					<object id="plat_1318956491153">
						<int id="platform_pc_perm">-1</int>
						<object id="start">
							<int id="y">-300</int>
							<int id="x">-1270</int>
						</object>
						<object id="end">
							<int id="y">-292</int>
							<int id="x">-1150</int>
						</object>
						<int id="platform_item_perm">-1</int>
					</object>
					<object id="plat_1318956491188">
						<int id="platform_pc_perm">-1</int>
						<object id="start">
							<int id="y">-262</int>
							<int id="x">2262</int>
						</object>
						<object id="end">
							<int id="y">-273</int>
							<int id="x">2408</int>
						</object>
						<int id="platform_item_perm">-1</int>
					</object>
					<object id="plat_1318956491186">
						<int id="platform_pc_perm">-1</int>
						<object id="start">
							<int id="y">-267</int>
							<int id="x">1978</int>
						</object>
						<object id="end">
							<int id="y">-280</int>
							<int id="x">2108</int>
						</object>
						<int id="platform_item_perm">-1</int>
					</object>
					<object id="plat_1318956491165">
						<int id="platform_pc_perm">-1</int>
						<object id="start">
							<int id="y">-262</int>
							<int id="x">-135</int>
						</object>
						<object id="end">
							<int id="y">-245</int>
							<int id="x">-27</int>
						</object>
						<int id="platform_item_perm">-1</int>
					</object>
					<object id="plat_1318956491177">
						<int id="platform_pc_perm">-1</int>
						<object id="start">
							<int id="y">-228</int>
							<int id="x">1025</int>
						</object>
						<object id="end">
							<int id="y">-239</int>
							<int id="x">1146</int>
						</object>
						<int id="platform_item_perm">-1</int>
					</object>
					<object id="plat_1318956491157">
						<int id="platform_pc_perm">-1</int>
						<object id="start">
							<int id="y">-289</int>
							<int id="x">-889</int>
						</object>
						<object id="end">
							<int id="y">-285</int>
							<int id="x">-773</int>
						</object>
						<int id="platform_item_perm">-1</int>
					</object>
					<object id="plat_1318956491146">
						<int id="platform_pc_perm">-1</int>
						<object id="start">
							<int id="y">-307</int>
							<int id="x">-1881</int>
						</object>
						<object id="end">
							<int id="y">-320</int>
							<int id="x">-1742</int>
						</object>
						<int id="platform_item_perm">-1</int>
					</object>
					<object id="plat_1318956491172">
						<int id="platform_pc_perm">-1</int>
						<object id="start">
							<int id="y">-248</int>
							<int id="x">530</int>
						</object>
						<object id="end">
							<int id="y">-239</int>
							<int id="x">592</int>
						</object>
						<int id="platform_item_perm">-1</int>
					</object>
					<object id="plat_1318956491181">
						<int id="platform_pc_perm">-1</int>
						<object id="start">
							<int id="y">-260</int>
							<int id="x">1429</int>
						</object>
						<object id="end">
							<int id="y">-261</int>
							<int id="x">1569</int>
						</object>
						<int id="platform_item_perm">-1</int>
					</object>
					<object id="plat_1318956491185">
						<int id="platform_pc_perm">-1</int>
						<object id="start">
							<int id="y">-264</int>
							<int id="x">1835</int>
						</object>
						<object id="end">
							<int id="y">-267</int>
							<int id="x">1978</int>
						</object>
						<int id="platform_item_perm">-1</int>
					</object>
					<object id="plat_1318956491164">
						<int id="platform_pc_perm">-1</int>
						<object id="start">
							<int id="y">-287</int>
							<int id="x">-209</int>
						</object>
						<object id="end">
							<int id="y">-262</int>
							<int id="x">-135</int>
						</object>
						<int id="platform_item_perm">-1</int>
					</object>
					<object id="plat_1318956491178">
						<int id="platform_pc_perm">-1</int>
						<object id="start">
							<int id="y">-239</int>
							<int id="x">1146</int>
						</object>
						<object id="end">
							<int id="y">-271</int>
							<int id="x">1287</int>
						</object>
						<int id="platform_item_perm">-1</int>
					</object>
					<object id="plat_1318956491162">
						<int id="platform_pc_perm">-1</int>
						<object id="start">
							<int id="y">-276</int>
							<int id="x">-428</int>
						</object>
						<object id="end">
							<int id="y">-275</int>
							<int id="x">-307</int>
						</object>
						<int id="platform_item_perm">-1</int>
					</object>
					<object id="plat_1318956491183">
						<int id="platform_pc_perm">-1</int>
						<object id="start">
							<int id="y">-276</int>
							<int id="x">1704</int>
						</object>
						<object id="end">
							<int id="y">-270</int>
							<int id="x">1762</int>
						</object>
						<int id="platform_item_perm">-1</int>
					</object>
					<object id="plat_1318956491147">
						<int id="platform_pc_perm">-1</int>
						<object id="start">
							<int id="y">-320</int>
							<int id="x">-1742</int>
						</object>
						<object id="end">
							<int id="y">-317</int>
							<int id="x">-1702</int>
						</object>
						<int id="platform_item_perm">-1</int>
					</object>
					<object id="plat_1318956491148">
						<int id="platform_pc_perm">-1</int>
						<object id="start">
							<int id="y">-317</int>
							<int id="x">-1702</int>
						</object>
						<object id="end">
							<int id="y">-300</int>
							<int id="x">-1605</int>
						</object>
						<int id="platform_item_perm">-1</int>
					</object>
					<object id="plat_1318956491167">
						<int id="platform_pc_perm">-1</int>
						<object id="start">
							<int id="y">-232</int>
							<int id="x">82</int>
						</object>
						<object id="end">
							<int id="y">-237</int>
							<int id="x">161</int>
						</object>
						<int id="platform_item_perm">-1</int>
					</object>
					<object id="plat_1318956491179">
						<int id="platform_pc_perm">-1</int>
						<object id="start">
							<int id="y">-271</int>
							<int id="x">1287</int>
						</object>
						<object id="end">
							<int id="y">-276</int>
							<int id="x">1319</int>
						</object>
						<int id="platform_item_perm">-1</int>
					</object>
					<object id="plat_1318956491175">
						<int id="platform_pc_perm">-1</int>
						<object id="start">
							<int id="y">-228</int>
							<int id="x">828</int>
						</object>
						<object id="end">
							<int id="y">-233</int>
							<int id="x">933</int>
						</object>
						<int id="platform_item_perm">-1</int>
					</object>
					<object id="plat_1318956491142">
						<int id="platform_pc_perm">-1</int>
						<object id="start">
							<int id="y">-315</int>
							<int id="x">-2270</int>
						</object>
						<object id="end">
							<int id="y">-327</int>
							<int id="x">-2118</int>
						</object>
						<int id="platform_item_perm">-1</int>
					</object>
					<object id="plat_1318956491152">
						<int id="platform_pc_perm">-1</int>
						<object id="start">
							<int id="y">-316</int>
							<int id="x">-1351</int>
						</object>
						<object id="end">
							<int id="y">-300</int>
							<int id="x">-1270</int>
						</object>
						<int id="platform_item_perm">-1</int>
					</object>
					<object id="plat_1318956491163">
						<int id="platform_pc_perm">-1</int>
						<object id="start">
							<int id="y">-275</int>
							<int id="x">-307</int>
						</object>
						<object id="end">
							<int id="y">-287</int>
							<int id="x">-209</int>
						</object>
						<int id="platform_item_perm">-1</int>
					</object>
					<object id="plat_1318956491149">
						<int id="platform_pc_perm">-1</int>
						<object id="start">
							<int id="y">-300</int>
							<int id="x">-1605</int>
						</object>
						<object id="end">
							<int id="y">-299</int>
							<int id="x">-1507</int>
						</object>
						<int id="platform_item_perm">-1</int>
					</object>
					<object id="plat_1330366812616">
						<int id="platform_pc_perm">-1</int>
						<object id="start">
							<int id="y">-450</int>
							<int id="x">-1363</int>
						</object>
						<object id="end">
							<int id="y">-451</int>
							<int id="x">-958</int>
						</object>
						<int id="platform_item_perm">-1</int>
					</object>
					<object id="plat_1318956491187">
						<int id="platform_pc_perm">-1</int>
						<object id="start">
							<int id="y">-280</int>
							<int id="x">2108</int>
						</object>
						<object id="end">
							<int id="y">-262</int>
							<int id="x">2262</int>
						</object>
						<int id="platform_item_perm">-1</int>
					</object>
					<object id="plat_1318956491182">
						<int id="platform_pc_perm">-1</int>
						<object id="start">
							<int id="y">-261</int>
							<int id="x">1569</int>
						</object>
						<object id="end">
							<int id="y">-276</int>
							<int id="x">1704</int>
						</object>
						<int id="platform_item_perm">-1</int>
					</object>
					<object id="plat_1318956491169">
						<int id="platform_pc_perm">-1</int>
						<object id="start">
							<int id="y">-224</int>
							<int id="x">250</int>
						</object>
						<object id="end">
							<int id="y">-222</int>
							<int id="x">350</int>
						</object>
						<int id="platform_item_perm">-1</int>
					</object>
					<object id="plat_1318956491144">
						<int id="platform_pc_perm">-1</int>
						<object id="start">
							<int id="y">-322</int>
							<int id="x">-2073</int>
						</object>
						<object id="end">
							<int id="y">-308</int>
							<int id="x">-1981</int>
						</object>
						<int id="platform_item_perm">-1</int>
					</object>
					<object id="plat_1318956491141">
						<int id="platform_pc_perm">-1</int>
						<object id="start">
							<int id="y">-317</int>
							<int id="x">-2366</int>
						</object>
						<object id="end">
							<int id="y">-315</int>
							<int id="x">-2270</int>
						</object>
						<int id="platform_item_perm">-1</int>
					</object>
					<object id="plat_1318956491189">
						<int id="platform_pc_perm">-1</int>
						<object id="start">
							<int id="y">-273</int>
							<int id="x">2408</int>
						</object>
						<object id="end">
							<int id="y">-291</int>
							<int id="x">2499</int>
						</object>
						<int id="platform_item_perm">-1</int>
					</object>
					<object id="plat_1318956491168">
						<int id="platform_pc_perm">-1</int>
						<object id="start">
							<int id="y">-237</int>
							<int id="x">161</int>
						</object>
						<object id="end">
							<int id="y">-224</int>
							<int id="x">250</int>
						</object>
						<int id="platform_item_perm">-1</int>
					</object>
					<object id="plat_1318956491180">
						<int id="platform_pc_perm">-1</int>
						<object id="start">
							<int id="y">-276</int>
							<int id="x">1319</int>
						</object>
						<object id="end">
							<int id="y">-260</int>
							<int id="x">1429</int>
						</object>
						<int id="platform_item_perm">-1</int>
					</object>
					<object id="plat_1318956491143">
						<int id="platform_pc_perm">-1</int>
						<object id="start">
							<int id="y">-327</int>
							<int id="x">-2118</int>
						</object>
						<object id="end">
							<int id="y">-322</int>
							<int id="x">-2073</int>
						</object>
						<int id="platform_item_perm">-1</int>
					</object>
					<object id="plat_1318956491184">
						<int id="platform_pc_perm">-1</int>
						<object id="start">
							<int id="y">-270</int>
							<int id="x">1762</int>
						</object>
						<object id="end">
							<int id="y">-264</int>
							<int id="x">1835</int>
						</object>
						<int id="platform_item_perm">-1</int>
					</object>
					<object id="plat_1318956491151">
						<int id="platform_pc_perm">-1</int>
						<object id="start">
							<int id="y">-307</int>
							<int id="x">-1408</int>
						</object>
						<object id="end">
							<int id="y">-316</int>
							<int id="x">-1351</int>
						</object>
						<int id="platform_item_perm">-1</int>
					</object>
					<object id="plat_1330366812621">
						<int id="platform_pc_perm">-1</int>
						<object id="start">
							<int id="y">-545</int>
							<int id="x">-749</int>
						</object>
						<object id="end">
							<int id="y">-546</int>
							<int id="x">-324</int>
						</object>
						<int id="platform_item_perm">-1</int>
					</object>
					<object id="plat_1318956491159">
						<int id="platform_pc_perm">-1</int>
						<object id="start">
							<int id="y">-289</int>
							<int id="x">-664</int>
						</object>
						<object id="end">
							<int id="y">-298</int>
							<int id="x">-586</int>
						</object>
						<int id="platform_item_perm">-1</int>
					</object>
					<object id="plat_1318956491161">
						<int id="platform_pc_perm">-1</int>
						<object id="start">
							<int id="y">-282</int>
							<int id="x">-500</int>
						</object>
						<object id="end">
							<int id="y">-276</int>
							<int id="x">-428</int>
						</object>
						<int id="platform_item_perm">-1</int>
					</object>
				</object>
				<object id="targets">
				</object>
				<object id="boxes">
				</object>
				<object id="walls">
				</object>
				<object id="doors">
				</object>
				<object id="ladders">
				</object>
				<int id="w">5000</int>
				<object id="signposts">
					<object id="signpost_1">
						<int id="y">-275</int>
						<int id="h">200</int>
						<int id="w">100</int>
						<int id="x">2197</int>
						<str id="id">signpost_1</str>
						<object id="connects">
							<object id="0">
								<str id="mote_id">9</str>
								<str id="swf_file_versioned">http://c2.glitch.bz/locations/limbo1/1323283905.swf,http://c2.glitch.bz/locations/zutto1/1328140493.swf,http://c2.glitch.bz/locations/firebog/1326137950.swf,http://c2.glitch.bz/locations/groddle1/1328057050.swf</str>
								<int id="x">3531</int>
								<int id="y">-300</int>
								<str id="hub_id">40</str>
								<objref id="target" tsid="LA5REO5I9OE2KLS" label="Dhuma Maya"/>
							</object>
						</object>
					</object>
				</object>
				<object id="decos">
				</object>
				<str id="name">middleground</str>
				<int id="z">0</int>
				<object id="filtersNEW">
					<object id="tintColor">
						<int id="value">16711680</int>
					</object>
					<object id="contrast">
						<int id="value">-45</int>
					</object>
					<object id="tintAmount">
						<int id="value">30</int>
					</object>
					<object id="brightness">
						<int id="value">-65</int>
					</object>
					<object id="saturation">
						<int id="value">-10</int>
					</object>
				</object>
			</object>
			<object id="T_1318889580831">
				<str id="name">bg_1</str>
				<int id="w">4600</int>
				<int id="h">800</int>
				<int id="z">-2</int>
				<object id="filtersNEW">
					<object id="tintColor">
						<int id="value">16711680</int>
					</object>
					<object id="contrast">
						<int id="value">-30</int>
					</object>
					<object id="tintAmount">
						<int id="value">17</int>
					</object>
					<object id="brightness">
						<int id="value">-88</int>
					</object>
					<object id="saturation">
						<int id="value">68</int>
					</object>
				</object>
				<object id="decos">
					<object id="rook_hall_placeholder_old_shrine_1318956491067">
						<int id="h">188</int>
						<int id="w">300</int>
						<int id="x">954</int>
						<str id="sprite_class">rook_hall_placeholder_old_shrine</str>
						<int id="y">712</int>
						<str id="name">rook_hall_placeholder_old_shrine_1318956491063</str>
						<int id="z">10</int>
					</object>
					<object id="rook_hall_placeholder_old_shrine_1318956491209">
						<int id="h">149</int>
						<int id="w">237</int>
						<int id="x">4068</int>
						<str id="sprite_class">rook_hall_placeholder_old_shrine</str>
						<int id="y">733</int>
						<str id="name">rook_hall_placeholder_old_shrine_1318956491063</str>
						<int id="z">20</int>
					</object>
					<object id="mound_modular_1d_al1_1318889580860">
						<int id="h">196</int>
						<int id="w">125</int>
						<int id="x">194</int>
						<str id="sprite_class">mound_modular_1d_al1</str>
						<int id="y">724</int>
						<str id="name">mound_modular_1d_al1_1318889580860</str>
						<int id="z">4</int>
					</object>
					<object id="mound_modular_1c_al1_1318956491202">
						<int id="h">279</int>
						<int id="w">177</int>
						<int id="x">3370</int>
						<str id="sprite_class">mound_modular_1c_al1</str>
						<int id="y">758</int>
						<str id="name">mound_modular_1c_al1_1318956491106</str>
						<int id="z">13</int>
					</object>
					<object id="mound_modular_1a_al1_1318956491200">
						<int id="h">130</int>
						<int id="w">246</int>
						<int id="x">2552</int>
						<str id="sprite_class">mound_modular_1a_al1</str>
						<int id="y">747</int>
						<str id="name">mound_modular_1a_al1_1318889580838</str>
						<int id="z">7</int>
					</object>
					<object id="mound_modular_1c_al1_1318956491207">
						<int id="h">242</int>
						<int id="w">297</int>
						<int id="x">3952</int>
						<str id="sprite_class">mound_modular_1c_al1</str>
						<int id="y">730</int>
						<str id="name">mound_modular_1c_al1_1318956491106</str>
						<int id="z">19</int>
					</object>
					<object id="mound_modular_1d_al1_1318956491204">
						<int id="h">262</int>
						<int id="w">190</int>
						<int id="x">3085</int>
						<str id="sprite_class">mound_modular_1d_al1</str>
						<int id="y">782</int>
						<str id="name">mound_modular_1d_al1_1318956491204</str>
						<int id="z">18</int>
					</object>
					<object id="mound_modular_1a_al1_1318956491192">
						<int id="h">98</int>
						<int id="w">407</int>
						<int id="x">1679</int>
						<str id="sprite_class">mound_modular_1a_al1</str>
						<int id="y">661</int>
						<str id="name">mound_modular_1a_al1_1318889580838</str>
						<int id="z">9</int>
					</object>
					<object id="rook_hall_placeholder_old_shrine_1318956491101">
						<int id="h">136</int>
						<int id="w">217</int>
						<int id="x">1814</int>
						<str id="sprite_class">rook_hall_placeholder_old_shrine</str>
						<int id="y">688</int>
						<str id="name">rook_hall_placeholder_old_shrine_1318956491063</str>
						<int id="z">11</int>
					</object>
					<object id="mound_modular_1e_al1_1318956491208">
						<int id="h">133</int>
						<int id="w">252</int>
						<int id="x">4211</int>
						<str id="sprite_class">mound_modular_1e_al1</str>
						<int id="y">740</int>
						<str id="name">mound_modular_1e_al1_1318956491105</str>
						<int id="z">16</int>
					</object>
					<object id="mound_modular_1d_al1_1318956491191">
						<int id="h">267</int>
						<int id="w">236</int>
						<int id="x">1731</int>
						<str id="sprite_class">mound_modular_1d_al1</str>
						<int id="y">699</int>
						<str id="name">mound_modular_1d_al1_1318889580860</str>
						<int id="z">5</int>
					</object>
					<object id="mound_modular_1e_al1_1318956491105">
						<int id="h">133</int>
						<int id="w">252</int>
						<int id="x">1105</int>
						<str id="sprite_class">mound_modular_1e_al1</str>
						<int id="y">704</int>
						<str id="name">mound_modular_1e_al1_1318956491105</str>
						<int id="z">12</int>
					</object>
					<object id="mound_modular_1a_al1_1318889580917">
						<int id="h">214</int>
						<int id="w">436</int>
						<int id="x">769</int>
						<str id="sprite_class">mound_modular_1a_al1</str>
						<int id="y">771</int>
						<str id="name">mound_modular_1a_al1_1318889580838</str>
						<int id="z">6</int>
					</object>
					<object id="mound_modular_1c_al1_1318956491106">
						<int id="h">336</int>
						<int id="w">339</int>
						<int id="x">587</int>
						<str id="sprite_class">mound_modular_1c_al1</str>
						<int id="y">759</int>
						<str id="name">mound_modular_1c_al1_1318956491106</str>
						<int id="z">1</int>
					</object>
					<object id="mound_modular_1a_al1_1318956491205">
						<int id="h">138</int>
						<int id="w">354</int>
						<int id="x">2975</int>
						<str id="sprite_class">mound_modular_1a_al1</str>
						<int id="y">769</int>
						<str id="name">mound_modular_1a_al1_1318889580838</str>
						<int id="z">8</int>
					</object>
					<object id="mound_modular_1e_al1_1318956491201">
						<int id="h">133</int>
						<int id="w">252</int>
						<int id="x">3494</int>
						<str id="sprite_class">mound_modular_1e_al1</str>
						<int id="y">718</int>
						<str id="name">mound_modular_1e_al1_1318956491105</str>
						<int id="z">15</int>
					</object>
					<object id="mound_modular_1b_al1_1318889580837">
						<int id="h">157</int>
						<int id="w">275</int>
						<int id="x">93</int>
						<str id="sprite_class">mound_modular_1b_al1</str>
						<int id="y">731</int>
						<str id="name">mound_modular_1b_al1_1318889580836</str>
						<int id="z">2</int>
					</object>
					<object id="mound_modular_1c_al1_1318956491206">
						<int id="h">279</int>
						<int id="w">177</int>
						<int id="x">3252</int>
						<str id="sprite_class">mound_modular_1c_al1</str>
						<int id="y">888</int>
						<str id="name">mound_modular_1c_al1_1318956491106</str>
						<int id="z">14</int>
					</object>
					<object id="rook_hall_placeholder_old_shrine_1318956491236">
						<int id="h">247</int>
						<int id="w">428</int>
						<int id="x">4438</int>
						<str id="sprite_class">rook_hall_placeholder_old_shrine</str>
						<int id="y">802</int>
						<str id="name">rook_hall_placeholder_old_shrine_1318956491063</str>
						<int id="z">21</int>
					</object>
					<object id="mound_modular_1b_al1_1318956491190">
						<int id="h">180</int>
						<int id="w">352</int>
						<int id="x">1920</int>
						<str id="sprite_class">mound_modular_1b_al1</str>
						<int id="y">733</int>
						<str id="name">mound_modular_1b_al1_1318889580836</str>
						<int id="z">3</int>
					</object>
					<object id="rook_hall_placeholder_old_shrine_1318956491220">
						<int id="h">130</int>
						<int id="w">207</int>
						<int id="x">715</int>
						<str id="sprite_class">rook_hall_placeholder_old_shrine</str>
						<int id="y">650</int>
						<str id="name">rook_hall_placeholder_old_shrine_1318956491063</str>
						<int id="z">0</int>
					</object>
					<object id="mound_modular_1e_al1_1318956491203">
						<int id="h">133</int>
						<int id="w">252</int>
						<int id="x">2711</int>
						<str id="sprite_class">mound_modular_1e_al1</str>
						<int id="y">799</int>
						<str id="name">mound_modular_1e_al1_1318956491105</str>
						<int id="z">17</int>
					</object>
				</object>
			</object>
			<object id="T_1318889580841">
				<str id="name">bg_0</str>
				<int id="w">5000</int>
				<int id="h">800</int>
				<int id="z">-1</int>
				<object id="filtersNEW">
					<object id="tintColor">
						<int id="value">16711680</int>
					</object>
					<object id="contrast">
						<int id="value">14</int>
					</object>
					<object id="tintAmount">
						<int id="value">23</int>
					</object>
					<object id="brightness">
						<int id="value">-66</int>
					</object>
					<object id="saturation">
						<int id="value">-24</int>
					</object>
				</object>
				<object id="decos">
					<object id="column3_1318956491127">
						<int id="h">264</int>
						<int id="w">55</int>
						<int id="x">4982</int>
						<str id="sprite_class">column3</str>
						<int id="y">767</int>
						<str id="name">column3_1318889580854</str>
						<int id="z">6</int>
					</object>
					<object id="vine_rope_1330366812615">
						<int id="h">457</int>
						<int id="w">35</int>
						<int id="r">17</int>
						<int id="x">1539</int>
						<str id="sprite_class">vine_rope</str>
						<int id="y">356</int>
						<str id="name">vine_rope_1318889580881</str>
						<int id="z">17</int>
					</object>
					<object id="bridge_1318905252780">
						<int id="h">88</int>
						<int id="w">422</int>
						<int id="r">4</int>
						<int id="x">4803</int>
						<str id="sprite_class">bridge</str>
						<int id="y">568</int>
						<str id="name">bridge_1318889580839</str>
						<int id="z">26</int>
					</object>
					<object id="railing_1330366812620">
						<int id="h">48</int>
						<int id="w">214</int>
						<int id="x">2063</int>
						<str id="sprite_class">railing</str>
						<int id="y">253</int>
						<str id="name">railing_1330366812604</str>
						<int id="z">31</int>
					</object>
					<object id="vine_rope_1318956491087">
						<int id="h">457</int>
						<int id="w">35</int>
						<int id="r">27</int>
						<int id="x">4000</int>
						<str id="sprite_class">vine_rope</str>
						<int id="y">534</int>
						<str id="name">vine_rope_1318889580881</str>
						<int id="z">0</int>
					</object>
					<object id="bridge_1318905252779">
						<int id="h">88</int>
						<int id="w">444</int>
						<int id="r">4</int>
						<int id="x">4405</int>
						<str id="sprite_class">bridge</str>
						<int id="y">570</int>
						<str id="name">bridge_1318889580839</str>
						<int id="z">25</int>
					</object>
					<object id="bridge_1318889580843">
						<int id="h">88</int>
						<int id="w">422</int>
						<int id="r">6</int>
						<int id="x">578</int>
						<str id="sprite_class">bridge</str>
						<int id="y">527</int>
						<str id="name">bridge_1318889580839</str>
						<int id="z">13</int>
					</object>
					<object id="bridge_1318889580889">
						<int id="h">88</int>
						<int id="w">422</int>
						<int id="r">13</int>
						<int id="x">2460</int>
						<str id="sprite_class">bridge</str>
						<int id="y">590</int>
						<str id="name">bridge_1318889580839</str>
						<int id="z">20</int>
					</object>
					<object id="wall_shelf2_1330366812617">
						<int id="h">35</int>
						<int id="w">292</int>
						<int id="x">1881</int>
						<str id="sprite_class">wall_shelf2</str>
						<int id="y">279</int>
						<str id="name">wall_shelf2_1330366812605</str>
						<int id="z">35</int>
					</object>
					<object id="wall_shelf2_1330366812618">
						<int id="h">35</int>
						<int id="w">292</int>
						<int id="x">2041</int>
						<str id="sprite_class">wall_shelf2</str>
						<int id="y">279</int>
						<str id="name">wall_shelf2_1330366812605</str>
						<int id="z">36</int>
					</object>
					<object id="column3_1318956491084">
						<int id="h">264</int>
						<int id="w">55</int>
						<int id="x">4205</int>
						<str id="sprite_class">column3</str>
						<int id="y">780</int>
						<str id="name">column3_1318889580854</str>
						<int id="z">4</int>
					</object>
					<object id="vine_rope_1318889580881">
						<int id="h">457</int>
						<int id="w">35</int>
						<int id="r">-10</int>
						<int id="x">781</int>
						<str id="sprite_class">vine_rope</str>
						<int id="y">469</int>
						<str id="name">vine_rope_1318889580881</str>
						<int id="z">8</int>
					</object>
					<object id="bridge_1318889580865">
						<int id="h">88</int>
						<int id="w">422</int>
						<int id="r">6</int>
						<int id="x">1716</int>
						<str id="sprite_class">bridge</str>
						<int id="y">549</int>
						<str id="name">bridge_1318889580839</str>
						<int id="z">16</int>
					</object>
					<object id="vine_rope_1318889580883">
						<int id="h">457</int>
						<int id="w">35</int>
						<int id="r">8</int>
						<int id="x">761</int>
						<str id="sprite_class">vine_rope</str>
						<int id="y">364</int>
						<str id="name">vine_rope_1318889580881</str>
						<int id="z">10</int>
					</object>
					<object id="vine_rope_1318956491107">
						<int id="h">457</int>
						<int id="w">35</int>
						<int id="r">22</int>
						<int id="x">2290</int>
						<str id="sprite_class">vine_rope</str>
						<int id="y">502</int>
						<str id="name">vine_rope_1318889580881</str>
						<int id="z">28</int>
					</object>
					<object id="bridge_1318905252778">
						<int id="h">88</int>
						<int id="w">432</int>
						<int id="r">4</int>
						<int id="x">4006</int>
						<str id="sprite_class">bridge</str>
						<int id="y">574</int>
						<str id="name">bridge_1318889580839</str>
						<int id="z">24</int>
					</object>
					<object id="railing_1330366812619">
						<int id="h">48</int>
						<int id="w">214</int>
						<int id="x">1855</int>
						<str id="sprite_class">railing</str>
						<int id="y">253</int>
						<str id="name">railing_1330366812604</str>
						<int id="z">30</int>
						<bool id="h_flip">true</bool>
					</object>
					<object id="vine_rope_1318889580891">
						<int id="h">457</int>
						<int id="w">35</int>
						<int id="r">26</int>
						<int id="x">1149</int>
						<str id="sprite_class">vine_rope</str>
						<int id="y">482</int>
						<str id="name">vine_rope_1318889580881</str>
						<int id="z">9</int>
					</object>
					<object id="bridge_1318889580908">
						<int id="h">88</int>
						<int id="w">422</int>
						<int id="r">7</int>
						<int id="x">3231</int>
						<str id="sprite_class">bridge</str>
						<int id="y">610</int>
						<str id="name">bridge_1318889580839</str>
						<int id="z">22</int>
					</object>
					<object id="column3_1318956491126">
						<int id="h">264</int>
						<int id="w">55</int>
						<int id="x">4620</int>
						<str id="sprite_class">column3</str>
						<int id="y">785</int>
						<str id="name">column3_1318889580854</str>
						<int id="z">5</int>
					</object>
					<object id="bridge_1318889580888">
						<int id="h">88</int>
						<int id="w">422</int>
						<int id="r">6</int>
						<int id="x">2101</int>
						<str id="sprite_class">bridge</str>
						<int id="y">557</int>
						<str id="name">bridge_1318889580839</str>
						<int id="z">19</int>
					</object>
					<object id="vine_rope_1318956491085">
						<int id="h">457</int>
						<int id="w">35</int>
						<int id="r">32</int>
						<int id="x">3283</int>
						<str id="sprite_class">vine_rope</str>
						<int id="y">564</int>
						<str id="name">vine_rope_1318889580881</str>
						<int id="z">1</int>
					</object>
					<object id="vine_rope_1330366812622">
						<int id="h">457</int>
						<int id="w">35</int>
						<int id="r">17</int>
						<int id="x">2180</int>
						<str id="sprite_class">vine_rope</str>
						<int id="y">264</int>
						<str id="name">vine_rope_1318889580881</str>
						<int id="z">18</int>
					</object>
					<object id="bridge_1318889580842">
						<int id="h">88</int>
						<int id="w">422</int>
						<int id="r">6</int>
						<int id="x">197</int>
						<str id="sprite_class">bridge</str>
						<int id="y">520</int>
						<str id="name">bridge_1318889580839</str>
						<int id="z">12</int>
					</object>
					<object id="bridge_1318889580844">
						<int id="h">88</int>
						<int id="w">422</int>
						<int id="r">6</int>
						<int id="x">954</int>
						<str id="sprite_class">bridge</str>
						<int id="y">532</int>
						<str id="name">bridge_1318889580839</str>
						<int id="z">14</int>
					</object>
					<object id="vine_rope_1318889580892">
						<int id="h">457</int>
						<int id="w">35</int>
						<int id="r">2</int>
						<int id="x">1817</int>
						<str id="sprite_class">vine_rope</str>
						<int id="y">441</int>
						<str id="name">vine_rope_1318889580881</str>
						<int id="z">7</int>
					</object>
					<object id="wall_shelf2_1330366812610">
						<int id="h">35</int>
						<int id="w">292</int>
						<int id="x">1271</int>
						<str id="sprite_class">wall_shelf2</str>
						<int id="y">375</int>
						<str id="name">wall_shelf2_1330366812605</str>
						<int id="z">33</int>
					</object>
					<object id="railing_1330366812612">
						<int id="h">48</int>
						<int id="w">198</int>
						<int id="x">1247</int>
						<str id="sprite_class">railing</str>
						<int id="y">346</int>
						<str id="name">railing_1330366812604</str>
						<int id="z">32</int>
						<bool id="h_flip">true</bool>
					</object>
					<object id="railing_1330366812611">
						<int id="h">48</int>
						<int id="w">198</int>
						<int id="x">1438</int>
						<str id="sprite_class">railing</str>
						<int id="y">346</int>
						<str id="name">railing_1330366812604</str>
						<int id="z">29</int>
					</object>
					<object id="column3_1318889580855">
						<int id="h">264</int>
						<int id="w">55</int>
						<int id="x">384</int>
						<str id="sprite_class">column3</str>
						<int id="y">744</int>
						<str id="name">column3_1318889580854</str>
						<int id="z">11</int>
					</object>
					<object id="vine_rope_1318889580893">
						<int id="h">457</int>
						<int id="w">35</int>
						<int id="r">-18</int>
						<int id="x">1835</int>
						<str id="sprite_class">vine_rope</str>
						<int id="y">498</int>
						<str id="name">vine_rope_1318889580881</str>
						<int id="z">27</int>
					</object>
					<object id="column3_1318956491083">
						<int id="h">264</int>
						<int id="w">55</int>
						<int id="x">2660</int>
						<str id="sprite_class">column3</str>
						<int id="y">834</int>
						<str id="name">column3_1318889580854</str>
						<int id="z">3</int>
					</object>
					<object id="vine_rope_1318956491086">
						<int id="h">457</int>
						<int id="w">35</int>
						<int id="r">-18</int>
						<int id="x">4063</int>
						<str id="sprite_class">vine_rope</str>
						<int id="y">544</int>
						<str id="name">vine_rope_1318889580881</str>
						<int id="z">2</int>
					</object>
					<object id="bridge_1318889580864">
						<int id="h">88</int>
						<int id="w">422</int>
						<int id="r">6</int>
						<int id="x">1337</int>
						<str id="sprite_class">bridge</str>
						<int id="y">540</int>
						<str id="name">bridge_1318889580839</str>
						<int id="z">15</int>
					</object>
					<object id="wall_shelf2_1330366812613">
						<int id="h">35</int>
						<int id="w">292</int>
						<int id="x">1411</int>
						<str id="sprite_class">wall_shelf2</str>
						<int id="y">375</int>
						<str id="name">wall_shelf2_1330366812605</str>
						<int id="z">34</int>
					</object>
					<object id="bridge_1318889580909">
						<int id="h">88</int>
						<int id="w">422</int>
						<int id="r">-2</int>
						<int id="x">3619</int>
						<str id="sprite_class">bridge</str>
						<int id="y">598</int>
						<str id="name">bridge_1318889580839</str>
						<int id="z">23</int>
					</object>
					<object id="bridge_1318889580890">
						<int id="h">88</int>
						<int id="w">422</int>
						<int id="r">2</int>
						<int id="x">2846</int>
						<str id="sprite_class">bridge</str>
						<int id="y">608</int>
						<str id="name">bridge_1318889580839</str>
						<int id="z">21</int>
					</object>
				</object>
			</object>
			<object id="T_1318889580918">
				<str id="name">sky</str>
				<int id="w">3900</int>
				<int id="h">800</int>
				<int id="z">-4</int>
				<object id="filtersNEW">
					<object id="tintColor">
						<int id="value">6356992</int>
					</object>
					<object id="contrast">
						<int id="value">45</int>
					</object>
					<object id="tintAmount">
						<int id="value">75</int>
					</object>
					<object id="brightness">
						<int id="value">-91</int>
					</object>
					<object id="saturation">
						<int id="value">-2</int>
					</object>
				</object>
				<object id="decos">
					<object id="rook_hall_placeholder_caveman_1318956491218">
						<int id="h">49</int>
						<int id="w">38</int>
						<int id="r">-32</int>
						<int id="x">2659</int>
						<str id="sprite_class">rook_hall_placeholder_caveman</str>
						<int id="y">528</int>
						<str id="name">rook_hall_placeholder_caveman_1318956491066</str>
						<int id="z">8</int>
						<bool id="h_flip">true</bool>
					</object>
					<object id="ground_cutaway_fossil2_1318956491198">
						<int id="h">120</int>
						<int id="w">171</int>
						<int id="x">3136</int>
						<str id="sprite_class">ground_cutaway_fossil2</str>
						<int id="y">386</int>
						<str id="name">ground_cutaway_fossil2_1318956491198</str>
						<int id="z">3</int>
					</object>
					<object id="rook_hall_placeholder_caveman_1318956491216">
						<int id="h">49</int>
						<int id="w">38</int>
						<int id="r">28</int>
						<int id="x">1752</int>
						<str id="sprite_class">rook_hall_placeholder_caveman</str>
						<int id="y">500</int>
						<str id="name">rook_hall_placeholder_caveman_1318956491066</str>
						<int id="z">5</int>
					</object>
					<object id="icicle_1a_al1_1318905252768">
						<int id="h">300</int>
						<int id="w">159</int>
						<int id="r">-174</int>
						<int id="x">2915</int>
						<str id="sprite_class">icicle_1a_al1</str>
						<int id="y">316</int>
						<str id="name">icicle_1a_al1_1318889580868</str>
						<int id="z">19</int>
						<bool id="h_flip">true</bool>
					</object>
					<object id="vendor_1318956491078">
						<int id="h">156</int>
						<int id="w">130</int>
						<int id="x">2304</int>
						<str id="sprite_class">vendor</str>
						<int id="y">403</int>
						<str id="name">vendor_1318956491078</str>
						<int id="z">38</int>
					</object>
					<object id="fire1_1318956491197">
						<int id="h">145</int>
						<int id="w">114</int>
						<bool id="animated">true</bool>
						<int id="x">2304</int>
						<str id="sprite_class">fire1</str>
						<int id="y">436</int>
						<str id="name">fire1_1318956491197</str>
						<int id="z">39</int>
					</object>
					<object id="platform_icy_1c_al1_1318905252769">
						<int id="h">200</int>
						<int id="w">465</int>
						<int id="r">-5</int>
						<int id="x">2975</int>
						<str id="sprite_class">platform_icy_1c_al1</str>
						<int id="y">780</int>
						<str id="name">platform_icy_1c_al1_1318889580916</str>
						<int id="z">36</int>
					</object>
					<object id="icicle_1a_al1_1318956491090">
						<int id="h">251</int>
						<int id="w">155</int>
						<int id="r">-4</int>
						<int id="x">2833</int>
						<str id="sprite_class">icicle_1a_al1</str>
						<int id="y">413</int>
						<str id="name">icicle_1a_al1_1318889580868</str>
						<int id="z">18</int>
					</object>
					<object id="platform_icy_1c_al1_1318905252761">
						<int id="h">200</int>
						<int id="w">465</int>
						<int id="x">2051</int>
						<str id="sprite_class">platform_icy_1c_al1</str>
						<int id="y">850</int>
						<str id="name">platform_icy_1c_al1_1318889580916</str>
						<int id="z">33</int>
					</object>
					<object id="rook_hall_placeholder_caveman_1318956491219">
						<int id="h">49</int>
						<int id="w">38</int>
						<int id="x">2750</int>
						<str id="sprite_class">rook_hall_placeholder_caveman</str>
						<int id="y">530</int>
						<str id="name">rook_hall_placeholder_caveman_1318956491066</str>
						<int id="z">9</int>
						<bool id="h_flip">true</bool>
					</object>
					<object id="icicle_1b_al1_1318956491130">
						<int id="h">266</int>
						<int id="w">137</int>
						<int id="r">-10</int>
						<int id="x">1917</int>
						<str id="sprite_class">icicle_1b_al1</str>
						<int id="y">416</int>
						<str id="name">icicle_1b_al1_1318889580835</str>
						<int id="z">25</int>
						<bool id="h_flip">true</bool>
					</object>
					<object id="rook_hall_placeholder_caveman_1318956491076">
						<int id="h">49</int>
						<int id="w">38</int>
						<int id="r">20</int>
						<int id="x">2422</int>
						<str id="sprite_class">rook_hall_placeholder_caveman</str>
						<int id="y">501</int>
						<str id="name">rook_hall_placeholder_caveman_1318956491066</str>
						<int id="z">10</int>
						<bool id="h_flip">true</bool>
					</object>
					<object id="rook_hall_placeholder_caveman_1318956491066">
						<int id="h">49</int>
						<int id="w">38</int>
						<int id="x">2463</int>
						<str id="sprite_class">rook_hall_placeholder_caveman</str>
						<int id="y">532</int>
						<str id="name">rook_hall_placeholder_caveman_1318956491066</str>
						<int id="z">7</int>
						<bool id="h_flip">true</bool>
					</object>
					<object id="icicle_1a_al1_1318889580939">
						<int id="h">239</int>
						<int id="w">144</int>
						<int id="r">-180</int>
						<int id="x">2331</int>
						<str id="sprite_class">icicle_1a_al1</str>
						<int id="y">467</int>
						<str id="name">icicle_1a_al1_1318889580868</str>
						<int id="z">30</int>
						<bool id="h_flip">true</bool>
					</object>
					<object id="icicle_1a_al1_1318956491057">
						<int id="h">251</int>
						<int id="w">155</int>
						<int id="r">11</int>
						<int id="x">2385</int>
						<str id="sprite_class">icicle_1a_al1</str>
						<int id="y">371</int>
						<str id="name">icicle_1a_al1_1318889580868</str>
						<int id="z">15</int>
					</object>
					<object id="platform_icy_1b_al1_1318905252762">
						<int id="h">146</int>
						<int id="w">431</int>
						<int id="x">2519</int>
						<str id="sprite_class">platform_icy_1b_al1</str>
						<int id="y">800</int>
						<str id="name">platform_icy_1b_al1_1318905252762</str>
						<int id="z">37</int>
					</object>
					<object id="icicle_1b_al1_1318905252760">
						<int id="h">209</int>
						<int id="w">161</int>
						<int id="r">-180</int>
						<int id="x">1663</int>
						<str id="sprite_class">icicle_1b_al1</str>
						<int id="y">439</int>
						<str id="name">icicle_1b_al1_1318889580835</str>
						<int id="z">11</int>
					</object>
					<object id="rook_hall_placeholder_caveman_1318956491077">
						<int id="h">49</int>
						<int id="w">38</int>
						<int id="x">2127</int>
						<str id="sprite_class">rook_hall_placeholder_caveman</str>
						<int id="y">532</int>
						<str id="name">rook_hall_placeholder_caveman_1318956491066</str>
						<int id="z">4</int>
					</object>
					<object id="icicle_1b_al1_1318889580941">
						<int id="h">176</int>
						<int id="w">134</int>
						<int id="r">-180</int>
						<int id="x">1902</int>
						<str id="sprite_class">icicle_1b_al1</str>
						<int id="y">505</int>
						<str id="name">icicle_1b_al1_1318889580835</str>
						<int id="z">28</int>
					</object>
					<object id="icicle_1b_al1_1318889580943">
						<int id="h">207</int>
						<int id="w">177</int>
						<int id="r">-180</int>
						<int id="x">2414</int>
						<str id="sprite_class">icicle_1b_al1</str>
						<int id="y">482</int>
						<str id="name">icicle_1b_al1_1318889580835</str>
						<int id="z">21</int>
						<bool id="h_flip">true</bool>
					</object>
					<object id="platform_icy_1b_al1_1318905252763">
						<int id="h">146</int>
						<int id="w">431</int>
						<int id="x">2661</int>
						<str id="sprite_class">platform_icy_1b_al1</str>
						<int id="y">761</int>
						<str id="name">platform_icy_1b_al1_1318905252762</str>
						<int id="z">35</int>
					</object>
					<object id="icicle_1a_al1_1318889580940">
						<int id="h">410</int>
						<int id="w">178</int>
						<int id="r">-180</int>
						<int id="x">2233</int>
						<str id="sprite_class">icicle_1a_al1</str>
						<int id="y">301</int>
						<str id="name">icicle_1a_al1_1318889580868</str>
						<int id="z">29</int>
						<bool id="h_flip">true</bool>
					</object>
					<object id="icicle_1a_al1_1318956491131">
						<int id="h">310</int>
						<int id="w">155</int>
						<int id="r">11</int>
						<int id="x">2094</int>
						<str id="sprite_class">icicle_1a_al1</str>
						<int id="y">457</int>
						<str id="name">icicle_1a_al1_1318889580868</str>
						<int id="z">16</int>
						<bool id="h_flip">true</bool>
					</object>
					<object id="icicle_1a_al1_1318889580938">
						<int id="h">392</int>
						<int id="w">170</int>
						<int id="r">-175</int>
						<int id="x">1990</int>
						<str id="sprite_class">icicle_1a_al1</str>
						<int id="y">310</int>
						<str id="name">icicle_1a_al1_1318889580868</str>
						<int id="z">31</int>
					</object>
					<object id="icicle_1b_al1_1318905252765">
						<int id="h">253</int>
						<int id="w">147</int>
						<int id="r">-170</int>
						<int id="x">2621</int>
						<str id="sprite_class">icicle_1b_al1</str>
						<int id="y">407</int>
						<str id="name">icicle_1b_al1_1318889580835</str>
						<int id="z">22</int>
						<bool id="h_flip">true</bool>
					</object>
					<object id="mound_modular_1d_al1_1318956491212">
						<int id="h">246</int>
						<int id="w">166</int>
						<int id="x">1759</int>
						<str id="sprite_class">mound_modular_1d_al1</str>
						<int id="y">737</int>
						<str id="name">mound_modular_1d_al1_1318956491212</str>
						<int id="z">1</int>
					</object>
					<object id="icicle_1a_al1_1318889580946">
						<int id="h">259</int>
						<int id="w">219</int>
						<int id="r">-185</int>
						<int id="x">1821</int>
						<str id="sprite_class">icicle_1a_al1</str>
						<int id="y">424</int>
						<str id="name">icicle_1a_al1_1318889580868</str>
						<int id="z">13</int>
					</object>
					<object id="icicle_1a_al1_1318956491132">
						<int id="h">310</int>
						<int id="w">155</int>
						<int id="r">6</int>
						<int id="x">1785</int>
						<str id="sprite_class">icicle_1a_al1</str>
						<int id="y">441</int>
						<str id="name">icicle_1a_al1_1318889580868</str>
						<int id="z">17</int>
						<bool id="h_flip">true</bool>
					</object>
					<object id="icicle_1b_al1_1318905252766">
						<int id="h">207</int>
						<int id="w">215</int>
						<int id="r">-180</int>
						<int id="x">2714</int>
						<str id="sprite_class">icicle_1b_al1</str>
						<int id="y">440</int>
						<str id="name">icicle_1b_al1_1318889580835</str>
						<int id="z">23</int>
						<bool id="h_flip">true</bool>
					</object>
					<object id="icicle_1b_al1_1318889580942">
						<int id="h">243</int>
						<int id="w">126</int>
						<int id="r">-180</int>
						<int id="x">2037</int>
						<str id="sprite_class">icicle_1b_al1</str>
						<int id="y">452</int>
						<str id="name">icicle_1b_al1_1318889580835</str>
						<int id="z">27</int>
					</object>
					<object id="mound_modular_1b_al1_1318956491217">
						<int id="h">143</int>
						<int id="w">315</int>
						<int id="x">2667</int>
						<str id="sprite_class">mound_modular_1b_al1</str>
						<int id="y">651</int>
						<str id="name">mound_modular_1b_al1_1318956491217</str>
						<int id="z">0</int>
						<bool id="h_flip">true</bool>
					</object>
					<object id="rook_hall_placeholder_old_shrine_1318956491065">
						<int id="h">287</int>
						<int id="w">509</int>
						<int id="x">2291</int>
						<str id="sprite_class">rook_hall_placeholder_old_shrine</str>
						<int id="y">672</int>
						<str id="name">rook_hall_placeholder_old_shrine_1318956491063</str>
						<int id="z">6</int>
					</object>
					<object id="icicle_1b_al1_1318956491091">
						<int id="h">266</int>
						<int id="w">137</int>
						<int id="r">-10</int>
						<int id="x">2533</int>
						<str id="sprite_class">icicle_1b_al1</str>
						<int id="y">398</int>
						<str id="name">icicle_1b_al1_1318889580835</str>
						<int id="z">24</int>
					</object>
					<object id="icicle_1a_al1_1318889580945">
						<int id="h">327</int>
						<int id="w">162</int>
						<int id="r">-189</int>
						<int id="x">2462</int>
						<str id="sprite_class">icicle_1a_al1</str>
						<int id="y">341</int>
						<str id="name">icicle_1a_al1_1318889580868</str>
						<int id="z">14</int>
						<bool id="h_flip">true</bool>
					</object>
					<object id="ground_cutaway_fossil2_1318956491199">
						<int id="h">99</int>
						<int id="w">142</int>
						<int id="r">-9</int>
						<int id="x">1624</int>
						<str id="sprite_class">ground_cutaway_fossil2</str>
						<int id="y">396</int>
						<str id="name">ground_cutaway_fossil2_1318956491199</str>
						<int id="z">2</int>
						<bool id="h_flip">true</bool>
					</object>
					<object id="platform_icy_1c_al1_1318889580937">
						<int id="h">200</int>
						<int id="w">465</int>
						<int id="x">2233</int>
						<str id="sprite_class">platform_icy_1c_al1</str>
						<int id="y">846</int>
						<str id="name">platform_icy_1c_al1_1318889580916</str>
						<int id="z">34</int>
					</object>
					<object id="icicle_1b_al1_1318905252767">
						<int id="h">269</int>
						<int id="w">164</int>
						<int id="r">-195</int>
						<int id="x">2777</int>
						<str id="sprite_class">icicle_1b_al1</str>
						<int id="y">369</int>
						<str id="name">icicle_1b_al1_1318889580835</str>
						<int id="z">26</int>
						<bool id="h_flip">true</bool>
					</object>
					<object id="icicle_1b_al1_1318889580944">
						<int id="h">295</int>
						<int id="w">124</int>
						<int id="r">-185</int>
						<int id="x">2135</int>
						<str id="sprite_class">icicle_1b_al1</str>
						<int id="y">399</int>
						<str id="name">icicle_1b_al1_1318889580835</str>
						<int id="z">20</int>
						<bool id="h_flip">true</bool>
					</object>
					<object id="icicle_1a_al1_1318889580947">
						<int id="h">332</int>
						<int id="w">185</int>
						<int id="r">-180</int>
						<int id="x">1726</int>
						<str id="sprite_class">icicle_1a_al1</str>
						<int id="y">337</int>
						<str id="name">icicle_1a_al1_1318889580868</str>
						<int id="z">12</int>
					</object>
					<object id="platform_icy_1b_al1_1318905252764">
						<int id="h">169</int>
						<int id="w">451</int>
						<int id="x">1754</int>
						<str id="sprite_class">platform_icy_1b_al1</str>
						<int id="y">802</int>
						<str id="name">platform_icy_1b_al1_1318905252762</str>
						<int id="z">32</int>
					</object>
				</object>
			</object>
			<object id="T_1318889580832">
				<str id="name">bg_2</str>
				<int id="w">4100</int>
				<int id="h">800</int>
				<int id="z">-3</int>
				<object id="filtersNEW">
					<object id="tintColor">
						<int id="value">6684672</int>
					</object>
					<object id="contrast">
						<int id="value">-7</int>
					</object>
					<object id="tintAmount">
						<int id="value">34</int>
					</object>
					<object id="brightness">
						<int id="value">-96</int>
					</object>
					<object id="saturation">
						<int id="value">36</int>
					</object>
				</object>
				<object id="decos">
					<object id="cliffside_1a_al1_1318905252771">
						<int id="h">439</int>
						<int id="w">668</int>
						<int id="x">3373</int>
						<str id="sprite_class">cliffside_1a_al1</str>
						<int id="y">735</int>
						<str id="name">cliffside_1a_al1_1318889580833</str>
						<int id="z">4</int>
					</object>
					<object id="cliffside_1a_al1_1318889580933">
						<int id="h">439</int>
						<int id="w">668</int>
						<int id="x">1461</int>
						<str id="sprite_class">cliffside_1a_al1</str>
						<int id="y">741</int>
						<str id="name">cliffside_1a_al1_1318889580833</str>
						<int id="z">3</int>
					</object>
					<object id="cliffside_1a_al1_1318889580934">
						<int id="h">444</int>
						<int id="w">462</int>
						<int id="x">1015</int>
						<str id="sprite_class">cliffside_1a_al1</str>
						<int id="y">718</int>
						<str id="name">cliffside_1a_al1_1318889580833</str>
						<int id="z">2</int>
					</object>
					<object id="cliffside_1a_al1_1318905252770">
						<int id="h">439</int>
						<int id="w">668</int>
						<int id="x">3907</int>
						<str id="sprite_class">cliffside_1a_al1</str>
						<int id="y">775</int>
						<str id="name">cliffside_1a_al1_1318889580833</str>
						<int id="z">5</int>
					</object>
					<object id="cliffside_1a_al1_1318889580935">
						<int id="h">439</int>
						<int id="w">668</int>
						<int id="x">774</int>
						<str id="sprite_class">cliffside_1a_al1</str>
						<int id="y">781</int>
						<str id="name">cliffside_1a_al1_1318889580833</str>
						<int id="z">1</int>
					</object>
					<object id="cliffside_1a_al1_1318889580936">
						<int id="h">439</int>
						<int id="w">668</int>
						<int id="x">240</int>
						<str id="sprite_class">cliffside_1a_al1</str>
						<int id="y">741</int>
						<str id="name">cliffside_1a_al1_1318889580833</str>
						<int id="z">0</int>
					</object>
				</object>
			</object>
		</object>
		<int id="rookable_type">0</int>
		<null id="physics"/>
		<str id="swf_file_versioned">http://c2.glitch.bz/locations/alpine_landscape/1329420310.swf,http://c2.glitch.bz/locations/firebog/1326137950.swf</str>
		<null id="img_file_versioned"/>
		<int id="ground_y">-355</int>
		<null id="loading_label"/>
		<object id="gradient">
			<str id="bottom">850000</str>
			<str id="top">50404</str>
		</object>
		<str id="tsid">LA5PV4T79OE2AOA</str>
		<object id="sources">
			<int id="LA5REO5I9OE2KLS">1</int>
		</object>
		<str id="music_file"></str>
		<bool id="wall_jump">false</bool>
		<bool id="no_zoom">false</bool>
	</object>
</game_object>
