<game_object tsid="GA5VFMEIT8S2PPV" ts="1335300981219" label="Dorajii Nakji" class_tsid="" lastUpdateTime="1335300970880" upd_gs="gs8" load_time="2012-04-24 13:03:12.553" upd_time="2012-04-24 13:51:03.363">
	<object id="dynamic">
		<int id="l">-3000</int>
		<int id="r">3000</int>
		<int id="t">-1000</int>
		<int id="b">0</int>
		<str id="label">Fox_Reg_Foorest_01</str>
		<str id="swf_file">groddle1.swf</str>
		<object id="layers">
			<object id="middleground">
				<object id="ladders">
				</object>
				<str id="name">middleground</str>
				<object id="targets">
				</object>
				<object id="doors">
				</object>
				<object id="signposts">
					<object id="signpost_2">
						<int id="w">100</int>
						<int id="y">-83</int>
						<str id="id">signpost_2</str>
						<object id="connects">
							<object id="0">
								<str id="hub_id">121</str>
								<int id="y">-197</int>
								<str id="mote_id">9</str>
								<bool id="hidden">false</bool>
								<str id="swf_file_versioned">http://c2.glitch.bz/locations/groddle1/1334365832.swf</str>
								<int id="x">2433</int>
								<objref id="target" tsid="LA582EG1QLS20BF" label="Samdol Habitat"/>
							</object>
						</object>
						<int id="h">200</int>
						<int id="x">835</int>
					</object>
					<object id="signpost_1">
						<int id="w">100</int>
						<int id="y">-84</int>
						<str id="id">signpost_1</str>
						<object id="connects">
							<object id="0">
								<str id="hub_id">121</str>
								<int id="y">-320</int>
								<str id="mote_id">9</str>
								<bool id="hidden">false</bool>
								<str id="swf_file_versioned">http://c2.glitch.bz/locations/groddle1/1334365832.swf</str>
								<int id="x">2428</int>
								<objref id="target" tsid="LA5FBH56QKR29RK" label="Mandu Passo"/>
							</object>
						</object>
						<int id="h">200</int>
						<int id="x">-2767</int>
					</object>
				</object>
				<object id="walls">
				</object>
				<object id="platform_lines">
					<object id="plat_1333072691279">
						<int id="platform_item_perm">-1</int>
						<object id="end">
							<int id="y">-56</int>
							<int id="x">1450</int>
						</object>
						<object id="start">
							<int id="y">-70</int>
							<int id="x">1139</int>
						</object>
						<int id="platform_pc_perm">-1</int>
					</object>
					<object id="plat_1333072691274">
						<int id="platform_item_perm">-1</int>
						<object id="end">
							<int id="y">-82</int>
							<int id="x">-506</int>
						</object>
						<object id="start">
							<int id="y">-74</int>
							<int id="x">-1217</int>
						</object>
						<int id="platform_pc_perm">-1</int>
					</object>
					<object id="plat_1333072691272">
						<int id="platform_item_perm">-1</int>
						<object id="end">
							<int id="y">-61</int>
							<int id="x">-1542</int>
						</object>
						<object id="start">
							<int id="y">-53</int>
							<int id="x">-2058</int>
						</object>
						<int id="platform_pc_perm">-1</int>
					</object>
					<object id="plat_1333072691270">
						<int id="platform_item_perm">-1</int>
						<object id="end">
							<int id="y">-62</int>
							<int id="x">-2422</int>
						</object>
						<object id="start">
							<int id="y">-64</int>
							<int id="x">-2795</int>
						</object>
						<int id="platform_pc_perm">-1</int>
					</object>
					<object id="plat_1333412315557">
						<int id="platform_item_perm">-1</int>
						<object id="end">
							<int id="y">-83</int>
							<int id="x">2329</int>
						</object>
						<object id="start">
							<int id="y">-76</int>
							<int id="x">2053</int>
						</object>
						<int id="platform_pc_perm">-1</int>
					</object>
					<object id="plat_1333072691275">
						<int id="platform_item_perm">-1</int>
						<object id="end">
							<int id="y">-82</int>
							<int id="x">127</int>
						</object>
						<object id="start">
							<int id="y">-82</int>
							<int id="x">-506</int>
						</object>
						<int id="platform_pc_perm">-1</int>
					</object>
					<object id="plat_1333072691278">
						<int id="platform_item_perm">-1</int>
						<object id="end">
							<int id="y">-70</int>
							<int id="x">1139</int>
						</object>
						<object id="start">
							<int id="y">-64</int>
							<int id="x">732</int>
						</object>
						<int id="platform_pc_perm">-1</int>
					</object>
					<object id="plat_1333072691269">
						<int id="platform_item_perm">-1</int>
						<object id="end">
							<int id="y">-64</int>
							<int id="x">-2795</int>
						</object>
						<object id="start">
							<int id="y">-72</int>
							<int id="x">-2999</int>
						</object>
						<int id="platform_pc_perm">-1</int>
					</object>
					<object id="plat_1333072691276">
						<int id="platform_item_perm">-1</int>
						<object id="end">
							<int id="y">-79</int>
							<int id="x">489</int>
						</object>
						<object id="start">
							<int id="y">-82</int>
							<int id="x">127</int>
						</object>
						<int id="platform_pc_perm">-1</int>
					</object>
					<object id="plat_1333414327555">
						<int id="platform_item_perm">-1</int>
						<object id="end">
							<int id="y">-74</int>
							<int id="x">-1217</int>
						</object>
						<object id="start">
							<int id="y">-63</int>
							<int id="x">-1398</int>
						</object>
						<int id="platform_pc_perm">-1</int>
					</object>
					<object id="plat_1333072691271">
						<int id="platform_item_perm">-1</int>
						<object id="end">
							<int id="y">-53</int>
							<int id="x">-2058</int>
						</object>
						<object id="start">
							<int id="y">-62</int>
							<int id="x">-2422</int>
						</object>
						<int id="platform_pc_perm">-1</int>
					</object>
					<object id="plat_1333412315559">
						<int id="platform_item_perm">-1</int>
						<object id="end">
							<int id="y">-83</int>
							<int id="x">2999</int>
						</object>
						<object id="start">
							<int id="y">-83</int>
							<int id="x">2615</int>
						</object>
						<int id="platform_pc_perm">-1</int>
					</object>
					<object id="plat_1333412315558">
						<int id="platform_item_perm">-1</int>
						<object id="end">
							<int id="y">-83</int>
							<int id="x">2615</int>
						</object>
						<object id="start">
							<int id="y">-83</int>
							<int id="x">2329</int>
						</object>
						<int id="platform_pc_perm">-1</int>
					</object>
					<object id="plat_1333414327557">
						<int id="platform_item_perm">-1</int>
						<object id="end">
							<int id="y">-63</int>
							<int id="x">-1501</int>
						</object>
						<object id="start">
							<int id="y">-61</int>
							<int id="x">-1542</int>
						</object>
						<int id="platform_pc_perm">-1</int>
					</object>
					<object id="plat_1333414327556">
						<int id="platform_item_perm">-1</int>
						<object id="end">
							<int id="y">-63</int>
							<int id="x">-1398</int>
						</object>
						<object id="start">
							<int id="y">-63</int>
							<int id="x">-1501</int>
						</object>
						<int id="platform_pc_perm">-1</int>
					</object>
					<object id="plat_1333072691277">
						<int id="platform_item_perm">-1</int>
						<object id="end">
							<int id="y">-64</int>
							<int id="x">732</int>
						</object>
						<object id="start">
							<int id="y">-79</int>
							<int id="x">489</int>
						</object>
						<int id="platform_pc_perm">-1</int>
					</object>
					<object id="plat_1333072691280">
						<int id="platform_item_perm">-1</int>
						<object id="end">
							<int id="y">-76</int>
							<int id="x">2053</int>
						</object>
						<object id="start">
							<int id="y">-56</int>
							<int id="x">1450</int>
						</object>
						<int id="platform_pc_perm">-1</int>
					</object>
				</object>
				<int id="w">6000</int>
				<int id="z">0</int>
				<object id="boxes">
				</object>
				<object id="filtersNEW">
					<object id="brightness">
						<int id="value">-32</int>
					</object>
					<object id="contrast">
						<int id="value">-8</int>
					</object>
					<object id="saturation">
						<int id="value">-27</int>
					</object>
				</object>
				<int id="h">1000</int>
				<object id="decos">
					<object id="bush_3_1332974179711">
						<str id="name">bush_3_1331852911717</str>
						<int id="y">-129</int>
						<int id="h">80</int>
						<int id="z">198</int>
						<int id="w">217</int>
						<str id="sprite_class">bush_3</str>
						<int id="x">-2372</int>
						<int id="r">4</int>
					</object>
					<object id="pinecluster_mask_1_1332974179704">
						<str id="name">pinecluster_mask_1_1331852911725</str>
						<int id="y">-188</int>
						<int id="h">111</int>
						<int id="z">46</int>
						<int id="w">286</int>
						<str id="sprite_class">pinecluster_mask_1</str>
						<int id="x">-2748</int>
						<int id="r">-4</int>
					</object>
					<object id="patch_dirt_2a_1333412315573">
						<str id="name">patch_dirt_2a_1331861482588</str>
						<int id="y">90</int>
						<int id="h">55</int>
						<int id="z">157</int>
						<int id="w">327</int>
						<str id="sprite_class">patch_dirt_2a</str>
						<int id="x">1249</int>
					</object>
					<object id="patch_dirt_2a_1331931827813">
						<str id="name">patch_dirt_2a_1331931827714</str>
						<int id="y">-148</int>
						<int id="h">39</int>
						<bool id="h_flip">true</bool>
						<int id="z">44</int>
						<int id="w">241</int>
						<str id="sprite_class">patch_dirt_2a</str>
						<int id="x">1080</int>
					</object>
					<object id="bush_3_1331922160839">
						<str id="name">bush_3_1331852911714</str>
						<int id="y">-161</int>
						<int id="h">78</int>
						<int id="z">159</int>
						<int id="w">225</int>
						<str id="sprite_class">bush_3</str>
						<int id="x">2104</int>
						<int id="r">3</int>
					</object>
					<object id="patch_dirt_2a_1331931827727">
						<str id="name">patch_dirt_2a_1331931827714</str>
						<int id="y">-173</int>
						<int id="h">49</int>
						<bool id="h_flip">true</bool>
						<int id="z">36</int>
						<int id="w">286</int>
						<str id="sprite_class">patch_dirt_2a</str>
						<int id="x">-2555</int>
					</object>
					<object id="tree_coniferous_fg_3_1332960978377">
						<str id="name">tree_coniferous_fg_3_1331852911739</str>
						<int id="y">-100</int>
						<int id="h">993</int>
						<bool id="h_flip">true</bool>
						<int id="z">193</int>
						<int id="w">436</int>
						<str id="sprite_class">tree_coniferous_fg_3</str>
						<int id="x">-299</int>
					</object>
					<object id="bush_2_1333414327564">
						<str id="name">bush_2_1331852911715</str>
						<int id="y">-145</int>
						<int id="h">62</int>
						<bool id="h_flip">true</bool>
						<int id="z">82</int>
						<int id="w">182</int>
						<str id="sprite_class">bush_2</str>
						<int id="x">-1879</int>
						<int id="r">5</int>
					</object>
					<object id="bling_wildmushrooms_1_1331852911813">
						<str id="name">bling_wildmushrooms_1_1331852911812</str>
						<int id="y">-153</int>
						<int id="h">17</int>
						<int id="z">103</int>
						<int id="w">74</int>
						<str id="sprite_class">bling_wildmushrooms_1</str>
						<int id="x">-2050</int>
					</object>
					<object id="dirt_platform_short_1331920378829">
						<str id="name">dirt_platform_short_1331848863324</str>
						<int id="y">-102</int>
						<int id="h">94</int>
						<int id="z">132</int>
						<int id="w">364</int>
						<str id="sprite_class">dirt_platform_short</str>
						<int id="x">1205</int>
						<int id="r">-177</int>
					</object>
					<object id="patch_dirt_2a_1331931827723">
						<str id="name">patch_dirt_2a_1331931827714</str>
						<int id="y">-139</int>
						<int id="h">49</int>
						<bool id="h_flip">true</bool>
						<int id="z">31</int>
						<int id="w">286</int>
						<str id="sprite_class">patch_dirt_2a</str>
						<int id="x">43</int>
					</object>
					<object id="patch_dirt_2a_1333412315567">
						<str id="name">patch_dirt_2a_1331861482588</str>
						<int id="y">-62</int>
						<int id="h">49</int>
						<int id="z">151</int>
						<int id="w">286</int>
						<str id="sprite_class">patch_dirt_2a</str>
						<int id="x">387</int>
					</object>
					<object id="bling_wildmushrooms_1_1331852911812">
						<str id="name">bling_wildmushrooms_1_1331852911812</str>
						<int id="y">-205</int>
						<int id="h">22</int>
						<int id="z">102</int>
						<int id="w">97</int>
						<str id="sprite_class">bling_wildmushrooms_1</str>
						<int id="x">-2549</int>
						<int id="r">1</int>
					</object>
					<object id="patch_dirt_2a_1333412315563">
						<str id="name">patch_dirt_2a_1331931827714</str>
						<int id="y">-122</int>
						<int id="h">49</int>
						<bool id="h_flip">true</bool>
						<int id="z">30</int>
						<int id="w">286</int>
						<str id="sprite_class">patch_dirt_2a</str>
						<int id="x">539</int>
					</object>
					<object id="patch_dirt_2a_1331931827725">
						<str id="name">patch_dirt_2a_1331931827714</str>
						<int id="y">-125</int>
						<int id="h">49</int>
						<bool id="h_flip">true</bool>
						<int id="z">33</int>
						<int id="w">286</int>
						<str id="sprite_class">patch_dirt_2a</str>
						<int id="x">-1779</int>
					</object>
					<object id="tree_stack_base_2_1331852911689">
						<str id="name">tree_stack_base_2_1331852911689</str>
						<int id="y">-138</int>
						<int id="h">384</int>
						<int id="z">53</int>
						<int id="w">121</int>
						<str id="sprite_class">tree_stack_base_2</str>
						<int id="x">-1780</int>
					</object>
					<object id="bush_3_1331852911787">
						<str id="name">bush_3_1331852911714</str>
						<int id="y">-97</int>
						<int id="h">102</int>
						<bool id="h_flip">true</bool>
						<int id="z">201</int>
						<int id="w">294</int>
						<str id="sprite_class">bush_3</str>
						<int id="x">-1629</int>
						<int id="r">-4</int>
					</object>
					<object id="dirt_platform_long_1331852911681">
						<str id="name">dirt_platform_long_1331852911676</str>
						<int id="y">-133</int>
						<int id="h">51</int>
						<int id="z">19</int>
						<int id="w">1079</int>
						<str id="sprite_class">dirt_platform_long</str>
						<int id="x">911</int>
					</object>
					<object id="bush_3_1331922160840">
						<str id="name">bush_3_1331852911714</str>
						<int id="y">-155</int>
						<int id="h">78</int>
						<int id="z">73</int>
						<int id="w">225</int>
						<str id="sprite_class">bush_3</str>
						<int id="x">2347</int>
						<int id="r">3</int>
					</object>
					<object id="patch_dirt_2a_1331931827726">
						<str id="name">patch_dirt_2a_1331931827714</str>
						<int id="y">-171</int>
						<int id="h">49</int>
						<bool id="h_flip">true</bool>
						<int id="z">34</int>
						<int id="w">286</int>
						<str id="sprite_class">patch_dirt_2a</str>
						<int id="x">-2683</int>
					</object>
					<object id="dirt_platform_long_1331852911679">
						<str id="name">dirt_platform_long_1331852911676</str>
						<int id="y">-132</int>
						<int id="h">51</int>
						<int id="z">16</int>
						<int id="w">1079</int>
						<str id="sprite_class">dirt_platform_long</str>
						<int id="x">-1010</int>
					</object>
					<object id="groddle_grass_1_1333412315566">
						<str id="name">groddle_grass_1_1331861482579</str>
						<int id="y">-170</int>
						<int id="h">67</int>
						<int id="z">49</int>
						<int id="w">140</int>
						<str id="sprite_class">groddle_grass_1</str>
						<int id="x">467</int>
						<int id="r">2</int>
					</object>
					<object id="groddle_bush1_1331922160837">
						<str id="name">groddle_bush1_1331852911713</str>
						<int id="y">-162</int>
						<int id="h">65</int>
						<int id="z">161</int>
						<int id="w">125</int>
						<str id="sprite_class">groddle_bush1</str>
						<int id="x">2233</int>
					</object>
					<object id="groddle_bush7_1331931827698">
						<str id="name">groddle_bush7_1331852911789</str>
						<int id="y">-127</int>
						<int id="h">124</int>
						<int id="z">23</int>
						<int id="w">524</int>
						<str id="sprite_class">groddle_bush7</str>
						<int id="x">-152</int>
					</object>
					<object id="groddle_bush1_1331852911713">
						<str id="name">groddle_bush1_1331852911713</str>
						<int id="y">-147</int>
						<int id="h">84</int>
						<int id="z">77</int>
						<int id="w">162</int>
						<str id="sprite_class">groddle_bush1</str>
						<int id="x">-2771</int>
					</object>
					<object id="bush_3_1331922160834">
						<str id="name">bush_3_1331852911714</str>
						<int id="y">-164</int>
						<int id="h">78</int>
						<int id="z">72</int>
						<int id="w">225</int>
						<str id="sprite_class">bush_3</str>
						<int id="x">1633</int>
						<int id="r">3</int>
					</object>
					<object id="dirt_platform_long_1331852911678">
						<str id="name">dirt_platform_long_1331852911676</str>
						<int id="y">-77</int>
						<int id="h">69</int>
						<int id="z">39</int>
						<int id="w">1102</int>
						<str id="sprite_class">dirt_platform_long</str>
						<int id="x">1591</int>
						<int id="r">-3</int>
					</object>
					<object id="groddle_bush7_1331931827700">
						<str id="name">groddle_bush7_1331852911789</str>
						<int id="y">-147</int>
						<int id="h">124</int>
						<int id="z">3</int>
						<int id="w">524</int>
						<str id="sprite_class">groddle_bush7</str>
						<int id="x">2172</int>
					</object>
					<object id="patch_dirt_2a_1331931827733">
						<str id="name">patch_dirt_2a_1331931827714</str>
						<int id="y">50</int>
						<int id="h">58</int>
						<int id="z">168</int>
						<int id="w">339</int>
						<str id="sprite_class">patch_dirt_2a</str>
						<int id="x">-2171</int>
					</object>
					<object id="patch_dirt_2a_1331931827724">
						<str id="name">patch_dirt_2a_1331931827714</str>
						<int id="y">-129</int>
						<int id="h">49</int>
						<bool id="h_flip">true</bool>
						<int id="z">32</int>
						<int id="w">286</int>
						<str id="sprite_class">patch_dirt_2a</str>
						<int id="x">-1097</int>
					</object>
					<object id="tree_deciduous2_1332960978375">
						<str id="name">tree_deciduous2_1331931827754</str>
						<int id="y">-122</int>
						<int id="h">797</int>
						<int id="z">177</int>
						<int id="w">808</int>
						<str id="sprite_class">tree_deciduous2</str>
						<int id="x">735</int>
					</object>
					<object id="groddle_plant_1_1331861482576">
						<str id="name">groddle_plant_1_1331861482576</str>
						<int id="y">-141</int>
						<int id="h">105</int>
						<int id="z">174</int>
						<int id="w">99</int>
						<str id="sprite_class">groddle_plant_1</str>
						<int id="x">-112</int>
						<int id="r">-10</int>
					</object>
					<object id="patch_dirt_2a_1332974179722">
						<str id="name">patch_dirt_2a_1331931827714</str>
						<int id="y">94</int>
						<int id="h">58</int>
						<bool id="h_flip">true</bool>
						<int id="z">144</int>
						<int id="w">339</int>
						<str id="sprite_class">patch_dirt_2a</str>
						<int id="x">-1447</int>
					</object>
					<object id="dirt_platform_long_1331852911684">
						<str id="name">dirt_platform_long_1331852911676</str>
						<int id="y">-82</int>
						<int id="h">69</int>
						<int id="z">25</int>
						<int id="w">1102</int>
						<str id="sprite_class">dirt_platform_long</str>
						<int id="x">210</int>
					</object>
					<object id="bush_3_1331922160838">
						<str id="name">bush_3_1331852911714</str>
						<int id="y">-155</int>
						<int id="h">78</int>
						<int id="z">160</int>
						<int id="w">225</int>
						<str id="sprite_class">bush_3</str>
						<int id="x">1881</int>
					</object>
					<object id="tree_base_root_1_1332960978379">
						<str id="name">tree_base_root_1_1332960978379</str>
						<int id="y">-104</int>
						<int id="h">59</int>
						<int id="z">196</int>
						<int id="w">101</int>
						<str id="sprite_class">tree_base_root_1</str>
						<int id="x">-381</int>
					</object>
					<object id="groddle_plant_1_1331852911851">
						<str id="name">groddle_plant_1_1331852911851</str>
						<int id="y">-133</int>
						<int id="h">75</int>
						<int id="z">113</int>
						<int id="w">86</int>
						<str id="sprite_class">groddle_plant_1</str>
						<int id="x">-442</int>
					</object>
					<object id="groddle_cover_clover2_1331852911832">
						<str id="name">groddle_cover_clover2_1331852911798</str>
						<int id="y">-120</int>
						<int id="h">38</int>
						<int id="z">88</int>
						<int id="w">94</int>
						<str id="sprite_class">groddle_cover_clover2</str>
						<int id="x">-856</int>
					</object>
					<object id="patch_dirt_2a_1331931827729">
						<str id="name">patch_dirt_2a_1331931827714</str>
						<int id="y">60</int>
						<int id="h">58</int>
						<bool id="h_flip">true</bool>
						<int id="z">166</int>
						<int id="w">339</int>
						<str id="sprite_class">patch_dirt_2a</str>
						<int id="x">-2920</int>
					</object>
					<object id="patch_mossy_1_1331852911846">
						<str id="name">patch_mossy_1_1331852911845</str>
						<int id="y">-153</int>
						<int id="h">19</int>
						<int id="z">107</int>
						<int id="w">100</int>
						<str id="sprite_class">patch_mossy_1</str>
						<int id="x">-393</int>
					</object>
					<object id="patch_dirt_2a_1332960978385">
						<str id="name">patch_dirt_2a_1331931827714</str>
						<int id="y">86</int>
						<int id="h">58</int>
						<bool id="h_flip">true</bool>
						<int id="z">142</int>
						<int id="w">339</int>
						<str id="sprite_class">patch_dirt_2a</str>
						<int id="x">-1054</int>
					</object>
					<object id="patch_dirt_2a_1331931827807">
						<str id="name">patch_dirt_2a_1331931827714</str>
						<int id="y">-4</int>
						<int id="h">54</int>
						<bool id="h_flip">true</bool>
						<int id="z">185</int>
						<int id="w">316</int>
						<str id="sprite_class">patch_dirt_2a</str>
						<int id="x">2172</int>
					</object>
					<object id="bush_1_1331852911844">
						<str id="name">bush_1_1331852911844</str>
						<int id="y">-148</int>
						<int id="h">67</int>
						<int id="z">108</int>
						<int id="w">92</int>
						<str id="sprite_class">bush_1</str>
						<int id="x">-377</int>
					</object>
					<object id="patch_dirt_2a_1331931827840">
						<str id="name">patch_dirt_2a_1331931827714</str>
						<int id="y">-105</int>
						<int id="h">54</int>
						<bool id="h_flip">true</bool>
						<int id="z">130</int>
						<int id="w">316</int>
						<str id="sprite_class">patch_dirt_2a</str>
						<int id="x">2933</int>
					</object>
					<object id="groddle_bush1_1331852911718">
						<str id="name">groddle_bush1_1331852911718</str>
						<int id="y">-173</int>
						<int id="h">68</int>
						<int id="z">79</int>
						<int id="w">146</int>
						<str id="sprite_class">groddle_bush1</str>
						<int id="x">-2201</int>
						<int id="r">5</int>
					</object>
					<object id="dirt_platform_long_1331920378836">
						<str id="name">dirt_platform_long_1331848863317</str>
						<int id="y">-2</int>
						<int id="h">92</int>
						<int id="z">118</int>
						<int id="w">1226</int>
						<str id="sprite_class">dirt_platform_long</str>
						<int id="x">1476</int>
						<int id="r">-3</int>
					</object>
					<object id="pinecluster_mask_1_1331922160827">
						<str id="name">pinecluster_mask_1_1331852911699</str>
						<int id="y">-160</int>
						<int id="h">111</int>
						<int id="z">45</int>
						<int id="w">286</int>
						<str id="sprite_class">pinecluster_mask_1</str>
						<int id="x">1118</int>
					</object>
					<object id="bush_1_1331922160833">
						<str id="name">bush_1_1331852911804</str>
						<int id="y">-167</int>
						<int id="h">67</int>
						<int id="z">38</int>
						<int id="w">108</int>
						<str id="sprite_class">bush_1</str>
						<int id="x">1209</int>
					</object>
					<object id="dirt_platform_long_1331852911676">
						<str id="name">dirt_platform_long_1331852911676</str>
						<int id="y">-97</int>
						<int id="h">69</int>
						<int id="z">24</int>
						<int id="w">1102</int>
						<str id="sprite_class">dirt_platform_long</str>
						<int id="x">-871</int>
					</object>
					<object id="patch_dirt_2a_1331931827734">
						<str id="name">patch_dirt_2a_1331931827714</str>
						<int id="y">-9</int>
						<int id="h">58</int>
						<bool id="h_flip">true</bool>
						<int id="z">172</int>
						<int id="w">339</int>
						<str id="sprite_class">patch_dirt_2a</str>
						<int id="x">-1402</int>
					</object>
					<object id="dirt_platform_long_1331852911685">
						<str id="name">dirt_platform_long_1331852911676</str>
						<int id="y">-78</int>
						<int id="h">69</int>
						<int id="z">26</int>
						<int id="w">1102</int>
						<str id="sprite_class">dirt_platform_long</str>
						<int id="x">1162</int>
					</object>
					<object id="dirt_platform_long_1331852911683">
						<str id="name">dirt_platform_long_1331852911676</str>
						<int id="y">-131</int>
						<int id="h">51</int>
						<int id="z">21</int>
						<int id="w">1079</int>
						<str id="sprite_class">dirt_platform_long</str>
						<int id="x">2770</int>
					</object>
					<object id="dirt_horizon_1331861482631">
						<str id="name">dirt_horizon_1331852911674</str>
						<int id="y">-81</int>
						<int id="h">109</int>
						<int id="z">10</int>
						<int id="w">1215</int>
						<str id="sprite_class">dirt_horizon</str>
						<int id="x">-1888</int>
					</object>
					<object id="pinecluster_mask_1_1331852911833">
						<str id="name">pinecluster_mask_1_1331852911833</str>
						<int id="y">-146</int>
						<int id="h">136</int>
						<int id="z">69</int>
						<int id="w">351</int>
						<str id="sprite_class">pinecluster_mask_1</str>
						<int id="x">2572</int>
					</object>
					<object id="groddle_cover_clover1_1331861482582">
						<str id="name">groddle_cover_clover1_1331861482582</str>
						<int id="y">-168</int>
						<int id="h">39</int>
						<int id="z">115</int>
						<int id="w">214</int>
						<str id="sprite_class">groddle_cover_clover1</str>
						<int id="x">618</int>
					</object>
					<object id="patch_dirt_2a_1332974179723">
						<str id="name">patch_dirt_2a_1331931827714</str>
						<int id="y">79</int>
						<int id="h">58</int>
						<int id="z">145</int>
						<int id="w">339</int>
						<str id="sprite_class">patch_dirt_2a</str>
						<int id="x">-1316</int>
					</object>
					<object id="patch_dirt_2a_1332960978372">
						<str id="name">patch_dirt_2a_1331931827714</str>
						<int id="y">88</int>
						<int id="h">61</int>
						<bool id="h_flip">true</bool>
						<int id="z">156</int>
						<int id="w">313</int>
						<str id="sprite_class">patch_dirt_2a</str>
						<int id="x">609</int>
					</object>
					<object id="platform_branch_5_1331852911698">
						<str id="name">platform_branch_5_1331852911698</str>
						<int id="y">-760</int>
						<int id="h">55</int>
						<int id="z">67</int>
						<int id="w">142</int>
						<str id="sprite_class">platform_branch_5</str>
						<int id="x">-1871</int>
					</object>
					<object id="patch_dirt_2a_1331931827806">
						<str id="name">patch_dirt_2a_1331931827714</str>
						<int id="y">14</int>
						<int id="h">54</int>
						<bool id="h_flip">true</bool>
						<int id="z">189</int>
						<int id="w">316</int>
						<str id="sprite_class">patch_dirt_2a</str>
						<int id="x">2242</int>
					</object>
					<object id="groddle_fern_1_1331852911823">
						<str id="name">groddle_fern_1_1331852911823</str>
						<int id="y">-127</int>
						<int id="h">54</int>
						<int id="z">99</int>
						<int id="w">85</int>
						<str id="sprite_class">groddle_fern_1</str>
						<int id="x">-922</int>
					</object>
					<object id="patch_dirt_2a_1331931827774">
						<str id="name">patch_dirt_2a_1331931827714</str>
						<int id="y">77</int>
						<int id="h">61</int>
						<bool id="h_flip">true</bool>
						<int id="z">133</int>
						<int id="w">313</int>
						<str id="sprite_class">patch_dirt_2a</str>
						<int id="x">486</int>
					</object>
					<object id="patch_mossy_1_1331931827713">
						<str id="name">patch_mossy_1_1331931827712</str>
						<int id="y">-138</int>
						<int id="h">34</int>
						<int id="z">40</int>
						<int id="w">144</int>
						<str id="sprite_class">patch_mossy_1</str>
						<int id="x">2897</int>
					</object>
					<object id="dirt_platform_short_1331920378826">
						<str id="name">dirt_platform_short_1331848863324</str>
						<int id="y">-93</int>
						<int id="h">94</int>
						<int id="z">140</int>
						<int id="w">364</int>
						<str id="sprite_class">dirt_platform_short</str>
						<int id="x">1254</int>
						<int id="r">-175</int>
					</object>
					<object id="patch_dirt_2a_1332974179710">
						<str id="name">patch_dirt_2a_1331931827714</str>
						<int id="y">53</int>
						<int id="h">54</int>
						<bool id="h_flip">true</bool>
						<int id="z">191</int>
						<int id="w">316</int>
						<str id="sprite_class">patch_dirt_2a</str>
						<int id="x">1866</int>
					</object>
					<object id="tree_stack_trunk_1331852911690">
						<str id="name">tree_stack_trunk_1331852911690</str>
						<int id="y">-470</int>
						<int id="h">700</int>
						<int id="z">54</int>
						<int id="w">88</int>
						<str id="sprite_class">tree_stack_trunk</str>
						<int id="x">-1780</int>
					</object>
					<object id="bush_3_1331852911843">
						<str id="name">bush_3_1331852911842</str>
						<int id="y">-126</int>
						<int id="h">80</int>
						<int id="z">110</int>
						<int id="w">224</int>
						<str id="sprite_class">bush_3</str>
						<int id="x">-480</int>
					</object>
					<object id="tree_base_root_3_1332960978378">
						<str id="name">tree_base_root_3_1332960978378</str>
						<int id="y">-98</int>
						<int id="h">54</int>
						<int id="z">195</int>
						<int id="w">90</int>
						<str id="sprite_class">tree_base_root_3</str>
						<int id="x">-228</int>
					</object>
					<object id="groddle_plant_1_1333414327561">
						<str id="name">groddle_plant_1_1331931827790</str>
						<int id="y">-106</int>
						<int id="h">113</int>
						<int id="z">206</int>
						<int id="w">107</int>
						<str id="sprite_class">groddle_plant_1</str>
						<int id="x">1761</int>
					</object>
					<object id="patch_dirt_2a_1331931827717">
						<str id="name">patch_dirt_2a_1331931827714</str>
						<int id="y">-104</int>
						<int id="h">49</int>
						<bool id="h_flip">true</bool>
						<int id="z">63</int>
						<int id="w">286</int>
						<str id="sprite_class">patch_dirt_2a</str>
						<int id="x">1924</int>
					</object>
					<object id="groddle_plant_1_1331931827759">
						<str id="name">groddle_plant_1_1331931827759</str>
						<int id="y">-121</int>
						<int id="h">91</int>
						<int id="z">178</int>
						<int id="w">86</int>
						<str id="sprite_class">groddle_plant_1</str>
						<int id="x">-1444</int>
					</object>
					<object id="patch_dirt_2a_1331931827778">
						<str id="name">patch_dirt_2a_1331931827714</str>
						<int id="y">68</int>
						<int id="h">61</int>
						<int id="z">136</int>
						<int id="w">313</int>
						<str id="sprite_class">patch_dirt_2a</str>
						<int id="x">-252</int>
					</object>
					<object id="tree_deciduous2_1331931827754">
						<str id="name">tree_deciduous2_1331931827754</str>
						<int id="y">-101</int>
						<int id="h">797</int>
						<int id="z">176</int>
						<int id="w">808</int>
						<str id="sprite_class">tree_deciduous2</str>
						<int id="x">2951</int>
					</object>
					<object id="bling_mushroom_king_bolete_1_1331931827783">
						<str id="name">bling_mushroom_king_bolete_1_1331931827779</str>
						<int id="y">-145</int>
						<int id="h">53</int>
						<bool id="h_flip">true</bool>
						<int id="z">183</int>
						<int id="w">57</int>
						<str id="sprite_class">bling_mushroom_king_bolete_1</str>
						<int id="x">-1731</int>
					</object>
					<object id="pinecluster_mask_1_1331852911831">
						<str id="name">pinecluster_mask_1_1331852911699</str>
						<int id="y">-121</int>
						<int id="h">152</int>
						<int id="z">52</int>
						<int id="w">392</int>
						<str id="sprite_class">pinecluster_mask_1</str>
						<int id="x">-806</int>
						<int id="r">-2</int>
					</object>
					<object id="patch_dirt_2a_1331931827721">
						<str id="name">patch_dirt_2a_1331931827714</str>
						<int id="y">-135</int>
						<int id="h">49</int>
						<bool id="h_flip">true</bool>
						<int id="z">28</int>
						<int id="w">286</int>
						<str id="sprite_class">patch_dirt_2a</str>
						<int id="x">377</int>
					</object>
					<object id="patch_dirt_2a_1331931827737">
						<str id="name">patch_dirt_2a_1331931827714</str>
						<int id="y">-94</int>
						<int id="h">58</int>
						<bool id="h_flip">true</bool>
						<int id="z">146</int>
						<int id="w">339</int>
						<str id="sprite_class">patch_dirt_2a</str>
						<int id="x">-246</int>
					</object>
					<object id="dirt_platform_short_1331920378827">
						<str id="name">dirt_platform_short_1331848863324</str>
						<int id="y">-96</int>
						<int id="h">94</int>
						<int id="z">139</int>
						<int id="w">364</int>
						<str id="sprite_class">dirt_platform_short</str>
						<int id="x">1338</int>
						<int id="r">-179</int>
					</object>
					<object id="groddle_plant_2_1331861482575">
						<str id="name">groddle_plant_2_1331861482574</str>
						<int id="y">-172</int>
						<int id="h">87</int>
						<int id="z">105</int>
						<int id="w">38</int>
						<str id="sprite_class">groddle_plant_2</str>
						<int id="x">17</int>
					</object>
					<object id="patch_dirt_2a_1331931827809">
						<str id="name">patch_dirt_2a_1331931827714</str>
						<int id="y">26</int>
						<int id="h">54</int>
						<int id="z">187</int>
						<int id="w">316</int>
						<str id="sprite_class">patch_dirt_2a</str>
						<int id="x">1796</int>
					</object>
					<object id="groddle_cover_clover2_1331852911802">
						<str id="name">groddle_cover_clover2_1331852911798</str>
						<int id="y">-145</int>
						<int id="h">33</int>
						<bool id="h_flip">true</bool>
						<int id="z">92</int>
						<int id="w">90</int>
						<str id="sprite_class">groddle_cover_clover2</str>
						<int id="x">-2208</int>
					</object>
					<object id="dirt_platform_long_1331852911682">
						<str id="name">dirt_platform_long_1331852911676</str>
						<int id="y">-132</int>
						<int id="h">51</int>
						<int id="z">20</int>
						<int id="w">1079</int>
						<str id="sprite_class">dirt_platform_long</str>
						<int id="x">1812</int>
					</object>
					<object id="pinecluster_mask_1_1331852911701">
						<str id="name">pinecluster_mask_1_1331852911699</str>
						<int id="y">-159</int>
						<int id="h">111</int>
						<int id="z">43</int>
						<int id="w">286</int>
						<str id="sprite_class">pinecluster_mask_1</str>
						<int id="x">-1752</int>
					</object>
					<object id="patch_dirt_2a_1332960978382">
						<str id="name">patch_dirt_2a_1331931827714</str>
						<int id="y">84</int>
						<int id="h">61</int>
						<bool id="h_flip">true</bool>
						<int id="z">141</int>
						<int id="w">313</int>
						<str id="sprite_class">patch_dirt_2a</str>
						<int id="x">-332</int>
					</object>
					<object id="bush_2_1333414327559">
						<str id="name">bush_2_1331931827787</str>
						<int id="y">-79</int>
						<int id="h">99</int>
						<int id="z">208</int>
						<int id="w">257</int>
						<str id="sprite_class">bush_2</str>
						<int id="x">1548</int>
					</object>
					<object id="pinecluster_mask_1_1331852911726">
						<str id="name">pinecluster_mask_1_1331852911725</str>
						<int id="y">-191</int>
						<int id="h">111</int>
						<int id="z">58</int>
						<int id="w">286</int>
						<str id="sprite_class">pinecluster_mask_1</str>
						<int id="x">-2432</int>
						<int id="r">4</int>
					</object>
					<object id="groddle_plant_3_1333412315560">
						<str id="name">groddle_plant_3_1332974179712</str>
						<int id="y">-121</int>
						<int id="h">60</int>
						<int id="z">200</int>
						<int id="w">125</int>
						<str id="sprite_class">groddle_plant_3</str>
						<int id="x">-2898</int>
						<int id="r">-5</int>
					</object>
					<object id="patch_dirt_2a_1332974179713">
						<str id="name">patch_dirt_2a_1331931827714</str>
						<int id="y">-109</int>
						<int id="h">58</int>
						<bool id="h_flip">true</bool>
						<int id="z">169</int>
						<int id="w">339</int>
						<str id="sprite_class">patch_dirt_2a</str>
						<int id="x">-2398</int>
					</object>
					<object id="dirt_platform_long_1331920378859">
						<str id="name">dirt_platform_long_1331848863317</str>
						<int id="y">86</int>
						<int id="h">92</int>
						<int id="z">137</int>
						<int id="w">1226</int>
						<str id="sprite_class">dirt_platform_long</str>
						<int id="x">-2572</int>
						<int id="r">1</int>
					</object>
					<object id="dirt_platform_long_1331852911680">
						<str id="name">dirt_platform_long_1331852911676</str>
						<int id="y">-132</int>
						<int id="h">51</int>
						<int id="z">17</int>
						<int id="w">1079</int>
						<str id="sprite_class">dirt_platform_long</str>
						<int id="x">-44</int>
					</object>
					<object id="patch_dirt_2a_1331931827838">
						<str id="name">patch_dirt_2a_1331931827714</str>
						<int id="y">57</int>
						<int id="h">54</int>
						<int id="z">181</int>
						<int id="w">316</int>
						<str id="sprite_class">patch_dirt_2a</str>
						<int id="x">2465</int>
					</object>
					<object id="tree_coniferous_fg_2_1331922160831">
						<str id="name">tree_coniferous_fg_2_1331852911687</str>
						<int id="y">23</int>
						<int id="h">1334</int>
						<bool id="h_flip">true</bool>
						<int id="z">15</int>
						<int id="w">511</int>
						<str id="sprite_class">tree_coniferous_fg_2</str>
						<int id="x">-506</int>
					</object>
					<object id="patch_dirt_2a_1333412315571">
						<str id="name">patch_dirt_2a_1331861482588</str>
						<int id="y">5</int>
						<int id="h">49</int>
						<int id="z">155</int>
						<int id="w">286</int>
						<str id="sprite_class">patch_dirt_2a</str>
						<int id="x">1614</int>
					</object>
					<object id="groddle_plant_1_1331861482581">
						<str id="name">groddle_plant_1_1331861482581</str>
						<int id="y">-165</int>
						<int id="h">95</int>
						<int id="z">114</int>
						<int id="w">97</int>
						<str id="sprite_class">groddle_plant_1</str>
						<int id="x">409</int>
					</object>
					<object id="dirt_mound_1_1331852911829">
						<str id="name">dirt_mound_1_1331848863344</str>
						<int id="y">-82</int>
						<int id="h">121</int>
						<int id="z">9</int>
						<int id="w">958</int>
						<str id="sprite_class">dirt_mound_1</str>
						<int id="x">388</int>
					</object>
					<object id="patch_dirt_2a_1331931827715">
						<str id="name">patch_dirt_2a_1331931827714</str>
						<int id="y">-130</int>
						<int id="h">49</int>
						<int id="z">61</int>
						<int id="w">286</int>
						<str id="sprite_class">patch_dirt_2a</str>
						<int id="x">2528</int>
					</object>
					<object id="patch_dirt_2a_1333412315570">
						<str id="name">patch_dirt_2a_1331861482588</str>
						<int id="y">-13</int>
						<int id="h">49</int>
						<int id="z">154</int>
						<int id="w">286</int>
						<str id="sprite_class">patch_dirt_2a</str>
						<int id="x">1750</int>
					</object>
					<object id="patch_dirt_2a_1331931827777">
						<str id="name">patch_dirt_2a_1331931827714</str>
						<int id="y">19</int>
						<int id="h">61</int>
						<bool id="h_flip">true</bool>
						<int id="z">179</int>
						<int id="w">313</int>
						<str id="sprite_class">patch_dirt_2a</str>
						<int id="x">42</int>
					</object>
					<object id="bush_2_1331852911788">
						<str id="name">bush_2_1331852911715</str>
						<int id="y">-115</int>
						<int id="h">93</int>
						<bool id="h_flip">true</bool>
						<int id="z">83</int>
						<int id="w">272</int>
						<str id="sprite_class">bush_2</str>
						<int id="x">-1519</int>
						<int id="r">5</int>
					</object>
					<object id="groddle_cover_clover2_1331852911799">
						<str id="name">groddle_cover_clover2_1331852911798</str>
						<int id="y">-148</int>
						<int id="h">36</int>
						<int id="z">86</int>
						<int id="w">89</int>
						<str id="sprite_class">groddle_cover_clover2</str>
						<int id="x">-1975</int>
					</object>
					<object id="bush_3_1331852911714">
						<str id="name">bush_3_1331852911714</str>
						<int id="y">-120</int>
						<int id="h">97</int>
						<int id="z">192</int>
						<int id="w">281</int>
						<str id="sprite_class">bush_3</str>
						<int id="x">-2695</int>
						<int id="r">1</int>
					</object>
					<object id="dirt_platform_long_1331920378848">
						<str id="name">dirt_platform_long_1331848863317</str>
						<int id="y">-24</int>
						<int id="h">92</int>
						<int id="z">119</int>
						<int id="w">1226</int>
						<str id="sprite_class">dirt_platform_long</str>
						<int id="x">2580</int>
					</object>
					<object id="platform_branch_5_1331852911691">
						<str id="name">platform_branch_5_1331852911691</str>
						<int id="y">-368</int>
						<int id="h">55</int>
						<int id="z">55</int>
						<int id="w">142</int>
						<str id="sprite_class">platform_branch_5</str>
						<int id="x">-1874</int>
					</object>
					<object id="platform_branch_a05_1331852911697">
						<str id="name">platform_branch_a05_1331852911697</str>
						<int id="y">-266</int>
						<int id="h">44</int>
						<int id="z">60</int>
						<int id="w">102</int>
						<str id="sprite_class">platform_branch_a05</str>
						<int id="x">-1851</int>
					</object>
					<object id="groddle_plant_3_1331931827751">
						<str id="name">groddle_plant_3_1331931827751</str>
						<int id="y">-156</int>
						<int id="h">54</int>
						<int id="z">173</int>
						<int id="w">112</int>
						<str id="sprite_class">groddle_plant_3</str>
						<int id="x">2906</int>
					</object>
					<object id="pinecluster_mask_1_1331861482578">
						<str id="name">pinecluster_mask_1_1331852911699</str>
						<int id="y">-146</int>
						<int id="h">155</int>
						<int id="z">50</int>
						<int id="w">348</int>
						<str id="sprite_class">pinecluster_mask_1</str>
						<int id="x">446</int>
						<int id="r">2</int>
					</object>
					<object id="groddle_plant_1_1332974179717">
						<str id="name">groddle_plant_1_1331852911851</str>
						<int id="y">-159</int>
						<int id="h">75</int>
						<int id="z">51</int>
						<int id="w">86</int>
						<str id="sprite_class">groddle_plant_1</str>
						<int id="x">-900</int>
					</object>
					<object id="dirt_platform_long_1331920378850">
						<str id="name">dirt_platform_long_1331848863317</str>
						<int id="y">33</int>
						<int id="h">92</int>
						<int id="z">120</int>
						<int id="w">1226</int>
						<str id="sprite_class">dirt_platform_long</str>
						<int id="x">2410</int>
					</object>
					<object id="patch_dirt_2a_1333412315574">
						<str id="name">patch_dirt_2a_1331861482588</str>
						<int id="y">101</int>
						<int id="h">55</int>
						<int id="z">158</int>
						<int id="w">327</int>
						<str id="sprite_class">patch_dirt_2a</str>
						<int id="x">1108</int>
					</object>
					<object id="groddle_plant_2_1331852911825">
						<str id="name">groddle_plant_2_1331852911824</str>
						<int id="y">-133</int>
						<int id="h">102</int>
						<int id="z">98</int>
						<int id="w">52</int>
						<str id="sprite_class">groddle_plant_2</str>
						<int id="x">-1008</int>
					</object>
					<object id="bush_2_1331922160829">
						<str id="name">bush_2_1331852911715</str>
						<int id="y">-160</int>
						<int id="h">62</int>
						<int id="z">6</int>
						<int id="w">182</int>
						<str id="sprite_class">bush_2</str>
						<int id="x">1110</int>
						<int id="r">-3</int>
					</object>
					<object id="platform_branch_a01_1331852911696">
						<str id="name">platform_branch_a01_1331852911696</str>
						<int id="y">-551</int>
						<int id="h">89</int>
						<bool id="h_flip">true</bool>
						<int id="z">59</int>
						<int id="w">176</int>
						<str id="sprite_class">platform_branch_a01</str>
						<int id="x">-1891</int>
					</object>
					<object id="bush_2_1331852911715">
						<str id="name">bush_2_1331852911715</str>
						<int id="y">-121</int>
						<int id="h">98</int>
						<int id="z">194</int>
						<int id="w">287</int>
						<str id="sprite_class">bush_2</str>
						<int id="x">-2849</int>
						<int id="r">-1</int>
					</object>
					<object id="bling_wildmushrooms_1_1333414327558">
						<str id="name">bling_wildmushrooms_1_1331931827784</str>
						<int id="y">-77</int>
						<int id="h">48</int>
						<int id="z">209</int>
						<int id="w">169</int>
						<str id="sprite_class">bling_wildmushrooms_1</str>
						<int id="x">1418</int>
					</object>
					<object id="dirt_platform_long_1332177699357">
						<str id="name">dirt_platform_long_1331848863317</str>
						<int id="y">116</int>
						<int id="h">92</int>
						<int id="z">123</int>
						<int id="w">1226</int>
						<str id="sprite_class">dirt_platform_long</str>
						<int id="x">1324</int>
						<int id="r">-1</int>
					</object>
					<object id="bush_3_1331852911803">
						<str id="name">bush_3_1331852911803</str>
						<int id="y">-107</int>
						<int id="h">95</int>
						<int id="z">93</int>
						<int id="w">266</int>
						<str id="sprite_class">bush_3</str>
						<int id="x">-1242</int>
						<int id="r">2</int>
					</object>
					<object id="dirt_platform_long_1331920378854">
						<str id="name">dirt_platform_long_1331848863317</str>
						<int id="y">44</int>
						<int id="h">92</int>
						<int id="z">134</int>
						<int id="w">1226</int>
						<str id="sprite_class">dirt_platform_long</str>
						<int id="x">-2130</int>
						<int id="r">1</int>
					</object>
					<object id="groddle_cover_clover2_1331852911801">
						<str id="name">groddle_cover_clover2_1331852911798</str>
						<int id="y">-163</int>
						<int id="h">28</int>
						<int id="z">89</int>
						<int id="w">69</int>
						<str id="sprite_class">groddle_cover_clover2</str>
						<int id="x">-2209</int>
					</object>
					<object id="dirt_platform_short_1331920378838">
						<str id="name">dirt_platform_short_1331848863324</str>
						<int id="y">-97</int>
						<int id="h">94</int>
						<int id="z">116</int>
						<int id="w">364</int>
						<str id="sprite_class">dirt_platform_short</str>
						<int id="x">1480</int>
						<int id="r">-181</int>
					</object>
					<object id="dirt_platform_long_1332177699359">
						<str id="name">dirt_platform_long_1331848863317</str>
						<int id="y">85</int>
						<int id="h">92</int>
						<int id="z">0</int>
						<int id="w">1226</int>
						<str id="sprite_class">dirt_platform_long</str>
						<int id="x">-830</int>
					</object>
					<object id="dirt_platform_long_1331920378833">
						<str id="name">dirt_platform_long_1331848863317</str>
						<int id="y">-25</int>
						<int id="h">92</int>
						<int id="z">126</int>
						<int id="w">1226</int>
						<str id="sprite_class">dirt_platform_long</str>
						<int id="x">795</int>
						<int id="r">3</int>
					</object>
					<object id="groddle_bush4_1331861482569">
						<str id="name">groddle_bush4_1331861482568</str>
						<int id="y">-139</int>
						<int id="h">88</int>
						<bool id="h_flip">true</bool>
						<int id="z">106</int>
						<int id="w">184</int>
						<str id="sprite_class">groddle_bush4</str>
						<int id="x">40</int>
						<int id="r">5</int>
					</object>
					<object id="groddle_plant_3_1332974179712">
						<str id="name">groddle_plant_3_1332974179712</str>
						<int id="y">-142</int>
						<int id="h">60</int>
						<int id="z">199</int>
						<int id="w">125</int>
						<str id="sprite_class">groddle_plant_3</str>
						<int id="x">-2455</int>
						<int id="r">-5</int>
					</object>
					<object id="patch_dirt_2a_1332960978384">
						<str id="name">patch_dirt_2a_1331931827714</str>
						<int id="y">-104</int>
						<int id="h">58</int>
						<bool id="h_flip">true</bool>
						<int id="z">109</int>
						<int id="w">339</int>
						<str id="sprite_class">patch_dirt_2a</str>
						<int id="x">-329</int>
					</object>
					<object id="dirt_platform_long_1331920378831">
						<str id="name">dirt_platform_long_1331848863317</str>
						<int id="y">-11</int>
						<int id="h">92</int>
						<int id="z">127</int>
						<int id="w">1226</int>
						<str id="sprite_class">dirt_platform_long</str>
						<int id="x">-1384</int>
					</object>
					<object id="dirt_platform_long_1331920378852">
						<str id="name">dirt_platform_long_1331848863317</str>
						<int id="y">33</int>
						<int id="h">92</int>
						<int id="z">131</int>
						<int id="w">1226</int>
						<str id="sprite_class">dirt_platform_long</str>
						<int id="x">130</int>
						<int id="r">1</int>
					</object>
					<object id="dirt_platform_long_1332177699358">
						<str id="name">dirt_platform_long_1331848863317</str>
						<int id="y">88</int>
						<int id="h">92</int>
						<int id="z">1</int>
						<int id="w">1226</int>
						<str id="sprite_class">dirt_platform_long</str>
						<int id="x">154</int>
						<int id="r">1</int>
					</object>
					<object id="groddle_cover_clover2_1333414327560">
						<str id="name">groddle_cover_clover2_1331931827805</str>
						<int id="y">-84</int>
						<int id="h">38</int>
						<int id="z">207</int>
						<int id="w">104</int>
						<str id="sprite_class">groddle_cover_clover2</str>
						<int id="x">1758</int>
					</object>
					<object id="patch_dirt_2a_1331931827834">
						<str id="name">patch_dirt_2a_1331931827714</str>
						<int id="y">-141</int>
						<int id="h">54</int>
						<int id="z">70</int>
						<int id="w">316</int>
						<str id="sprite_class">patch_dirt_2a</str>
						<int id="x">1624</int>
					</object>
					<object id="bush_2_1331852911716">
						<str id="name">bush_2_1331852911715</str>
						<int id="y">-160</int>
						<int id="h">62</int>
						<int id="z">81</int>
						<int id="w">182</int>
						<str id="sprite_class">bush_2</str>
						<int id="x">-1923</int>
						<int id="r">-5</int>
					</object>
					<object id="patch_dirt_2a_1332960978383">
						<str id="name">patch_dirt_2a_1331931827714</str>
						<int id="y">-113</int>
						<int id="h">58</int>
						<bool id="h_flip">true</bool>
						<int id="z">71</int>
						<int id="w">339</int>
						<str id="sprite_class">patch_dirt_2a</str>
						<int id="x">-188</int>
					</object>
					<object id="bush_3_1333414327562">
						<str id="name">bush_3_1331931827789</str>
						<int id="y">-88</int>
						<int id="h">119</int>
						<int id="z">205</int>
						<int id="w">338</int>
						<str id="sprite_class">bush_3</str>
						<int id="x">1738</int>
					</object>
					<object id="groddle_grass_2_1331931827792">
						<str id="name">groddle_grass_2_1331931827791</str>
						<int id="y">-165</int>
						<int id="h">65</int>
						<int id="z">184</int>
						<int id="w">81</int>
						<str id="sprite_class">groddle_grass_2</str>
						<int id="x">1662</int>
					</object>
					<object id="patch_dirt_2a_1331931827808">
						<str id="name">patch_dirt_2a_1331931827714</str>
						<int id="y">35</int>
						<int id="h">54</int>
						<int id="z">186</int>
						<int id="w">316</int>
						<str id="sprite_class">patch_dirt_2a</str>
						<int id="x">1618</int>
					</object>
					<object id="dirt_platform_short_1331920378821">
						<str id="name">dirt_platform_short_1331848863329</str>
						<int id="y">-125</int>
						<int id="h">94</int>
						<int id="z">147</int>
						<int id="w">364</int>
						<str id="sprite_class">dirt_platform_short</str>
						<int id="x">-1960</int>
						<int id="r">-176</int>
					</object>
					<object id="dirt_platform_long_1331920378834">
						<str id="name">dirt_platform_long_1331848863317</str>
						<int id="y">-40</int>
						<int id="h">92</int>
						<int id="z">125</int>
						<int id="w">1226</int>
						<str id="sprite_class">dirt_platform_long</str>
						<int id="x">349</int>
					</object>
					<object id="groddle_grass_1_1331861482579">
						<str id="name">groddle_grass_1_1331861482579</str>
						<int id="y">-148</int>
						<int id="h">67</int>
						<int id="z">204</int>
						<int id="w">140</int>
						<str id="sprite_class">groddle_grass_1</str>
						<int id="x">599</int>
						<int id="r">-3</int>
					</object>
					<object id="bush_3_1331852911717">
						<str id="name">bush_3_1331852911717</str>
						<int id="y">-154</int>
						<int id="h">77</int>
						<int id="z">80</int>
						<int id="w">209</int>
						<str id="sprite_class">bush_3</str>
						<int id="x">-2071</int>
						<int id="r">4</int>
					</object>
					<object id="platform_branch_4_1331852911694">
						<str id="name">platform_branch_4_1331852911694</str>
						<int id="y">-650</int>
						<int id="h">74</int>
						<bool id="h_flip">true</bool>
						<int id="z">57</int>
						<int id="w">217</int>
						<str id="sprite_class">platform_branch_4</str>
						<int id="x">-1649</int>
					</object>
					<object id="patch_dirt_2a_1331931827716">
						<str id="name">patch_dirt_2a_1331931827714</str>
						<int id="y">-132</int>
						<int id="h">49</int>
						<bool id="h_flip">true</bool>
						<int id="z">62</int>
						<int id="w">286</int>
						<str id="sprite_class">patch_dirt_2a</str>
						<int id="x">1834</int>
					</object>
					<object id="patch_dirt_2a_1331931827756">
						<str id="name">patch_dirt_2a_1331931827755</str>
						<int id="y">-133</int>
						<int id="h">41</int>
						<int id="z">74</int>
						<int id="w">242</int>
						<str id="sprite_class">patch_dirt_2a</str>
						<int id="x">875</int>
					</object>
					<object id="patch_dirt_2a_1333412315568">
						<str id="name">patch_dirt_2a_1331861482588</str>
						<int id="y">-65</int>
						<int id="h">49</int>
						<int id="z">152</int>
						<int id="w">286</int>
						<str id="sprite_class">patch_dirt_2a</str>
						<int id="x">231</int>
					</object>
					<object id="groddle_fern_1_1331852911736">
						<str id="name">groddle_fern_1_1331852911735</str>
						<int id="y">-143</int>
						<int id="h">75</int>
						<int id="z">84</int>
						<int id="w">126</int>
						<str id="sprite_class">groddle_fern_1</str>
						<int id="x">-1816</int>
					</object>
					<object id="tree_coniferous_fg_2_1331852911688">
						<str id="name">tree_coniferous_fg_2_1331852911687</str>
						<int id="y">-124</int>
						<int id="h">1334</int>
						<bool id="h_flip">true</bool>
						<int id="z">14</int>
						<int id="w">511</int>
						<str id="sprite_class">tree_coniferous_fg_2</str>
						<int id="x">-2979</int>
					</object>
					<object id="bush_1_1331922160836">
						<str id="name">bush_1_1331852911804</str>
						<int id="y">-160</int>
						<int id="h">83</int>
						<int id="z">162</int>
						<int id="w">104</int>
						<str id="sprite_class">bush_1</str>
						<int id="x">2007</int>
					</object>
					<object id="platform_branch_a03_1331852911693">
						<str id="name">platform_branch_a03_1331852911693</str>
						<int id="y">-464</int>
						<int id="h">54</int>
						<int id="z">56</int>
						<int id="w">150</int>
						<str id="sprite_class">platform_branch_a03</str>
						<int id="x">-1682</int>
					</object>
					<object id="bush_1_1331852911804">
						<str id="name">bush_1_1331852911804</str>
						<int id="y">-113</int>
						<int id="h">125</int>
						<int id="z">95</int>
						<int id="w">156</int>
						<str id="sprite_class">bush_1</str>
						<int id="x">-1353</int>
					</object>
					<object id="groddle_cover_clover2_1333414327565">
						<str id="name">groddle_cover_clover2_1331852911798</str>
						<int id="y">-130</int>
						<int id="h">36</int>
						<int id="z">87</int>
						<int id="w">89</int>
						<str id="sprite_class">groddle_cover_clover2</str>
						<int id="x">-1777</int>
					</object>
					<object id="groddle_grass_1_1333412315565">
						<str id="name">groddle_grass_1_1331861482579</str>
						<int id="y">-182</int>
						<int id="h">67</int>
						<int id="z">48</int>
						<int id="w">140</int>
						<str id="sprite_class">groddle_grass_1</str>
						<int id="x">418</int>
						<int id="r">2</int>
					</object>
					<object id="dirt_platform_long_1332177699356">
						<str id="name">dirt_platform_long_1331848863317</str>
						<int id="y">83</int>
						<int id="h">92</int>
						<int id="z">122</int>
						<int id="w">1226</int>
						<str id="sprite_class">dirt_platform_long</str>
						<int id="x">2441</int>
						<int id="r">-1</int>
					</object>
					<object id="bush_3_1331922160830">
						<str id="name">bush_3_1331852911714</str>
						<int id="y">-158</int>
						<int id="h">78</int>
						<int id="z">76</int>
						<int id="w">225</int>
						<str id="sprite_class">bush_3</str>
						<int id="x">1410</int>
					</object>
					<object id="bush_3_1331852911822">
						<str id="name">bush_3_1331852911803</str>
						<int id="y">-109</int>
						<int id="h">100</int>
						<int id="z">94</int>
						<int id="w">282</int>
						<str id="sprite_class">bush_3</str>
						<int id="x">-1033</int>
						<int id="r">2</int>
					</object>
					<object id="patch_dirt_2a_1331931827836">
						<str id="name">patch_dirt_2a_1331931827714</str>
						<int id="y">-133</int>
						<int id="h">40</int>
						<bool id="h_flip">true</bool>
						<int id="z">35</int>
						<int id="w">261</int>
						<str id="sprite_class">patch_dirt_2a</str>
						<int id="x">2792</int>
					</object>
					<object id="patch_dirt_2a_1331931827731">
						<str id="name">patch_dirt_2a_1331931827714</str>
						<int id="y">95</int>
						<int id="h">58</int>
						<bool id="h_flip">true</bool>
						<int id="z">148</int>
						<int id="w">339</int>
						<str id="sprite_class">patch_dirt_2a</str>
						<int id="x">-2454</int>
					</object>
					<object id="patch_dirt_2a_1332960978373">
						<str id="name">patch_dirt_2a_1331931827714</str>
						<int id="y">90</int>
						<int id="h">58</int>
						<bool id="h_flip">true</bool>
						<int id="z">149</int>
						<int id="w">339</int>
						<str id="sprite_class">patch_dirt_2a</str>
						<int id="x">-2550</int>
					</object>
					<object id="dirt_platform_long_1331920378851">
						<str id="name">dirt_platform_long_1331848863317</str>
						<int id="y">51</int>
						<int id="h">92</int>
						<int id="z">121</int>
						<int id="w">1226</int>
						<str id="sprite_class">dirt_platform_long</str>
						<int id="x">1251</int>
						<int id="r">-1</int>
					</object>
					<object id="patch_dirt_2a_1331931827728">
						<str id="name">patch_dirt_2a_1331931827714</str>
						<int id="y">-165</int>
						<int id="h">49</int>
						<bool id="h_flip">true</bool>
						<int id="z">37</int>
						<int id="w">286</int>
						<str id="sprite_class">patch_dirt_2a</str>
						<int id="x">-2403</int>
					</object>
					<object id="bush_3_1333412315562">
						<str id="name">bush_3_1331852911714</str>
						<int id="y">-115</int>
						<int id="h">89</int>
						<int id="z">190</int>
						<int id="w">244</int>
						<str id="sprite_class">bush_3</str>
						<int id="x">-205</int>
						<int id="r">3</int>
					</object>
					<object id="bush_1_1331922160832">
						<str id="name">bush_1_1331852911804</str>
						<int id="y">-163</int>
						<int id="h">83</int>
						<int id="z">97</int>
						<int id="w">104</int>
						<str id="sprite_class">bush_1</str>
						<int id="x">1536</int>
					</object>
					<object id="groddle_bush1_1331922160835">
						<str id="name">groddle_bush1_1331852911713</str>
						<int id="y">-165</int>
						<int id="h">65</int>
						<int id="z">78</int>
						<int id="w">125</int>
						<str id="sprite_class">groddle_bush1</str>
						<int id="x">1762</int>
					</object>
					<object id="groddle_bush7_1331852911791">
						<str id="name">groddle_bush7_1331852911789</str>
						<int id="y">-165</int>
						<int id="h">124</int>
						<int id="z">11</int>
						<int id="w">524</int>
						<str id="sprite_class">groddle_bush7</str>
						<int id="x">-2516</int>
					</object>
					<object id="dirt_platform_short_1331920378837">
						<str id="name">dirt_platform_short_1331848863324</str>
						<int id="y">-115</int>
						<int id="h">94</int>
						<int id="z">117</int>
						<int id="w">364</int>
						<str id="sprite_class">dirt_platform_short</str>
						<int id="x">1036</int>
						<int id="r">-175</int>
					</object>
					<object id="patch_dirt_2a_1332974179714">
						<str id="name">patch_dirt_2a_1331931827714</str>
						<int id="y">-104</int>
						<int id="h">58</int>
						<int id="z">170</int>
						<int id="w">339</int>
						<str id="sprite_class">patch_dirt_2a</str>
						<int id="x">-2677</int>
					</object>
					<object id="patch_dirt_2a_1331931827837">
						<str id="name">patch_dirt_2a_1331931827714</str>
						<int id="y">26</int>
						<int id="h">54</int>
						<bool id="h_flip">true</bool>
						<int id="z">180</int>
						<int id="w">316</int>
						<str id="sprite_class">patch_dirt_2a</str>
						<int id="x">2832</int>
					</object>
					<object id="tree_coniferous_fg_1_1331931827693">
						<str id="name">tree_coniferous_fg_1_1331852911755</str>
						<int id="y">-116</int>
						<int id="h">1224</int>
						<int id="z">164</int>
						<int id="w">551</int>
						<str id="sprite_class">tree_coniferous_fg_1</str>
						<int id="x">1370</int>
					</object>
					<object id="tree_coniferous_fg_3_1331931827688">
						<str id="name">tree_coniferous_fg_3_1331852911739</str>
						<int id="y">-152</int>
						<int id="h">993</int>
						<int id="z">5</int>
						<int id="w">436</int>
						<str id="sprite_class">tree_coniferous_fg_3</str>
						<int id="x">592</int>
					</object>
					<object id="bling_mushroom_king_bolete_1_1331931827782">
						<str id="name">bling_mushroom_king_bolete_1_1331931827779</str>
						<int id="y">-138</int>
						<int id="h">53</int>
						<bool id="h_flip">true</bool>
						<int id="z">182</int>
						<int id="w">57</int>
						<str id="sprite_class">bling_mushroom_king_bolete_1</str>
						<int id="x">2072</int>
					</object>
					<object id="heights_bush_4_1331848863343">
						<str id="name">heights_bush_4_1331848863341</str>
						<int id="y">-167</int>
						<int id="h">101</int>
						<int id="z">18</int>
						<int id="w">428</int>
						<str id="sprite_class">heights_bush_4</str>
						<int id="x">-2875</int>
						<int id="r">-6</int>
					</object>
					<object id="patch_mossy_1_1331852911848">
						<str id="name">patch_mossy_1_1331852911845</str>
						<int id="y">-180</int>
						<int id="h">19</int>
						<int id="z">68</int>
						<int id="w">100</int>
						<str id="sprite_class">patch_mossy_1</str>
						<int id="x">-2801</int>
						<int id="r">-6</int>
					</object>
					<object id="groddle_bush7_1331931827817">
						<str id="name">groddle_bush7_1331852911789</str>
						<int id="y">-145</int>
						<int id="h">124</int>
						<int id="z">2</int>
						<int id="w">524</int>
						<str id="sprite_class">groddle_bush7</str>
						<int id="x">580</int>
					</object>
					<object id="patch_dirt_2a_1332960978380">
						<str id="name">patch_dirt_2a_1331931827714</str>
						<int id="y">73</int>
						<int id="h">61</int>
						<bool id="h_flip">true</bool>
						<int id="z">135</int>
						<int id="w">313</int>
						<str id="sprite_class">patch_dirt_2a</str>
						<int id="x">-167</int>
					</object>
					<object id="dirt_platform_long_1331920378830">
						<str id="name">dirt_platform_long_1331848863317</str>
						<int id="y">-34</int>
						<int id="h">92</int>
						<int id="z">129</int>
						<int id="w">1226</int>
						<str id="sprite_class">dirt_platform_long</str>
						<int id="x">-292</int>
						<int id="r">-2</int>
					</object>
					<object id="dirt_mound_1_1331848863345">
						<str id="name">dirt_mound_1_1331848863344</str>
						<int id="y">-102</int>
						<int id="h">121</int>
						<int id="z">22</int>
						<int id="w">958</int>
						<str id="sprite_class">dirt_mound_1</str>
						<int id="x">-2602</int>
					</object>
					<object id="bush_1_1331861482570">
						<str id="name">bush_1_1331861482570</str>
						<int id="y">-128</int>
						<int id="h">94</int>
						<int id="z">202</int>
						<int id="w">125</int>
						<str id="sprite_class">bush_1</str>
						<int id="x">-58</int>
					</object>
					<object id="groddle_fern_1_1332974179707">
						<str id="name">groddle_fern_1_1332974179706</str>
						<int id="y">-216</int>
						<int id="h">49</int>
						<int id="z">100</int>
						<int id="w">83</int>
						<str id="sprite_class">groddle_fern_1</str>
						<int id="x">-2576</int>
					</object>
					<object id="patch_dirt_2a_1331931827720">
						<str id="name">patch_dirt_2a_1331931827714</str>
						<int id="y">-122</int>
						<int id="h">49</int>
						<bool id="h_flip">true</bool>
						<int id="z">66</int>
						<int id="w">286</int>
						<str id="sprite_class">patch_dirt_2a</str>
						<int id="x">1322</int>
					</object>
					<object id="tree_coniferous_fg_3_1331852911821">
						<str id="name">tree_coniferous_fg_3_1331852911739</str>
						<int id="y">-156</int>
						<int id="h">993</int>
						<int id="z">13</int>
						<int id="w">436</int>
						<str id="sprite_class">tree_coniferous_fg_3</str>
						<int id="x">-805</int>
					</object>
					<object id="patch_mossy_1_1332974179701">
						<str id="name">patch_mossy_1_1331931827795</str>
						<int id="y">-122</int>
						<int id="h">34</int>
						<bool id="h_flip">true</bool>
						<int id="z">175</int>
						<int id="w">144</int>
						<str id="sprite_class">patch_mossy_1</str>
						<int id="x">2959</int>
					</object>
					<object id="groddle_fern_1_1331931827711">
						<str id="name">groddle_fern_1_1331931827711</str>
						<int id="y">-163</int>
						<int id="h">58</int>
						<int id="z">165</int>
						<int id="w">98</int>
						<str id="sprite_class">groddle_fern_1</str>
						<int id="x">2740</int>
					</object>
					<object id="groddle_bush7_1332974179719">
						<str id="name">groddle_bush7_1332974179718</str>
						<int id="y">-158</int>
						<int id="h">53</int>
						<int id="z">47</int>
						<int id="w">343</int>
						<str id="sprite_class">groddle_bush7</str>
						<int id="x">-798</int>
					</object>
					<object id="patch_dirt_2a_1331931827810">
						<str id="name">patch_dirt_2a_1331931827714</str>
						<int id="y">35</int>
						<int id="h">54</int>
						<bool id="h_flip">true</bool>
						<int id="z">188</int>
						<int id="w">316</int>
						<str id="sprite_class">patch_dirt_2a</str>
						<int id="x">1489</int>
					</object>
					<object id="patch_dirt_2a_1332974179721">
						<str id="name">patch_dirt_2a_1331931827714</str>
						<int id="y">63</int>
						<int id="h">58</int>
						<bool id="h_flip">true</bool>
						<int id="z">143</int>
						<int id="w">339</int>
						<str id="sprite_class">patch_dirt_2a</str>
						<int id="x">-1478</int>
					</object>
					<object id="dirt_platform_long_1331920378853">
						<str id="name">dirt_platform_long_1331848863317</str>
						<int id="y">39</int>
						<int id="h">92</int>
						<int id="z">128</int>
						<int id="w">1226</int>
						<str id="sprite_class">dirt_platform_long</str>
						<int id="x">-1004</int>
						<int id="r">-1</int>
					</object>
					<object id="tree_coniferous_fg_2_1331931827692">
						<str id="name">tree_coniferous_fg_2_1331852911757</str>
						<int id="y">-93</int>
						<int id="h">1432</int>
						<int id="z">163</int>
						<int id="w">664</int>
						<str id="sprite_class">tree_coniferous_fg_2</str>
						<int id="x">2009</int>
					</object>
					<object id="bush_1_1331852911811">
						<str id="name">bush_1_1331852911811</str>
						<int id="y">-118</int>
						<int id="h">103</int>
						<int id="z">197</int>
						<int id="w">129</int>
						<str id="sprite_class">bush_1</str>
						<int id="x">-2949</int>
					</object>
					<object id="dirt_horizon_1331920378832">
						<str id="name">dirt_horizon_1331848863314</str>
						<int id="y">-11</int>
						<int id="h">136</int>
						<int id="z">85</int>
						<int id="w">1287</int>
						<str id="sprite_class">dirt_horizon</str>
						<int id="x">-2526</int>
					</object>
					<object id="dirt_platform_long_1331920378835">
						<str id="name">dirt_platform_long_1331848863317</str>
						<int id="y">21</int>
						<int id="h">92</int>
						<int id="z">124</int>
						<int id="w">1226</int>
						<str id="sprite_class">dirt_platform_long</str>
						<int id="x">802</int>
						<int id="r">2</int>
					</object>
					<object id="tree_deciduous2_1332960978390">
						<str id="name">tree_deciduous2_1332960978389</str>
						<int id="y">-114</int>
						<int id="h">926</int>
						<int id="z">90</int>
						<int id="w">939</int>
						<str id="sprite_class">tree_deciduous2</str>
						<int id="x">-2337</int>
					</object>
					<object id="dirt_platform_long_1331852911677">
						<str id="name">dirt_platform_long_1331852911676</str>
						<int id="y">-102</int>
						<int id="h">69</int>
						<int id="z">27</int>
						<int id="w">1102</int>
						<str id="sprite_class">dirt_platform_long</str>
						<int id="x">2551</int>
					</object>
					<object id="patch_dirt_2a_1331920378841">
						<str id="name">patch_dirt_2a_1331861482588</str>
						<int id="y">-81</int>
						<int id="h">49</int>
						<int id="z">150</int>
						<int id="w">286</int>
						<str id="sprite_class">patch_dirt_2a</str>
						<int id="x">307</int>
					</object>
					<object id="bush_3_1331922160826">
						<str id="name">bush_3_1331852911714</str>
						<int id="y">-160</int>
						<int id="h">78</int>
						<int id="z">75</int>
						<int id="w">225</int>
						<str id="sprite_class">bush_3</str>
						<int id="x">905</int>
					</object>
					<object id="tree_coniferous_fg_3_1331852911740">
						<str id="name">tree_coniferous_fg_3_1331852911739</str>
						<int id="y">-187</int>
						<int id="h">993</int>
						<int id="z">12</int>
						<int id="w">436</int>
						<str id="sprite_class">tree_coniferous_fg_3</str>
						<int id="x">-2537</int>
					</object>
					<object id="bush_1_1332960978374">
						<str id="name">bush_1_1331852911804</str>
						<int id="y">-111</int>
						<int id="h">113</int>
						<int id="z">96</int>
						<int id="w">142</int>
						<str id="sprite_class">bush_1</str>
						<int id="x">-1144</int>
					</object>
					<object id="patch_dirt_2a_1331931827719">
						<str id="name">patch_dirt_2a_1331931827714</str>
						<int id="y">-115</int>
						<int id="h">49</int>
						<bool id="h_flip">true</bool>
						<int id="z">65</int>
						<int id="w">286</int>
						<str id="sprite_class">patch_dirt_2a</str>
						<int id="x">1418</int>
					</object>
					<object id="tree_coniferous_fg_3_1331931827689">
						<str id="name">tree_coniferous_fg_3_1331852911739</str>
						<int id="y">-155</int>
						<int id="h">993</int>
						<int id="z">4</int>
						<int id="w">436</int>
						<str id="sprite_class">tree_coniferous_fg_3</str>
						<int id="x">2720</int>
					</object>
					<object id="dirt_platform_long_1331920378855">
						<str id="name">dirt_platform_long_1331848863317</str>
						<int id="y">24</int>
						<int id="h">92</int>
						<int id="z">8</int>
						<int id="w">1226</int>
						<str id="sprite_class">dirt_platform_long</str>
						<int id="x">-2555</int>
						<int id="r">-1</int>
					</object>
					<object id="tree_coniferous_fg_2_1331852911830">
						<str id="name">tree_coniferous_fg_2_1331852911830</str>
						<int id="y">-89</int>
						<int id="h">1054</int>
						<bool id="h_flip">true</bool>
						<int id="z">203</int>
						<int id="w">489</int>
						<str id="sprite_class">tree_coniferous_fg_2</str>
						<int id="x">131</int>
					</object>
					<object id="groddle_cover_clover2_1331852911800">
						<str id="name">groddle_cover_clover2_1331852911798</str>
						<int id="y">-156</int>
						<int id="h">33</int>
						<int id="z">91</int>
						<int id="w">81</int>
						<str id="sprite_class">groddle_cover_clover2</str>
						<int id="x">-2157</int>
					</object>
					<object id="groddle_bush1_1331922160828">
						<str id="name">groddle_bush1_1331852911834</str>
						<int id="y">-163</int>
						<int id="h">62</int>
						<bool id="h_flip">true</bool>
						<int id="z">112</int>
						<int id="w">120</int>
						<str id="sprite_class">groddle_bush1</str>
						<int id="x">1296</int>
						<int id="r">-3</int>
					</object>
					<object id="groddle_bush1_1331852911834">
						<str id="name">groddle_bush1_1331852911834</str>
						<int id="y">-123</int>
						<int id="h">79</int>
						<bool id="h_flip">true</bool>
						<int id="z">111</int>
						<int id="w">153</int>
						<str id="sprite_class">groddle_bush1</str>
						<int id="x">-604</int>
						<int id="r">-2</int>
					</object>
					<object id="dirt_platform_long_1331920378860">
						<str id="name">dirt_platform_long_1331848863317</str>
						<int id="y">107</int>
						<int id="h">92</int>
						<int id="z">7</int>
						<int id="w">1226</int>
						<str id="sprite_class">dirt_platform_long</str>
						<int id="x">-1575</int>
					</object>
					<object id="patch_dirt_2a_1331931827722">
						<str id="name">patch_dirt_2a_1331931827714</str>
						<int id="y">-133</int>
						<int id="h">49</int>
						<bool id="h_flip">true</bool>
						<int id="z">29</int>
						<int id="w">286</int>
						<str id="sprite_class">patch_dirt_2a</str>
						<int id="x">614</int>
					</object>
					<object id="patch_dirt_2a_1331931827758">
						<str id="name">patch_dirt_2a_1331931827755</str>
						<int id="y">-138</int>
						<int id="h">41</int>
						<bool id="h_flip">true</bool>
						<int id="z">42</int>
						<int id="w">242</int>
						<str id="sprite_class">patch_dirt_2a</str>
						<int id="x">-922</int>
					</object>
					<object id="patch_dirt_2a_1333412315569">
						<str id="name">patch_dirt_2a_1331861482588</str>
						<int id="y">4</int>
						<int id="h">49</int>
						<int id="z">153</int>
						<int id="w">286</int>
						<str id="sprite_class">patch_dirt_2a</str>
						<int id="x">1855</int>
					</object>
					<object id="groddle_cover_clover2_1332974179709">
						<str id="name">groddle_cover_clover2_1332974179708</str>
						<int id="y">-204</int>
						<int id="h">21</int>
						<int id="z">101</int>
						<int id="w">63</int>
						<str id="sprite_class">groddle_cover_clover2</str>
						<int id="x">-2608</int>
						<int id="r">-5</int>
					</object>
					<object id="bush_3_1331861482567">
						<str id="name">bush_3_1331852911714</str>
						<int id="y">-142</int>
						<int id="h">92</int>
						<int id="z">104</int>
						<int id="w">266</int>
						<str id="sprite_class">bush_3</str>
						<int id="x">260</int>
						<int id="r">2</int>
					</object>
					<object id="heights_bush_3_1331852911686">
						<str id="name">heights_bush_3_1331852911686</str>
						<int id="y">-138</int>
						<int id="h">171</int>
						<bool id="h_flip">true</bool>
						<int id="z">41</int>
						<int id="w">437</int>
						<str id="sprite_class">heights_bush_3</str>
						<int id="x">2896</int>
					</object>
					<object id="patch_dirt_2a_1332974179715">
						<str id="name">patch_dirt_2a_1331931827714</str>
						<int id="y">-88</int>
						<int id="h">58</int>
						<int id="z">171</int>
						<int id="w">339</int>
						<str id="sprite_class">patch_dirt_2a</str>
						<int id="x">-2898</int>
					</object>
					<object id="dirt_platform_short_1331920378828">
						<str id="name">dirt_platform_short_1331848863329</str>
						<int id="y">-112</int>
						<int id="h">94</int>
						<int id="z">138</int>
						<int id="w">364</int>
						<str id="sprite_class">dirt_platform_short</str>
						<int id="x">-1738</int>
						<int id="r">-177</int>
					</object>
					<object id="patch_dirt_2a_1331931827718">
						<str id="name">patch_dirt_2a_1331931827714</str>
						<int id="y">-130</int>
						<int id="h">49</int>
						<bool id="h_flip">true</bool>
						<int id="z">64</int>
						<int id="w">286</int>
						<str id="sprite_class">patch_dirt_2a</str>
						<int id="x">2074</int>
					</object>
					<object id="patch_dirt_2a_1331931827730">
						<str id="name">patch_dirt_2a_1331931827714</str>
						<int id="y">73</int>
						<int id="h">58</int>
						<bool id="h_flip">true</bool>
						<int id="z">167</int>
						<int id="w">339</int>
						<str id="sprite_class">patch_dirt_2a</str>
						<int id="x">-2881</int>
					</object>
				</object>
			</object>
			<object id="T_1331344663989">
				<int id="w">4200</int>
				<str id="name">bg3</str>
				<object id="filtersNEW">
					<object id="brightness">
						<int id="value">-24</int>
					</object>
					<object id="blur">
						<int id="value">5</int>
					</object>
					<object id="contrast">
						<int id="value">-6</int>
					</object>
					<object id="saturation">
						<int id="value">-48</int>
					</object>
				</object>
				<int id="h">1000</int>
				<object id="decos">
					<object id="tree_coniferous_2_1331931827745">
						<str id="name">tree_coniferous_2_1331931827745</str>
						<int id="y">808</int>
						<int id="h">486</int>
						<int id="z">4</int>
						<int id="w">272</int>
						<str id="sprite_class">tree_coniferous_2</str>
						<int id="x">2992</int>
					</object>
					<object id="tree_coniferous_fg_1_1332960978387">
						<str id="name">tree_coniferous_fg_1_1332960978386</str>
						<int id="y">808</int>
						<int id="h">566</int>
						<bool id="h_flip">true</bool>
						<int id="z">5</int>
						<int id="w">255</int>
						<str id="sprite_class">tree_coniferous_fg_1</str>
						<int id="x">651</int>
					</object>
					<object id="tree_deciduous3_1331931827742">
						<str id="name">tree_deciduous3_1331852911741</str>
						<int id="y">798</int>
						<int id="h">523</int>
						<int id="z">3</int>
						<int id="w">399</int>
						<str id="sprite_class">tree_deciduous3</str>
						<int id="x">4037</int>
					</object>
					<object id="tree_wallpaper_1a_1331852911673">
						<str id="name">tree_wallpaper_1a_1331848863351</str>
						<int id="y">892</int>
						<int id="h">793</int>
						<int id="z">2</int>
						<int id="w">1915</int>
						<str id="sprite_class">tree_wallpaper_1a</str>
						<int id="x">3792</int>
					</object>
					<object id="tree_wallpaper_1a_1331852911672">
						<str id="name">tree_wallpaper_1a_1331848863351</str>
						<int id="y">906</int>
						<int id="h">793</int>
						<int id="z">1</int>
						<int id="w">1915</int>
						<str id="sprite_class">tree_wallpaper_1a</str>
						<int id="x">2262</int>
					</object>
					<object id="tree_wallpaper_1a_1331848863351">
						<str id="name">tree_wallpaper_1a_1331848863351</str>
						<int id="y">906</int>
						<int id="h">793</int>
						<int id="z">0</int>
						<int id="w">1915</int>
						<str id="sprite_class">tree_wallpaper_1a</str>
						<int id="x">710</int>
					</object>
				</object>
				<int id="z">-4</int>
			</object>
			<object id="T_1331344663944">
				<int id="w">5400</int>
				<str id="name">bg1</str>
				<object id="filtersNEW">
					<object id="blur">
						<int id="value">2</int>
					</object>
					<object id="brightness">
						<int id="value">-18</int>
					</object>
					<object id="saturation">
						<int id="value">-40</int>
					</object>
				</object>
				<int id="h">1000</int>
				<object id="decos">
					<object id="groddle_bush7_1331852911723">
						<str id="name">groddle_bush7_1331852911719</str>
						<int id="y">880</int>
						<int id="h">124</int>
						<int id="z">0</int>
						<int id="w">524</int>
						<str id="sprite_class">groddle_bush7</str>
						<int id="x">1017</int>
					</object>
					<object id="groddle_bush7_1331852911722">
						<str id="name">groddle_bush7_1331852911719</str>
						<int id="y">836</int>
						<int id="h">124</int>
						<int id="z">3</int>
						<int id="w">524</int>
						<str id="sprite_class">groddle_bush7</str>
						<int id="x">228</int>
					</object>
					<object id="groddle_bush7_1331931827821">
						<str id="name">groddle_bush7_1331852911789</str>
						<int id="y">856</int>
						<int id="h">124</int>
						<int id="z">12</int>
						<int id="w">524</int>
						<str id="sprite_class">groddle_bush7</str>
						<int id="x">872</int>
					</object>
					<object id="tree_deciduous3_1331852911741">
						<str id="name">tree_deciduous3_1331852911741</str>
						<int id="y">805</int>
						<int id="h">651</int>
						<int id="z">4</int>
						<int id="w">497</int>
						<str id="sprite_class">tree_deciduous3</str>
						<int id="x">272</int>
					</object>
					<object id="tree_coniferous_fg_2_1331852911705">
						<str id="name">tree_coniferous_fg_2_1331852911687</str>
						<int id="y">929</int>
						<int id="h">1334</int>
						<int id="z">1</int>
						<int id="w">511</int>
						<str id="sprite_class">tree_coniferous_fg_2</str>
						<int id="x">855</int>
					</object>
					<object id="groddle_bush7_1331931827823">
						<str id="name">groddle_bush7_1331852911789</str>
						<int id="y">857</int>
						<int id="h">124</int>
						<int id="z">14</int>
						<int id="w">524</int>
						<str id="sprite_class">groddle_bush7</str>
						<int id="x">3431</int>
					</object>
					<object id="heights_bush_4_1331931827702">
						<str id="name">heights_bush_4_1331848863341</str>
						<int id="y">838</int>
						<int id="h">101</int>
						<bool id="h_flip">true</bool>
						<int id="z">10</int>
						<int id="w">428</int>
						<str id="sprite_class">heights_bush_4</str>
						<int id="x">3844</int>
						<int id="r">-1</int>
					</object>
					<object id="groddle_bush7_1331931827820">
						<str id="name">groddle_bush7_1331852911789</str>
						<int id="y">850</int>
						<int id="h">124</int>
						<bool id="h_flip">true</bool>
						<int id="z">11</int>
						<int id="w">524</int>
						<str id="sprite_class">groddle_bush7</str>
						<int id="x">1678</int>
					</object>
					<object id="tree_coniferous_fg_3_1331931827691">
						<str id="name">tree_coniferous_fg_3_1331852911739</str>
						<int id="y">857</int>
						<int id="h">749</int>
						<bool id="h_flip">true</bool>
						<int id="z">9</int>
						<int id="w">329</int>
						<str id="sprite_class">tree_coniferous_fg_3</str>
						<int id="x">4135</int>
					</object>
					<object id="tree_deciduous3_1331922160846">
						<str id="name">tree_deciduous3_1331852911741</str>
						<int id="y">809</int>
						<int id="h">651</int>
						<int id="z">5</int>
						<int id="w">497</int>
						<str id="sprite_class">tree_deciduous3</str>
						<int id="x">2871</int>
					</object>
					<object id="tree_coniferous_bare_1_1331931827826">
						<str id="name">tree_coniferous_bare_1_1331852911827</str>
						<int id="y">873</int>
						<int id="h">823</int>
						<int id="z">16</int>
						<int id="w">401</int>
						<str id="sprite_class">tree_coniferous_bare_1</str>
						<int id="x">4665</int>
					</object>
					<object id="tree_coniferous_fg_1_1331852911820">
						<str id="name">tree_coniferous_fg_1_1331852911724</str>
						<int id="y">909</int>
						<int id="h">908</int>
						<bool id="h_flip">true</bool>
						<int id="z">8</int>
						<int id="w">409</int>
						<str id="sprite_class">tree_coniferous_fg_1</str>
						<int id="x">1284</int>
					</object>
					<object id="tree_deciduous3_1331922160847">
						<str id="name">tree_deciduous3_1331852911741</str>
						<int id="y">842</int>
						<int id="h">651</int>
						<int id="z">6</int>
						<int id="w">497</int>
						<str id="sprite_class">tree_deciduous3</str>
						<int id="x">3981</int>
					</object>
					<object id="groddle_bush7_1331931827822">
						<str id="name">groddle_bush7_1331852911789</str>
						<int id="y">865</int>
						<int id="h">124</int>
						<int id="z">13</int>
						<int id="w">524</int>
						<str id="sprite_class">groddle_bush7</str>
						<int id="x">1335</int>
					</object>
					<object id="groddle_bush7_1331931827824">
						<str id="name">groddle_bush7_1331852911789</str>
						<int id="y">851</int>
						<int id="h">124</int>
						<bool id="h_flip">true</bool>
						<int id="z">15</int>
						<int id="w">524</int>
						<str id="sprite_class">groddle_bush7</str>
						<int id="x">5155</int>
					</object>
					<object id="groddle_bush7_1331852911721">
						<str id="name">groddle_bush7_1331852911719</str>
						<int id="y">866</int>
						<int id="h">124</int>
						<int id="z">2</int>
						<int id="w">524</int>
						<str id="sprite_class">groddle_bush7</str>
						<int id="x">556</int>
					</object>
					<object id="tree_deciduous3_1331852911819">
						<str id="name">tree_deciduous3_1331852911741</str>
						<int id="y">849</int>
						<int id="h">651</int>
						<int id="z">7</int>
						<int id="w">497</int>
						<str id="sprite_class">tree_deciduous3</str>
						<int id="x">1565</int>
					</object>
				</object>
				<int id="z">-2</int>
			</object>
			<object id="T_1331344663982">
				<int id="w">4800</int>
				<str id="name">bg2</str>
				<object id="filtersNEW">
					<object id="brightness">
						<int id="value">-18</int>
					</object>
					<object id="blur">
						<int id="value">3</int>
					</object>
					<object id="contrast">
						<int id="value">0</int>
					</object>
					<object id="saturation">
						<int id="value">-41</int>
					</object>
				</object>
				<int id="h">1000</int>
				<object id="decos">
					<object id="tree_coniferous_fg_2_1331922160850">
						<str id="name">tree_coniferous_fg_2_1331852911687</str>
						<int id="y">881</int>
						<int id="h">820</int>
						<int id="z">15</int>
						<int id="w">314</int>
						<str id="sprite_class">tree_coniferous_fg_2</str>
						<int id="x">2440</int>
					</object>
					<object id="tree_coniferous_bare_1_1331931827746">
						<str id="name">tree_coniferous_bare_1_1331852911827</str>
						<int id="y">827</int>
						<int id="h">593</int>
						<bool id="h_flip">true</bool>
						<int id="z">19</int>
						<int id="w">289</int>
						<str id="sprite_class">tree_coniferous_bare_1</str>
						<int id="x">2605</int>
						<int id="r">8</int>
					</object>
					<object id="tree_coniferous_fg_1_1331852911724">
						<str id="name">tree_coniferous_fg_1_1331852911724</str>
						<int id="y">881</int>
						<int id="h">746</int>
						<int id="z">10</int>
						<int id="w">336</int>
						<str id="sprite_class">tree_coniferous_fg_1</str>
						<int id="x">981</int>
					</object>
					<object id="tree_group_bg2_1_1331852911806">
						<str id="name">tree_group_bg2_1_1331852911702</str>
						<int id="y">957</int>
						<int id="h">771</int>
						<int id="z">3</int>
						<int id="w">551</int>
						<str id="sprite_class">tree_group_bg2_1</str>
						<int id="x">2160</int>
					</object>
					<object id="tree_group_bg2_1_1331852911808">
						<str id="name">tree_group_bg2_1_1331852911702</str>
						<int id="y">893</int>
						<int id="h">771</int>
						<int id="z">8</int>
						<int id="w">551</int>
						<str id="sprite_class">tree_group_bg2_1</str>
						<int id="x">4352</int>
					</object>
					<object id="tree_coniferous_fg_1_1331922160849">
						<str id="name">tree_coniferous_fg_1_1331852911724</str>
						<int id="y">852</int>
						<int id="h">746</int>
						<int id="z">12</int>
						<int id="w">336</int>
						<str id="sprite_class">tree_coniferous_fg_1</str>
						<int id="x">3124</int>
					</object>
					<object id="tree_coniferous_fg_2_1331852911826">
						<str id="name">tree_coniferous_fg_2_1331852911687</str>
						<int id="y">867</int>
						<int id="h">820</int>
						<bool id="h_flip">true</bool>
						<int id="z">13</int>
						<int id="w">314</int>
						<str id="sprite_class">tree_coniferous_fg_2</str>
						<int id="x">1589</int>
					</object>
					<object id="tree_group_bg2_1_1331852911704">
						<str id="name">tree_group_bg2_1_1331852911702</str>
						<int id="y">925</int>
						<int id="h">771</int>
						<int id="z">1</int>
						<int id="w">551</int>
						<str id="sprite_class">tree_group_bg2_1</str>
						<int id="x">1112</int>
					</object>
					<object id="tree_group_bg2_1_1331852911703">
						<str id="name">tree_group_bg2_1_1331852911702</str>
						<int id="y">878</int>
						<int id="h">771</int>
						<int id="z">0</int>
						<int id="w">551</int>
						<str id="sprite_class">tree_group_bg2_1</str>
						<int id="x">348</int>
					</object>
					<object id="tree_coniferous_bare_1_1331931827697">
						<str id="name">tree_coniferous_bare_1_1331852911827</str>
						<int id="y">819</int>
						<int id="h">593</int>
						<bool id="h_flip">true</bool>
						<int id="z">6</int>
						<int id="w">289</int>
						<str id="sprite_class">tree_coniferous_bare_1</str>
						<int id="x">3325</int>
					</object>
					<object id="tree_coniferous_fg_2_1331922160852">
						<str id="name">tree_coniferous_fg_2_1331852911687</str>
						<int id="y">839</int>
						<int id="h">820</int>
						<bool id="h_flip">true</bool>
						<int id="z">17</int>
						<int id="w">314</int>
						<str id="sprite_class">tree_coniferous_fg_2</str>
						<int id="x">4031</int>
					</object>
					<object id="tree_coniferous_fg_2_1331922160853">
						<str id="name">tree_coniferous_fg_2_1331852911687</str>
						<int id="y">820</int>
						<int id="h">820</int>
						<int id="z">18</int>
						<int id="w">314</int>
						<str id="sprite_class">tree_coniferous_fg_2</str>
						<int id="x">4766</int>
					</object>
					<object id="tree_coniferous_fg_2_1331931827739">
						<str id="name">tree_coniferous_fg_2_1331852911687</str>
						<int id="y">868</int>
						<int id="h">820</int>
						<int id="z">14</int>
						<int id="w">314</int>
						<str id="sprite_class">tree_coniferous_fg_2</str>
						<int id="x">4415</int>
					</object>
					<object id="tree_coniferous_bare_1_1331931827696">
						<str id="name">tree_coniferous_bare_1_1331852911827</str>
						<int id="y">799</int>
						<int id="h">593</int>
						<bool id="h_flip">true</bool>
						<int id="z">5</int>
						<int id="w">289</int>
						<str id="sprite_class">tree_coniferous_bare_1</str>
						<int id="x">4717</int>
					</object>
					<object id="tree_group_bg2_1_1331852911809">
						<str id="name">tree_group_bg2_1_1331852911702</str>
						<int id="y">919</int>
						<int id="h">771</int>
						<int id="z">9</int>
						<int id="w">551</int>
						<str id="sprite_class">tree_group_bg2_1</str>
						<int id="x">3716</int>
					</object>
					<object id="tree_coniferous_bare_1_1331852911828">
						<str id="name">tree_coniferous_bare_1_1331852911827</str>
						<int id="y">816</int>
						<int id="h">593</int>
						<bool id="h_flip">true</bool>
						<int id="z">4</int>
						<int id="w">289</int>
						<str id="sprite_class">tree_coniferous_bare_1</str>
						<int id="x">1796</int>
					</object>
					<object id="tree_group_bg2_1_1331852911805">
						<str id="name">tree_group_bg2_1_1331852911702</str>
						<int id="y">910</int>
						<int id="h">771</int>
						<int id="z">2</int>
						<int id="w">551</int>
						<str id="sprite_class">tree_group_bg2_1</str>
						<int id="x">1696</int>
					</object>
					<object id="tree_group_bg2_1_1331852911807">
						<str id="name">tree_group_bg2_1_1331852911702</str>
						<int id="y">909</int>
						<int id="h">771</int>
						<int id="z">7</int>
						<int id="w">551</int>
						<str id="sprite_class">tree_group_bg2_1</str>
						<int id="x">2871</int>
					</object>
					<object id="tree_coniferous_fg_1_1331922160848">
						<str id="name">tree_coniferous_fg_1_1331852911724</str>
						<int id="y">846</int>
						<int id="h">746</int>
						<int id="z">11</int>
						<int id="w">336</int>
						<str id="sprite_class">tree_coniferous_fg_1</str>
						<int id="x">2242</int>
					</object>
					<object id="tree_coniferous_fg_2_1331922160851">
						<str id="name">tree_coniferous_fg_2_1331852911687</str>
						<int id="y">889</int>
						<int id="h">820</int>
						<bool id="h_flip">true</bool>
						<int id="z">16</int>
						<int id="w">314</int>
						<str id="sprite_class">tree_coniferous_fg_2</str>
						<int id="x">3224</int>
					</object>
				</object>
				<int id="z">-3</int>
			</object>
			<object id="T_1331341122141">
				<int id="w">6186</int>
				<str id="name">foreground</str>
				<object id="filtersNEW">
					<object id="blur">
						<int id="value">2</int>
					</object>
					<object id="brightness">
						<int id="value">-17</int>
					</object>
					<object id="saturation">
						<int id="value">-27</int>
					</object>
				</object>
				<int id="h">1000</int>
				<object id="decos">
					<object id="groddle_bush1_1333412315561">
						<str id="name">groddle_bush1_1331931827708</str>
						<int id="y">1076</int>
						<int id="h">107</int>
						<int id="z">2</int>
						<int id="w">208</int>
						<str id="sprite_class">groddle_bush1</str>
						<int id="x">2815</int>
					</object>
					<object id="groddle_plant_1_1331931827830">
						<str id="name">groddle_plant_1_1331931827830</str>
						<int id="y">1019</int>
						<int id="h">105</int>
						<int id="z">8</int>
						<int id="w">99</int>
						<str id="sprite_class">groddle_plant_1</str>
						<int id="x">2311</int>
					</object>
					<object id="groddle_fern_1_1331931827831">
						<str id="name">groddle_fern_1_1331931827831</str>
						<int id="y">1034</int>
						<int id="h">75</int>
						<int id="z">9</int>
						<int id="w">126</int>
						<str id="sprite_class">groddle_fern_1</str>
						<int id="x">2091</int>
					</object>
					<object id="tree_deciduous1_1332960978381">
						<str id="name">tree_deciduous1_1331931827706</str>
						<int id="y">1520</int>
						<int id="h">632</int>
						<int id="z">11</int>
						<int id="w">562</int>
						<str id="sprite_class">tree_deciduous1</str>
						<int id="x">3086</int>
					</object>
					<object id="groddle_plant_2_1331931827710">
						<str id="name">groddle_plant_2_1331931827710</str>
						<int id="y">1019</int>
						<int id="h">147</int>
						<int id="z">0</int>
						<int id="w">64</int>
						<str id="sprite_class">groddle_plant_2</str>
						<int id="x">5552</int>
						<int id="r">-9</int>
					</object>
					<object id="groddle_plant_1_1331931827704">
						<str id="name">groddle_plant_1_1331931827703</str>
						<int id="y">1085</int>
						<int id="h">173</int>
						<int id="z">5</int>
						<int id="w">163</int>
						<str id="sprite_class">groddle_plant_1</str>
						<int id="x">3288</int>
						<int id="r">5</int>
					</object>
					<object id="tree_coniferous_fg_2_1333414327566">
						<str id="name">tree_coniferous_fg_2_1332974179720</str>
						<int id="y">1137</int>
						<int id="h">1593</int>
						<int id="z">12</int>
						<int id="w">739</int>
						<str id="sprite_class">tree_coniferous_fg_2</str>
						<int id="x">1686</int>
					</object>
					<object id="groddle_bush1_1331931827828">
						<str id="name">groddle_bush1_1331931827828</str>
						<int id="y">1066</int>
						<int id="h">145</int>
						<int id="z">6</int>
						<int id="w">291</int>
						<str id="sprite_class">groddle_bush1</str>
						<int id="x">2226</int>
						<int id="r">-4</int>
					</object>
					<object id="groddle_bush4_1331931827829">
						<str id="name">groddle_bush4_1331931827829</str>
						<int id="y">1038</int>
						<int id="h">98</int>
						<int id="z">7</int>
						<int id="w">198</int>
						<str id="sprite_class">groddle_bush4</str>
						<int id="x">2394</int>
					</object>
					<object id="groddle_plant_1_1331931827703">
						<str id="name">groddle_plant_1_1331931827703</str>
						<int id="y">1091</int>
						<int id="h">173</int>
						<int id="z">4</int>
						<int id="w">163</int>
						<str id="sprite_class">groddle_plant_1</str>
						<int id="x">184</int>
					</object>
					<object id="groddle_bush7_1331848863336">
						<str id="name">groddle_bush7_1331848863335</str>
						<int id="y">1075</int>
						<int id="h">157</int>
						<int id="z">3</int>
						<int id="w">663</int>
						<str id="sprite_class">groddle_bush7</str>
						<int id="x">161</int>
					</object>
					<object id="tree_coniferous_fg_1_1332960978371">
						<str id="name">tree_coniferous_fg_1_1331852911755</str>
						<int id="y">1072</int>
						<int id="h">1650</int>
						<int id="z">10</int>
						<int id="w">743</int>
						<str id="sprite_class">tree_coniferous_fg_1</str>
						<int id="x">5619</int>
					</object>
					<object id="groddle_bush1_1331931827708">
						<str id="name">groddle_bush1_1331931827708</str>
						<int id="y">1063</int>
						<int id="h">107</int>
						<bool id="h_flip">true</bool>
						<int id="z">1</int>
						<int id="w">208</int>
						<str id="sprite_class">groddle_bush1</str>
						<int id="x">3347</int>
					</object>
				</object>
				<int id="z">2</int>
			</object>
			<object id="T_1331341122118">
				<int id="w">6000</int>
				<str id="name">middleplus</str>
				<object id="filtersNEW">
					<object id="brightness">
						<int id="value">-32</int>
					</object>
					<object id="contrast">
						<int id="value">-8</int>
					</object>
					<object id="saturation">
						<int id="value">-27</int>
					</object>
				</object>
				<int id="h">1000</int>
				<object id="decos">
					<object id="flower_bush_7_1331931827794">
						<str id="name">flower_bush_7_1331931827793</str>
						<int id="y">1019</int>
						<int id="h">101</int>
						<int id="z">0</int>
						<int id="w">188</int>
						<str id="sprite_class">flower_bush_7</str>
						<int id="x">5531</int>
					</object>
					<object id="bush_seethrough_01b_g1_1332974179703">
						<str id="name">bush_seethrough_01b_g1_1332974179702</str>
						<int id="y">1020</int>
						<int id="h">123</int>
						<int id="z">8</int>
						<int id="w">303</int>
						<str id="sprite_class">bush_seethrough_01b_g1</str>
						<int id="x">101</int>
					</object>
					<object id="groddle_bush7_1331931827803">
						<str id="name">groddle_bush7_1331931827802</str>
						<int id="y">1043</int>
						<int id="h">124</int>
						<bool id="h_flip">true</bool>
						<int id="z">2</int>
						<int id="w">524</int>
						<str id="sprite_class">groddle_bush7</str>
						<int id="x">5854</int>
					</object>
					<object id="groddle_plant_3_1331931827804">
						<str id="name">groddle_plant_3_1331931827804</str>
						<int id="y">1001</int>
						<int id="h">67</int>
						<int id="z">1</int>
						<int id="w">140</int>
						<str id="sprite_class">groddle_plant_3</str>
						<int id="x">5633</int>
						<int id="r">-5</int>
					</object>
				</object>
				<int id="z">1</int>
			</object>
		</object>
		<str id="music_file"></str>
		<str id="tsid">LA5VFMEIT8S2PPV</str>
		<int id="ground_y">-125</int>
		<null id="loading_label"/>
		<null id="img_file_versioned"/>
		<int id="rookable_type">0</int>
		<object id="gradient">
			<str id="top">6E9182</str>
			<str id="bottom">E8FCFC</str>
		</object>
		<null id="physics"/>
		<str id="swf_file_versioned">http://c2.glitch.bz/locations/groddle1/1334365832.swf</str>
		<object id="sources">
			<int id="LA5FBH56QKR29RK">1</int>
			<int id="LA582EG1QLS20BF">1</int>
		</object>
	</object>
</game_object>
