<game_object tsid="GA912MO0D49290D" ts="1336604368921" label="for1" class_tsid="" lastUpdateTime="1336604358659" upd_gs="gs7" load_time="2012-05-09 15:54:38.885" upd_time="2012-05-09 15:59:24.320">
	<object id="dynamic">
		<int id="l">-3000</int>
		<int id="r">3000</int>
		<int id="t">-1000</int>
		<int id="b">0</int>
		<str id="label">for1</str>
		<str id="swf_file">groddle1.swf</str>
		<object id="layers">
			<object id="T_1312946075732">
				<object id="filtersNEW">
					<object id="brightness">
						<int id="value">-18</int>
					</object>
					<object id="saturation">
						<int id="value">-39</int>
					</object>
				</object>
				<object id="decos">
					<object id="tree_coniferous_fg_2_1312946075733">
						<int id="w">833</int>
						<int id="z">2</int>
						<int id="x">2099</int>
						<int id="y">1104</int>
						<str id="name">tree_coniferous_fg_2_1312946075733</str>
						<str id="sprite_class">tree_coniferous_fg_2</str>
						<int id="h">1796</int>
					</object>
					<object id="pinecluster_mask_1_1312946075734">
						<int id="w">588</int>
						<int id="z">3</int>
						<int id="x">2038</int>
						<int id="y">1062</int>
						<str id="name">pinecluster_mask_1_1312946075734</str>
						<str id="sprite_class">pinecluster_mask_1</str>
						<int id="h">228</int>
					</object>
					<object id="bush_3_1312946075777">
						<int id="w">329</int>
						<int id="z">5</int>
						<int id="x">783</int>
						<int id="y">1051</int>
						<str id="name">bush_3_1312884121031</str>
						<str id="sprite_class">bush_3</str>
						<int id="h">109</int>
					</object>
					<object id="heights_bush_4_1312946075736">
						<int id="w">524</int>
						<int id="z">1</int>
						<int id="r">-13</int>
						<int id="x">1797</int>
						<int id="y">1068</int>
						<str id="name">heights_bush_4_1312946075735</str>
						<str id="sprite_class">heights_bush_4</str>
						<int id="h">124</int>
					</object>
					<object id="tree_coniferous_fg_1_1312946075846">
						<int id="w">811</int>
						<int id="z">6</int>
						<int id="x">3000</int>
						<int id="y">1102</int>
						<str id="name">tree_coniferous_fg_1_1312946075846</str>
						<str id="sprite_class">tree_coniferous_fg_1</str>
						<int id="h">1801</int>
					</object>
					<object id="heights_bush_4_1312946075735">
						<int id="w">524</int>
						<int id="z">0</int>
						<int id="x">2240</int>
						<int id="y">1055</int>
						<str id="name">heights_bush_4_1312946075735</str>
						<str id="sprite_class">heights_bush_4</str>
						<int id="h">124</int>
					</object>
					<object id="tree_coniferous_fg_1_1312965035734">
						<int id="w">809</int>
						<int id="z">7</int>
						<int id="x">4801</int>
						<int id="y">1128</int>
						<str id="name">tree_coniferous_fg_1_1312965035734</str>
						<str id="sprite_class">tree_coniferous_fg_1</str>
						<int id="h">1797</int>
					</object>
					<object id="groddle_bush7_1312946075769">
						<int id="w">879</int>
						<int id="z">4</int>
						<int id="x">308</int>
						<int id="y">1016</int>
						<str id="name">groddle_bush7_1312946075769</str>
						<str id="sprite_class">groddle_bush7</str>
						<int id="h">208</int>
					</object>
					<object id="groddle_bush7_1312946075774">
						<int id="w">879</int>
						<int id="z">4</int>
						<int id="x">308</int>
						<int id="y">1016</int>
						<str id="name">groddle_bush7_1312946075769</str>
						<str id="sprite_class">groddle_bush7</str>
						<int id="h">208</int>
					</object>
				</object>
				<int id="w">6180</int>
				<int id="z">1</int>
				<str id="name">plus</str>
				<int id="h">1000</int>
			</object>
			<object id="T_1312965035718">
				<object id="filtersNEW">
					<object id="brightness">
						<int id="value">-27</int>
					</object>
					<object id="saturation">
						<int id="value">-41</int>
					</object>
				</object>
				<object id="decos">
					<object id="tree_group_bg2_1_1312965035728">
						<int id="w">438</int>
						<int id="z">5</int>
						<int id="x">4430</int>
						<int id="y">783</int>
						<str id="name">tree_group_bg2_1_1312965035725</str>
						<str id="sprite_class">tree_group_bg2_1</str>
						<int id="h">573</int>
					</object>
					<object id="tree_group_bg2_1_1312965035729">
						<int id="w">356</int>
						<int id="z">6</int>
						<int id="x">1189</int>
						<int id="y">713</int>
						<str id="name">tree_group_bg2_1_1312965035725</str>
						<str id="sprite_class">tree_group_bg2_1</str>
						<int id="h">466</int>
					</object>
					<object id="tree_group_bg2_1_1312965035727">
						<int id="w">438</int>
						<int id="z">2</int>
						<int id="x">3549</int>
						<int id="y">762</int>
						<str id="name">tree_group_bg2_1_1312965035725</str>
						<str id="sprite_class">tree_group_bg2_1</str>
						<int id="h">573</int>
					</object>
					<object id="tree_coniferous_bare_1_1312965035719">
						<int id="w">358</int>
						<int id="z">3</int>
						<int id="x">4078</int>
						<int id="y">722</int>
						<str id="name">tree_coniferous_bare_1_1312965035719</str>
						<str id="sprite_class">tree_coniferous_bare_1</str>
						<int id="h">735</int>
					</object>
					<object id="tree_group_bg2_1_1312965035730">
						<int id="w">438</int>
						<int id="z">1</int>
						<int id="x">1998</int>
						<int id="y">803</int>
						<str id="name">tree_group_bg2_1_1312965035725</str>
						<str id="sprite_class">tree_group_bg2_1</str>
						<int id="h">573</int>
					</object>
					<object id="tree_coniferous_fg_2_1312965035720">
						<int id="w">487</int>
						<int id="z">4</int>
						<int id="x">3775</int>
						<int id="y">791</int>
						<str id="name">tree_coniferous_fg_2_1312965035720</str>
						<str id="sprite_class">tree_coniferous_fg_2</str>
						<int id="h">1050</int>
					</object>
					<object id="tree_group_bg2_1_1312965035731">
						<int id="w">438</int>
						<int id="z">0</int>
						<int id="r">-3</int>
						<int id="x">3020</int>
						<int id="y">795</int>
						<str id="name">tree_group_bg2_1_1312965035725</str>
						<str id="sprite_class">tree_group_bg2_1</str>
						<int id="h">573</int>
					</object>
					<object id="tree_coniferous_fg_2_1312965035732">
						<int id="w">401</int>
						<int id="z">7</int>
						<int id="x">2794</int>
						<int id="y">816</int>
						<str id="name">tree_coniferous_fg_2_1312965035732</str>
						<str id="sprite_class">tree_coniferous_fg_2</str>
						<int id="h">865</int>
					</object>
				</object>
				<int id="w">5100</int>
				<int id="z">-2</int>
				<str id="name">T_1312965035718</str>
				<int id="h">990</int>
			</object>
			<object id="T_1312877707001">
				<object id="filtersNEW">
					<object id="contrast">
						<int id="value">-5</int>
					</object>
					<object id="brightness">
						<int id="value">-9</int>
					</object>
					<object id="saturation">
						<int id="value">-21</int>
					</object>
				</object>
				<object id="decos">
					<object id="tree_wallpaper_1a_1312946075799">
						<int id="w">1400</int>
						<int id="z">2</int>
						<int id="x">4031</int>
						<int id="y">743</int>
						<str id="name">tree_wallpaper_1a_1312884121013</str>
						<str id="sprite_class">tree_wallpaper_1a</str>
						<int id="h">520</int>
					</object>
					<object id="tree_wallpaper_1a_1312946075800">
						<int id="w">1400</int>
						<int id="z">3</int>
						<int id="x">4677</int>
						<int id="y">739</int>
						<str id="name">tree_wallpaper_1a_1312884121013</str>
						<str id="sprite_class">tree_wallpaper_1a</str>
						<int id="h">520</int>
					</object>
					<object id="tree_wallpaper_1a_1312884121014">
						<int id="w">1400</int>
						<int id="z">0</int>
						<int id="x">1612</int>
						<int id="y">749</int>
						<str id="name">tree_wallpaper_1a_1312884121013</str>
						<str id="sprite_class">tree_wallpaper_1a</str>
						<int id="h">520</int>
					</object>
					<object id="tree_wallpaper_1a_1312884121013">
						<int id="w">1400</int>
						<int id="z">4</int>
						<int id="r">3</int>
						<int id="x">408</int>
						<int id="y">700</int>
						<str id="name">tree_wallpaper_1a_1312884121013</str>
						<str id="sprite_class">tree_wallpaper_1a</str>
						<int id="h">520</int>
					</object>
					<object id="tree_wallpaper_1a_1312946075731">
						<int id="w">1400</int>
						<int id="z">1</int>
						<int id="x">2822</int>
						<int id="y">761</int>
						<str id="name">tree_wallpaper_1a_1312884121013</str>
						<str id="sprite_class">tree_wallpaper_1a</str>
						<int id="h">520</int>
					</object>
					<object id="groddle_bush7_1312946075769">
						<int id="w">524</int>
						<int id="z">10</int>
						<int id="x">1863</int>
						<int id="y">744</int>
						<str id="name">groddle_bush7_1312946075769</str>
						<str id="sprite_class">groddle_bush7</str>
						<int id="h">124</int>
					</object>
					<object id="groddle_bush7_1312946075859">
						<int id="w">524</int>
						<int id="z">12</int>
						<int id="x">4269</int>
						<int id="y">710</int>
						<str id="name">groddle_bush7_1312946075769</str>
						<str id="sprite_class">groddle_bush7</str>
						<int id="h">124</int>
					</object>
					<object id="groddle_bush7_1312946075770">
						<int id="w">524</int>
						<int id="z">5</int>
						<int id="x">2418</int>
						<int id="y">774</int>
						<str id="name">groddle_bush7_1312946075769</str>
						<str id="sprite_class">groddle_bush7</str>
						<int id="h">124</int>
					</object>
					<object id="groddle_bush7_1312946075858">
						<int id="w">524</int>
						<int id="z">11</int>
						<int id="r">-5</int>
						<int id="x">2857</int>
						<int id="y">753</int>
						<str id="name">groddle_bush7_1312946075769</str>
						<str id="sprite_class">groddle_bush7</str>
						<int id="h">124</int>
					</object>
					<object id="groddle_bush7_1312946075772">
						<int id="w">524</int>
						<bool id="h_flip">true</bool>
						<int id="x">1549</int>
						<int id="y">746</int>
						<str id="name">groddle_bush7_1312946075769</str>
						<int id="z">9</int>
						<str id="sprite_class">groddle_bush7</str>
						<int id="h">124</int>
					</object>
					<object id="groddle_bush7_1312946075860">
						<int id="w">524</int>
						<int id="z">13</int>
						<int id="x">4570</int>
						<int id="y">718</int>
						<str id="name">groddle_bush7_1312946075769</str>
						<str id="sprite_class">groddle_bush7</str>
						<int id="h">124</int>
					</object>
					<object id="groddle_bush7_1312946075857">
						<int id="w">524</int>
						<bool id="h_flip">true</bool>
						<int id="r">-1</int>
						<int id="x">3382</int>
						<int id="y">721</int>
						<str id="name">groddle_bush7_1312946075769</str>
						<int id="z">8</int>
						<str id="sprite_class">groddle_bush7</str>
						<int id="h">124</int>
					</object>
					<object id="groddle_bush7_1312946075771">
						<int id="w">524</int>
						<int id="z">6</int>
						<int id="x">2191</int>
						<int id="y">760</int>
						<str id="name">groddle_bush7_1312946075769</str>
						<str id="sprite_class">groddle_bush7</str>
						<int id="h">124</int>
					</object>
					<object id="groddle_bush7_1312946075856">
						<int id="w">524</int>
						<int id="z">7</int>
						<int id="x">3688</int>
						<int id="y">717</int>
						<str id="name">groddle_bush7_1312946075769</str>
						<str id="sprite_class">groddle_bush7</str>
						<int id="h">124</int>
					</object>
					<object id="groddle_bush7_1312946075773">
						<int id="w">524</int>
						<int id="z">10</int>
						<int id="x">1863</int>
						<int id="y">744</int>
						<str id="name">groddle_bush7_1312946075769</str>
						<str id="sprite_class">groddle_bush7</str>
						<int id="h">124</int>
					</object>
				</object>
				<int id="w">4698</int>
				<int id="z">-3</int>
				<str id="name">T_1312877707001</str>
				<int id="h">980</int>
			</object>
			<object id="T_1312884120957">
				<object id="filtersNEW">
					<object id="brightness">
						<int id="value">-19</int>
					</object>
					<object id="saturation">
						<int id="value">-29</int>
					</object>
				</object>
				<object id="decos">
					<object id="tree_coniferous_fg_1_1312965035709">
						<int id="w">472</int>
						<int id="z">84</int>
						<int id="x">2137</int>
						<int id="y">831</int>
						<str id="name">tree_coniferous_fg_1_1312965035708</str>
						<str id="sprite_class">tree_coniferous_fg_1</str>
						<int id="h">1048</int>
					</object>
					<object id="dirt_crosssection_short_curve_1312944346794">
						<int id="w">219</int>
						<bool id="h_flip">true</bool>
						<int id="r">-5</int>
						<int id="x">2358</int>
						<int id="y">851</int>
						<str id="name">dirt_crosssection_short_curve_1312944346792</str>
						<int id="z">58</int>
						<str id="sprite_class">dirt_crosssection_short_curve</str>
						<int id="h">165</int>
					</object>
					<object id="heights_moss_1_1312884120986">
						<int id="w">162</int>
						<int id="z">37</int>
						<int id="x">54</int>
						<int id="y">633</int>
						<str id="name">heights_moss_1_1312884120986</str>
						<str id="sprite_class">heights_moss_1</str>
						<int id="h">88</int>
					</object>
					<object id="tree_coniferous_fg_2_1312965035707">
						<int id="w">507</int>
						<int id="z">83</int>
						<int id="x">2380</int>
						<int id="y">815</int>
						<str id="name">tree_coniferous_fg_2_1312965035707</str>
						<str id="sprite_class">tree_coniferous_fg_2</str>
						<int id="h">1093</int>
					</object>
					<object id="heights_moss_2_1312884120987">
						<int id="w">369</int>
						<int id="z">33</int>
						<int id="x">311</int>
						<int id="y">535</int>
						<str id="name">heights_moss_2_1312884120985</str>
						<str id="sprite_class">heights_moss_2</str>
						<int id="h">44</int>
					</object>
					<object id="bush_3_1312946075843">
						<int id="w">130</int>
						<bool id="h_flip">true</bool>
						<int id="x">4898</int>
						<int id="y">707</int>
						<str id="name">bush_3_1312946075841</str>
						<int id="z">81</int>
						<str id="sprite_class">bush_3</str>
						<int id="h">46</int>
					</object>
					<object id="bush_3_1312884121005">
						<int id="w">165</int>
						<int id="z">40</int>
						<int id="r">6</int>
						<int id="x">179</int>
						<int id="y">503</int>
						<str id="name">bush_3_1312884121004</str>
						<str id="sprite_class">bush_3</str>
						<int id="h">58</int>
					</object>
					<object id="tree_coniferous_fg_4_1312965035722">
						<int id="w">402</int>
						<int id="z">75</int>
						<int id="x">3505</int>
						<int id="y">722</int>
						<str id="name">tree_coniferous_fg_4_1312965035722</str>
						<str id="sprite_class">tree_coniferous_fg_4</str>
						<int id="h">801</int>
					</object>
					<object id="bush_3_1312884121004">
						<int id="w">165</int>
						<int id="z">39</int>
						<int id="x">33</int>
						<int id="y">501</int>
						<str id="name">bush_3_1312884121004</str>
						<str id="sprite_class">bush_3</str>
						<int id="h">58</int>
					</object>
					<object id="ground_forest_terrain_plat_01_1312884121023">
						<int id="w">658</int>
						<int id="z">51</int>
						<int id="x">1218</int>
						<int id="y">780</int>
						<str id="name">ground_forest_terrain_plat_01_1312884121023</str>
						<str id="sprite_class">ground_forest_terrain_plat_01</str>
						<int id="h">185</int>
					</object>
					<object id="tree_coniferous_fg_3_1312884120995">
						<int id="w">320</int>
						<int id="z">41</int>
						<int id="x">100</int>
						<int id="y">517</int>
						<str id="name">tree_coniferous_fg_3_1312884120995</str>
						<str id="sprite_class">tree_coniferous_fg_3</str>
						<int id="h">729</int>
					</object>
					<object id="heights_topper_2_1312884120976">
						<int id="w">145</int>
						<int id="z">27</int>
						<int id="r">10</int>
						<int id="x">12</int>
						<int id="y">601</int>
						<str id="name">heights_topper_2_1312884120971</str>
						<str id="sprite_class">heights_topper_2</str>
						<int id="h">60</int>
					</object>
					<object id="cliff_cover_5_1312884120959">
						<int id="w">783</int>
						<bool id="h_flip">true</bool>
						<int id="r">-8</int>
						<int id="x">507</int>
						<int id="y">899</int>
						<str id="name">cliff_cover_5_1312884120958</str>
						<int id="z">20</int>
						<str id="sprite_class">cliff_cover_5</str>
						<int id="h">341</int>
					</object>
					<object id="heights_moss_2_1312884120989">
						<int id="w">369</int>
						<int id="z">35</int>
						<int id="x">395</int>
						<int id="y">594</int>
						<str id="name">heights_moss_2_1312884120985</str>
						<str id="sprite_class">heights_moss_2</str>
						<int id="h">44</int>
					</object>
					<object id="tree_coniferous_fg_4_1312965035705">
						<int id="w">425</int>
						<int id="z">82</int>
						<int id="x">5263</int>
						<int id="y">711</int>
						<str id="name">tree_coniferous_fg_4_1312965035705</str>
						<str id="sprite_class">tree_coniferous_fg_4</str>
						<int id="h">847</int>
					</object>
					<object id="heights_topper_2_1312884120972">
						<int id="w">145</int>
						<int id="z">26</int>
						<int id="r">10</int>
						<int id="x">505</int>
						<int id="y">618</int>
						<str id="name">heights_topper_2_1312884120971</str>
						<str id="sprite_class">heights_topper_2</str>
						<int id="h">60</int>
					</object>
					<object id="tree_coniferous_fg_2_1312946075825">
						<int id="w">498</int>
						<int id="z">73</int>
						<int id="x">4295</int>
						<int id="y">719</int>
						<str id="name">tree_coniferous_fg_2_1312946075825</str>
						<str id="sprite_class">tree_coniferous_fg_2</str>
						<int id="h">1074</int>
					</object>
					<object id="tree_coniferous_fg_1_1312884121029">
						<int id="w">486</int>
						<int id="z">53</int>
						<int id="x">1513</int>
						<int id="y">836</int>
						<str id="name">tree_coniferous_fg_1_1312884121029</str>
						<str id="sprite_class">tree_coniferous_fg_1</str>
						<int id="h">1080</int>
					</object>
					<object id="tree_coniferous_2_1312965035717">
						<int id="w">515</int>
						<int id="z">72</int>
						<int id="x">4480</int>
						<int id="y">721</int>
						<str id="name">tree_coniferous_2_1312965035717</str>
						<str id="sprite_class">tree_coniferous_2</str>
						<int id="h">920</int>
					</object>
					<object id="tree_coniferous_fg_1_1312946075826">
						<int id="w">527</int>
						<int id="z">74</int>
						<int id="x">4624</int>
						<int id="y">720</int>
						<str id="name">tree_coniferous_fg_1_1312946075826</str>
						<str id="sprite_class">tree_coniferous_fg_1</str>
						<int id="h">1171</int>
					</object>
					<object id="ground_forest_terrain_plat_02_1312884121026">
						<int id="w">380</int>
						<bool id="h_flip">true</bool>
						<int id="r">1</int>
						<int id="x">1535</int>
						<int id="y">727</int>
						<str id="name">ground_forest_terrain_plat_02_1312884121025</str>
						<int id="z">50</int>
						<str id="sprite_class">ground_forest_terrain_plat_02</str>
						<int id="h">85</int>
					</object>
					<object id="dirt_patch_1_1312944346798">
						<int id="w">303</int>
						<bool id="h_flip">true</bool>
						<int id="x">2159</int>
						<int id="y">760</int>
						<str id="name">dirt_patch_1_1312944346797</str>
						<int id="z">13</int>
						<str id="sprite_class">dirt_patch_1</str>
						<int id="h">96</int>
					</object>
					<object id="bush_3_1312946075842">
						<int id="w">130</int>
						<bool id="h_flip">true</bool>
						<int id="x">4330</int>
						<int id="y">688</int>
						<str id="name">bush_3_1312946075841</str>
						<int id="z">68</int>
						<str id="sprite_class">bush_3</str>
						<int id="h">46</int>
					</object>
					<object id="dirt_platform_short_1312944346799">
						<int id="w">261</int>
						<int id="z">10</int>
						<int id="r">-185</int>
						<int id="x">1994</int>
						<int id="y">706</int>
						<str id="name">dirt_platform_short_1312944346799</str>
						<str id="sprite_class">dirt_platform_short</str>
						<int id="h">61</int>
					</object>
					<object id="bush_3_1312946075767">
						<int id="w">283</int>
						<int id="z">61</int>
						<int id="x">3075</int>
						<int id="y">801</int>
						<str id="name">bush_3_1312946075767</str>
						<str id="sprite_class">bush_3</str>
						<int id="h">100</int>
					</object>
					<object id="tree_group_bg2_1_1312946075741">
						<int id="w">438</int>
						<int id="z">4</int>
						<int id="x">1695</int>
						<int id="y">813</int>
						<str id="name">tree_group_bg2_1_1312946075738</str>
						<str id="sprite_class">tree_group_bg2_1</str>
						<int id="h">573</int>
					</object>
					<object id="heights_topper_2_1312884120971">
						<int id="w">145</int>
						<int id="z">29</int>
						<int id="r">10</int>
						<int id="x">556</int>
						<int id="y">627</int>
						<str id="name">heights_topper_2_1312884120971</str>
						<str id="sprite_class">heights_topper_2</str>
						<int id="h">60</int>
					</object>
					<object id="dirt_platform_long_1312946075818">
						<int id="w">1042</int>
						<int id="z">2</int>
						<int id="r">-5</int>
						<int id="x">3089</int>
						<int id="y">798</int>
						<str id="name">dirt_platform_long_1312946075818</str>
						<str id="sprite_class">dirt_platform_long</str>
						<int id="h">78</int>
					</object>
					<object id="bush_2_1312946075768">
						<int id="w">195</int>
						<int id="z">62</int>
						<int id="r">-2</int>
						<int id="x">2968</int>
						<int id="y">792</int>
						<str id="name">bush_2_1312946075768</str>
						<str id="sprite_class">bush_2</str>
						<int id="h">75</int>
					</object>
					<object id="dirt_platform_short_1312944346800">
						<int id="w">261</int>
						<int id="z">9</int>
						<int id="r">-180</int>
						<int id="x">1927</int>
						<int id="y">710</int>
						<str id="name">dirt_platform_short_1312944346799</str>
						<str id="sprite_class">dirt_platform_short</str>
						<int id="h">61</int>
					</object>
					<object id="dirt_crosssection_short_1312944346796">
						<int id="w">129</int>
						<int id="z">59</int>
						<int id="r">7</int>
						<int id="x">2509</int>
						<int id="y">827</int>
						<str id="name">dirt_crosssection_short_1312944346796</str>
						<str id="sprite_class">dirt_crosssection_short</str>
						<int id="h">73</int>
					</object>
					<object id="heights_bush_4_1312884121043">
						<int id="w">492</int>
						<bool id="h_flip">true</bool>
						<int id="x">1215</int>
						<int id="y">775</int>
						<str id="name">heights_bush_4_1312884121041</str>
						<int id="z">55</int>
						<str id="sprite_class">heights_bush_4</str>
						<int id="h">98</int>
					</object>
					<object id="tree_base_root_1_1312884121001">
						<int id="w">63</int>
						<bool id="h_flip">true</bool>
						<int id="r">3</int>
						<int id="x">672</int>
						<int id="y">583</int>
						<str id="name">tree_base_root_1_1312884121000</str>
						<int id="z">45</int>
						<str id="sprite_class">tree_base_root_1</str>
						<int id="h">37</int>
					</object>
					<object id="dirt_horizon_1312884121017">
						<int id="w">1215</int>
						<bool id="h_flip">true</bool>
						<int id="x">1434</int>
						<int id="y">801</int>
						<str id="name">dirt_horizon_1312884121017</str>
						<int id="z">48</int>
						<str id="sprite_class">dirt_horizon</str>
						<int id="h">91</int>
					</object>
					<object id="dirt_horizon_1312946075817">
						<int id="w">1099</int>
						<bool id="h_flip">true</bool>
						<int id="r">-3</int>
						<int id="x">3686</int>
						<int id="y">768</int>
						<str id="name">dirt_horizon_1312946075817</str>
						<int id="z">3</int>
						<str id="sprite_class">dirt_horizon</str>
						<int id="h">99</int>
					</object>
					<object id="heights_moss_2_1312884120985">
						<int id="w">369</int>
						<int id="z">30</int>
						<int id="x">83</int>
						<int id="y">519</int>
						<str id="name">heights_moss_2_1312884120985</str>
						<str id="sprite_class">heights_moss_2</str>
						<int id="h">44</int>
					</object>
					<object id="heights_moss_2_1312884120994">
						<int id="w">199</int>
						<int id="z">38</int>
						<int id="r">4</int>
						<int id="x">515</int>
						<int id="y">557</int>
						<str id="name">heights_moss_2_1312884120994</str>
						<str id="sprite_class">heights_moss_2</str>
						<int id="h">44</int>
					</object>
					<object id="bush_3_1312946075844">
						<int id="w">130</int>
						<int id="z">70</int>
						<int id="r">5</int>
						<int id="x">4718</int>
						<int id="y">693</int>
						<str id="name">bush_3_1312946075841</str>
						<str id="sprite_class">bush_3</str>
						<int id="h">46</int>
					</object>
					<object id="tree_coniferous_fg_1_1312965035706">
						<int id="w">510</int>
						<int id="z">6</int>
						<int id="x">3866</int>
						<int id="y">764</int>
						<str id="name">tree_coniferous_fg_1_1312965035706</str>
						<str id="sprite_class">tree_coniferous_fg_1</str>
						<int id="h">1345</int>
					</object>
					<object id="dirt_patch_1_1312944346797">
						<int id="w">303</int>
						<int id="z">14</int>
						<int id="x">2308</int>
						<int id="y">763</int>
						<str id="name">dirt_patch_1_1312944346797</str>
						<str id="sprite_class">dirt_patch_1</str>
						<int id="h">96</int>
					</object>
					<object id="dirt_crosssection_short_curve_4_1312944346793">
						<int id="w">180</int>
						<int id="z">57</int>
						<int id="x">2193</int>
						<int id="y">813</int>
						<str id="name">dirt_crosssection_short_curve_4_1312944346793</str>
						<str id="sprite_class">dirt_crosssection_short_curve_4</str>
						<int id="h">123</int>
					</object>
					<object id="pinecluster_mask_1_1312946075838">
						<int id="w">286</int>
						<int id="z">67</int>
						<int id="x">4805</int>
						<int id="y">693</int>
						<str id="name">pinecluster_mask_1_1312946075837</str>
						<str id="sprite_class">pinecluster_mask_1</str>
						<int id="h">111</int>
					</object>
					<object id="heights_topper_1_1312884120974">
						<int id="w">269</int>
						<int id="z">24</int>
						<int id="r">7</int>
						<int id="x">391</int>
						<int id="y">619</int>
						<str id="name">heights_topper_1_1312884120970</str>
						<str id="sprite_class">heights_topper_1</str>
						<int id="h">69</int>
					</object>
					<object id="ground_forest_terrain_plat_02_1312884121025">
						<int id="w">380</int>
						<bool id="h_flip">true</bool>
						<int id="x">1611</int>
						<int id="y">774</int>
						<str id="name">ground_forest_terrain_plat_02_1312884121025</str>
						<int id="z">49</int>
						<str id="sprite_class">ground_forest_terrain_plat_02</str>
						<int id="h">85</int>
					</object>
					<object id="tree_coniferous_fg_2_1312884121028">
						<int id="w">490</int>
						<int id="z">15</int>
						<int id="x">958</int>
						<int id="y">769</int>
						<str id="name">tree_coniferous_fg_2_1312884121028</str>
						<str id="sprite_class">tree_coniferous_fg_2</str>
						<int id="h">1056</int>
					</object>
					<object id="heights_bush_4_1312946075766">
						<int id="w">524</int>
						<int id="z">60</int>
						<int id="x">3253</int>
						<int id="y">802</int>
						<str id="name">heights_bush_4_1312946075766</str>
						<str id="sprite_class">heights_bush_4</str>
						<int id="h">124</int>
					</object>
					<object id="tree_group_bg2_1_1312946075739">
						<int id="w">438</int>
						<int id="z">5</int>
						<int id="x">818</int>
						<int id="y">759</int>
						<str id="name">tree_group_bg2_1_1312946075738</str>
						<str id="sprite_class">tree_group_bg2_1</str>
						<int id="h">573</int>
					</object>
					<object id="tree_coniferous_fg_1_1312965035733">
						<int id="w">454</int>
						<int id="z">86</int>
						<int id="x">2743</int>
						<int id="y">791</int>
						<str id="name">tree_coniferous_fg_1_1312965035733</str>
						<str id="sprite_class">tree_coniferous_fg_1</str>
						<int id="h">1008</int>
					</object>
					<object id="tree_base_root_1_1312884120997">
						<int id="w">74</int>
						<int id="z">43</int>
						<int id="x">46</int>
						<int id="y">518</int>
						<str id="name">tree_base_root_1_1312884120997</str>
						<str id="sprite_class">tree_base_root_1</str>
						<int id="h">43</int>
					</object>
					<object id="bush_3_1312946075841">
						<int id="w">130</int>
						<int id="z">71</int>
						<int id="x">4405</int>
						<int id="y">696</int>
						<str id="name">bush_3_1312946075841</str>
						<str id="sprite_class">bush_3</str>
						<int id="h">46</int>
					</object>
					<object id="dirt_platform_long_1312946075820">
						<int id="w">1042</int>
						<int id="z">1</int>
						<int id="r">1</int>
						<int id="x">5197</int>
						<int id="y">745</int>
						<str id="name">dirt_platform_long_1312946075818</str>
						<str id="sprite_class">dirt_platform_long</str>
						<int id="h">78</int>
					</object>
					<object id="tree_base_root_3_1312965035723">
						<int id="w">74</int>
						<bool id="h_flip">true</bool>
						<int id="x">3457</int>
						<int id="y">717</int>
						<str id="name">tree_base_root_3_1312965035723</str>
						<int id="z">77</int>
						<str id="sprite_class">tree_base_root_3</str>
						<int id="h">44</int>
					</object>
					<object id="dirt_crosssection_short_curve_1312944346792">
						<int id="w">219</int>
						<int id="z">56</int>
						<int id="r">5</int>
						<int id="x">1998</int>
						<int id="y">868</int>
						<str id="name">dirt_crosssection_short_curve_1312944346792</str>
						<str id="sprite_class">dirt_crosssection_short_curve</str>
						<int id="h">165</int>
					</object>
					<object id="cliff_cover_5_1312884120960">
						<int id="w">783</int>
						<bool id="h_flip">true</bool>
						<int id="r">5</int>
						<int id="x">260</int>
						<int id="y">893</int>
						<str id="name">cliff_cover_5_1312884120958</str>
						<int id="z">22</int>
						<str id="sprite_class">cliff_cover_5</str>
						<int id="h">341</int>
					</object>
					<object id="heights_topper_2_1312884120973">
						<int id="w">145</int>
						<int id="z">28</int>
						<int id="r">10</int>
						<int id="x">255</int>
						<int id="y">603</int>
						<str id="name">heights_topper_2_1312884120971</str>
						<str id="sprite_class">heights_topper_2</str>
						<int id="h">60</int>
					</object>
					<object id="tree_base_root_3_1312884120996">
						<int id="w">101</int>
						<int id="z">42</int>
						<int id="x">153</int>
						<int id="y">528</int>
						<str id="name">tree_base_root_3_1312884120996</str>
						<str id="sprite_class">tree_base_root_3</str>
						<int id="h">61</int>
					</object>
					<object id="tree_base_root_1_1312965035724">
						<int id="w">67</int>
						<bool id="h_flip">true</bool>
						<int id="x">3577</int>
						<int id="y">703</int>
						<str id="name">tree_base_root_1_1312965035724</str>
						<int id="z">76</int>
						<str id="sprite_class">tree_base_root_1</str>
						<int id="h">39</int>
					</object>
					<object id="cliff_cover_5_1312884120961">
						<int id="w">783</int>
						<bool id="h_flip">true</bool>
						<int id="r">15</int>
						<int id="x">60</int>
						<int id="y">900</int>
						<str id="name">cliff_cover_5_1312884120958</str>
						<int id="z">19</int>
						<str id="sprite_class">cliff_cover_5</str>
						<int id="h">341</int>
					</object>
					<object id="dirt_platform_long_1312946075819">
						<int id="w">1042</int>
						<int id="z">0</int>
						<int id="r">1</int>
						<int id="x">4609</int>
						<int id="y">737</int>
						<str id="name">dirt_platform_long_1312946075818</str>
						<str id="sprite_class">dirt_platform_long</str>
						<int id="h">78</int>
					</object>
					<object id="tree_base_root_3_1312884121002">
						<int id="w">76</int>
						<bool id="h_flip">true</bool>
						<int id="r">4</int>
						<int id="x">561</int>
						<int id="y">577</int>
						<str id="name">tree_base_root_3_1312884120999</str>
						<int id="z">46</int>
						<str id="sprite_class">tree_base_root_3</str>
						<int id="h">46</int>
					</object>
					<object id="cliff_cover_5_1312884120958">
						<int id="w">783</int>
						<bool id="h_flip">true</bool>
						<int id="x">656</int>
						<int id="y">926</int>
						<str id="name">cliff_cover_5_1312884120958</str>
						<int id="z">21</int>
						<str id="sprite_class">cliff_cover_5</str>
						<int id="h">341</int>
					</object>
					<object id="tree_group_bg2_1_1312946075740">
						<int id="w">438</int>
						<int id="z">7</int>
						<int id="x">170</int>
						<int id="y">591</int>
						<str id="name">tree_group_bg2_1_1312946075738</str>
						<str id="sprite_class">tree_group_bg2_1</str>
						<int id="h">573</int>
					</object>
					<object id="heights_moss_2_1312884120988">
						<int id="w">369</int>
						<int id="z">34</int>
						<int id="x">134</int>
						<int id="y">545</int>
						<str id="name">heights_moss_2_1312884120985</str>
						<str id="sprite_class">heights_moss_2</str>
						<int id="h">44</int>
					</object>
					<object id="ground_forest_terrain_plat_02_1312884121024">
						<int id="w">513</int>
						<int id="z">52</int>
						<int id="r">1</int>
						<int id="x">820</int>
						<int id="y">779</int>
						<str id="name">ground_forest_terrain_plat_02_1312884121024</str>
						<str id="sprite_class">ground_forest_terrain_plat_02</str>
						<int id="h">117</int>
					</object>
					<object id="heights_topper_wide_1_1312884120977">
						<int id="w">458</int>
						<int id="z">17</int>
						<int id="x">176</int>
						<int id="y">575</int>
						<str id="name">heights_topper_wide_1_1312884120977</str>
						<str id="sprite_class">heights_topper_wide_1</str>
						<int id="h">87</int>
					</object>
					<object id="dirt_platform_short_1312946075724">
						<int id="w">261</int>
						<int id="z">11</int>
						<int id="r">-170</int>
						<int id="x">2507</int>
						<int id="y">727</int>
						<str id="name">dirt_platform_short_1312944346799</str>
						<str id="sprite_class">dirt_platform_short</str>
						<int id="h">61</int>
					</object>
					<object id="tree_coniferous_1_1312965035716">
						<int id="w">385</int>
						<int id="z">85</int>
						<int id="x">4883</int>
						<int id="y">743</int>
						<str id="name">tree_coniferous_1_1312965035716</str>
						<str id="sprite_class">tree_coniferous_1</str>
						<int id="h">940</int>
					</object>
					<object id="heights_topper_wide_1_1312884120978">
						<int id="w">458</int>
						<int id="z">18</int>
						<int id="r">10</int>
						<int id="x">510</int>
						<int id="y">608</int>
						<str id="name">heights_topper_wide_1_1312884120977</str>
						<str id="sprite_class">heights_topper_wide_1</str>
						<int id="h">87</int>
					</object>
					<object id="tree_coniferous_fg_4_1312884120998">
						<int id="w">358</int>
						<int id="z">44</int>
						<int id="r">4</int>
						<int id="x">602</int>
						<int id="y">579</int>
						<str id="name">tree_coniferous_fg_4_1312884120998</str>
						<str id="sprite_class">tree_coniferous_fg_4</str>
						<int id="h">714</int>
					</object>
					<object id="dirt_platform_short_1312944346801">
						<int id="w">261</int>
						<int id="z">8</int>
						<int id="r">-192</int>
						<int id="x">2077</int>
						<int id="y">690</int>
						<str id="name">dirt_platform_short_1312944346799</str>
						<str id="sprite_class">dirt_platform_short</str>
						<int id="h">61</int>
					</object>
					<object id="heights_bush_4_1312884121041">
						<int id="w">492</int>
						<int id="z">54</int>
						<int id="x">1455</int>
						<int id="y">783</int>
						<str id="name">heights_bush_4_1312884121041</str>
						<str id="sprite_class">heights_bush_4</str>
						<int id="h">98</int>
					</object>
					<object id="dirt_platform_short_1312946075725">
						<int id="w">261</int>
						<int id="z">12</int>
						<int id="r">-170</int>
						<int id="x">2640</int>
						<int id="y">751</int>
						<str id="name">dirt_platform_short_1312944346799</str>
						<str id="sprite_class">dirt_platform_short</str>
						<int id="h">61</int>
					</object>
					<object id="heights_topper_1_1312884120970">
						<int id="w">269</int>
						<bool id="h_flip">true</bool>
						<int id="r">7</int>
						<int id="x">690</int>
						<int id="y">657</int>
						<str id="name">heights_topper_1_1312884120970</str>
						<int id="z">23</int>
						<str id="sprite_class">heights_topper_1</str>
						<int id="h">69</int>
					</object>
					<object id="heights_topper_wide_1_1312884120979">
						<int id="w">458</int>
						<int id="z">16</int>
						<int id="r">29</int>
						<int id="x">822</int>
						<int id="y">724</int>
						<str id="name">heights_topper_wide_1_1312884120977</str>
						<str id="sprite_class">heights_topper_wide_1</str>
						<int id="h">87</int>
					</object>
					<object id="heights_moss_1_1312884120992">
						<int id="w">162</int>
						<int id="z">31</int>
						<int id="x">213</int>
						<int id="y">636</int>
						<str id="name">heights_moss_1_1312884120992</str>
						<str id="sprite_class">heights_moss_1</str>
						<int id="h">88</int>
					</object>
					<object id="pinecluster_mask_1_1312946075837">
						<int id="w">286</int>
						<int id="z">66</int>
						<int id="x">4444</int>
						<int id="y">685</int>
						<str id="name">pinecluster_mask_1_1312946075837</str>
						<str id="sprite_class">pinecluster_mask_1</str>
						<int id="h">111</int>
					</object>
					<object id="heights_moss_1_1312884120993">
						<int id="w">162</int>
						<int id="z">32</int>
						<int id="r">13</int>
						<int id="x">722</int>
						<int id="y">689</int>
						<str id="name">heights_moss_1_1312884120992</str>
						<str id="sprite_class">heights_moss_1</str>
						<int id="h">88</int>
					</object>
					<object id="heights_topper_1_1312884120975">
						<int id="w">269</int>
						<int id="z">25</int>
						<int id="r">7</int>
						<int id="x">124</int>
						<int id="y">607</int>
						<str id="name">heights_topper_1_1312884120970</str>
						<str id="sprite_class">heights_topper_1</str>
						<int id="h">69</int>
					</object>
					<object id="heights_moss_2_1312884120990">
						<int id="w">192</int>
						<int id="z">36</int>
						<int id="r">5</int>
						<int id="x">595</int>
						<int id="y">605</int>
						<str id="name">heights_moss_2_1312884120985</str>
						<str id="sprite_class">heights_moss_2</str>
						<int id="h">33</int>
					</object>
					<object id="groddle_bush1_1312946075787">
						<int id="w">129</int>
						<int id="z">65</int>
						<int id="x">1817</int>
						<int id="y">782</int>
						<str id="name">groddle_bush1_1312946075787</str>
						<str id="sprite_class">groddle_bush1</str>
						<int id="h">76</int>
					</object>
					<object id="groddle_grass_1_1312946075785">
						<int id="w">106</int>
						<int id="z">64</int>
						<int id="x">2878</int>
						<int id="y">764</int>
						<str id="name">groddle_grass_1_1312946075785</str>
						<str id="sprite_class">groddle_grass_1</str>
						<int id="h">51</int>
					</object>
					<object id="groddle_bush7_1312946075828">
						<int id="w">518</int>
						<bool id="h_flip">true</bool>
						<int id="x">3662</int>
						<int id="y">748</int>
						<str id="name">groddle_bush7_1312946075828</str>
						<int id="z">79</int>
						<str id="sprite_class">groddle_bush7</str>
						<int id="h">101</int>
					</object>
					<object id="groddle_bush4_1312884121006">
						<int id="w">111</int>
						<bool id="h_flip">true</bool>
						<int id="x">296</int>
						<int id="y">510</int>
						<str id="name">groddle_bush4_1312884121006</str>
						<int id="z">47</int>
						<str id="sprite_class">groddle_bush4</str>
						<int id="h">53</int>
					</object>
					<object id="groddle_bush4_1312946075786">
						<int id="w">121</int>
						<int id="z">69</int>
						<int id="x">1886</int>
						<int id="y">767</int>
						<str id="name">groddle_bush4_1312946075786</str>
						<str id="sprite_class">groddle_bush4</str>
						<int id="h">60</int>
					</object>
					<object id="groddle_plant_3_1312946075839">
						<int id="w">73</int>
						<int id="z">80</int>
						<int id="x">4781</int>
						<int id="y">691</int>
						<str id="name">groddle_plant_3_1312946075839</str>
						<str id="sprite_class">groddle_plant_3</str>
						<int id="h">35</int>
					</object>
					<object id="groddle_bush7_1312946075827">
						<int id="w">421</int>
						<int id="z">78</int>
						<int id="x">4262</int>
						<int id="y">743</int>
						<str id="name">groddle_bush7_1312946075827</str>
						<str id="sprite_class">groddle_bush7</str>
						<int id="h">100</int>
					</object>
					<object id="groddle_fern_1_1312946075784">
						<int id="w">131</int>
						<int id="z">63</int>
						<int id="x">2226</int>
						<int id="y">770</int>
						<str id="name">groddle_fern_1_1312946075784</str>
						<str id="sprite_class">groddle_fern_1</str>
						<int id="h">78</int>
					</object>
				</object>
				<int id="w">5400</int>
				<int id="z">-1</int>
				<str id="name">T_1312884120957</str>
				<int id="h">990</int>
			</object>
			<object id="middleground">
				<object id="decos">
					<object id="patch_mossy_3_1312884121038">
						<int id="w">195</int>
						<int id="z">39</int>
						<int id="x">-1659</int>
						<int id="y">-201</int>
						<str id="name">patch_mossy_3_1312884121038</str>
						<str id="sprite_class">patch_mossy_3</str>
						<int id="h">37</int>
					</object>
					<object id="dirt_platform_long_1312884120948">
						<int id="w">1226</int>
						<int id="z">25</int>
						<int id="x">-595</int>
						<int id="y">-82</int>
						<str id="name">dirt_platform_long_1312884120946</str>
						<str id="sprite_class">dirt_platform_long</str>
						<int id="h">92</int>
					</object>
					<object id="dirt_platform_long_1312884120949">
						<int id="w">1226</int>
						<int id="z">24</int>
						<int id="x">425</int>
						<int id="y">-82</int>
						<str id="name">dirt_platform_long_1312884120946</str>
						<str id="sprite_class">dirt_platform_long</str>
						<int id="h">92</int>
					</object>
					<object id="dirt_patch_1_1312946075750">
						<int id="w">406</int>
						<bool id="h_flip">true</bool>
						<int id="r">5</int>
						<int id="x">1318</int>
						<int id="y">-74</int>
						<str id="name">dirt_patch_1_1312946075749</str>
						<int id="z">11</int>
						<str id="sprite_class">dirt_patch_1</str>
						<int id="h">138</int>
					</object>
					<object id="tree_coniferous_fg_1_1312884120956">
						<int id="w">633</int>
						<int id="z">36</int>
						<int id="x">-2155</int>
						<int id="y">-169</int>
						<str id="name">tree_coniferous_fg_1_1312884120956</str>
						<str id="sprite_class">tree_coniferous_fg_1</str>
						<int id="h">1406</int>
					</object>
					<object id="dirt_crosssection_long_curvy_1312946075790">
						<int id="w">926</int>
						<int id="z">1</int>
						<int id="x">2320</int>
						<int id="y">21</int>
						<str id="name">dirt_crosssection_long_curvy_1312946075790</str>
						<str id="sprite_class">dirt_crosssection_long_curvy</str>
						<int id="h">123</int>
					</object>
					<object id="forest_ground_twigs_03_1312946075861">
						<int id="w">162</int>
						<int id="z">90</int>
						<int id="x">-1667</int>
						<int id="y">-105</int>
						<str id="name">forest_ground_twigs_03_1312946075861</str>
						<str id="sprite_class">forest_ground_twigs_03</str>
						<int id="h">46</int>
					</object>
					<object id="patch_mossy_1_1312965035714">
						<int id="w">144</int>
						<int id="z">71</int>
						<int id="x">377</int>
						<int id="y">-201</int>
						<str id="name">patch_mossy_1_1312965035714</str>
						<str id="sprite_class">patch_mossy_1</str>
						<int id="h">34</int>
					</object>
					<object id="bush_2_1312946075848">
						<int id="w">195</int>
						<int id="z">84</int>
						<int id="r">-3</int>
						<int id="x">-195</int>
						<int id="y">-202</int>
						<str id="name">bush_2_1312946075848</str>
						<str id="sprite_class">bush_2</str>
						<int id="h">75</int>
					</object>
					<object id="patch_mossy_3_1312965035715">
						<int id="w">195</int>
						<int id="z">91</int>
						<int id="r">-2</int>
						<int id="x">230</int>
						<int id="y">-180</int>
						<str id="name">patch_mossy_3_1312965035715</str>
						<str id="sprite_class">patch_mossy_3</str>
						<int id="h">37</int>
					</object>
					<object id="floating_platform_dirt_01_1312965035736">
						<int id="w">381</int>
						<int id="z">96</int>
						<int id="x">1827</int>
						<int id="y">-82</int>
						<str id="name">floating_platform_dirt_01_1312965035736</str>
						<str id="sprite_class">floating_platform_dirt_01</str>
						<int id="h">100</int>
					</object>
					<object id="tree_base_root_1_1312946075809">
						<int id="w">80</int>
						<bool id="h_flip">true</bool>
						<int id="x">595</int>
						<int id="y">-195</int>
						<str id="name">tree_base_root_1_1312946075809</str>
						<int id="z">75</int>
						<str id="sprite_class">tree_base_root_1</str>
						<int id="h">47</int>
					</object>
					<object id="dirt_platform_long_1312884120946">
						<int id="w">1226</int>
						<int id="z">27</int>
						<int id="x">-2618</int>
						<int id="y">-80</int>
						<str id="name">dirt_platform_long_1312884120946</str>
						<str id="sprite_class">dirt_platform_long</str>
						<int id="h">92</int>
					</object>
					<object id="bush_3_1312946075853">
						<int id="w">220</int>
						<int id="z">88</int>
						<int id="x">-716</int>
						<int id="y">-211</int>
						<str id="name">bush_3_1312946075853</str>
						<str id="sprite_class">bush_3</str>
						<int id="h">78</int>
					</object>
					<object id="heights_bush_3_1312946075830">
						<int id="w">454</int>
						<bool id="h_flip">true</bool>
						<int id="x">2952</int>
						<int id="y">-245</int>
						<str id="name">heights_bush_3_1312946075830</str>
						<int id="z">61</int>
						<str id="sprite_class">heights_bush_3</str>
						<int id="h">178</int>
					</object>
					<object id="crosssection_patch_1312946075746">
						<int id="w">94</int>
						<int id="z">13</int>
						<int id="x">1883</int>
						<int id="y">110</int>
						<str id="name">crosssection_patch_1312946075745</str>
						<str id="sprite_class">crosssection_patch</str>
						<int id="h">232</int>
					</object>
					<object id="dirt_platform_short_1312946075753">
						<int id="w">364</int>
						<int id="z">9</int>
						<int id="r">-181</int>
						<int id="x">1785</int>
						<int id="y">-213</int>
						<str id="name">dirt_platform_short_1312946075751</str>
						<str id="sprite_class">dirt_platform_short</str>
						<int id="h">94</int>
					</object>
					<object id="dirt_crosssection_long_1312884120954">
						<int id="w">935</int>
						<int id="z">32</int>
						<int id="x">721</int>
						<int id="y">10</int>
						<str id="name">dirt_crosssection_long_1312884120944</str>
						<str id="sprite_class">dirt_crosssection_long</str>
						<int id="h">106</int>
					</object>
					<object id="bush_3_1312946075778">
						<int id="w">283</int>
						<int id="z">53</int>
						<int id="x">698</int>
						<int id="y">-196</int>
						<str id="name">bush_3_1312946075778</str>
						<str id="sprite_class">bush_3</str>
						<int id="h">100</int>
					</object>
					<object id="bush_3_1313605982942">
						<int id="w">322</int>
						<int id="z">37</int>
						<int id="x">-1292</int>
						<int id="y">-199</int>
						<str id="name">bush_3_1313605982942</str>
						<str id="sprite_class">bush_3</str>
						<int id="h">114</int>
					</object>
					<object id="bush_2_1312946075854">
						<int id="w">195</int>
						<int id="z">86</int>
						<int id="r">-5</int>
						<int id="x">-823</int>
						<int id="y">-215</int>
						<str id="name">bush_2_1312946075854</str>
						<str id="sprite_class">bush_2</str>
						<int id="h">75</int>
					</object>
					<object id="bush_3_1312884121015">
						<int id="w">283</int>
						<int id="z">34</int>
						<int id="x">-1982</int>
						<int id="y">-191</int>
						<str id="name">bush_3_1312884121015</str>
						<str id="sprite_class">bush_3</str>
						<int id="h">100</int>
					</object>
					<object id="gravel_2_1312965035738">
						<int id="w">61</int>
						<int id="z">98</int>
						<int id="x">2077</int>
						<int id="y">-149</int>
						<str id="name">gravel_2_1312965035738</str>
						<str id="sprite_class">gravel_2</str>
						<int id="h">34</int>
					</object>
					<object id="dirt_crosssection_long_1312946075791">
						<int id="w">935</int>
						<int id="z">60</int>
						<int id="x">2293</int>
						<int id="y">-55</int>
						<str id="name">dirt_crosssection_long_1312946075791</str>
						<str id="sprite_class">dirt_crosssection_long</str>
						<int id="h">106</int>
					</object>
					<object id="dirt_platform_short_1312946075751">
						<int id="w">364</int>
						<int id="z">8</int>
						<int id="r">-180</int>
						<int id="x">1084</int>
						<int id="y">-167</int>
						<str id="name">dirt_platform_short_1312946075751</str>
						<str id="sprite_class">dirt_platform_short</str>
						<int id="h">94</int>
					</object>
					<object id="dirt_platform_long_1312884120953">
						<int id="w">1226</int>
						<int id="z">23</int>
						<int id="x">483</int>
						<int id="y">-159</int>
						<str id="name">dirt_platform_long_1312884120946</str>
						<str id="sprite_class">dirt_platform_long</str>
						<int id="h">74</int>
					</object>
					<object id="bush_3_1312884120983">
						<int id="w">266</int>
						<bool id="h_flip">true</bool>
						<int id="x">-2299</int>
						<int id="y">-195</int>
						<str id="name">bush_3_1312884120983</str>
						<int id="z">21</int>
						<str id="sprite_class">bush_3</str>
						<int id="h">94</int>
					</object>
					<object id="dirt_platform_long_1312946075788">
						<int id="w">1226</int>
						<int id="z">58</int>
						<int id="x">2444</int>
						<int id="y">-185</int>
						<str id="name">dirt_platform_long_1312946075788</str>
						<str id="sprite_class">dirt_platform_long</str>
						<int id="h">92</int>
					</object>
					<object id="dirt_patch_3_1312946075757">
						<int id="w">512</int>
						<int id="z">5</int>
						<int id="x">1479</int>
						<int id="y">-144</int>
						<str id="name">dirt_patch_3_1312946075757</str>
						<str id="sprite_class">dirt_patch_3</str>
						<int id="h">114</int>
					</object>
					<object id="dirt_patch_3_1312946075758">
						<int id="w">571</int>
						<int id="z">6</int>
						<int id="r">2</int>
						<int id="x">1777</int>
						<int id="y">-143</int>
						<str id="name">dirt_patch_3_1312946075757</str>
						<str id="sprite_class">dirt_patch_3</str>
						<int id="h">114</int>
					</object>
					<object id="gravel_2_1312946075834">
						<int id="w">56</int>
						<int id="z">80</int>
						<int id="x">2855</int>
						<int id="y">-261</int>
						<str id="name">gravel_2_1312946075834</str>
						<str id="sprite_class">gravel_2</str>
						<int id="h">32</int>
					</object>
					<object id="ground_forest_terrain_plat_02_1312965035740">
						<int id="w">513</int>
						<int id="z">100</int>
						<int id="x">2154</int>
						<int id="y">-235</int>
						<str id="name">ground_forest_terrain_plat_02_1312965035740</str>
						<str id="sprite_class">ground_forest_terrain_plat_02</str>
						<int id="h">132</int>
					</object>
					<object id="deco_willow_1_1312884120984">
						<int id="w">164</int>
						<int id="z">15</int>
						<int id="x">-2267</int>
						<int id="y">-154</int>
						<str id="name">deco_willow_1_1312884120984</str>
						<str id="sprite_class">deco_willow_1</str>
						<int id="h">272</int>
					</object>
					<object id="dirt_platform_long_1312884120950">
						<int id="w">1226</int>
						<int id="z">16</int>
						<int id="x">-2466</int>
						<int id="y">-161</int>
						<str id="name">dirt_platform_long_1312884120946</str>
						<str id="sprite_class">dirt_platform_long</str>
						<int id="h">74</int>
					</object>
					<object id="dirt_crosssection_short_3_1312946075743">
						<int id="w">519</int>
						<int id="z">49</int>
						<int id="x">1678</int>
						<int id="y">-44</int>
						<str id="name">dirt_crosssection_short_3_1312946075743</str>
						<str id="sprite_class">dirt_crosssection_short_3</str>
						<int id="h">118</int>
					</object>
					<object id="dirt_platform_long_1312884120947">
						<int id="w">1226</int>
						<int id="z">26</int>
						<int id="x">-1600</int>
						<int id="y">-82</int>
						<str id="name">dirt_platform_long_1312884120946</str>
						<str id="sprite_class">dirt_platform_long</str>
						<int id="h">92</int>
					</object>
					<object id="crosssection_patch_1312946075748">
						<int id="w">94</int>
						<int id="z">12</int>
						<int id="r">-85</int>
						<int id="x">1930</int>
						<int id="y">-17</int>
						<str id="name">crosssection_patch_1312946075745</str>
						<str id="sprite_class">crosssection_patch</str>
						<int id="h">232</int>
					</object>
					<object id="dirt_crosssection_short_curve_1312946075742">
						<int id="w">290</int>
						<int id="z">48</int>
						<int id="r">10</int>
						<int id="x">1259</int>
						<int id="y">52</int>
						<str id="name">dirt_crosssection_short_curve_1312946075742</str>
						<str id="sprite_class">dirt_crosssection_short_curve</str>
						<int id="h">218</int>
					</object>
					<object id="bush_2_1313605982944">
						<int id="w">270</int>
						<int id="z">38</int>
						<int id="x">-1096</int>
						<int id="y">-186</int>
						<str id="name">bush_2_1313605982944</str>
						<str id="sprite_class">bush_2</str>
						<int id="h">104</int>
					</object>
					<object id="tree_coniferous_fg_2_1312884120955">
						<int id="w">679</int>
						<int id="z">35</int>
						<int id="x">-2631</int>
						<int id="y">-145</int>
						<str id="name">tree_coniferous_fg_2_1312884120955</str>
						<str id="sprite_class">tree_coniferous_fg_2</str>
						<int id="h">1464</int>
					</object>
					<object id="bush_3_1312946075829">
						<int id="w">283</int>
						<int id="z">63</int>
						<int id="x">2711</int>
						<int id="y">-246</int>
						<str id="name">bush_3_1312946075829</str>
						<str id="sprite_class">bush_3</str>
						<int id="h">100</int>
					</object>
					<object id="patch_mossy_1_1312946075816">
						<int id="w">144</int>
						<int id="z">52</int>
						<int id="r">-10</int>
						<int id="x">1270</int>
						<int id="y">-207</int>
						<str id="name">patch_mossy_1_1312946075816</str>
						<str id="sprite_class">patch_mossy_1</str>
						<int id="h">34</int>
					</object>
					<object id="forest_ground_twigs_03_1312946075833">
						<int id="w">162</int>
						<int id="z">79</int>
						<int id="x">2459</int>
						<int id="y">-211</int>
						<str id="name">forest_ground_twigs_03_1312946075833</str>
						<str id="sprite_class">forest_ground_twigs_03</str>
						<int id="h">46</int>
					</object>
					<object id="gravel_1_1312946075835">
						<int id="w">280</int>
						<int id="z">82</int>
						<int id="x">1785</int>
						<int id="y">-225</int>
						<str id="name">gravel_1_1312946075835</str>
						<str id="sprite_class">gravel_1</str>
						<int id="h">51</int>
					</object>
					<object id="dirt_platform_short_1312946075759">
						<int id="w">364</int>
						<int id="z">3</int>
						<int id="r">-181</int>
						<int id="x">1141</int>
						<int id="y">-230</int>
						<str id="name">dirt_platform_short_1312946075759</str>
						<str id="sprite_class">dirt_platform_short</str>
						<int id="h">79</int>
					</object>
					<object id="bush_3_1312946075802">
						<int id="w">283</int>
						<int id="z">56</int>
						<int id="r">3</int>
						<int id="x">1671</int>
						<int id="y">-252</int>
						<str id="name">bush_3_1312946075778</str>
						<str id="sprite_class">bush_3</str>
						<int id="h">100</int>
					</object>
					<object id="tree_dead_1_1312965035712">
						<int id="w">420</int>
						<int id="z">94</int>
						<int id="x">142</int>
						<int id="y">-190</int>
						<str id="name">tree_dead_1_1312965035712</str>
						<str id="sprite_class">tree_dead_1</str>
						<int id="h">56</int>
					</object>
					<object id="bush_3_1312946075813">
						<int id="w">283</int>
						<int id="z">4</int>
						<int id="r">-5</int>
						<int id="x">1223</int>
						<int id="y">-200</int>
						<str id="name">bush_3_1312946075813</str>
						<str id="sprite_class">bush_3</str>
						<int id="h">100</int>
					</object>
					<object id="tree_coniferous_fg_1_1312946075806">
						<int id="w">633</int>
						<int id="z">70</int>
						<int id="x">1136</int>
						<int id="y">-160</int>
						<str id="name">tree_coniferous_fg_1_1312946075806</str>
						<str id="sprite_class">tree_coniferous_fg_1</str>
						<int id="h">1406</int>
					</object>
					<object id="heights_bush_4_1312884120981">
						<int id="w">524</int>
						<int id="z">19</int>
						<int id="x">-2476</int>
						<int id="y">-217</int>
						<str id="name">heights_bush_4_1312884120981</str>
						<str id="sprite_class">heights_bush_4</str>
						<int id="h">124</int>
					</object>
					<object id="bush_3_1312946075847">
						<int id="w">283</int>
						<int id="z">85</int>
						<int id="x">-56</int>
						<int id="y">-194</int>
						<str id="name">bush_3_1312946075847</str>
						<str id="sprite_class">bush_3</str>
						<int id="h">100</int>
					</object>
					<object id="dirt_platform_short_1312946075752">
						<int id="w">364</int>
						<int id="z">10</int>
						<int id="r">-180</int>
						<int id="x">1509</int>
						<int id="y">-206</int>
						<str id="name">dirt_platform_short_1312946075751</str>
						<str id="sprite_class">dirt_platform_short</str>
						<int id="h">94</int>
					</object>
					<object id="dirt_crosssection_long_1312877707003">
						<int id="w">935</int>
						<int id="z">29</int>
						<int id="x">-1710</int>
						<int id="y">11</int>
						<str id="name">dirt_crosssection_long_1312877707002</str>
						<str id="sprite_class">dirt_crosssection_long</str>
						<int id="h">106</int>
					</object>
					<object id="bush_3_1312965035737">
						<int id="w">239</int>
						<int id="z">97</int>
						<int id="x">1772</int>
						<int id="y">-128</int>
						<str id="name">bush_3_1312965035737</str>
						<str id="sprite_class">bush_3</str>
						<int id="h">84</int>
					</object>
					<object id="deco_willow_1_1312946075852">
						<int id="w">164</int>
						<int id="z">0</int>
						<int id="r">-8</int>
						<int id="x">-178</int>
						<int id="y">-122</int>
						<str id="name">deco_willow_1_1312946075851</str>
						<str id="sprite_class">deco_willow_1</str>
						<int id="h">272</int>
					</object>
					<object id="dirt_patch_1_1312946075754">
						<int id="w">406</int>
						<bool id="h_flip">true</bool>
						<int id="r">5</int>
						<int id="x">1314</int>
						<int id="y">-146</int>
						<str id="name">dirt_patch_1_1312946075749</str>
						<int id="z">7</int>
						<str id="sprite_class">dirt_patch_1</str>
						<int id="h">113</int>
					</object>
					<object id="heights_bush_3_1312884120980">
						<int id="w">601</int>
						<int id="z">18</int>
						<int id="x">-2915</int>
						<int id="y">-189</int>
						<str id="name">heights_bush_3_1312884120980</str>
						<str id="sprite_class">heights_bush_3</str>
						<int id="h">235</int>
					</object>
					<object id="pinecluster_mask_1_1312946075849">
						<int id="w">286</int>
						<int id="z">81</int>
						<int id="x">-376</int>
						<int id="y">-214</int>
						<str id="name">pinecluster_mask_1_1312946075849</str>
						<str id="sprite_class">pinecluster_mask_1</str>
						<int id="h">111</int>
					</object>
					<object id="dirt_crosssection_long_1312946075793">
						<int id="w">935</int>
						<int id="z">62</int>
						<int id="x">2912</int>
						<int id="y">-56</int>
						<str id="name">dirt_crosssection_long_1312946075791</str>
						<str id="sprite_class">dirt_crosssection_long</str>
						<int id="h">106</int>
					</object>
					<object id="dirt_platform_long_1312884120952">
						<int id="w">1226</int>
						<int id="z">22</int>
						<int id="x">-386</int>
						<int id="y">-164</int>
						<str id="name">dirt_platform_long_1312884120946</str>
						<str id="sprite_class">dirt_platform_long</str>
						<int id="h">74</int>
					</object>
					<object id="dirt_crosssection_long_1312877707002">
						<int id="w">935</int>
						<int id="z">28</int>
						<int id="x">-2556</int>
						<int id="y">12</int>
						<str id="name">dirt_crosssection_long_1312877707002</str>
						<str id="sprite_class">dirt_crosssection_long</str>
						<int id="h">106</int>
					</object>
					<object id="dirt_platform_long_1312884120951">
						<int id="w">1226</int>
						<int id="z">17</int>
						<int id="x">-1440</int>
						<int id="y">-162</int>
						<str id="name">dirt_platform_long_1312884120946</str>
						<str id="sprite_class">dirt_platform_long</str>
						<int id="h">74</int>
					</object>
					<object id="bush_2_1312946075782">
						<int id="w">195</int>
						<int id="z">57</int>
						<int id="x">856</int>
						<int id="y">-192</int>
						<str id="name">bush_2_1312946075782</str>
						<str id="sprite_class">bush_2</str>
						<int id="h">75</int>
					</object>
					<object id="crosssection_patch_1312946075794">
						<int id="w">108</int>
						<int id="z">64</int>
						<int id="r">-90</int>
						<int id="x">3011</int>
						<int id="y">-25</int>
						<str id="name">crosssection_patch_1312946075794</str>
						<str id="sprite_class">crosssection_patch</str>
						<int id="h">267</int>
					</object>
					<object id="bush_3_1312946075783">
						<int id="w">283</int>
						<int id="z">54</int>
						<int id="x">962</int>
						<int id="y">-194</int>
						<str id="name">bush_3_1312946075778</str>
						<str id="sprite_class">bush_3</str>
						<int id="h">100</int>
					</object>
					<object id="dirt_platform_long_1312946075792">
						<int id="w">1226</int>
						<int id="z">59</int>
						<int id="x">2677</int>
						<int id="y">-131</int>
						<str id="name">dirt_platform_long_1312946075788</str>
						<str id="sprite_class">dirt_platform_long</str>
						<int id="h">92</int>
					</object>
					<object id="tree_coniferous_fg_2_1312946075805">
						<int id="w">679</int>
						<int id="z">69</int>
						<int id="x">2654</int>
						<int id="y">-193</int>
						<str id="name">tree_coniferous_fg_2_1312946075805</str>
						<str id="sprite_class">tree_coniferous_fg_2</str>
						<int id="h">1464</int>
					</object>
					<object id="bush_1_1312946075801">
						<int id="w">167</int>
						<int id="z">67</int>
						<int id="x">1552</int>
						<int id="y">-248</int>
						<str id="name">bush_1_1312946075801</str>
						<str id="sprite_class">bush_1</str>
						<int id="h">133</int>
					</object>
					<object id="dirt_crosssection_long_1312884120945">
						<int id="w">935</int>
						<int id="z">31</int>
						<int id="x">-73</int>
						<int id="y">9</int>
						<str id="name">dirt_crosssection_long_1312884120944</str>
						<str id="sprite_class">dirt_crosssection_long</str>
						<int id="h">106</int>
					</object>
					<object id="crosssection_patch_1312946075747">
						<int id="w">94</int>
						<int id="z">51</int>
						<int id="r">-85</int>
						<int id="x">1828</int>
						<int id="y">-18</int>
						<str id="name">crosssection_patch_1312946075745</str>
						<str id="sprite_class">crosssection_patch</str>
						<int id="h">232</int>
					</object>
					<object id="dirt_mound_1_1312946075765">
						<int id="w">991</int>
						<int id="z">2</int>
						<int id="r">-180</int>
						<int id="x">1766</int>
						<int id="y">-276</int>
						<str id="name">dirt_mound_1_1312946075765</str>
						<str id="sprite_class">dirt_mound_1</str>
						<int id="h">167</int>
					</object>
					<object id="tree_base_root_3_1312946075808">
						<int id="w">80</int>
						<bool id="h_flip">true</bool>
						<int id="x">448</int>
						<int id="y">-189</int>
						<str id="name">tree_base_root_3_1312946075808</str>
						<int id="z">74</int>
						<str id="sprite_class">tree_base_root_3</str>
						<int id="h">47</int>
					</object>
					<object id="tree_coniferous_fg_3_1312946075807">
						<int id="w">415</int>
						<int id="z">73</int>
						<int id="x">515</int>
						<int id="y">-190</int>
						<str id="name">tree_coniferous_fg_3_1312946075807</str>
						<str id="sprite_class">tree_coniferous_fg_3</str>
						<int id="h">945</int>
					</object>
					<object id="gravel_1_1312946075862">
						<int id="w">280</int>
						<int id="z">92</int>
						<int id="x">-545</int>
						<int id="y">-186</int>
						<str id="name">gravel_1_1312946075862</str>
						<str id="sprite_class">gravel_1</str>
						<int id="h">51</int>
					</object>
					<object id="crosssection_patch_1312946075745">
						<int id="w">94</int>
						<int id="z">50</int>
						<int id="r">-85</int>
						<int id="x">1621</int>
						<int id="y">-2</int>
						<str id="name">crosssection_patch_1312946075745</str>
						<str id="sprite_class">crosssection_patch</str>
						<int id="h">232</int>
					</object>
					<object id="patch_mossy_1_1312884121036">
						<int id="w">144</int>
						<int id="z">43</int>
						<int id="x">-1776</int>
						<int id="y">-206</int>
						<str id="name">patch_mossy_1_1312884121036</str>
						<str id="sprite_class">patch_mossy_1</str>
						<int id="h">34</int>
					</object>
					<object id="dirt_crosssection_long_1312884120944">
						<int id="w">935</int>
						<int id="z">30</int>
						<int id="x">-862</int>
						<int id="y">10</int>
						<str id="name">dirt_crosssection_long_1312884120944</str>
						<str id="sprite_class">dirt_crosssection_long</str>
						<int id="h">106</int>
					</object>
					<object id="floating_platform_dirt_02_1312965035735">
						<int id="w">246</int>
						<int id="z">95</int>
						<int id="x">2042</int>
						<int id="y">-96</int>
						<str id="name">floating_platform_dirt_02_1312965035735</str>
						<str id="sprite_class">floating_platform_dirt_02</str>
						<int id="h">84</int>
					</object>
					<object id="bush_3_1312884121031">
						<int id="w">283</int>
						<int id="z">40</int>
						<int id="x">-1576</int>
						<int id="y">-201</int>
						<str id="name">bush_3_1312884121031</str>
						<str id="sprite_class">bush_3</str>
						<int id="h">100</int>
					</object>
					<object id="groddle_plant_1_1312884121040">
						<int id="w">99</int>
						<int id="z">44</int>
						<int id="x">-1810</int>
						<int id="y">-227</int>
						<str id="name">groddle_plant_1_1312884121040</str>
						<str id="sprite_class">groddle_plant_1</str>
						<int id="h">105</int>
					</object>
					<object id="groddle_bush1_1312946075804">
						<int id="w">121</int>
						<int id="z">55</int>
						<int id="r">-6</int>
						<int id="x">1347</int>
						<int id="y">-241</int>
						<str id="name">groddle_bush1_1312946075804</str>
						<str id="sprite_class">groddle_bush1</str>
						<int id="h">63</int>
					</object>
					<object id="groddle_grass_2_1312884121035">
						<int id="w">81</int>
						<int id="z">46</int>
						<int id="x">-1837</int>
						<int id="y">-217</int>
						<str id="name">groddle_grass_2_1312884121035</str>
						<str id="sprite_class">groddle_grass_2</str>
						<int id="h">65</int>
					</object>
					<object id="groddle_bush1_1313605982945">
						<int id="w">160</int>
						<int id="z">33</int>
						<int id="x">-1179</int>
						<int id="y">-241</int>
						<str id="name">groddle_bush1_1313605982945</str>
						<str id="sprite_class">groddle_bush1</str>
						<int id="h">94</int>
					</object>
					<object id="groddle_grass_1_1312946075815">
						<int id="w">106</int>
						<int id="z">68</int>
						<int id="x">1230</int>
						<int id="y">-215</int>
						<str id="name">groddle_grass_1_1312946075815</str>
						<str id="sprite_class">groddle_grass_1</str>
						<int id="h">51</int>
					</object>
					<object id="groddle_bush4_1312884120982">
						<int id="w">142</int>
						<int id="z">20</int>
						<int id="x">-2566</int>
						<int id="y">-212</int>
						<str id="name">groddle_bush4_1312884120982</str>
						<str id="sprite_class">groddle_bush4</str>
						<int id="h">68</int>
					</object>
					<object id="groddle_grass_1_1312965035739">
						<int id="w">106</int>
						<int id="z">99</int>
						<int id="x">1894</int>
						<int id="y">-132</int>
						<str id="name">groddle_grass_1_1312965035739</str>
						<str id="sprite_class">groddle_grass_1</str>
						<int id="h">51</int>
					</object>
					<object id="groddle_bush1_1312946075803">
						<int id="w">160</int>
						<int id="z">65</int>
						<int id="x">1436</int>
						<int id="y">-247</int>
						<str id="name">groddle_bush1_1312946075803</str>
						<str id="sprite_class">groddle_bush1</str>
						<int id="h">94</int>
					</object>
					<object id="groddle_flower_4_1312884121033">
						<int id="w">88</int>
						<int id="z">42</int>
						<int id="x">-1548</int>
						<int id="y">-196</int>
						<str id="name">groddle_flower_4_1312884121033</str>
						<str id="sprite_class">groddle_flower_4</str>
						<int id="h">52</int>
					</object>
					<object id="groddle_bush4_1312946075855">
						<int id="w">142</int>
						<int id="z">89</int>
						<int id="x">-925</int>
						<int id="y">-207</int>
						<str id="name">groddle_bush4_1312946075855</str>
						<str id="sprite_class">groddle_bush4</str>
						<int id="h">68</int>
					</object>
					<object id="groddle_plant_3_1312946075850">
						<int id="w">140</int>
						<int id="z">87</int>
						<int id="x">-279</int>
						<int id="y">-213</int>
						<str id="name">groddle_plant_3_1312946075850</str>
						<str id="sprite_class">groddle_plant_3</str>
						<int id="h">67</int>
					</object>
					<object id="groddle_bush7_1312884121032">
						<int id="w">636</int>
						<int id="z">14</int>
						<int id="r">-2</int>
						<int id="x">-1779</int>
						<int id="y">-196</int>
						<str id="name">groddle_bush7_1312884121032</str>
						<str id="sprite_class">groddle_bush7</str>
						<int id="h">112</int>
					</object>
					<object id="groddle_grass_2_1312946075814">
						<int id="w">81</int>
						<int id="z">72</int>
						<int id="x">1696</int>
						<int id="y">-257</int>
						<str id="name">groddle_grass_2_1312946075814</str>
						<str id="sprite_class">groddle_grass_2</str>
						<int id="h">65</int>
					</object>
					<object id="groddle_plant_1_1312946075811">
						<int id="w">99</int>
						<int id="z">66</int>
						<int id="x">624</int>
						<int id="y">-203</int>
						<str id="name">groddle_plant_1_1312946075811</str>
						<str id="sprite_class">groddle_plant_1</str>
						<int id="h">105</int>
					</object>
					<object id="groddle_bush4_1312884121030">
						<int id="w">142</int>
						<int id="z">41</int>
						<int id="x">-1429</int>
						<int id="y">-213</int>
						<str id="name">groddle_bush4_1312884121030</str>
						<str id="sprite_class">groddle_bush4</str>
						<int id="h">68</int>
					</object>
					<object id="groddle_plant_3_1312884121039">
						<int id="w">140</int>
						<int id="z">47</int>
						<int id="x">-1705</int>
						<int id="y">-216</int>
						<str id="name">groddle_plant_3_1312884121039</str>
						<str id="sprite_class">groddle_plant_3</str>
						<int id="h">67</int>
					</object>
					<object id="groddle_plant_2_1312946075810">
						<int id="w">51</int>
						<int id="z">76</int>
						<int id="x">816</int>
						<int id="y">-200</int>
						<str id="name">groddle_plant_2_1312946075810</str>
						<str id="sprite_class">groddle_plant_2</str>
						<int id="h">117</int>
					</object>
					<object id="groddle_plant_1_1312965035710">
						<int id="w">99</int>
						<int id="z">93</int>
						<int id="x">-406</int>
						<int id="y">-224</int>
						<str id="name">groddle_plant_1_1312965035710</str>
						<str id="sprite_class">groddle_plant_1</str>
						<int id="h">105</int>
					</object>
					<object id="groddle_grass_2_1312946075832">
						<int id="w">81</int>
						<int id="z">78</int>
						<int id="x">2510</int>
						<int id="y">-254</int>
						<str id="name">groddle_grass_2_1312946075832</str>
						<str id="sprite_class">groddle_grass_2</str>
						<int id="h">65</int>
					</object>
					<object id="groddle_fern_1_1312946075836">
						<int id="w">126</int>
						<int id="z">83</int>
						<int id="x">-2925</int>
						<int id="y">-218</int>
						<str id="name">groddle_fern_1_1312946075836</str>
						<str id="sprite_class">groddle_fern_1</str>
						<int id="h">75</int>
					</object>
					<object id="groddle_fern_1_1312884121034">
						<int id="w">126</int>
						<int id="z">45</int>
						<int id="x">-1955</int>
						<int id="y">-195</int>
						<str id="name">groddle_fern_1_1312884121034</str>
						<str id="sprite_class">groddle_fern_1</str>
						<int id="h">75</int>
					</object>
					<object id="groddle_fern_1_1312946075831">
						<int id="w">126</int>
						<int id="z">77</int>
						<int id="x">2966</int>
						<int id="y">-262</int>
						<str id="name">groddle_fern_1_1312946075831</str>
						<str id="sprite_class">groddle_fern_1</str>
						<int id="h">75</int>
					</object>
					<object id="groddle_bush7_1312884121042">
						<int id="w">636</int>
						<int id="z">14</int>
						<int id="r">-2</int>
						<int id="x">-1779</int>
						<int id="y">-196</int>
						<str id="name">groddle_bush7_1312884121032</str>
						<str id="sprite_class">groddle_bush7</str>
						<int id="h">112</int>
					</object>
					<object id="groddle_plant_1_1312965035711">
						<int id="w">99</int>
						<int id="z">93</int>
						<int id="x">-406</int>
						<int id="y">-224</int>
						<str id="name">groddle_plant_1_1312965035710</str>
						<str id="sprite_class">groddle_plant_1</str>
						<int id="h">105</int>
					</object>
				</object>
				<object id="ladders">
				</object>
				<object id="walls">
				</object>
				<object id="platforms">
				</object>
				<object id="doors">
				</object>
				<str id="name">middleground</str>
				<object id="signposts">
					<object id="signpost_1">
						<int id="y">-239</int>
						<int id="w">100</int>
						<object id="connects">
							<object id="0">
								<str id="swf_file_versioned">http://c2.glitch.bz/locations/groddle1/1313117930.swf</str>
								<str id="mote_id">9</str>
								<int id="x">-2625</int>
								<int id="y">-107</int>
								<bool id="hidden">false</bool>
								<str id="hub_id">98</str>
								<objref id="target" tsid="LA912LITC492EU2" label="Saker Mank"/>
							</object>
							<object id="1">
								<str id="swf_file_versioned">http://c2.glitch.bz/locations/groddle1/1313117930.swf</str>
								<str id="mote_id">9</str>
								<int id="x">2558</int>
								<int id="y">-107</int>
								<bool id="hidden">false</bool>
								<str id="hub_id">98</str>
								<objref id="target" tsid="LA9FD1O7S492CCD" label="Kouris Kauri"/>
							</object>
							<object id="2">
								<str id="swf_file_versioned">http://c2.glitch.bz/locations/groddle1/1313117930.swf</str>
								<str id="mote_id">9</str>
								<int id="x">2663</int>
								<int id="y">-130</int>
								<bool id="hidden">false</bool>
								<str id="hub_id">98</str>
								<objref id="target" tsid="LA91PK4T4292B0V" label="Scaup Low"/>
							</object>
						</object>
						<int id="x">2809</int>
						<int id="h">200</int>
					</object>
					<object id="signpost_2">
						<int id="y">-156</int>
						<int id="w">100</int>
						<str id="id">signpost_2</str>
						<object id="connects">
							<object id="0">
								<str id="swf_file_versioned">http://c2.glitch.bz/locations/groddle1/1313117930.swf</str>
								<str id="mote_id">9</str>
								<int id="x">-2617</int>
								<int id="y">-137</int>
								<bool id="hidden">false</bool>
								<str id="hub_id">98</str>
								<objref id="target" tsid="LA9G6MA4P6923PH" label="Canary Send"/>
							</object>
							<object id="1">
								<str id="swf_file_versioned">http://c2.glitch.bz/locations/groddle1/1313117930.swf</str>
								<str id="mote_id">9</str>
								<int id="x">1640</int>
								<int id="y">-145</int>
								<bool id="hidden">false</bool>
								<str id="hub_id">98</str>
								<objref id="target" tsid="LA912PJ5D492UIL" label="Alikos Alder"/>
							</object>
							<object id="2">
								<str id="swf_file_versioned">http://c2.glitch.bz/locations/groddle1/1313117930.swf</str>
								<str id="mote_id">9</str>
								<int id="x">2685</int>
								<int id="y">-122</int>
								<bool id="hidden">false</bool>
								<str id="hub_id">98</str>
								<objref id="target" tsid="LA9LU1276F92KDP" label="Yuca Litt"/>
							</object>
						</object>
						<int id="x">-2793</int>
						<int id="h">200</int>
					</object>
				</object>
				<object id="platform_lines">
					<object id="plat_1312946075760">
						<int id="platform_item_perm">-1</int>
						<int id="platform_pc_perm">-1</int>
						<object id="start">
							<int id="y">-164</int>
							<int id="x">907</int>
						</object>
						<object id="end">
							<int id="y">-159</int>
							<int id="x">1186</int>
						</object>
					</object>
					<object id="plat_1312965035745">
						<int id="platform_item_perm">-1</int>
						<int id="platform_pc_perm">-1</int>
						<object id="start">
							<int id="y">-340</int>
							<int id="x">2238</int>
						</object>
						<object id="end">
							<int id="y">-328</int>
							<int id="x">2330</int>
						</object>
					</object>
					<object id="plat_1312946075822">
						<int id="platform_item_perm">-1</int>
						<int id="platform_pc_perm">-1</int>
						<object id="start">
							<int id="y">-197</int>
							<int id="x">2553</int>
						</object>
						<object id="end">
							<int id="y">-197</int>
							<int id="x">2649</int>
						</object>
					</object>
					<object id="plat_1312965035744">
						<int id="platform_item_perm">-1</int>
						<int id="platform_pc_perm">-1</int>
						<object id="start">
							<int id="y">-338</int>
							<int id="x">2162</int>
						</object>
						<object id="end">
							<int id="y">-340</int>
							<int id="x">2238</int>
						</object>
					</object>
					<object id="plat_1312884121011">
						<int id="platform_item_perm">-1</int>
						<int id="platform_pc_perm">-1</int>
						<object id="start">
							<int id="y">-148</int>
							<int id="x">-2999</int>
						</object>
						<object id="end">
							<int id="y">-143</int>
							<int id="x">-2783</int>
						</object>
					</object>
					<object id="plat_1312884121019">
						<int id="platform_item_perm">-1</int>
						<int id="platform_pc_perm">-1</int>
						<object id="start">
							<int id="y">-173</int>
							<int id="x">-1442</int>
						</object>
						<object id="end">
							<int id="y">-176</int>
							<int id="x">-1241</int>
						</object>
					</object>
					<object id="plat_1312946075727">
						<int id="platform_item_perm">-1</int>
						<int id="platform_pc_perm">-1</int>
						<object id="start">
							<int id="y">-171</int>
							<int id="x">-419</int>
						</object>
						<object id="end">
							<int id="y">-166</int>
							<int id="x">-104</int>
						</object>
					</object>
					<object id="plat_1312946075798">
						<int id="platform_item_perm">-1</int>
						<int id="platform_pc_perm">-1</int>
						<object id="start">
							<int id="y">-225</int>
							<int id="x">2812</int>
						</object>
						<object id="end">
							<int id="y">-220</int>
							<int id="x">2999</int>
						</object>
					</object>
					<object id="plat_1312946075763">
						<int id="platform_item_perm">-1</int>
						<int id="platform_pc_perm">-1</int>
						<object id="start">
							<int id="y">-212</int>
							<int id="x">1425</int>
						</object>
						<object id="end">
							<int id="y">-216</int>
							<int id="x">1556</int>
						</object>
					</object>
					<object id="plat_1312884121007">
						<int id="platform_item_perm">-1</int>
						<int id="platform_pc_perm">-1</int>
						<object id="start">
							<int id="y">-162</int>
							<int id="x">-2126</int>
						</object>
						<object id="end">
							<int id="y">-161</int>
							<int id="x">-1767</int>
						</object>
					</object>
					<object id="plat_1312946075797">
						<int id="platform_item_perm">-1</int>
						<int id="platform_pc_perm">-1</int>
						<object id="start">
							<int id="y">-214</int>
							<int id="x">2726</int>
						</object>
						<object id="end">
							<int id="y">-225</int>
							<int id="x">2812</int>
						</object>
					</object>
					<object id="plat_1312946075730">
						<int id="platform_item_perm">-1</int>
						<int id="platform_pc_perm">-1</int>
						<object id="start">
							<int id="y">-154</int>
							<int id="x">530</int>
						</object>
						<object id="end">
							<int id="y">-164</int>
							<int id="x">907</int>
						</object>
					</object>
					<object id="plat_1312946075824">
						<int id="platform_item_perm">-1</int>
						<int id="platform_pc_perm">-1</int>
						<object id="start">
							<int id="y">-218</int>
							<int id="x">2361</int>
						</object>
						<object id="end">
							<int id="y">-210</int>
							<int id="x">2446</int>
						</object>
					</object>
					<object id="plat_1312884121010">
						<int id="platform_item_perm">-1</int>
						<int id="platform_pc_perm">-1</int>
						<object id="start">
							<int id="y">-143</int>
							<int id="x">-2783</int>
						</object>
						<object id="end">
							<int id="y">-146</int>
							<int id="x">-2620</int>
						</object>
					</object>
					<object id="plat_1312965035743">
						<int id="platform_item_perm">-1</int>
						<int id="platform_pc_perm">-1</int>
						<object id="start">
							<int id="y">-329</int>
							<int id="x">2090</int>
						</object>
						<object id="end">
							<int id="y">-338</int>
							<int id="x">2162</int>
						</object>
					</object>
					<object id="plat_1312946075764">
						<int id="platform_item_perm">-1</int>
						<int id="platform_pc_perm">-1</int>
						<object id="start">
							<int id="y">-216</int>
							<int id="x">1556</int>
						</object>
						<object id="end">
							<int id="y">-218</int>
							<int id="x">1810</int>
						</object>
					</object>
					<object id="plat_1312884121009">
						<int id="platform_item_perm">-1</int>
						<int id="platform_pc_perm">-1</int>
						<object id="start">
							<int id="y">-146</int>
							<int id="x">-2620</int>
						</object>
						<object id="end">
							<int id="y">-155</int>
							<int id="x">-2346</int>
						</object>
					</object>
					<object id="plat_1312884121020">
						<int id="platform_item_perm">-1</int>
						<int id="platform_pc_perm">-1</int>
						<object id="start">
							<int id="y">-176</int>
							<int id="x">-1241</int>
						</object>
						<object id="end">
							<int id="y">-167</int>
							<int id="x">-988</int>
						</object>
					</object>
					<object id="plat_1312946075728">
						<int id="platform_item_perm">-1</int>
						<int id="platform_pc_perm">-1</int>
						<object id="start">
							<int id="y">-166</int>
							<int id="x">-104</int>
						</object>
						<object id="end">
							<int id="y">-166</int>
							<int id="x">157</int>
						</object>
					</object>
					<object id="plat_1312946075726">
						<int id="platform_item_perm">-1</int>
						<int id="platform_pc_perm">-1</int>
						<object id="start">
							<int id="y">-171</int>
							<int id="x">-722</int>
						</object>
						<object id="end">
							<int id="y">-171</int>
							<int id="x">-419</int>
						</object>
					</object>
					<object id="plat_1312965035742">
						<int id="platform_item_perm">-1</int>
						<int id="platform_pc_perm">-1</int>
						<object id="start">
							<int id="y">-308</int>
							<int id="x">2023</int>
						</object>
						<object id="end">
							<int id="y">-329</int>
							<int id="x">2090</int>
						</object>
					</object>
					<object id="plat_1312946075761">
						<int id="platform_item_perm">-1</int>
						<int id="platform_pc_perm">-1</int>
						<object id="start">
							<int id="y">-159</int>
							<int id="x">1186</int>
						</object>
						<object id="end">
							<int id="y">-181</int>
							<int id="x">1295</int>
						</object>
					</object>
					<object id="plat_1312884121008">
						<int id="platform_item_perm">-1</int>
						<int id="platform_pc_perm">-1</int>
						<object id="start">
							<int id="y">-155</int>
							<int id="x">-2346</int>
						</object>
						<object id="end">
							<int id="y">-162</int>
							<int id="x">-2126</int>
						</object>
					</object>
					<object id="plat_1312946075795">
						<int id="platform_item_perm">-1</int>
						<int id="platform_pc_perm">-1</int>
						<object id="start">
							<int id="y">-218</int>
							<int id="x">1810</int>
						</object>
						<object id="end">
							<int id="y">-219</int>
							<int id="x">2158</int>
						</object>
					</object>
					<object id="plat_1312946075821">
						<int id="platform_item_perm">-1</int>
						<int id="platform_pc_perm">-1</int>
						<object id="start">
							<int id="y">-197</int>
							<int id="x">2649</int>
						</object>
						<object id="end">
							<int id="y">-214</int>
							<int id="x">2726</int>
						</object>
					</object>
					<object id="plat_1312946075796">
						<int id="platform_item_perm">-1</int>
						<int id="platform_pc_perm">-1</int>
						<object id="start">
							<int id="y">-219</int>
							<int id="x">2158</int>
						</object>
						<object id="end">
							<int id="y">-218</int>
							<int id="x">2361</int>
						</object>
					</object>
					<object id="plat_1312946075823">
						<int id="platform_item_perm">-1</int>
						<int id="platform_pc_perm">-1</int>
						<object id="start">
							<int id="y">-210</int>
							<int id="x">2446</int>
						</object>
						<object id="end">
							<int id="y">-197</int>
							<int id="x">2553</int>
						</object>
					</object>
					<object id="plat_1312884121021">
						<int id="platform_item_perm">-1</int>
						<int id="platform_pc_perm">-1</int>
						<object id="start">
							<int id="y">-167</int>
							<int id="x">-988</int>
						</object>
						<object id="end">
							<int id="y">-171</int>
							<int id="x">-722</int>
						</object>
					</object>
					<object id="plat_1312946075762">
						<int id="platform_item_perm">-1</int>
						<int id="platform_pc_perm">-1</int>
						<object id="start">
							<int id="y">-181</int>
							<int id="x">1295</int>
						</object>
						<object id="end">
							<int id="y">-212</int>
							<int id="x">1425</int>
						</object>
					</object>
					<object id="plat_1312946075729">
						<int id="platform_item_perm">-1</int>
						<int id="platform_pc_perm">-1</int>
						<object id="start">
							<int id="y">-166</int>
							<int id="x">157</int>
						</object>
						<object id="end">
							<int id="y">-154</int>
							<int id="x">530</int>
						</object>
					</object>
					<object id="plat_1312884121018">
						<int id="platform_item_perm">-1</int>
						<int id="platform_pc_perm">-1</int>
						<object id="start">
							<int id="y">-161</int>
							<int id="x">-1767</int>
						</object>
						<object id="end">
							<int id="y">-173</int>
							<int id="x">-1442</int>
						</object>
					</object>
					<object id="plat_1312965035741">
						<int id="platform_item_perm">-1</int>
						<int id="platform_pc_perm">-1</int>
						<object id="start">
							<int id="y">-283</int>
							<int id="x">1972</int>
						</object>
						<object id="end">
							<int id="y">-308</int>
							<int id="x">2023</int>
						</object>
					</object>
				</object>
				<int id="w">6000</int>
				<object id="targets">
				</object>
				<object id="filtersNEW">
					<object id="brightness">
						<int id="value">-7</int>
					</object>
					<object id="saturation">
						<int id="value">-16</int>
					</object>
				</object>
				<int id="z">0</int>
				<object id="boxes">
				</object>
				<int id="h">1000</int>
			</object>
		</object>
		<str id="music_file"></str>
		<str id="swf_file_versioned">http://c2.glitch.bz/locations/groddle1/1313117930.swf</str>
		<null id="physics"/>
		<int id="ground_y">-235</int>
		<int id="rookable_type">0</int>
		<object id="gradient">
			<str id="bottom">62B5D1</str>
			<str id="top">3C8299</str>
		</object>
		<str id="tsid">LA912MO0D49290D</str>
		<null id="loading_label"/>
		<null id="img_file_versioned"/>
		<object id="sources">
			<int id="LA912LITC492EU2">1</int>
			<int id="LA9LU1276F92KDP">1</int>
			<int id="LA91PK4T4292B0V">1</int>
			<int id="LA9G6MA4P6923PH">1</int>
			<int id="LA9FD1O7S492CCD">1</int>
			<int id="LA912PJ5D492UIL">1</int>
		</object>
	</object>
</game_object>
