<game_object tsid="GA912PJ5D492UIL" ts="1336604368925" label="for3" class_tsid="" lastUpdateTime="1336604358659" upd_gs="gs7" load_time="2012-05-09 15:54:38.958" upd_time="2012-05-09 15:59:24.320">
	<object id="dynamic">
		<int id="l">-2000</int>
		<int id="r">2000</int>
		<int id="t">-1100</int>
		<int id="b">0</int>
		<str id="label">for3</str>
		<str id="swf_file">groddle1.swf</str>
		<object id="layers">
			<object id="T_1313048681720">
				<object id="decos">
					<object id="heights_bush_3_1313048681756">
						<str id="sprite_class">heights_bush_3</str>
						<int id="w">601</int>
						<str id="name">heights_bush_3_1313048681756</str>
						<int id="x">3940</int>
						<int id="y">1172</int>
						<int id="h">235</int>
						<int id="z">2</int>
						<bool id="h_flip">true</bool>
					</object>
					<object id="tree_coniferous_fg_2_1313048681726">
						<str id="sprite_class">tree_coniferous_fg_2</str>
						<int id="w">679</int>
						<int id="r">-4</int>
						<str id="name">tree_coniferous_fg_2_1313048681726</str>
						<int id="x">3693</int>
						<int id="y">1179</int>
						<int id="h">1464</int>
						<int id="z">1</int>
					</object>
					<object id="tree_coniferous_fg_1_1313048681721">
						<str id="sprite_class">tree_coniferous_fg_1</str>
						<int id="w">633</int>
						<str id="name">tree_coniferous_fg_1_1313048681721</str>
						<int id="x">1350</int>
						<int id="y">1189</int>
						<int id="h">1406</int>
						<int id="z">0</int>
					</object>
				</object>
				<int id="w">4120</int>
				<int id="h">1100</int>
				<int id="z">1</int>
				<object id="filtersNEW">
					<object id="brightness">
						<int id="value">-9</int>
					</object>
					<object id="saturation">
						<int id="value">-29</int>
					</object>
				</object>
				<str id="name">forg</str>
			</object>
			<object id="T_1313028503130">
				<object id="decos">
					<object id="bush_3_1313048681747">
						<str id="sprite_class">bush_3</str>
						<int id="w">283</int>
						<str id="name">bush_3_1313048681746</str>
						<int id="x">3346</int>
						<int id="y">882</int>
						<int id="h">100</int>
						<int id="z">81</int>
						<bool id="h_flip">true</bool>
					</object>
					<object id="wildflowers_blue_2_1313048681668">
						<str id="sprite_class">wildflowers_blue_2</str>
						<int id="w">99</int>
						<str id="name">wildflowers_blue_2_1313048681651</str>
						<int id="x">2370</int>
						<int id="y">776</int>
						<int id="h">23</int>
						<int id="z">60</int>
					</object>
					<object id="groddle_plant_2_1313048681730">
						<str id="sprite_class">groddle_plant_2</str>
						<int id="w">39</int>
						<str id="name">groddle_plant_2_1313048681730</str>
						<int id="x">2893</int>
						<int id="y">853</int>
						<int id="h">89</int>
						<int id="z">78</int>
					</object>
					<object id="dirt_platform_long_1313028503173">
						<str id="sprite_class">dirt_platform_long</str>
						<int id="w">1071</int>
						<str id="name">dirt_platform_long_1313028503122</str>
						<int id="x">2214</int>
						<int id="y">894</int>
						<int id="h">64</int>
						<int id="z">6</int>
					</object>
					<object id="flower_bush_7_1313048681646">
						<str id="sprite_class">flower_bush_7</str>
						<int id="w">91</int>
						<int id="r">-2</int>
						<str id="name">flower_bush_7_1313048681645</str>
						<int id="x">1961</int>
						<int id="y">862</int>
						<int id="h">52</int>
						<int id="z">33</int>
					</object>
					<object id="pinecluster_2_1313048681733">
						<str id="sprite_class">pinecluster_2</str>
						<int id="w">612</int>
						<str id="name">pinecluster_2_1313048681733</str>
						<int id="x">3638</int>
						<int id="y">897</int>
						<int id="h">397</int>
						<int id="z">80</int>
					</object>
					<object id="ground_forest_terrain_plat_02_1313028503196">
						<str id="sprite_class">ground_forest_terrain_plat_02</str>
						<int id="w">513</int>
						<str id="name">ground_forest_terrain_plat_02_1313028503184</str>
						<int id="x">2750</int>
						<int id="y">972</int>
						<int id="h">132</int>
						<int id="z">56</int>
						<bool id="h_flip">true</bool>
					</object>
					<object id="dirt_platform_long_1313028503138">
						<str id="sprite_class">dirt_platform_long</str>
						<int id="w">1071</int>
						<str id="name">dirt_platform_long_1313028503122</str>
						<int id="x">1263</int>
						<int id="y">903</int>
						<int id="h">64</int>
						<int id="z">5</int>
					</object>
					<object id="flower_bush_7_1313048681645">
						<str id="sprite_class">flower_bush_7</str>
						<int id="w">91</int>
						<str id="name">flower_bush_7_1313048681645</str>
						<int id="x">2233</int>
						<int id="y">860</int>
						<int id="h">52</int>
						<int id="z">58</int>
					</object>
					<object id="dirt_platform_long_1313028503139">
						<str id="sprite_class">dirt_platform_long</str>
						<int id="w">1071</int>
						<str id="name">dirt_platform_long_1313028503122</str>
						<int id="x">310</int>
						<int id="y">856</int>
						<int id="h">46</int>
						<int id="z">14</int>
					</object>
					<object id="groddle_grass_2_1313048681714">
						<str id="sprite_class">groddle_grass_2</str>
						<int id="w">55</int>
						<str id="name">groddle_grass_2_1313048681714</str>
						<int id="x">1136</int>
						<int id="y">846</int>
						<int id="h">44</int>
						<int id="z">75</int>
					</object>
					<object id="ground_forest_terrain_plat_02_1313028503186">
						<str id="sprite_class">ground_forest_terrain_plat_02</str>
						<int id="w">513</int>
						<str id="name">ground_forest_terrain_plat_02_1313028503184</str>
						<int id="x">1663</int>
						<int id="y">891</int>
						<int id="h">132</int>
						<int id="z">41</int>
					</object>
					<object id="groddle_bush7_1313048681689">
						<str id="sprite_class">groddle_bush7</str>
						<int id="w">524</int>
						<str id="name">groddle_bush7_1313048681689</str>
						<int id="x">2602</int>
						<int id="y">847</int>
						<int id="h">124</int>
						<int id="z">1</int>
					</object>
					<object id="wildflowers_blue_1_1313048681663">
						<str id="sprite_class">wildflowers_blue_1</str>
						<int id="w">93</int>
						<str id="name">wildflowers_blue_1_1313048681657</str>
						<int id="x">2774</int>
						<int id="y">860</int>
						<int id="h">25</int>
						<int id="z">66</int>
						<bool id="h_flip">true</bool>
					</object>
					<object id="heights_bush_4_1313028503145">
						<str id="sprite_class">heights_bush_4</str>
						<int id="w">359</int>
						<str id="name">heights_bush_4_1313028503145</str>
						<int id="x">765</int>
						<int id="y">837</int>
						<int id="h">85</int>
						<int id="z">18</int>
					</object>
					<object id="groddle_plant_3_1313048681731">
						<str id="sprite_class">groddle_plant_3</str>
						<int id="w">93</int>
						<str id="name">groddle_plant_3_1313048681731</str>
						<int id="x">3056</int>
						<int id="y">862</int>
						<int id="h">45</int>
						<int id="z">79</int>
					</object>
					<object id="patch_dirt_2a_1313048681681">
						<str id="sprite_class">patch_dirt_2a</str>
						<int id="w">286</int>
						<int id="r">-1</int>
						<str id="name">patch_dirt_2a_1313048681671</str>
						<int id="x">1443</int>
						<int id="y">893</int>
						<int id="h">49</int>
						<int id="z">37</int>
						<bool id="h_flip">true</bool>
					</object>
					<object id="groddle_plant_1_1313048681717">
						<str id="sprite_class">groddle_plant_1</str>
						<int id="w">56</int>
						<str id="name">groddle_plant_1_1313048681717</str>
						<int id="x">1188</int>
						<int id="y">844</int>
						<int id="h">60</int>
						<int id="z">77</int>
					</object>
					<object id="bush_3_1313048681688">
						<str id="sprite_class">bush_3</str>
						<int id="w">220</int>
						<str id="name">bush_3_1313048681688</str>
						<int id="x">2861</int>
						<int id="y">863</int>
						<int id="h">78</int>
						<int id="z">52</int>
					</object>
					<object id="wildflowers_blue_2_1313048681669">
						<str id="sprite_class">wildflowers_blue_2</str>
						<int id="w">99</int>
						<str id="name">wildflowers_blue_2_1313048681651</str>
						<int id="x">1913</int>
						<int id="y">765</int>
						<int id="h">23</int>
						<int id="z">59</int>
					</object>
					<object id="groddle_bush4_1313028503155">
						<str id="sprite_class">groddle_bush4</str>
						<int id="w">142</int>
						<str id="name">groddle_bush4_1313028503155</str>
						<int id="x">27</int>
						<int id="y">827</int>
						<int id="h">68</int>
						<int id="z">29</int>
					</object>
					<object id="flower_bush_7_1313048681685">
						<str id="sprite_class">flower_bush_7</str>
						<int id="w">90</int>
						<str id="name">flower_bush_7_1313048681685</str>
						<int id="x">2110</int>
						<int id="y">859</int>
						<int id="h">46</int>
						<int id="z">68</int>
					</object>
					<object id="moss_3_1313048681683">
						<str id="sprite_class">moss_3</str>
						<int id="w">188</int>
						<str id="name">moss_3_1313048681683</str>
						<int id="x">2122</int>
						<int id="y">894</int>
						<int id="h">36</int>
						<int id="z">69</int>
					</object>
					<object id="tree_stack_base_3_1313048681703">
						<str id="sprite_class">tree_stack_base_3</str>
						<int id="w">110</int>
						<int id="r">69</int>
						<str id="name">tree_stack_base_3_1313048681703</str>
						<int id="x">1359</int>
						<int id="y">923</int>
						<int id="h">420</int>
						<int id="z">73</int>
					</object>
					<object id="ground_forest_terrain_plat_02_1313028503188">
						<str id="sprite_class">ground_forest_terrain_plat_02</str>
						<int id="w">513</int>
						<str id="name">ground_forest_terrain_plat_02_1313028503184</str>
						<int id="x">1801</int>
						<int id="y">853</int>
						<int id="h">132</int>
						<int id="z">31</int>
					</object>
					<object id="groddle_plant_1_1313048681647">
						<str id="sprite_class">groddle_plant_1</str>
						<int id="w">66</int>
						<str id="name">groddle_plant_1_1313048681647</str>
						<int id="x">1914</int>
						<int id="y">869</int>
						<int id="h">70</int>
						<int id="z">36</int>
					</object>
					<object id="ground_forest_terrain_plat_02_1313028503187">
						<str id="sprite_class">ground_forest_terrain_plat_02</str>
						<int id="w">513</int>
						<str id="name">ground_forest_terrain_plat_02_1313028503184</str>
						<int id="x">1725</int>
						<int id="y">868</int>
						<int id="h">132</int>
						<int id="z">32</int>
					</object>
					<object id="patch_dirt_2a_1313048681679">
						<str id="sprite_class">patch_dirt_2a</str>
						<int id="w">286</int>
						<str id="name">patch_dirt_2a_1313048681671</str>
						<int id="x">2795</int>
						<int id="y">883</int>
						<int id="h">49</int>
						<int id="z">49</int>
					</object>
					<object id="ground_forest_terrain_plat_02_1313028503200">
						<str id="sprite_class">ground_forest_terrain_plat_02</str>
						<int id="w">513</int>
						<int id="r">2</int>
						<str id="name">ground_forest_terrain_plat_02_1313028503184</str>
						<int id="x">2288</int>
						<int id="y">849</int>
						<int id="h">74</int>
						<int id="z">27</int>
						<bool id="h_flip">true</bool>
					</object>
					<object id="dirt_platform_long_1313028503140">
						<str id="sprite_class">dirt_platform_long</str>
						<int id="w">1071</int>
						<int id="r">1</int>
						<str id="name">dirt_platform_long_1313028503122</str>
						<int id="x">1142</int>
						<int id="y">876</int>
						<int id="h">46</int>
						<int id="z">15</int>
					</object>
					<object id="tree_coniferous_fg_1_1313028503131">
						<str id="sprite_class">tree_coniferous_fg_1</str>
						<int id="w">447</int>
						<int id="r">20</int>
						<str id="name">tree_coniferous_fg_1_1313028503129</str>
						<int id="x">597</int>
						<int id="y">870</int>
						<int id="h">993</int>
						<int id="z">19</int>
					</object>
					<object id="groddle_plant_2_1313048681687">
						<str id="sprite_class">groddle_plant_2</str>
						<int id="w">32</int>
						<int id="r">5</int>
						<str id="name">groddle_plant_2_1313048681687</str>
						<int id="x">2149</int>
						<int id="y">851</int>
						<int id="h">73</int>
						<int id="z">64</int>
					</object>
					<object id="heights_moss_1_1313028503201">
						<str id="sprite_class">heights_moss_1</str>
						<int id="w">101</int>
						<str id="name">heights_moss_1_1313028503201</str>
						<int id="x">2235</int>
						<int id="y">839</int>
						<int id="h">55</int>
						<int id="z">28</int>
					</object>
					<object id="patch_dirt_2a_1313048681674">
						<str id="sprite_class">patch_dirt_2a</str>
						<int id="w">286</int>
						<str id="name">patch_dirt_2a_1313048681671</str>
						<int id="x">2238</int>
						<int id="y">898</int>
						<int id="h">49</int>
						<int id="z">12</int>
					</object>
					<object id="ground_forest_terrain_plat_02_1313028503193">
						<str id="sprite_class">ground_forest_terrain_plat_02</str>
						<int id="w">513</int>
						<int id="r">2</int>
						<str id="name">ground_forest_terrain_plat_02_1313028503184</str>
						<int id="x">2631</int>
						<int id="y">882</int>
						<int id="h">109</int>
						<int id="z">35</int>
						<bool id="h_flip">true</bool>
					</object>
					<object id="groddle_bush4_1313048681729">
						<str id="sprite_class">groddle_bush4</str>
						<int id="w">124</int>
						<str id="name">groddle_bush4_1313048681729</str>
						<int id="x">3084</int>
						<int id="y">859</int>
						<int id="h">59</int>
						<int id="z">50</int>
					</object>
					<object id="wildflowers_blue_1_1313048681665">
						<str id="sprite_class">wildflowers_blue_1</str>
						<int id="w">73</int>
						<str id="name">wildflowers_blue_1_1313048681657</str>
						<int id="x">1852</int>
						<int id="y">784</int>
						<int id="h">20</int>
						<int id="z">63</int>
					</object>
					<object id="wildflowers_blue_2_1313048681666">
						<str id="sprite_class">wildflowers_blue_2</str>
						<int id="w">99</int>
						<str id="name">wildflowers_blue_2_1313048681651</str>
						<int id="x">2502</int>
						<int id="y">809</int>
						<int id="h">23</int>
						<int id="z">62</int>
					</object>
					<object id="patch_mossy_1_1313048681719">
						<str id="sprite_class">patch_mossy_1</str>
						<int id="w">125</int>
						<str id="name">patch_mossy_1_1313048681700</str>
						<int id="x">1203</int>
						<int id="y">864</int>
						<int id="h">30</int>
						<int id="z">17</int>
						<bool id="h_flip">true</bool>
					</object>
					<object id="groddle_bush7_1313048681713">
						<str id="sprite_class">groddle_bush7</str>
						<int id="w">377</int>
						<str id="name">groddle_bush7_1313048681713</str>
						<int id="x">1332</int>
						<int id="y">848</int>
						<int id="h">89</int>
						<int id="z">40</int>
					</object>
					<object id="pinecluster_mask_1_1313048681712">
						<str id="sprite_class">pinecluster_mask_1</str>
						<int id="w">286</int>
						<int id="r">2</int>
						<str id="name">pinecluster_mask_1_1313048681712</str>
						<int id="x">1000</int>
						<int id="y">852</int>
						<int id="h">111</int>
						<int id="z">20</int>
					</object>
					<object id="ground_forest_terrain_plat_02_1313028503195">
						<str id="sprite_class">ground_forest_terrain_plat_02</str>
						<int id="w">513</int>
						<str id="name">ground_forest_terrain_plat_02_1313028503184</str>
						<int id="x">2650</int>
						<int id="y">938</int>
						<int id="h">96</int>
						<int id="z">55</int>
						<bool id="h_flip">true</bool>
					</object>
					<object id="ground_forest_terrain_plat_02_1313028503189">
						<str id="sprite_class">ground_forest_terrain_plat_02</str>
						<int id="w">513</int>
						<str id="name">ground_forest_terrain_plat_02_1313028503184</str>
						<int id="x">1675</int>
						<int id="y">953</int>
						<int id="h">132</int>
						<int id="z">43</int>
					</object>
					<object id="groddle_cover_clover2_1313028503203">
						<str id="sprite_class">groddle_cover_clover2</str>
						<int id="w">82</int>
						<str id="name">groddle_cover_clover2_1313028503203</str>
						<int id="x">1883</int>
						<int id="y">882</int>
						<int id="h">31</int>
						<int id="z">39</int>
					</object>
					<object id="tree_coniferous_fg_4_1313048681755">
						<str id="sprite_class">tree_coniferous_fg_4</str>
						<int id="w">389</int>
						<str id="name">tree_coniferous_fg_4_1313048681755</str>
						<int id="x">2746</int>
						<int id="y">865</int>
						<int id="h">775</int>
						<int id="z">4</int>
					</object>
					<object id="ground_forest_terrain_plat_02_1313028503191">
						<str id="sprite_class">ground_forest_terrain_plat_02</str>
						<int id="w">513</int>
						<str id="name">ground_forest_terrain_plat_02_1313028503184</str>
						<int id="x">1521</int>
						<int id="y">985</int>
						<int id="h">132</int>
						<int id="z">51</int>
					</object>
					<object id="tree_coniferous_fg_2_1313048681670">
						<str id="sprite_class">tree_coniferous_fg_2</str>
						<int id="w">456</int>
						<str id="name">tree_coniferous_fg_2_1313048681670</str>
						<int id="x">2016</int>
						<int id="y">907</int>
						<int id="h">983</int>
						<int id="z">72</int>
						<bool id="h_flip">true</bool>
					</object>
					<object id="dirt_platform_long_1313028503174">
						<str id="sprite_class">dirt_platform_long</str>
						<int id="w">1071</int>
						<str id="name">dirt_platform_long_1313028503122</str>
						<int id="x">3141</int>
						<int id="y">900</int>
						<int id="h">64</int>
						<int id="z">7</int>
					</object>
					<object id="tree_coniferous_fg_4_1313028503165">
						<str id="sprite_class">tree_coniferous_fg_4</str>
						<int id="w">432</int>
						<str id="name">tree_coniferous_fg_4_1313028503165</str>
						<int id="x">519</int>
						<int id="y">833</int>
						<int id="h">861</int>
						<int id="z">2</int>
					</object>
					<object id="groddle_cover_clover1_1313028503202">
						<str id="sprite_class">groddle_cover_clover1</str>
						<int id="w">196</int>
						<str id="name">groddle_cover_clover1_1313028503202</str>
						<int id="x">2370</int>
						<int id="y">893</int>
						<int id="h">47</int>
						<int id="z">44</int>
					</object>
					<object id="tree_coniferous_fg_2_1313028503132">
						<str id="sprite_class">tree_coniferous_fg_2</str>
						<int id="w">429</int>
						<int id="r">-10</int>
						<str id="name">tree_coniferous_fg_2_1313028503132</str>
						<int id="x">974</int>
						<int id="y">890</int>
						<int id="h">925</int>
						<int id="z">23</int>
					</object>
					<object id="wildflowers_blue_1_1313048681664">
						<str id="sprite_class">wildflowers_blue_1</str>
						<int id="w">54</int>
						<str id="name">wildflowers_blue_1_1313048681657</str>
						<int id="x">2175</int>
						<int id="y">793</int>
						<int id="h">12</int>
						<int id="z">65</int>
					</object>
					<object id="bush_3_1313048681734">
						<str id="sprite_class">bush_3</str>
						<int id="w">283</int>
						<int id="r">-4</int>
						<str id="name">bush_3_1313048681734</str>
						<int id="x">3740</int>
						<int id="y">907</int>
						<int id="h">100</int>
						<int id="z">82</int>
						<bool id="h_flip">true</bool>
					</object>
					<object id="patch_dirt_2a_1313048681677">
						<str id="sprite_class">patch_dirt_2a</str>
						<int id="w">286</int>
						<str id="name">patch_dirt_2a_1313048681671</str>
						<int id="x">2898</int>
						<int id="y">915</int>
						<int id="h">49</int>
						<int id="z">47</int>
					</object>
					<object id="ground_forest_terrain_plat_02_1313028503184">
						<str id="sprite_class">ground_forest_terrain_plat_02</str>
						<int id="w">513</int>
						<str id="name">ground_forest_terrain_plat_02_1313028503184</str>
						<int id="x">1643</int>
						<int id="y">911</int>
						<int id="h">132</int>
						<int id="z">42</int>
					</object>
					<object id="bush_2_1313028503154">
						<str id="sprite_class">bush_2</str>
						<int id="w">170</int>
						<str id="name">bush_2_1313028503154</str>
						<int id="x">277</int>
						<int id="y">848</int>
						<int id="h">65</int>
						<int id="z">26</int>
					</object>
					<object id="dirt_platform_long_1313028503175">
						<str id="sprite_class">dirt_platform_long</str>
						<int id="w">1071</int>
						<str id="name">dirt_platform_long_1313028503122</str>
						<int id="x">3693</int>
						<int id="y">902</int>
						<int id="h">64</int>
						<int id="z">13</int>
					</object>
					<object id="shadow_irregular_1_1313048681704">
						<str id="sprite_class">shadow_irregular_1</str>
						<int id="w">356</int>
						<int id="r">-20</int>
						<str id="name">shadow_irregular_1_1313048681704</str>
						<int id="x">1608</int>
						<int id="y">881</int>
						<int id="h">68</int>
						<int id="z">71</int>
					</object>
					<object id="groddle_fern_1_1313048681716">
						<str id="sprite_class">groddle_fern_1</str>
						<int id="w">76</int>
						<str id="name">groddle_fern_1_1313048681716</str>
						<int id="x">970</int>
						<int id="y">866</int>
						<int id="h">45</int>
						<int id="z">76</int>
						<bool id="h_flip">true</bool>
					</object>
					<object id="forest_ground_twigs_03_1313048681684">
						<str id="sprite_class">forest_ground_twigs_03</str>
						<int id="w">116</int>
						<str id="name">forest_ground_twigs_03_1313048681684</str>
						<int id="x">1819</int>
						<int id="y">873</int>
						<int id="h">33</int>
						<int id="z">74</int>
						<bool id="h_flip">true</bool>
					</object>
					<object id="ground_forest_terrain_plat_02_1313028503192">
						<str id="sprite_class">ground_forest_terrain_plat_02</str>
						<int id="w">513</int>
						<str id="name">ground_forest_terrain_plat_02_1313028503184</str>
						<int id="x">2473</int>
						<int id="y">868</int>
						<int id="h">132</int>
						<int id="z">34</int>
						<bool id="h_flip">true</bool>
					</object>
					<object id="tree_coniferous_fg_3_1313028503133">
						<str id="sprite_class">tree_coniferous_fg_3</str>
						<int id="w">372</int>
						<str id="name">tree_coniferous_fg_3_1313028503133</str>
						<int id="x">64</int>
						<int id="y">855</int>
						<int id="h">847</int>
						<int id="z">24</int>
					</object>
					<object id="wildflowers_blue_2_1313048681667">
						<str id="sprite_class">wildflowers_blue_2</str>
						<int id="w">114</int>
						<str id="name">wildflowers_blue_2_1313048681651</str>
						<int id="x">2534</int>
						<int id="y">881</int>
						<int id="h">26</int>
						<int id="z">61</int>
					</object>
					<object id="ground_forest_terrain_plat_02_1313028503197">
						<str id="sprite_class">ground_forest_terrain_plat_02</str>
						<int id="w">513</int>
						<str id="name">ground_forest_terrain_plat_02_1313028503184</str>
						<int id="x">2622</int>
						<int id="y">1001</int>
						<int id="h">132</int>
						<int id="z">57</int>
						<bool id="h_flip">true</bool>
					</object>
					<object id="patch_dirt_2a_1313048681672">
						<str id="sprite_class">patch_dirt_2a</str>
						<int id="w">286</int>
						<str id="name">patch_dirt_2a_1313048681671</str>
						<int id="x">1988</int>
						<int id="y">918</int>
						<int id="h">49</int>
						<int id="z">10</int>
					</object>
					<object id="patch_dirt_2a_1313048681675">
						<str id="sprite_class">patch_dirt_2a</str>
						<int id="w">286</int>
						<str id="name">patch_dirt_2a_1313048681671</str>
						<int id="x">2148</int>
						<int id="y">918</int>
						<int id="h">49</int>
						<int id="z">67</int>
					</object>
					<object id="dirt_platform_long_1313028503137">
						<str id="sprite_class">dirt_platform_long</str>
						<int id="w">1071</int>
						<str id="name">dirt_platform_long_1313028503122</str>
						<int id="x">320</int>
						<int id="y">905</int>
						<int id="h">64</int>
						<int id="z">3</int>
					</object>
					<object id="patch_dirt_2a_1313048681680">
						<str id="sprite_class">patch_dirt_2a</str>
						<int id="w">286</int>
						<int id="r">-1</int>
						<str id="name">patch_dirt_2a_1313048681671</str>
						<int id="x">1391</int>
						<int id="y">910</int>
						<int id="h">49</int>
						<int id="z">45</int>
						<bool id="h_flip">true</bool>
					</object>
					<object id="ground_forest_terrain_plat_02_1313028503194">
						<str id="sprite_class">ground_forest_terrain_plat_02</str>
						<int id="w">513</int>
						<str id="name">ground_forest_terrain_plat_02_1313028503184</str>
						<int id="x">2699</int>
						<int id="y">922</int>
						<int id="h">132</int>
						<int id="z">54</int>
						<bool id="h_flip">true</bool>
					</object>
					<object id="bush_2_1313048681728">
						<str id="sprite_class">bush_2</str>
						<int id="w">195</int>
						<int id="r">-3</int>
						<str id="name">bush_2_1313048681727</str>
						<int id="x">2990</int>
						<int id="y">865</int>
						<int id="h">75</int>
						<int id="z">53</int>
					</object>
					<object id="bush_3_1313028503152">
						<str id="sprite_class">bush_3</str>
						<int id="w">203</int>
						<str id="name">bush_3_1313028503152</str>
						<int id="x">528</int>
						<int id="y">846</int>
						<int id="h">72</int>
						<int id="z">22</int>
					</object>
					<object id="patch_dirt_2a_1313048681682">
						<str id="sprite_class">patch_dirt_2a</str>
						<int id="w">286</int>
						<int id="r">-1</int>
						<str id="name">patch_dirt_2a_1313048681671</str>
						<int id="x">1517</int>
						<int id="y">882</int>
						<int id="h">49</int>
						<int id="z">38</int>
						<bool id="h_flip">true</bool>
					</object>
					<object id="patch_dirt_2a_1313048681673">
						<str id="sprite_class">patch_dirt_2a</str>
						<int id="w">286</int>
						<str id="name">patch_dirt_2a_1313048681671</str>
						<int id="x">2143</int>
						<int id="y">883</int>
						<int id="h">49</int>
						<int id="z">11</int>
					</object>
					<object id="moss_3_1313048681715">
						<str id="sprite_class">moss_3</str>
						<int id="w">188</int>
						<str id="name">moss_3_1313048681715</str>
						<int id="x">1033</int>
						<int id="y">879</int>
						<int id="h">36</int>
						<int id="z">16</int>
					</object>
					<object id="patch_dirt_2a_1313048681678">
						<str id="sprite_class">patch_dirt_2a</str>
						<int id="w">286</int>
						<str id="name">patch_dirt_2a_1313048681671</str>
						<int id="x">2840</int>
						<int id="y">893</int>
						<int id="h">49</int>
						<int id="z">48</int>
					</object>
					<object id="ground_forest_terrain_plat_02_1313028503190">
						<str id="sprite_class">ground_forest_terrain_plat_02</str>
						<int id="w">513</int>
						<str id="name">ground_forest_terrain_plat_02_1313028503184</str>
						<int id="x">1705</int>
						<int id="y">993</int>
						<int id="h">132</int>
						<int id="z">46</int>
					</object>
					<object id="patch_dirt_2a_1313048681676">
						<str id="sprite_class">patch_dirt_2a</str>
						<int id="w">286</int>
						<str id="name">patch_dirt_2a_1313048681671</str>
						<int id="x">2363</int>
						<int id="y">908</int>
						<int id="h">49</int>
						<int id="z">9</int>
					</object>
					<object id="bush_3_1313028503153">
						<str id="sprite_class">bush_3</str>
						<int id="w">203</int>
						<str id="name">bush_3_1313028503152</str>
						<int id="x">375</int>
						<int id="y">848</int>
						<int id="h">72</int>
						<int id="z">21</int>
					</object>
					<object id="groddle_bush7_1313028503146">
						<str id="sprite_class">groddle_bush7</str>
						<int id="w">524</int>
						<str id="name">groddle_bush7_1313028503146</str>
						<int id="x">698</int>
						<int id="y">904</int>
						<int id="h">124</int>
						<int id="z">25</int>
					</object>
					<object id="wildflowers_blue_1_1313048681662">
						<str id="sprite_class">wildflowers_blue_1</str>
						<int id="w">73</int>
						<str id="name">wildflowers_blue_1_1313048681657</str>
						<int id="x">1805</int>
						<int id="y">744</int>
						<int id="h">16</int>
						<int id="z">70</int>
					</object>
					<object id="patch_dirt_2a_1313048681671">
						<str id="sprite_class">patch_dirt_2a</str>
						<int id="w">286</int>
						<str id="name">patch_dirt_2a_1313048681671</str>
						<int id="x">1967</int>
						<int id="y">898</int>
						<int id="h">49</int>
						<int id="z">8</int>
					</object>
				</object>
				<int id="w">3800</int>
				<int id="h">1100</int>
				<int id="z">-1</int>
				<object id="filtersNEW">
					<object id="brightness">
						<int id="value">-20</int>
					</object>
					<object id="saturation">
						<int id="value">-24</int>
					</object>
				</object>
				<str id="name">bg1</str>
			</object>
			<object id="middleground">
				<object id="targets">
				</object>
				<object id="platform_lines">
					<object id="plat_1313028503156">
						<int id="platform_item_perm">-1</int>
						<int id="platform_pc_perm">-1</int>
						<object id="start">
							<int id="y">-129</int>
							<int id="x">-1041</int>
						</object>
						<object id="end">
							<int id="y">-147</int>
							<int id="x">-734</int>
						</object>
					</object>
					<object id="plat_1313028503161">
						<int id="platform_item_perm">-1</int>
						<int id="platform_pc_perm">-1</int>
						<object id="start">
							<int id="y">-147</int>
							<int id="x">-734</int>
						</object>
						<object id="end">
							<int id="y">-153</int>
							<int id="x">-224</int>
						</object>
					</object>
					<object id="plat_1313028503178">
						<int id="platform_item_perm">-1</int>
						<int id="platform_pc_perm">-1</int>
						<object id="start">
							<int id="y">-156</int>
							<int id="x">65</int>
						</object>
						<object id="end">
							<int id="y">-159</int>
							<int id="x">398</int>
						</object>
					</object>
					<object id="plat_1313028503182">
						<int id="platform_item_perm">-1</int>
						<int id="platform_pc_perm">-1</int>
						<object id="start">
							<int id="y">-150</int>
							<int id="x">1399</int>
						</object>
						<object id="end">
							<int id="y">-125</int>
							<int id="x">1700</int>
						</object>
					</object>
					<object id="plat_1313028503179">
						<int id="platform_item_perm">-1</int>
						<int id="platform_pc_perm">-1</int>
						<object id="start">
							<int id="y">-159</int>
							<int id="x">398</int>
						</object>
						<object id="end">
							<int id="y">-152</int>
							<int id="x">593</int>
						</object>
					</object>
					<object id="plat_1313028503160">
						<int id="platform_item_perm">-1</int>
						<int id="platform_pc_perm">-1</int>
						<object id="start">
							<int id="y">-128</int>
							<int id="x">-1999</int>
						</object>
						<object id="end">
							<int id="y">-120</int>
							<int id="x">-1884</int>
						</object>
					</object>
					<object id="plat_1313028503181">
						<int id="platform_item_perm">-1</int>
						<int id="platform_pc_perm">-1</int>
						<object id="start">
							<int id="y">-147</int>
							<int id="x">1027</int>
						</object>
						<object id="end">
							<int id="y">-150</int>
							<int id="x">1399</int>
						</object>
					</object>
					<object id="plat_1313028503180">
						<int id="platform_item_perm">-1</int>
						<int id="platform_pc_perm">-1</int>
						<object id="start">
							<int id="y">-152</int>
							<int id="x">593</int>
						</object>
						<object id="end">
							<int id="y">-147</int>
							<int id="x">1027</int>
						</object>
					</object>
					<object id="plat_1313028503157">
						<int id="platform_item_perm">-1</int>
						<int id="platform_pc_perm">-1</int>
						<object id="start">
							<int id="y">-126</int>
							<int id="x">-1483</int>
						</object>
						<object id="end">
							<int id="y">-130</int>
							<int id="x">-1246</int>
						</object>
					</object>
					<object id="plat_1313048681708">
						<int id="platform_item_perm">-1</int>
						<int id="platform_pc_perm">-1</int>
						<object id="start">
							<int id="y">-130</int>
							<int id="x">-1246</int>
						</object>
						<object id="end">
							<int id="y">-129</int>
							<int id="x">-1041</int>
						</object>
					</object>
					<object id="plat_1313028503158">
						<int id="platform_item_perm">-1</int>
						<int id="platform_pc_perm">-1</int>
						<object id="start">
							<int id="y">-115</int>
							<int id="x">-1700</int>
						</object>
						<object id="end">
							<int id="y">-126</int>
							<int id="x">-1483</int>
						</object>
					</object>
					<object id="plat_1313028503183">
						<int id="platform_item_perm">-1</int>
						<int id="platform_pc_perm">-1</int>
						<object id="start">
							<int id="y">-125</int>
							<int id="x">1700</int>
						</object>
						<object id="end">
							<int id="y">-140</int>
							<int id="x">1999</int>
						</object>
					</object>
					<object id="plat_1313028503162">
						<int id="platform_item_perm">-1</int>
						<int id="platform_pc_perm">-1</int>
						<object id="start">
							<int id="y">-153</int>
							<int id="x">-224</int>
						</object>
						<object id="end">
							<int id="y">-156</int>
							<int id="x">65</int>
						</object>
					</object>
					<object id="plat_1313028503159">
						<int id="platform_item_perm">-1</int>
						<int id="platform_pc_perm">-1</int>
						<object id="start">
							<int id="y">-120</int>
							<int id="x">-1884</int>
						</object>
						<object id="end">
							<int id="y">-115</int>
							<int id="x">-1700</int>
						</object>
					</object>
				</object>
				<object id="boxes">
				</object>
				<int id="h">1100</int>
				<object id="signposts">
					<object id="signpost_2">
						<int id="y">-129</int>
						<int id="h">200</int>
						<int id="w">100</int>
						<str id="id">signpost_2</str>
						<int id="x">-1786</int>
						<object id="connects">
							<object id="0">
								<str id="swf_file_versioned">http://c2.glitch.bz/locations/groddle1/1321496905.swf</str>
								<int id="x">2678</int>
								<int id="y">-347</int>
								<str id="mote_id">9</str>
								<str id="hub_id">98</str>
								<objref id="target" tsid="LA9118S28492QCL" label="Pental Leave"/>
							</object>
							<object id="1">
								<str id="swf_file_versioned">http://c2.glitch.bz/locations/groddle1/1321496905.swf</str>
								<int id="x">2693</int>
								<int id="y">-115</int>
								<str id="mote_id">9</str>
								<str id="hub_id">98</str>
								<objref id="target" tsid="LA9NRNJSB792OG4" label="Akaki Cape"/>
							</object>
						</object>
					</object>
					<object id="signpost_1">
						<int id="y">-143</int>
						<int id="h">200</int>
						<int id="w">100</int>
						<int id="x">1783</int>
						<object id="connects">
							<object id="0">
								<str id="swf_file_versioned">http://c2.glitch.bz/locations/groddle1/1321496905.swf,http://c2.glitch.bz/locations/bldg_ext_machine/1316474229.swf</str>
								<int id="x">-2610</int>
								<int id="y">-137</int>
								<str id="mote_id">9</str>
								<str id="hub_id">98</str>
								<objref id="target" tsid="LA9G6MA4P6923PH" label="Canary Send"/>
							</object>
							<object id="1">
								<str id="swf_file_versioned">http://c2.glitch.bz/locations/groddle1/1321496905.swf</str>
								<int id="x">-2655</int>
								<int id="y">-160</int>
								<str id="mote_id">9</str>
								<str id="hub_id">98</str>
								<objref id="target" tsid="LA912MO0D49290D" label="Ovgos Lam"/>
							</object>
							<object id="2">
								<str id="swf_file_versioned">http://c2.glitch.bz/locations/groddle1/1321496905.swf</str>
								<int id="x">2685</int>
								<int id="y">-130</int>
								<str id="mote_id">9</str>
								<str id="hub_id">98</str>
								<objref id="target" tsid="LA9LU1276F92KDP" label="Yuca Litt"/>
							</object>
						</object>
					</object>
				</object>
				<int id="w">4000</int>
				<object id="walls">
				</object>
				<str id="name">middleground</str>
				<object id="decos">
					<object id="tree_stack_branch_3_1313048681709">
						<str id="sprite_class">tree_stack_branch_3</str>
						<int id="w">111</int>
						<int id="r">165</int>
						<str id="name">tree_stack_branch_3_1313048681709</str>
						<int id="x">-1308</int>
						<int id="y">-300</int>
						<int id="h">41</int>
						<int id="z">1</int>
					</object>
					<object id="tree_dead_2_1313048681725">
						<str id="sprite_class">tree_dead_2</str>
						<int id="w">234</int>
						<int id="r">-3</int>
						<str id="name">tree_dead_2_1313048681725</str>
						<int id="x">1927</int>
						<int id="y">-181</int>
						<int id="h">75</int>
						<int id="z">47</int>
					</object>
					<object id="bush_1_1313028503150">
						<str id="sprite_class">bush_1</str>
						<int id="w">143</int>
						<str id="name">bush_1_1313028503150</str>
						<int id="x">-1364</int>
						<int id="y">-171</int>
						<int id="h">114</int>
						<int id="z">27</int>
					</object>
					<object id="groddle_plant_1_1313028503143">
						<str id="sprite_class">groddle_plant_1</str>
						<int id="w">99</int>
						<str id="name">groddle_plant_1_1313028503143</str>
						<int id="x">-1951</int>
						<int id="y">-202</int>
						<int id="h">105</int>
						<int id="z">25</int>
					</object>
					<object id="dirt_platform_long_1313028503169">
						<str id="sprite_class">dirt_platform_long</str>
						<int id="w">1226</int>
						<str id="name">dirt_platform_long_1313028503122</str>
						<int id="x">707</int>
						<int id="y">-70</int>
						<int id="h">92</int>
						<int id="z">12</int>
					</object>
					<object id="dirt_crosssection_short_1_1313028503121">
						<str id="sprite_class">dirt_crosssection_short_1</str>
						<int id="w">329</int>
						<str id="name">dirt_crosssection_short_1_1313028503121</str>
						<int id="x">-951</int>
						<int id="y">18</int>
						<int id="h">105</int>
						<int id="z">17</int>
					</object>
					<object id="dirt_platform_long_1313028503127">
						<str id="sprite_class">dirt_platform_long</str>
						<int id="w">1226</int>
						<str id="name">dirt_platform_long_1313028503122</str>
						<int id="x">-1498</int>
						<int id="y">-138</int>
						<int id="h">73</int>
						<int id="z">2</int>
					</object>
					<object id="gravel_1_1313048681707">
						<str id="sprite_class">gravel_1</str>
						<int id="w">280</int>
						<str id="name">gravel_1_1313048681707</str>
						<int id="x">-1197</int>
						<int id="y">-140</int>
						<int id="h">51</int>
						<int id="z">42</int>
					</object>
					<object id="groddle_bush4_1313048681749">
						<str id="sprite_class">groddle_bush4</str>
						<int id="w">142</int>
						<str id="name">groddle_bush4_1313048681749</str>
						<int id="x">1452</int>
						<int id="y">-199</int>
						<int id="h">68</int>
						<int id="z">45</int>
					</object>
					<object id="tree_stack_trunk_1313048681737">
						<str id="sprite_class">tree_stack_trunk</str>
						<int id="w">88</int>
						<str id="name">tree_stack_trunk_1313048681737</str>
						<int id="x">1721</int>
						<int id="y">-450</int>
						<int id="h">700</int>
						<int id="z">49</int>
					</object>
					<object id="dirt_platform_long_1313028503123">
						<str id="sprite_class">dirt_platform_long</str>
						<int id="w">1226</int>
						<str id="name">dirt_platform_long_1313028503122</str>
						<int id="x">-418</int>
						<int id="y">-65</int>
						<int id="h">92</int>
						<int id="z">9</int>
					</object>
					<object id="dirt_crosssection_long_1313028503166">
						<str id="sprite_class">dirt_crosssection_long</str>
						<int id="w">935</int>
						<str id="name">dirt_crosssection_long_1313028503120</str>
						<int id="x">466</int>
						<int id="y">17</int>
						<int id="h">106</int>
						<int id="z">20</int>
					</object>
					<object id="groddle_plant_3_1313028503149">
						<str id="sprite_class">groddle_plant_3</str>
						<int id="w">98</int>
						<str id="name">groddle_plant_3_1313028503149</str>
						<int id="x">-1607</int>
						<int id="y">-189</int>
						<int id="h">47</int>
						<int id="z">23</int>
					</object>
					<object id="bush_3_1313028503142">
						<str id="sprite_class">bush_3</str>
						<int id="w">283</int>
						<str id="name">bush_3_1313028503142</str>
						<int id="x">-1969</int>
						<int id="y">-190</int>
						<int id="h">100</int>
						<int id="z">16</int>
					</object>
					<object id="platform_branch_a03_1313048681742">
						<str id="sprite_class">platform_branch_a03</str>
						<int id="w">150</int>
						<str id="name">platform_branch_a03_1313048681742</str>
						<int id="x">1820</int>
						<int id="y">-585</int>
						<int id="h">54</int>
						<int id="z">53</int>
					</object>
					<object id="dirt_crosssection_long_1313028503124">
						<str id="sprite_class">dirt_crosssection_long</str>
						<int id="w">935</int>
						<str id="name">dirt_crosssection_long_1313028503120</str>
						<int id="x">-366</int>
						<int id="y">17</int>
						<int id="h">106</int>
						<int id="z">19</int>
					</object>
					<object id="groddle_plant_3_1313048681648">
						<str id="sprite_class">groddle_plant_3</str>
						<int id="w">100</int>
						<str id="name">groddle_plant_3_1313048681648</str>
						<int id="x">41</int>
						<int id="y">-200</int>
						<int id="h">48</int>
						<int id="z">32</int>
					</object>
					<object id="tree_coniferous_bare_1_1313048681705">
						<str id="sprite_class">tree_coniferous_bare_1</str>
						<int id="w">289</int>
						<str id="name">tree_coniferous_bare_1_1313048681705</str>
						<int id="x">-546</int>
						<int id="y">-166</int>
						<int id="h">593</int>
						<int id="z">39</int>
					</object>
					<object id="platform_branch_5_1313048681741">
						<str id="sprite_class">platform_branch_5</str>
						<int id="w">142</int>
						<str id="name">platform_branch_5_1313048681741</str>
						<int id="x">1629</int>
						<int id="y">-676</int>
						<int id="h">55</int>
						<int id="z">52</int>
					</object>
					<object id="groddle_plant_1_1313048681750">
						<str id="sprite_class">groddle_plant_1</str>
						<int id="w">99</int>
						<str id="name">groddle_plant_1_1313048681750</str>
						<int id="x">929</int>
						<int id="y">-182</int>
						<int id="h">105</int>
						<int id="z">56</int>
					</object>
					<object id="bush_3_1313048681691">
						<str id="sprite_class">bush_3</str>
						<int id="w">283</int>
						<str id="name">bush_3_1313048681691</str>
						<int id="x">-342</int>
						<int id="y">-174</int>
						<int id="h">100</int>
						<int id="z">33</int>
					</object>
					<object id="patch_mossy_1_1313048681752">
						<str id="sprite_class">patch_mossy_1</str>
						<int id="w">144</int>
						<str id="name">patch_mossy_1_1313048681751</str>
						<int id="x">1405</int>
						<int id="y">-177</int>
						<int id="h">34</int>
						<int id="z">10</int>
					</object>
					<object id="groddle_bush1_1313048681748">
						<str id="sprite_class">groddle_bush1</str>
						<int id="w">160</int>
						<str id="name">groddle_bush1_1313048681748</str>
						<int id="x">1238</int>
						<int id="y">-186</int>
						<int id="h">94</int>
						<int id="z">46</int>
					</object>
					<object id="patch_mossy_1_1313048681700">
						<str id="sprite_class">patch_mossy_1</str>
						<int id="w">144</int>
						<str id="name">patch_mossy_1_1313048681700</str>
						<int id="x">-1635</int>
						<int id="y">-168</int>
						<int id="h">34</int>
						<int id="z">18</int>
					</object>
					<object id="patch_mossy_1_1313048681751">
						<str id="sprite_class">patch_mossy_1</str>
						<int id="w">144</int>
						<str id="name">patch_mossy_1_1313048681751</str>
						<int id="x">1109</int>
						<int id="y">-177</int>
						<int id="h">34</int>
						<int id="z">11</int>
					</object>
					<object id="gravel_2_1313048681706">
						<str id="sprite_class">gravel_2</str>
						<int id="w">39</int>
						<str id="name">gravel_2_1313048681706</str>
						<int id="x">-504</int>
						<int id="y">-162</int>
						<int id="h">22</int>
						<int id="z">40</int>
					</object>
					<object id="pinecluster_mask_1_1313028503141">
						<str id="sprite_class">pinecluster_mask_1</str>
						<int id="w">286</int>
						<str id="name">pinecluster_mask_1_1313028503141</str>
						<int id="x">-1459</int>
						<int id="y">-174</int>
						<int id="h">111</int>
						<int id="z">22</int>
					</object>
					<object id="groddle_fern_1_1313048681698">
						<str id="sprite_class">groddle_fern_1</str>
						<int id="w">126</int>
						<str id="name">groddle_fern_1_1313048681698</str>
						<int id="x">-758</int>
						<int id="y">-180</int>
						<int id="h">75</int>
						<int id="z">37</int>
					</object>
					<object id="tree_stack_trunk_1313028503148">
						<str id="sprite_class">tree_stack_trunk</str>
						<int id="w">88</int>
						<int id="r">-267</int>
						<str id="name">tree_stack_trunk_1313028503147</str>
						<int id="x">-2055</int>
						<int id="y">-269</int>
						<int id="h">700</int>
						<int id="z">3</int>
					</object>
					<object id="patch_mossy_1_1313048681701">
						<str id="sprite_class">patch_mossy_1</str>
						<int id="w">144</int>
						<str id="name">patch_mossy_1_1313048681700</str>
						<int id="x">-1940</int>
						<int id="y">-181</int>
						<int id="h">34</int>
						<int id="z">13</int>
					</object>
					<object id="bush_2_1313048681692">
						<str id="sprite_class">bush_2</str>
						<int id="w">195</int>
						<str id="name">bush_2_1313048681692</str>
						<int id="x">-485</int>
						<int id="y">-169</int>
						<int id="h">75</int>
						<int id="z">35</int>
					</object>
					<object id="tree_stack_branch_4_1313048681710">
						<str id="sprite_class">tree_stack_branch_4</str>
						<int id="w">124</int>
						<int id="r">-35</int>
						<str id="name">tree_stack_branch_4_1313048681710</str>
						<int id="x">-1265</int>
						<int id="y">-249</int>
						<int id="h">58</int>
						<int id="z">0</int>
					</object>
					<object id="groddle_cover_clover1_1313048681694">
						<str id="sprite_class">groddle_cover_clover1</str>
						<int id="w">268</int>
						<str id="name">groddle_cover_clover1_1313048681694</str>
						<int id="x">-879</int>
						<int id="y">-168</int>
						<int id="h">65</int>
						<int id="z">31</int>
					</object>
					<object id="tree_stack_branch_1_1313028503151">
						<str id="sprite_class">tree_stack_branch_1</str>
						<int id="w">130</int>
						<str id="name">tree_stack_branch_1_1313028503151</str>
						<int id="x">-1289</int>
						<int id="y">-172</int>
						<int id="h">89</int>
						<int id="z">26</int>
						<bool id="h_flip">true</bool>
					</object>
					<object id="bush_1_1313048681695">
						<str id="sprite_class">bush_1</str>
						<int id="w">104</int>
						<str id="name">bush_1_1313048681695</str>
						<int id="x">-573</int>
						<int id="y">-165</int>
						<int id="h">83</int>
						<int id="z">36</int>
					</object>
					<object id="dirt_platform_long_1313028503128">
						<str id="sprite_class">dirt_platform_long</str>
						<int id="w">1226</int>
						<str id="name">dirt_platform_long_1313028503122</str>
						<int id="x">-432</int>
						<int id="y">-139</int>
						<int id="h">73</int>
						<int id="z">5</int>
					</object>
					<object id="dirt_platform_long_1313028503170">
						<str id="sprite_class">dirt_platform_long</str>
						<int id="w">1226</int>
						<str id="name">dirt_platform_long_1313028503122</str>
						<int id="x">1766</int>
						<int id="y">-72</int>
						<int id="h">92</int>
						<int id="z">14</int>
					</object>
					<object id="groddle_fern_1_1313048681699">
						<str id="sprite_class">groddle_fern_1</str>
						<int id="w">126</int>
						<str id="name">groddle_fern_1_1313048681698</str>
						<int id="x">801</int>
						<int id="y">-197</int>
						<int id="h">75</int>
						<int id="z">38</int>
					</object>
					<object id="patch_mossy_1_1313048681702">
						<str id="sprite_class">patch_mossy_1</str>
						<int id="w">144</int>
						<str id="name">patch_mossy_1_1313048681700</str>
						<int id="x">-1032</int>
						<int id="y">-178</int>
						<int id="h">34</int>
						<int id="z">24</int>
					</object>
					<object id="platform_branch_a04_1313048681743">
						<str id="sprite_class">platform_branch_a04</str>
						<int id="w">365</int>
						<str id="name">platform_branch_a04_1313048681743</str>
						<int id="x">1925</int>
						<int id="y">-1013</int>
						<int id="h">104</int>
						<int id="z">54</int>
						<bool id="h_flip">true</bool>
					</object>
					<object id="dirt_crosssection_long_1313028503168">
						<str id="sprite_class">dirt_crosssection_long</str>
						<int id="w">935</int>
						<str id="name">dirt_crosssection_long_1313028503120</str>
						<int id="x">1787</int>
						<int id="y">17</int>
						<int id="h">106</int>
						<int id="z">29</int>
					</object>
					<object id="groddle_plant_3_1313048681649">
						<str id="sprite_class">groddle_plant_3</str>
						<int id="w">100</int>
						<str id="name">groddle_plant_3_1313048681648</str>
						<int id="x">41</int>
						<int id="y">-200</int>
						<int id="h">48</int>
						<int id="z">32</int>
					</object>
					<object id="bush_3_1313048681693">
						<str id="sprite_class">bush_3</str>
						<int id="w">283</int>
						<str id="name">bush_3_1313048681693</str>
						<int id="x">-637</int>
						<int id="y">-162</int>
						<int id="h">100</int>
						<int id="z">34</int>
					</object>
					<object id="platform_branch_4_1313048681745">
						<str id="sprite_class">platform_branch_4</str>
						<int id="w">301</int>
						<str id="name">platform_branch_4_1313048681744</str>
						<int id="x">1546</int>
						<int id="y">-778</int>
						<int id="h">103</int>
						<int id="z">55</int>
					</object>
					<object id="tree_stack_base_4_1313028503126">
						<str id="sprite_class">tree_stack_base_4</str>
						<int id="w">447</int>
						<str id="name">tree_stack_base_4_1313028503126</str>
						<int id="x">-1780</int>
						<int id="y">-128</int>
						<int id="h">339</int>
						<int id="z">21</int>
					</object>
					<object id="patch_mossy_3_1313048681753">
						<str id="sprite_class">patch_mossy_3</str>
						<int id="w">195</int>
						<str id="name">patch_mossy_3_1313048681753</str>
						<int id="x">1941</int>
						<int id="y">-169</int>
						<int id="h">37</int>
						<int id="z">43</int>
					</object>
					<object id="dirt_platform_long_1313028503172">
						<str id="sprite_class">dirt_platform_long</str>
						<int id="w">1226</int>
						<str id="name">dirt_platform_long_1313028503122</str>
						<int id="x">1704</int>
						<int id="y">-143</int>
						<int id="h">73</int>
						<int id="z">7</int>
					</object>
					<object id="tree_coniferous_fg_1_1313048681735">
						<str id="sprite_class">tree_coniferous_fg_1</str>
						<int id="w">633</int>
						<str id="name">tree_coniferous_fg_1_1313048681735</str>
						<int id="x">1355</int>
						<int id="y">-151</int>
						<int id="h">1406</int>
						<int id="z">48</int>
					</object>
					<object id="tree_stack_base_4_1313048681736">
						<str id="sprite_class">tree_stack_base_4</str>
						<int id="w">447</int>
						<str id="name">tree_stack_base_4_1313048681736</str>
						<int id="x">1720</int>
						<int id="y">-151</int>
						<int id="h">339</int>
						<int id="z">41</int>
					</object>
					<object id="tree_dead_1_1313048681724">
						<str id="sprite_class">tree_dead_1</str>
						<int id="w">420</int>
						<int id="r">-1</int>
						<str id="name">tree_dead_1_1313048681724</str>
						<int id="x">1006</int>
						<int id="y">-183</int>
						<int id="h">56</int>
						<int id="z">44</int>
					</object>
					<object id="platform_branch_4_1313048681739">
						<str id="sprite_class">platform_branch_4</str>
						<int id="w">301</int>
						<str id="name">platform_branch_4_1313048681738</str>
						<int id="x">1545</int>
						<int id="y">-456</int>
						<int id="h">103</int>
						<int id="z">50</int>
					</object>
					<object id="pinecluster_mask_1_1313048681723">
						<str id="sprite_class">pinecluster_mask_1</str>
						<int id="w">286</int>
						<str id="name">pinecluster_mask_1_1313048681723</str>
						<int id="x">-1285</int>
						<int id="y">-187</int>
						<int id="h">111</int>
						<int id="z">4</int>
						<bool id="h_flip">true</bool>
					</object>
					<object id="dirt_platform_long_1313028503171">
						<str id="sprite_class">dirt_platform_long</str>
						<int id="w">1226</int>
						<str id="name">dirt_platform_long_1313028503122</str>
						<int id="x">657</int>
						<int id="y">-140</int>
						<int id="h">73</int>
						<int id="z">6</int>
					</object>
					<object id="dirt_crosssection_long_1313028503167">
						<str id="sprite_class">dirt_crosssection_long</str>
						<int id="w">935</int>
						<str id="name">dirt_crosssection_long_1313028503120</str>
						<int id="x">1344</int>
						<int id="y">18</int>
						<int id="h">106</int>
						<int id="z">28</int>
					</object>
					<object id="dirt_platform_long_1313028503122">
						<str id="sprite_class">dirt_platform_long</str>
						<int id="w">1226</int>
						<str id="name">dirt_platform_long_1313028503122</str>
						<int id="x">-1477</int>
						<int id="y">-63</int>
						<int id="h">92</int>
						<int id="z">8</int>
					</object>
					<object id="dirt_crosssection_long_1313028503120">
						<str id="sprite_class">dirt_crosssection_long</str>
						<int id="w">935</int>
						<str id="name">dirt_crosssection_long_1313028503120</str>
						<int id="x">-1553</int>
						<int id="y">22</int>
						<int id="h">106</int>
						<int id="z">15</int>
					</object>
					<object id="platform_branch_4_1313048681740">
						<str id="sprite_class">platform_branch_4</str>
						<int id="w">301</int>
						<str id="name">platform_branch_4_1313048681738</str>
						<int id="x">1895</int>
						<int id="y">-702</int>
						<int id="h">103</int>
						<int id="z">51</int>
						<bool id="h_flip">true</bool>
					</object>
					<object id="pinecluster_mask_1_1313048681690">
						<str id="sprite_class">pinecluster_mask_1</str>
						<int id="w">286</int>
						<str id="name">pinecluster_mask_1_1313048681690</str>
						<int id="x">-108</int>
						<int id="y">-186</int>
						<int id="h">111</int>
						<int id="z">30</int>
						<bool id="h_flip">true</bool>
					</object>
				</object>
				<int id="z">0</int>
				<object id="ladders">
				</object>
				<object id="filtersNEW">
					<object id="brightness">
						<int id="value">-7</int>
					</object>
					<object id="saturation">
						<int id="value">-19</int>
					</object>
				</object>
				<object id="doors">
				</object>
			</object>
			<object id="T_1313621996049">
				<object id="decos">
					<object id="tree_group_bg2_1_1313621996054">
						<str id="sprite_class">tree_group_bg2_1</str>
						<int id="w">415</int>
						<str id="name">tree_group_bg2_1_1313619919883</str>
						<int id="x">2701</int>
						<int id="y">891</int>
						<int id="h">543</int>
						<int id="z">1</int>
					</object>
					<object id="tree_group_bg2_1_1313621996051">
						<str id="sprite_class">tree_group_bg2_1</str>
						<int id="w">415</int>
						<str id="name">tree_group_bg2_1_1313619919883</str>
						<int id="x">534</int>
						<int id="y">900</int>
						<int id="h">543</int>
						<int id="z">4</int>
					</object>
					<object id="tree_group_bg2_1_1313621996050">
						<str id="sprite_class">tree_group_bg2_1</str>
						<int id="w">443</int>
						<str id="name">tree_group_bg2_1_1313619919883</str>
						<int id="x">2151</int>
						<int id="y">885</int>
						<int id="h">580</int>
						<int id="z">7</int>
					</object>
					<object id="tree_group_bg2_1_1313621996059">
						<str id="sprite_class">tree_group_bg2_1</str>
						<int id="w">443</int>
						<str id="name">tree_group_bg2_1_1313619919883</str>
						<int id="x">3752</int>
						<int id="y">891</int>
						<int id="h">580</int>
						<int id="z">9</int>
					</object>
					<object id="tree_group_bg2_1_1313621996057">
						<str id="sprite_class">tree_group_bg2_1</str>
						<int id="w">380</int>
						<str id="name">tree_group_bg2_1_1313619919883</str>
						<int id="x">1243</int>
						<int id="y">862</int>
						<int id="h">497</int>
						<int id="z">6</int>
					</object>
					<object id="tree_group_bg2_1_1313621996052">
						<str id="sprite_class">tree_group_bg2_1</str>
						<int id="w">415</int>
						<str id="name">tree_group_bg2_1_1313619919883</str>
						<int id="x">168</int>
						<int id="y">889</int>
						<int id="h">543</int>
						<int id="z">3</int>
					</object>
					<object id="tree_group_bg2_1_1313621996058">
						<str id="sprite_class">tree_group_bg2_1</str>
						<int id="w">443</int>
						<str id="name">tree_group_bg2_1_1313619919883</str>
						<int id="x">3424</int>
						<int id="y">923</int>
						<int id="h">580</int>
						<int id="z">8</int>
					</object>
					<object id="tree_group_bg2_1_1313621996055">
						<str id="sprite_class">tree_group_bg2_1</str>
						<int id="w">415</int>
						<str id="name">tree_group_bg2_1_1313619919883</str>
						<int id="x">1574</int>
						<int id="y">885</int>
						<int id="h">543</int>
						<int id="z">0</int>
					</object>
					<object id="tree_group_bg2_1_1313621996056">
						<str id="sprite_class">tree_group_bg2_1</str>
						<int id="w">415</int>
						<str id="name">tree_group_bg2_1_1313619919883</str>
						<int id="x">923</int>
						<int id="y">845</int>
						<int id="h">543</int>
						<int id="z">5</int>
					</object>
					<object id="tree_group_bg2_1_1313621996053">
						<str id="sprite_class">tree_group_bg2_1</str>
						<int id="w">415</int>
						<str id="name">tree_group_bg2_1_1313619919883</str>
						<int id="x">3048</int>
						<int id="y">915</int>
						<int id="h">543</int>
						<int id="z">2</int>
					</object>
				</object>
				<int id="w">3720</int>
				<int id="h">1100</int>
				<int id="z">-2</int>
				<object id="filtersNEW">
					<object id="brightness">
						<int id="value">-20</int>
					</object>
					<object id="saturation">
						<int id="value">-24</int>
					</object>
				</object>
				<str id="name">bg 2</str>
			</object>
			<object id="T_1313028503119">
				<object id="decos">
					<object id="tree_wallpaper_1_1313028503135">
						<str id="sprite_class">tree_wallpaper_1</str>
						<int id="w">1401</int>
						<str id="name">tree_wallpaper_1_1313028503135</str>
						<int id="x">493</int>
						<int id="y">839</int>
						<int id="h">464</int>
						<int id="z">0</int>
					</object>
					<object id="wallpaper_tree_short_2_1313028503177">
						<str id="sprite_class">wallpaper_tree_short_2</str>
						<int id="w">795</int>
						<str id="name">wallpaper_tree_short_2_1313028503177</str>
						<int id="x">3414</int>
						<int id="y">910</int>
						<int id="h">525</int>
						<int id="z">3</int>
					</object>
					<object id="tree_wallpaper_1_1313028503163">
						<str id="sprite_class">tree_wallpaper_1</str>
						<int id="w">1401</int>
						<str id="name">tree_wallpaper_1_1313028503135</str>
						<int id="x">2668</int>
						<int id="y">868</int>
						<int id="h">464</int>
						<int id="z">1</int>
					</object>
					<object id="tree_wallpaper_1a_1313028503164">
						<str id="sprite_class">tree_wallpaper_1a</str>
						<int id="w">1400</int>
						<str id="name">tree_wallpaper_1a_1313028503164</str>
						<int id="x">1614</int>
						<int id="y">897</int>
						<int id="h">520</int>
						<int id="z">2</int>
					</object>
				</object>
				<int id="w">3520</int>
				<int id="h">1100</int>
				<int id="z">-3</int>
				<object id="filtersNEW">
					<object id="brightness">
						<int id="value">-21</int>
					</object>
					<object id="saturation">
						<int id="value">-41</int>
					</object>
				</object>
				<str id="name">sky</str>
			</object>
		</object>
		<str id="tsid">LA912PJ5D492UIL</str>
		<object id="gradient">
			<str id="top">5C7B91</str>
			<str id="bottom">FFECD9</str>
		</object>
		<int id="rookable_type">0</int>
		<str id="swf_file_versioned">http://c2.glitch.bz/locations/groddle1/1321496905.swf</str>
		<null id="loading_label"/>
		<int id="ground_y">-178</int>
		<null id="img_file_versioned"/>
		<null id="physics"/>
		<object id="sources">
			<int id="LA9LU1276F92KDP">1</int>
			<int id="LA9NRNJSB792OG4">1</int>
			<int id="LA9118S28492QCL">1</int>
			<int id="LA9G6MA4P6923PH">1</int>
			<int id="LA912MO0D49290D">1</int>
		</object>
	</object>
</game_object>
