<game_object tsid="GA9H1V6OGRU2FSB" ts="1354059882270" label="Abandoned Hauki Seeks Manor" class_tsid="" lastUpdateTime="1354059872" upd_gs="gs7" load_time="2012-11-27 15:44:32.000" upd_time="2012-11-27 15:41:57.415">
	<object id="dynamic">
		<int id="l">-750</int>
		<int id="r">750</int>
		<int id="t">-642</int>
		<int id="b">0</int>
		<str id="label">Abandoned Hauki Seeks Manor</str>
		<str id="swf_file">bldg_int_apt.swf,groddle1.swf,subway1.swf,abbasid1.swf,zutto1.swf,firebog.swf,alpine_landscape.swf</str>
		<object id="layers">
			<object id="middleground">
				<object id="filtersNEW">
					<object id="contrast">
						<int id="value">-8</int>
					</object>
					<object id="tintColor">
						<int id="value">11749888</int>
					</object>
					<object id="tintAmount">
						<int id="value">48</int>
					</object>
					<object id="saturation">
						<int id="value">-13</int>
					</object>
				</object>
				<object id="decos">
					<object id="cave_icicle_1b_z1_1329419936588">
						<str id="sprite_class">cave_icicle_1b_z1</str>
						<int id="w">92</int>
						<int id="x">523</int>
						<int id="y">-500</int>
						<int id="h">29</int>
						<int id="z">39</int>
						<str id="name">cave_icicle_1b_z1_1329419936535</str>
					</object>
					<object id="cave_icicle_1b_z1_1329431378323">
						<str id="sprite_class">cave_icicle_1b_z1</str>
						<int id="w">48</int>
						<int id="x">699</int>
						<bool id="h_flip">true</bool>
						<int id="y">-482</int>
						<int id="h">65</int>
						<int id="z">43</int>
						<str id="name">cave_icicle_1b_z1_1329419936535</str>
					</object>
					<object id="light_shafts_blue_bottom_1329433828701">
						<str id="sprite_class">light_shafts_blue_bottom</str>
						<int id="w">127</int>
						<int id="r">-205</int>
						<int id="x">-489</int>
						<int id="y">-514</int>
						<int id="h">5</int>
						<int id="z">115</int>
						<str id="name">light_shafts_blue_bottom_1329419936645</str>
					</object>
					<object id="cave_icicle_1b_z1_1329419936567">
						<str id="sprite_class">cave_icicle_1b_z1</str>
						<int id="w">92</int>
						<int id="x">-445</int>
						<int id="y">-497</int>
						<int id="h">29</int>
						<int id="z">31</int>
						<str id="name">cave_icicle_1b_z1_1329419936535</str>
					</object>
					<object id="ladder_pole_shadow_1329417988263">
						<str id="sprite_class">ladder_pole_shadow</str>
						<int id="w">188</int>
						<int id="x">273</int>
						<int id="y">-71</int>
						<int id="h">54</int>
						<int id="z">81</int>
						<str id="name">ladder_pole_shadow_1329417988263</str>
					</object>
					<object id="cave_icicle_1b_z1_1329419936561">
						<str id="sprite_class">cave_icicle_1b_z1</str>
						<int id="w">92</int>
						<int id="x">-235</int>
						<int id="y">-493</int>
						<int id="h">29</int>
						<int id="z">58</int>
						<str id="name">cave_icicle_1b_z1_1329419936535</str>
					</object>
					<object id="light_shafts_blue_bottom_1329433828697">
						<str id="sprite_class">light_shafts_blue_bottom</str>
						<int id="w">29</int>
						<int id="r">-10</int>
						<int id="x">-527</int>
						<int id="y">-503</int>
						<int id="h">5</int>
						<int id="z">119</int>
						<str id="name">light_shafts_blue_bottom_1329419936645</str>
					</object>
					<object id="shredded_poster_1_1329431378332">
						<str id="sprite_class">shredded_poster_1</str>
						<int id="w">68</int>
						<int id="x">-332</int>
						<int id="y">-271</int>
						<int id="h">96</int>
						<int id="z">9</int>
						<str id="name">shredded_poster_1_1329431378331</str>
					</object>
					<object id="apartment_xsection_top_1_1329419936546">
						<str id="sprite_class">apartment_xsection_top_1</str>
						<int id="w">2328</int>
						<int id="x">417</int>
						<bool id="h_flip">true</bool>
						<int id="y">-612</int>
						<int id="h">31</int>
						<int id="z">85</int>
						<str id="name">apartment_xsection_top_1_1329417988273</str>
					</object>
					<object id="mountain_flora_01d_al1_1329431378306">
						<str id="sprite_class">mountain_flora_01d_al1</str>
						<int id="w">72</int>
						<int id="x">279</int>
						<int id="y">-168</int>
						<int id="h">17</int>
						<int id="z">100</int>
						<str id="name">mountain_flora_01d_al1_1329431378306</str>
					</object>
					<object id="crack_building_2_1329417988242">
						<str id="sprite_class">crack_building_2</str>
						<int id="w">59</int>
						<int id="x">234</int>
						<bool id="h_flip">true</bool>
						<int id="y">-329</int>
						<int id="h">75</int>
						<int id="z">24</int>
						<str id="name">crack_building_2_1329417988242</str>
					</object>
					<object id="fishing_rods_1329419936633">
						<str id="sprite_class">fishing_rods</str>
						<int id="w">46</int>
						<int id="r">10</int>
						<int id="x">-130</int>
						<int id="y">-160</int>
						<int id="h">93</int>
						<int id="z">92</int>
						<str id="name">fishing_rods_1329419936633</str>
					</object>
					<object id="cave_icicle_1c_z1_1329419936536">
						<str id="sprite_class">cave_icicle_1c_z1</str>
						<int id="w">109</int>
						<int id="x">-234</int>
						<int id="y">-293</int>
						<int id="h">241</int>
						<int id="z">62</int>
						<str id="name">cave_icicle_1c_z1_1329419936534</str>
					</object>
					<object id="signpost_asset_elevator_1329419936693">
						<str id="sprite_class">signpost_asset_elevator</str>
						<int id="w">392</int>
						<int id="x">57</int>
						<int id="y">-129</int>
						<int id="h">422</int>
						<int id="z">98</int>
						<str id="name">signpost_asset_elevator_1329419936693</str>
					</object>
					<object id="crack_building_3_1329419936678">
						<str id="sprite_class">crack_building_3</str>
						<int id="w">58</int>
						<int id="r">60</int>
						<int id="x">618</int>
						<int id="y">-110</int>
						<int id="h">24</int>
						<int id="z">20</int>
						<str id="name">crack_building_3_1329417988241</str>
					</object>
					<object id="light_shafts_blue_bottom_1329433828692">
						<str id="sprite_class">light_shafts_blue_bottom</str>
						<int id="w">30</int>
						<int id="r">-270</int>
						<int id="x">-540</int>
						<int id="y">-493</int>
						<int id="h">5</int>
						<int id="z">124</int>
						<str id="name">light_shafts_blue_bottom_1329419936645</str>
					</object>
					<object id="crack_building_5_1329431378327">
						<str id="sprite_class">crack_building_5</str>
						<int id="w">68</int>
						<int id="r">-90</int>
						<int id="x">-568</int>
						<bool id="h_flip">true</bool>
						<int id="y">-242</int>
						<int id="h">51</int>
						<int id="z">10</int>
						<str id="name">crack_building_5_1329417988239</str>
					</object>
					<object id="cave_icicle_1b_z1_1329419936558">
						<str id="sprite_class">cave_icicle_1b_z1</str>
						<int id="w">92</int>
						<int id="x">-190</int>
						<int id="y">-503</int>
						<int id="h">29</int>
						<int id="z">54</int>
						<str id="name">cave_icicle_1b_z1_1329419936535</str>
					</object>
					<object id="broken_vase_piece_1_1329419936605">
						<str id="sprite_class">broken_vase_piece_1</str>
						<int id="w">25</int>
						<int id="x">-269</int>
						<int id="y">-153</int>
						<int id="h">5</int>
						<int id="z">90</int>
						<str id="name">broken_vase_piece_1_1329419936602</str>
					</object>
					<object id="light_shafts_blue_bottom_1329433828691">
						<str id="sprite_class">light_shafts_blue_bottom</str>
						<int id="w">29</int>
						<int id="r">-10</int>
						<int id="x">-527</int>
						<int id="y">-503</int>
						<int id="h">5</int>
						<int id="z">125</int>
						<str id="name">light_shafts_blue_bottom_1329419936645</str>
					</object>
					<object id="crack_building_1_1329431378316">
						<str id="sprite_class">crack_building_1</str>
						<int id="w">46</int>
						<int id="r">-270</int>
						<int id="x">579</int>
						<bool id="h_flip">true</bool>
						<int id="y">-382</int>
						<int id="h">51</int>
						<int id="z">73</int>
						<str id="name">crack_building_1_1329417988243</str>
					</object>
					<object id="crack_building_3_1329431378328">
						<str id="sprite_class">crack_building_3</str>
						<int id="w">56</int>
						<int id="r">180</int>
						<int id="x">-595</int>
						<int id="y">-379</int>
						<int id="h">45</int>
						<int id="z">18</int>
						<str id="name">crack_building_3_1329417988241</str>
					</object>
					<object id="cave_icicle_1b_z1_1329419936591">
						<str id="sprite_class">cave_icicle_1b_z1</str>
						<int id="w">58</int>
						<int id="r">-15</int>
						<int id="x">-18</int>
						<int id="y">-507</int>
						<int id="h">29</int>
						<int id="z">48</int>
						<str id="name">cave_icicle_1b_z1_1329419936535</str>
					</object>
					<object id="cave_icicle_1b_z1_1329419936573">
						<str id="sprite_class">cave_icicle_1b_z1</str>
						<int id="w">92</int>
						<int id="x">-286</int>
						<int id="y">-494</int>
						<int id="h">29</int>
						<int id="z">55</int>
						<str id="name">cave_icicle_1b_z1_1329419936535</str>
					</object>
					<object id="cave_icicle_1c_z1_1329431378315">
						<str id="sprite_class">cave_icicle_1c_z1</str>
						<int id="w">33</int>
						<int id="x">237</int>
						<int id="y">-478</int>
						<int id="h">46</int>
						<int id="z">38</int>
						<str id="name">cave_icicle_1c_z1_1329419936523</str>
					</object>
					<object id="crack_building_1_1329417988243">
						<str id="sprite_class">crack_building_1</str>
						<int id="w">57</int>
						<int id="x">-500</int>
						<int id="y">-458</int>
						<int id="h">63</int>
						<int id="z">72</int>
						<str id="name">crack_building_1_1329417988243</str>
					</object>
					<object id="cave_icicle_1b_z1_1329419936568">
						<str id="sprite_class">cave_icicle_1b_z1</str>
						<int id="w">92</int>
						<int id="x">-445</int>
						<int id="y">-492</int>
						<int id="h">29</int>
						<int id="z">32</int>
						<str id="name">cave_icicle_1b_z1_1329419936535</str>
					</object>
					<object id="tree_int_moss_3_1329431378319">
						<str id="sprite_class">tree_int_moss_3</str>
						<int id="w">65</int>
						<int id="x">155</int>
						<int id="y">-321</int>
						<int id="h">135</int>
						<int id="z">108</int>
						<str id="name">tree_int_moss_3_1329431378319</str>
					</object>
					<object id="mountain_flora_01c_al1_1337738756366">
						<str id="sprite_class">mountain_flora_01c_al1</str>
						<int id="w">124</int>
						<int id="x">-328</int>
						<int id="y">-169</int>
						<int id="h">39</int>
						<int id="z">4</int>
						<str id="name">mountain_flora_01c_al1_1329431378307</str>
					</object>
					<object id="light_shafts_blue_bottom_1329433828699">
						<str id="sprite_class">light_shafts_blue_bottom</str>
						<int id="w">126</int>
						<int id="r">-235</int>
						<int id="x">-536</int>
						<int id="y">-486</int>
						<int id="h">5</int>
						<int id="z">117</int>
						<str id="name">light_shafts_blue_bottom_1329419936645</str>
					</object>
					<object id="crack_building_3_1329431378317">
						<str id="sprite_class">crack_building_3</str>
						<int id="w">108</int>
						<int id="r">270</int>
						<int id="x">381</int>
						<int id="y">-368</int>
						<int id="h">27</int>
						<int id="z">22</int>
						<str id="name">crack_building_3_1329417988241</str>
					</object>
					<object id="cave_icicle_1b_z1_1329419936540">
						<str id="sprite_class">cave_icicle_1b_z1</str>
						<int id="w">109</int>
						<int id="x">-723</int>
						<int id="y">-219</int>
						<int id="h">411</int>
						<int id="z">68</int>
						<str id="name">cave_icicle_1b_z1_1329419936535</str>
					</object>
					<object id="ground_cutaway_fossil3_1329431378298">
						<str id="sprite_class">ground_cutaway_fossil3</str>
						<int id="w">54</int>
						<int id="r">-20</int>
						<int id="x">605</int>
						<bool id="h_flip">true</bool>
						<int id="y">-202</int>
						<int id="h">36</int>
						<int id="z">102</int>
						<str id="name">ground_cutaway_fossil3_1329431378298</str>
					</object>
					<object id="mountain_flora_01h_al1_1329431378308">
						<str id="sprite_class">mountain_flora_01h_al1</str>
						<int id="w">85</int>
						<int id="x">513</int>
						<int id="y">-164</int>
						<int id="h">37</int>
						<int id="z">101</int>
						<str id="name">mountain_flora_01h_al1_1329431378308</str>
					</object>
					<object id="crack_building_4_1329419936516">
						<str id="sprite_class">crack_building_4</str>
						<int id="w">52</int>
						<int id="x">-79</int>
						<bool id="h_flip">true</bool>
						<int id="y">-299</int>
						<int id="h">111</int>
						<int id="z">16</int>
						<str id="name">crack_building_4_1329417988240</str>
					</object>
					<object id="cave_icicle_1b_z1_1329419936563">
						<str id="sprite_class">cave_icicle_1b_z1</str>
						<int id="w">92</int>
						<int id="x">-340</int>
						<int id="y">-502</int>
						<int id="h">29</int>
						<int id="z">25</int>
						<str id="name">cave_icicle_1b_z1_1329419936535</str>
					</object>
					<object id="broken_vase_piece_3_1329417988258">
						<str id="sprite_class">broken_vase_piece_3</str>
						<int id="w">36</int>
						<int id="x">-270</int>
						<int id="y">-159</int>
						<int id="h">13</int>
						<int id="z">79</int>
						<str id="name">broken_vase_piece_3_1329417988258</str>
					</object>
					<object id="light_shafts_blue_bottom_1329433828696">
						<str id="sprite_class">light_shafts_blue_bottom</str>
						<int id="w">30</int>
						<int id="r">-270</int>
						<int id="x">-540</int>
						<int id="y">-493</int>
						<int id="h">5</int>
						<int id="z">120</int>
						<str id="name">light_shafts_blue_bottom_1329419936645</str>
					</object>
					<object id="crack_building_5_1329419936677">
						<str id="sprite_class">crack_building_5</str>
						<int id="w">41</int>
						<int id="r">5</int>
						<int id="x">703</int>
						<bool id="h_flip">true</bool>
						<int id="y">-91</int>
						<int id="h">31</int>
						<int id="z">12</int>
						<str id="name">crack_building_5_1329417988239</str>
					</object>
					<object id="apartment_rug_red_1291428803525">
						<str id="sprite_class">apartment_rug_red</str>
						<int id="w">1055</int>
						<int id="x">80</int>
						<int id="y">-58</int>
						<int id="h">76</int>
						<int id="z">7</int>
						<str id="name">apartment_rug_red_1291428803525</str>
					</object>
					<object id="broken_vase_piece_3_1329419936606">
						<str id="sprite_class">broken_vase_piece_3</str>
						<int id="w">36</int>
						<int id="x">-203</int>
						<int id="y">-160</int>
						<int id="h">13</int>
						<int id="z">89</int>
						<str id="name">broken_vase_piece_3_1329417988258</str>
					</object>
					<object id="cave_icicle_1c_z1_1329419936572">
						<str id="sprite_class">cave_icicle_1c_z1</str>
						<int id="w">58</int>
						<int id="x">-661</int>
						<int id="y">-338</int>
						<int id="h">235</int>
						<int id="z">53</int>
						<str id="name">cave_icicle_1c_z1_1329419936523</str>
					</object>
					<object id="cave_icicle_1b_z1_1329419936560">
						<str id="sprite_class">cave_icicle_1b_z1</str>
						<int id="w">92</int>
						<int id="x">-235</int>
						<int id="y">-498</int>
						<int id="h">29</int>
						<int id="z">57</int>
						<str id="name">cave_icicle_1b_z1_1329419936535</str>
					</object>
					<object id="groddle_light_pool_1329419936637">
						<str id="sprite_class">groddle_light_pool</str>
						<int id="w">31</int>
						<int id="r">-90</int>
						<int id="x">-365</int>
						<int id="y">-374</int>
						<int id="h">16</int>
						<int id="z">93</int>
						<str id="name">groddle_light_pool_1329419936637</str>
					</object>
					<object id="light_shafts_blue_bottom_1329433828689">
						<str id="sprite_class">light_shafts_blue_bottom</str>
						<int id="w">127</int>
						<int id="r">-205</int>
						<int id="x">-489</int>
						<int id="y">-514</int>
						<int id="h">5</int>
						<int id="z">127</int>
						<str id="name">light_shafts_blue_bottom_1329419936645</str>
					</object>
					<object id="tree_stack_trunk_1329419936538">
						<str id="sprite_class">tree_stack_trunk</str>
						<int id="w">14</int>
						<int id="r">-72</int>
						<int id="x">-629</int>
						<int id="y">-558</int>
						<int id="h">346</int>
						<int id="z">84</int>
						<str id="name">tree_stack_trunk_1329419936528</str>
					</object>
					<object id="light_shafts_blue_bottom_1329433828693">
						<str id="sprite_class">light_shafts_blue_bottom</str>
						<int id="w">52</int>
						<int id="r">60</int>
						<int id="x">-541</int>
						<int id="y">-507</int>
						<int id="h">5</int>
						<int id="z">123</int>
						<str id="name">light_shafts_blue_bottom_1329419936645</str>
					</object>
					<object id="cave_icicle_1c_z1_1329419936533">
						<str id="sprite_class">cave_icicle_1c_z1</str>
						<int id="w">58</int>
						<int id="x">-480</int>
						<bool id="h_flip">true</bool>
						<int id="y">-448</int>
						<int id="h">84</int>
						<int id="z">35</int>
						<str id="name">cave_icicle_1c_z1_1329419936523</str>
					</object>
					<object id="cave_icicle_1c_z1_1329431378313">
						<str id="sprite_class">cave_icicle_1c_z1</str>
						<int id="w">55</int>
						<int id="x">266</int>
						<int id="y">-413</int>
						<int id="h">117</int>
						<int id="z">63</int>
						<str id="name">cave_icicle_1c_z1_1329419936534</str>
					</object>
					<object id="cave_icicle_1c_z1_1329419936581">
						<str id="sprite_class">cave_icicle_1c_z1</str>
						<int id="w">48</int>
						<int id="x">477</int>
						<bool id="h_flip">true</bool>
						<int id="y">-491</int>
						<int id="h">39</int>
						<int id="z">50</int>
						<str id="name">cave_icicle_1c_z1_1329419936523</str>
					</object>
					<object id="crack_building_1_1329419936519">
						<str id="sprite_class">crack_building_1</str>
						<int id="w">46</int>
						<int id="r">180</int>
						<int id="x">555</int>
						<bool id="h_flip">true</bool>
						<int id="y">-228</int>
						<int id="h">46</int>
						<int id="z">76</int>
						<str id="name">crack_building_1_1329417988243</str>
					</object>
					<object id="cave_icicle_1b_z1_1329431378314">
						<str id="sprite_class">cave_icicle_1b_z1</str>
						<int id="w">92</int>
						<int id="r">-5</int>
						<int id="x">269</int>
						<int id="y">-499</int>
						<int id="h">29</int>
						<int id="z">46</int>
						<str id="name">cave_icicle_1b_z1_1329419936535</str>
					</object>
					<object id="cave_icicle_1b_z1_1329419936592">
						<str id="sprite_class">cave_icicle_1b_z1</str>
						<int id="w">58</int>
						<int id="x">16</int>
						<bool id="h_flip">true</bool>
						<int id="y">-512</int>
						<int id="h">29</int>
						<int id="z">33</int>
						<str id="name">cave_icicle_1b_z1_1329419936535</str>
					</object>
					<object id="cave_icicle_1c_z1_1329419936586">
						<str id="sprite_class">cave_icicle_1c_z1</str>
						<int id="w">48</int>
						<int id="x">-52</int>
						<bool id="h_flip">true</bool>
						<int id="y">-491</int>
						<int id="h">39</int>
						<int id="z">51</int>
						<str id="name">cave_icicle_1c_z1_1329419936523</str>
					</object>
					<object id="moss_3_1329419936694">
						<str id="sprite_class">moss_3</str>
						<int id="w">188</int>
						<int id="x">-536</int>
						<int id="y">-67</int>
						<int id="h">36</int>
						<int id="z">99</int>
						<str id="name">moss_3_1329419936694</str>
					</object>
					<object id="groddle_light_pool_1329419936639">
						<str id="sprite_class">groddle_light_pool</str>
						<int id="w">31</int>
						<int id="r">-90</int>
						<int id="x">-209</int>
						<int id="y">-407</int>
						<int id="h">11</int>
						<int id="z">95</int>
						<str id="name">groddle_light_pool_1329419936637</str>
					</object>
					<object id="crack_building_4_1329417988240">
						<str id="sprite_class">crack_building_4</str>
						<int id="w">84</int>
						<int id="x">-530</int>
						<bool id="h_flip">true</bool>
						<int id="y">-343</int>
						<int id="h">111</int>
						<int id="z">14</int>
						<str id="name">crack_building_4_1329417988240</str>
					</object>
					<object id="cave_icicle_1b_z1_1329419936575">
						<str id="sprite_class">cave_icicle_1b_z1</str>
						<int id="w">92</int>
						<int id="x">-681</int>
						<int id="y">-532</int>
						<int id="h">29</int>
						<int id="z">29</int>
						<str id="name">cave_icicle_1b_z1_1329419936535</str>
					</object>
					<object id="cave_icicle_1c_z1_1329419936577">
						<str id="sprite_class">cave_icicle_1c_z1</str>
						<int id="w">58</int>
						<int id="x">537</int>
						<bool id="h_flip">true</bool>
						<int id="y">-306</int>
						<int id="h">233</int>
						<int id="z">52</int>
						<str id="name">cave_icicle_1c_z1_1329419936523</str>
					</object>
					<object id="moss_3_1337738756362">
						<str id="sprite_class">moss_3</str>
						<int id="w">188</int>
						<int id="x">-548</int>
						<int id="y">-135</int>
						<int id="h">36</int>
						<int id="z">5</int>
						<str id="name">moss_3_1329419936630</str>
					</object>
					<object id="cave_icicle_1b_z1_1329419936566">
						<str id="sprite_class">cave_icicle_1b_z1</str>
						<int id="w">92</int>
						<int id="x">-445</int>
						<int id="y">-502</int>
						<int id="h">29</int>
						<int id="z">30</int>
						<str id="name">cave_icicle_1b_z1_1329419936535</str>
					</object>
					<object id="juju_grandma_papers_01c_al1_1329431378302">
						<str id="sprite_class">juju_grandma_papers_01c_al1</str>
						<int id="w">59</int>
						<int id="x">-390</int>
						<bool id="h_flip">true</bool>
						<int id="y">-50</int>
						<int id="h">20</int>
						<int id="z">105</int>
						<str id="name">juju_grandma_papers_01c_al1_1329431378302</str>
					</object>
					<object id="crack_building_4_1329419936679">
						<str id="sprite_class">crack_building_4</str>
						<int id="w">44</int>
						<int id="r">85</int>
						<int id="x">662</int>
						<bool id="h_flip">true</bool>
						<int id="y">-135</int>
						<int id="h">58</int>
						<int id="z">15</int>
						<str id="name">crack_building_4_1329417988240</str>
					</object>
					<object id="tree_stack_trunk_1329419936576">
						<str id="sprite_class">tree_stack_trunk</str>
						<int id="w">9</int>
						<int id="r">-90</int>
						<int id="x">602</int>
						<int id="y">-532</int>
						<int id="h">128</int>
						<int id="z">83</int>
						<str id="name">tree_stack_trunk_1329419936528</str>
					</object>
					<object id="crack_building_1_1329419936518">
						<str id="sprite_class">crack_building_1</str>
						<int id="w">57</int>
						<int id="x">44</int>
						<int id="y">-482</int>
						<int id="h">57</int>
						<int id="z">75</int>
						<str id="name">crack_building_1_1329417988243</str>
					</object>
					<object id="cave_icicle_1b_z1_1329419936556">
						<str id="sprite_class">cave_icicle_1b_z1</str>
						<int id="w">66</int>
						<int id="x">-311</int>
						<int id="y">-256</int>
						<int id="h">281</int>
						<int id="z">70</int>
						<str id="name">cave_icicle_1b_z1_1329419936535</str>
					</object>
					<object id="broken_vase_piece_1_1329419936608">
						<str id="sprite_class">broken_vase_piece_1</str>
						<int id="w">25</int>
						<int id="x">-351</int>
						<int id="y">-170</int>
						<int id="h">5</int>
						<int id="z">87</int>
						<str id="name">broken_vase_piece_1_1329419936602</str>
					</object>
					<object id="light_shafts_blue_bottom_1329433828700">
						<str id="sprite_class">light_shafts_blue_bottom</str>
						<int id="w">90</int>
						<int id="r">-245</int>
						<int id="x">-544</int>
						<int id="y">-465</int>
						<int id="h">5</int>
						<int id="z">116</int>
						<str id="name">light_shafts_blue_bottom_1329419936645</str>
					</object>
					<object id="light_shafts_blue_bottom_1329433828690">
						<str id="sprite_class">light_shafts_blue_bottom</str>
						<int id="w">89</int>
						<int id="r">-190</int>
						<int id="x">-433</int>
						<int id="y">-530</int>
						<int id="h">5</int>
						<int id="z">126</int>
						<str id="name">light_shafts_blue_bottom_1329419936645</str>
					</object>
					<object id="light_shafts_blue_bottom_1329433828703">
						<str id="sprite_class">light_shafts_blue_bottom</str>
						<int id="w">58</int>
						<int id="r">-220</int>
						<int id="x">-507</int>
						<int id="y">-519</int>
						<int id="h">5</int>
						<int id="z">129</int>
						<str id="name">light_shafts_blue_bottom_1329419936645</str>
					</object>
					<object id="crack_building_1_1329419936509">
						<str id="sprite_class">crack_building_1</str>
						<int id="w">57</int>
						<int id="r">60</int>
						<int id="x">403</int>
						<int id="y">-405</int>
						<int id="h">57</int>
						<int id="z">77</int>
						<str id="name">crack_building_1_1329417988243</str>
					</object>
					<object id="cave_icicle_1b_z1_1329431378325">
						<str id="sprite_class">cave_icicle_1b_z1</str>
						<int id="w">48</int>
						<int id="r">-25</int>
						<int id="x">684</int>
						<int id="y">-493</int>
						<int id="h">29</int>
						<int id="z">42</int>
						<str id="name">cave_icicle_1b_z1_1329419936535</str>
					</object>
					<object id="crack_building_5_1337738756367">
						<str id="sprite_class">crack_building_5</str>
						<int id="w">15</int>
						<int id="r">-15</int>
						<int id="x">-351</int>
						<int id="y">-174</int>
						<int id="h">60</int>
						<int id="z">3</int>
						<str id="name">crack_building_5_1329417988239</str>
					</object>
					<object id="crack_building_3_1329419936517">
						<str id="sprite_class">crack_building_3</str>
						<int id="w">108</int>
						<int id="r">240</int>
						<int id="x">181</int>
						<int id="y">-463</int>
						<int id="h">27</int>
						<int id="z">21</int>
						<str id="name">crack_building_3_1329417988241</str>
					</object>
					<object id="juju_grandma_papers_01c_al1_1329431378305">
						<str id="sprite_class">juju_grandma_papers_01c_al1</str>
						<int id="w">59</int>
						<int id="x">509</int>
						<int id="y">-52</int>
						<int id="h">20</int>
						<int id="z">106</int>
						<str id="name">juju_grandma_papers_01c_al1_1329431378302</str>
					</object>
					<object id="moss_3_1329419936630">
						<str id="sprite_class">moss_3</str>
						<int id="w">188</int>
						<int id="x">-491</int>
						<int id="y">-81</int>
						<int id="h">36</int>
						<int id="z">80</int>
						<str id="name">moss_3_1329419936630</str>
					</object>
					<object id="crack_building_5_1329419936521">
						<str id="sprite_class">crack_building_5</str>
						<int id="w">68</int>
						<int id="r">-90</int>
						<int id="x">195</int>
						<int id="y">-295</int>
						<int id="h">52</int>
						<int id="z">11</int>
						<str id="name">crack_building_5_1329417988239</str>
					</object>
					<object id="cave_icicle_1c_z1_1329419936542">
						<str id="sprite_class">cave_icicle_1c_z1</str>
						<int id="w">58</int>
						<int id="x">-687</int>
						<int id="y">-539</int>
						<int id="h">36</int>
						<int id="z">61</int>
						<str id="name">cave_icicle_1c_z1_1329419936534</str>
					</object>
					<object id="cave_icicle_1b_z1_1329419936537">
						<str id="sprite_class">cave_icicle_1b_z1</str>
						<int id="w">61</int>
						<int id="x">-174</int>
						<int id="y">-434</int>
						<int id="h">99</int>
						<int id="z">69</int>
						<str id="name">cave_icicle_1b_z1_1329419936535</str>
					</object>
					<object id="light_shafts_blue_bottom_1329433828704">
						<str id="sprite_class">light_shafts_blue_bottom</str>
						<int id="w">58</int>
						<int id="r">-220</int>
						<int id="x">-507</int>
						<int id="y">-519</int>
						<int id="h">5</int>
						<int id="z">128</int>
						<str id="name">light_shafts_blue_bottom_1329419936645</str>
					</object>
					<object id="radial_shadow_1_1329431378342">
						<str id="sprite_class">radial_shadow_1</str>
						<int id="w">321</int>
						<int id="x">-575</int>
						<int id="y">-175</int>
						<int id="h">718</int>
						<int id="z">112</int>
						<str id="name">radial_shadow_1_1329431378340</str>
					</object>
					<object id="cave_icicle_1b_z1_1329419936590">
						<str id="sprite_class">cave_icicle_1b_z1</str>
						<int id="w">58</int>
						<int id="r">-5</int>
						<int id="x">-29</int>
						<int id="y">-507</int>
						<int id="h">29</int>
						<int id="z">47</int>
						<str id="name">cave_icicle_1b_z1_1329419936535</str>
					</object>
					<object id="radial_shadow_1_1329431378340">
						<str id="sprite_class">radial_shadow_1</str>
						<int id="w">321</int>
						<int id="x">-104</int>
						<int id="y">-34</int>
						<int id="h">718</int>
						<int id="z">110</int>
						<str id="name">radial_shadow_1_1329431378340</str>
					</object>
					<object id="cave_icicle_1b_z1_1329419936564">
						<str id="sprite_class">cave_icicle_1b_z1</str>
						<int id="w">92</int>
						<int id="x">-400</int>
						<int id="y">-502</int>
						<int id="h">29</int>
						<int id="z">26</int>
						<str id="name">cave_icicle_1b_z1_1329419936535</str>
					</object>
					<object id="light_shafts_blue_bottom_1329433828694">
						<str id="sprite_class">light_shafts_blue_bottom</str>
						<int id="w">126</int>
						<int id="r">-235</int>
						<int id="x">-536</int>
						<int id="y">-486</int>
						<int id="h">5</int>
						<int id="z">122</int>
						<str id="name">light_shafts_blue_bottom_1329419936645</str>
					</object>
					<object id="cave_icicle_1c_z1_1329419936579">
						<str id="sprite_class">cave_icicle_1c_z1</str>
						<int id="w">58</int>
						<int id="x">507</int>
						<int id="y">-472</int>
						<int id="h">58</int>
						<int id="z">49</int>
						<str id="name">cave_icicle_1c_z1_1329419936523</str>
					</object>
					<object id="broken_vase_piece_1_1329419936603">
						<str id="sprite_class">broken_vase_piece_1</str>
						<int id="w">25</int>
						<int id="x">-223</int>
						<int id="y">-162</int>
						<int id="h">5</int>
						<int id="z">86</int>
						<str id="name">broken_vase_piece_1_1329419936602</str>
					</object>
					<object id="cave_icicle_1c_z1_1329419936578">
						<str id="sprite_class">cave_icicle_1c_z1</str>
						<int id="w">58</int>
						<int id="x">562</int>
						<int id="y">-454</int>
						<int id="h">84</int>
						<int id="z">36</int>
						<str id="name">cave_icicle_1c_z1_1329419936523</str>
					</object>
					<object id="platform_crack_1_1329431378310">
						<str id="sprite_class">platform_crack_1</str>
						<int id="w">172</int>
						<int id="x">342</int>
						<int id="y">-103</int>
						<int id="h">43</int>
						<int id="z">6</int>
						<str id="name">platform_crack_1_1329431378310</str>
					</object>
					<object id="cave_icicle_1b_z1_1329433828688">
						<str id="sprite_class">cave_icicle_1b_z1</str>
						<int id="w">39</int>
						<int id="x">145</int>
						<int id="y">-447</int>
						<int id="h">96</int>
						<int id="z">66</int>
						<str id="name">cave_icicle_1b_z1_1329419936535</str>
					</object>
					<object id="radial_shadow_1_1329431378341">
						<str id="sprite_class">radial_shadow_1</str>
						<int id="w">321</int>
						<int id="x">218</int>
						<int id="y">-50</int>
						<int id="h">718</int>
						<int id="z">111</int>
						<str id="name">radial_shadow_1_1329431378340</str>
					</object>
					<object id="cave_icicle_1b_z1_1329419936585">
						<str id="sprite_class">cave_icicle_1b_z1</str>
						<int id="w">61</int>
						<int id="x">-30</int>
						<int id="y">-361</int>
						<int id="h">174</int>
						<int id="z">71</int>
						<str id="name">cave_icicle_1b_z1_1329419936535</str>
					</object>
					<object id="crack_building_5_1329417988239">
						<str id="sprite_class">crack_building_5</str>
						<int id="w">68</int>
						<int id="r">-90</int>
						<int id="x">-105</int>
						<bool id="h_flip">true</bool>
						<int id="y">-414</int>
						<int id="h">102</int>
						<int id="z">8</int>
						<str id="name">crack_building_5_1329417988239</str>
					</object>
					<object id="cave_icicle_1b_z1_1329431378322">
						<str id="sprite_class">cave_icicle_1b_z1</str>
						<int id="w">48</int>
						<int id="r">-55</int>
						<int id="x">690</int>
						<bool id="h_flip">true</bool>
						<int id="y">-513</int>
						<int id="h">29</int>
						<int id="z">40</int>
						<str id="name">cave_icicle_1b_z1_1329419936535</str>
					</object>
					<object id="crack_building_3_1337738756368">
						<str id="sprite_class">crack_building_3</str>
						<int id="w">93</int>
						<int id="r">270</int>
						<int id="x">-327</int>
						<int id="y">-228</int>
						<int id="h">23</int>
						<int id="z">2</int>
						<str id="name">crack_building_3_1329417988241</str>
					</object>
					<object id="wall_crack_1_1329417988252">
						<str id="sprite_class">wall_crack_1</str>
						<int id="w">161</int>
						<int id="x">-222</int>
						<int id="y">-194</int>
						<int id="h">80</int>
						<int id="z">109</int>
						<str id="name">wall_crack_1_1329417988252</str>
					</object>
					<object id="cave_icicle_1c_z1_1329433828687">
						<str id="sprite_class">cave_icicle_1c_z1</str>
						<int id="w">22</int>
						<int id="x">175</int>
						<int id="y">-462</int>
						<int id="h">70</int>
						<int id="z">64</int>
						<str id="name">cave_icicle_1c_z1_1329419936534</str>
					</object>
					<object id="wall_crack_2_1329417988251">
						<str id="sprite_class">wall_crack_2</str>
						<int id="w">97</int>
						<int id="r">-180</int>
						<int id="x">256</int>
						<int id="y">-410</int>
						<int id="h">194</int>
						<int id="z">78</int>
						<str id="name">wall_crack_2_1329417988251</str>
					</object>
					<object id="juju_grandma_papers_01b_al1_1329431378301">
						<str id="sprite_class">juju_grandma_papers_01b_al1</str>
						<int id="w">62</int>
						<int id="x">239</int>
						<int id="y">-147</int>
						<int id="h">36</int>
						<int id="z">103</int>
						<str id="name">juju_grandma_papers_01b_al1_1329431378301</str>
					</object>
					<object id="light_shafts_blue_bottom_1329433828702">
						<str id="sprite_class">light_shafts_blue_bottom</str>
						<int id="w">89</int>
						<int id="r">-190</int>
						<int id="x">-433</int>
						<int id="y">-530</int>
						<int id="h">5</int>
						<int id="z">114</int>
						<str id="name">light_shafts_blue_bottom_1329419936645</str>
					</object>
					<object id="crack_building_5_1329419936513">
						<str id="sprite_class">crack_building_5</str>
						<int id="w">15</int>
						<int id="r">-15</int>
						<int id="x">678</int>
						<int id="y">-161</int>
						<int id="h">60</int>
						<int id="z">13</int>
						<str id="name">crack_building_5_1329417988239</str>
					</object>
					<object id="cave_icicle_1c_z1_1329419936587">
						<str id="sprite_class">cave_icicle_1c_z1</str>
						<int id="w">58</int>
						<int id="x">-3</int>
						<int id="y">-455</int>
						<int id="h">84</int>
						<int id="z">37</int>
						<str id="name">cave_icicle_1c_z1_1329419936523</str>
					</object>
					<object id="light_shafts_blue_bottom_1329433828698">
						<str id="sprite_class">light_shafts_blue_bottom</str>
						<int id="w">52</int>
						<int id="r">60</int>
						<int id="x">-541</int>
						<int id="y">-507</int>
						<int id="h">5</int>
						<int id="z">118</int>
						<str id="name">light_shafts_blue_bottom_1329419936645</str>
					</object>
					<object id="apartment_lobby_1291229081033">
						<str id="sprite_class">apartment_lobby</str>
						<int id="w">1563</int>
						<int id="x">32</int>
						<int id="y">0</int>
						<int id="h">643</int>
						<int id="z">1</int>
						<str id="name">apartment_lobby_1291229081033</str>
					</object>
					<object id="cave_icicle_1b_z1_1329431378324">
						<str id="sprite_class">cave_icicle_1b_z1</str>
						<int id="w">48</int>
						<int id="r">-25</int>
						<int id="x">706</int>
						<int id="y">-521</int>
						<int id="h">29</int>
						<int id="z">41</int>
						<str id="name">cave_icicle_1b_z1_1329419936535</str>
					</object>
					<object id="groddle_light_pool_1329419936638">
						<str id="sprite_class">groddle_light_pool</str>
						<int id="w">38</int>
						<int id="r">-90</int>
						<int id="x">-350</int>
						<int id="y">-428</int>
						<int id="h">21</int>
						<int id="z">94</int>
						<str id="name">groddle_light_pool_1329419936637</str>
					</object>
					<object id="crack_building_3_1329419936522">
						<str id="sprite_class">crack_building_3</str>
						<int id="w">108</int>
						<int id="r">90</int>
						<int id="x">43</int>
						<int id="y">-429</int>
						<int id="h">45</int>
						<int id="z">19</int>
						<str id="name">crack_building_3_1329417988241</str>
					</object>
					<object id="ladder_pole_shadow_1329419936632">
						<str id="sprite_class">ladder_pole_shadow</str>
						<int id="w">326</int>
						<int id="x">188</int>
						<int id="y">-71</int>
						<int id="h">54</int>
						<int id="z">91</int>
						<str id="name">ladder_pole_shadow_1329419936550</str>
					</object>
					<object id="groddle_light_pool_1329419936641">
						<str id="sprite_class">groddle_light_pool</str>
						<int id="w">31</int>
						<int id="r">-90</int>
						<int id="x">2</int>
						<int id="y">-470</int>
						<int id="h">15</int>
						<int id="z">97</int>
						<str id="name">groddle_light_pool_1329419936637</str>
					</object>
					<object id="groddle_light_pool_1329419936640">
						<str id="sprite_class">groddle_light_pool</str>
						<int id="w">31</int>
						<int id="r">-90</int>
						<int id="x">-5</int>
						<int id="y">-433</int>
						<int id="h">13</int>
						<int id="z">96</int>
						<str id="name">groddle_light_pool_1329419936637</str>
					</object>
					<object id="crack_building_3_1329419936508">
						<str id="sprite_class">crack_building_3</str>
						<int id="w">51</int>
						<int id="r">-60</int>
						<int id="x">-37</int>
						<int id="y">-169</int>
						<int id="h">22</int>
						<int id="z">23</int>
						<str id="name">crack_building_3_1329417988241</str>
					</object>
					<object id="crack_building_3_1329417988241">
						<str id="sprite_class">crack_building_3</str>
						<int id="w">108</int>
						<int id="r">90</int>
						<int id="x">413</int>
						<int id="y">-473</int>
						<int id="h">45</int>
						<int id="z">17</int>
						<str id="name">crack_building_3_1329417988241</str>
					</object>
					<object id="cave_icicle_1b_z1_1329419936565">
						<str id="sprite_class">cave_icicle_1b_z1</str>
						<int id="w">92</int>
						<int id="x">-400</int>
						<int id="y">-492</int>
						<int id="h">29</int>
						<int id="z">27</int>
						<str id="name">cave_icicle_1b_z1_1329419936535</str>
					</object>
					<object id="cave_icicle_1b_z1_1329419936589">
						<str id="sprite_class">cave_icicle_1b_z1</str>
						<int id="w">92</int>
						<int id="r">-5</int>
						<int id="x">-32</int>
						<int id="y">-505</int>
						<int id="h">29</int>
						<int id="z">45</int>
						<str id="name">cave_icicle_1b_z1_1329419936535</str>
					</object>
					<object id="radial_shadow_1_1329431378343">
						<str id="sprite_class">radial_shadow_1</str>
						<int id="w">321</int>
						<int id="x">621</int>
						<int id="y">-89</int>
						<int id="h">718</int>
						<int id="z">113</int>
						<str id="name">radial_shadow_1_1329431378340</str>
					</object>
					<object id="tree_stack_trunk_1329419936531">
						<str id="sprite_class">tree_stack_trunk</str>
						<int id="w">9</int>
						<int id="r">-90</int>
						<int id="x">-134</int>
						<int id="y">-530</int>
						<int id="h">370</int>
						<int id="z">82</int>
						<str id="name">tree_stack_trunk_1329419936528</str>
					</object>
					<object id="cave_icicle_1b_z1_1329419936535">
						<str id="sprite_class">cave_icicle_1b_z1</str>
						<int id="w">106</int>
						<int id="x">-408</int>
						<int id="y">-362</int>
						<int id="h">170</int>
						<int id="z">65</int>
						<str id="name">cave_icicle_1b_z1_1329419936535</str>
					</object>
					<object id="juju_grandma_papers_01b_al1_1329431378304">
						<str id="sprite_class">juju_grandma_papers_01b_al1</str>
						<int id="w">62</int>
						<int id="x">589</int>
						<int id="y">-153</int>
						<int id="h">36</int>
						<int id="z">104</int>
						<str id="name">juju_grandma_papers_01b_al1_1329431378301</str>
					</object>
					<object id="light_shafts_blue_bottom_1329433828695">
						<str id="sprite_class">light_shafts_blue_bottom</str>
						<int id="w">90</int>
						<int id="r">-245</int>
						<int id="x">-544</int>
						<int id="y">-465</int>
						<int id="h">5</int>
						<int id="z">121</int>
						<str id="name">light_shafts_blue_bottom_1329419936645</str>
					</object>
					<object id="cave_icicle_1b_z1_1329419936569">
						<str id="sprite_class">cave_icicle_1b_z1</str>
						<int id="w">92</int>
						<int id="x">-445</int>
						<int id="y">-492</int>
						<int id="h">29</int>
						<int id="z">0</int>
						<str id="name">cave_icicle_1b_z1_1329419936535</str>
					</object>
					<object id="juju_grandma_papers_01a_al1_1329431378303">
						<str id="sprite_class">juju_grandma_papers_01a_al1</str>
						<int id="w">123</int>
						<int id="x">542</int>
						<int id="y">-125</int>
						<int id="h">95</int>
						<int id="z">107</int>
						<str id="name">juju_grandma_papers_01a_al1_1329431378303</str>
					</object>
					<object id="cave_icicle_1b_z1_1329431378326">
						<str id="sprite_class">cave_icicle_1b_z1</str>
						<int id="w">48</int>
						<int id="x">689</int>
						<int id="y">-472</int>
						<int id="h">65</int>
						<int id="z">44</int>
						<str id="name">cave_icicle_1b_z1_1329419936535</str>
					</object>
					<object id="cave_icicle_1b_z1_1329419936574">
						<str id="sprite_class">cave_icicle_1b_z1</str>
						<int id="w">92</int>
						<int id="x">-474</int>
						<int id="y">-501</int>
						<int id="h">29</int>
						<int id="z">28</int>
						<str id="name">cave_icicle_1b_z1_1329419936535</str>
					</object>
					<object id="cave_icicle_1b_z1_1329419936562">
						<str id="sprite_class">cave_icicle_1b_z1</str>
						<int id="w">92</int>
						<int id="x">-295</int>
						<int id="y">-502</int>
						<int id="h">29</int>
						<int id="z">59</int>
						<str id="name">cave_icicle_1b_z1_1329419936535</str>
					</object>
					<object id="cave_icicle_1b_z1_1329431378321">
						<str id="sprite_class">cave_icicle_1b_z1</str>
						<int id="w">55</int>
						<int id="x">682</int>
						<bool id="h_flip">true</bool>
						<int id="y">-268</int>
						<int id="h">267</int>
						<int id="z">67</int>
						<str id="name">cave_icicle_1b_z1_1329419936535</str>
					</object>
					<object id="cave_icicle_1b_z1_1329419936559">
						<str id="sprite_class">cave_icicle_1b_z1</str>
						<int id="w">92</int>
						<int id="x">-235</int>
						<int id="y">-503</int>
						<int id="h">29</int>
						<int id="z">56</int>
						<str id="name">cave_icicle_1b_z1_1329419936535</str>
					</object>
					<object id="broken_vase_piece_1_1329419936607">
						<str id="sprite_class">broken_vase_piece_1</str>
						<int id="w">13</int>
						<int id="x">-251</int>
						<int id="y">-163</int>
						<int id="h">5</int>
						<int id="z">88</int>
						<str id="name">broken_vase_piece_1_1329419936602</str>
					</object>
					<object id="crack_building_1_1329431378329">
						<str id="sprite_class">crack_building_1</str>
						<int id="w">46</int>
						<int id="r">-215</int>
						<int id="x">-677</int>
						<int id="y">-166</int>
						<int id="h">51</int>
						<int id="z">74</int>
						<str id="name">crack_building_1_1329417988243</str>
					</object>
					<object id="cave_icicle_1c_z1_1329419936534">
						<str id="sprite_class">cave_icicle_1c_z1</str>
						<int id="w">55</int>
						<int id="x">-348</int>
						<int id="y">-428</int>
						<int id="h">104</int>
						<int id="z">34</int>
						<str id="name">cave_icicle_1c_z1_1329419936534</str>
					</object>
					<object id="cave_icicle_1c_z1_1329419936554">
						<str id="sprite_class">cave_icicle_1c_z1</str>
						<int id="w">34</int>
						<int id="x">-262</int>
						<int id="y">-468</int>
						<int id="h">64</int>
						<int id="z">60</int>
						<str id="name">cave_icicle_1c_z1_1329419936534</str>
					</object>
				</object>
				<object id="boxes">
				</object>
				<object id="signposts">
					<object id="signpost_1336672542651">
						<str id="quarter">RHVMQ7S8TA32UQK</str>
						<int id="w">392</int>
						<object id="connects">
							<object id="1_2">
								<str id="hub_id">75</str>
								<int id="x">122</int>
								<int id="y">-106</int>
								<str id="swf_file_versioned">http://c2.glitch.bz/locations/groddle_apt/1316203455.swf,http://c2.glitch.bz/locations/groddle1/1337366741.swf,http://c2.glitch.bz/locations/subway1/1322701280.swf,http://c2.glitch.bz/locations/abbasid1/1330374046.swf,http://c2.glitch.bz/locations/zutto1/1331248119.swf,http://c2.glitch.bz/locations/firebog/1331248191.swf,http://c2.glitch.bz/locations/alpine_landscape/1332547509.swf</str>
								<str id="mote_id">9</str>
								<objref id="target" tsid="LDOBRKREU2V2F9B" label="Hauki Seeks Manor, floor 2"/>
							</object>
							<object id="exit">
								<str id="hub_id">75</str>
								<int id="x">53</int>
								<int id="y">-97</int>
								<str id="swf_file_versioned">http://c2.glitch.bz/locations/bldg_int_apt/1337733478.swf,http://c2.glitch.bz/locations/groddle1/1337366741.swf,http://c2.glitch.bz/locations/subway1/1322701280.swf,http://c2.glitch.bz/locations/abbasid1/1330374046.swf,http://c2.glitch.bz/locations/zutto1/1331248119.swf,http://c2.glitch.bz/locations/firebog/1331248191.swf,http://c2.glitch.bz/locations/alpine_landscape/1332547509.swf</str>
								<str id="mote_id">9</str>
								<objref id="target" tsid="LA9H1V6OGRU2FSB" label="Hauki Seeks Manor"/>
							</object>
							<object id="1_3">
								<str id="hub_id">75</str>
								<int id="x">131</int>
								<int id="y">-107</int>
								<str id="swf_file_versioned">http://c2.glitch.bz/locations/groddle_apt/1316203455.swf,http://c2.glitch.bz/locations/groddle1/1337366741.swf,http://c2.glitch.bz/locations/subway1/1322701280.swf,http://c2.glitch.bz/locations/abbasid1/1330374046.swf,http://c2.glitch.bz/locations/zutto1/1331248119.swf,http://c2.glitch.bz/locations/firebog/1331248191.swf,http://c2.glitch.bz/locations/alpine_landscape/1332547509.swf</str>
								<str id="mote_id">9</str>
								<objref id="target" tsid="LHF9DOUO7K03OUA" label="Hauki Seeks Manor, floor 3"/>
							</object>
							<object id="1_1">
								<str id="hub_id">75</str>
								<int id="x">125</int>
								<int id="y">-108</int>
								<str id="swf_file_versioned">http://c2.glitch.bz/locations/groddle_apt/1316203455.swf,http://c2.glitch.bz/locations/groddle1/1337366741.swf,http://c2.glitch.bz/locations/subway1/1322701280.swf,http://c2.glitch.bz/locations/abbasid1/1330374046.swf,http://c2.glitch.bz/locations/zutto1/1331248119.swf,http://c2.glitch.bz/locations/firebog/1331248191.swf,http://c2.glitch.bz/locations/alpine_landscape/1332547509.swf</str>
								<str id="mote_id">9</str>
								<objref id="target" tsid="LDOBRJIEU2V2Q2G" label="Hauki Seeks Manor, floor 1"/>
							</object>
						</object>
						<int id="x">58</int>
						<int id="y">-127</int>
						<int id="h">422</int>
						<object id="deco">
							<str id="sprite_class">signpost_asset_elevator_noBG</str>
							<int id="h">422</int>
							<int id="w">392</int>
							<str id="name">signpost_asset_elevator_noBG_1336672542650</str>
						</object>
					</object>
				</object>
				<object id="targets">
				</object>
				<int id="w">1500</int>
				<object id="platform_lines">
					<object id="plat_1337738756371">
						<object id="end">
							<int id="y">-86</int>
							<int id="x">409</int>
						</object>
						<int id="platform_pc_perm">-1</int>
						<int id="platform_item_perm">-1</int>
						<object id="start">
							<int id="y">-99</int>
							<int id="x">125</int>
						</object>
					</object>
					<object id="plat_1304728119945">
						<object id="end">
							<int id="y">-112</int>
							<int id="x">631</int>
						</object>
						<int id="platform_pc_perm">-1</int>
						<int id="platform_item_perm">-1</int>
						<object id="start">
							<int id="y">-93</int>
							<int id="x">625</int>
						</object>
					</object>
					<object id="plat_1304728119944">
						<object id="end">
							<int id="y">-129</int>
							<int id="x">672</int>
						</object>
						<int id="platform_pc_perm">-1</int>
						<int id="platform_item_perm">-1</int>
						<object id="start">
							<int id="y">-111</int>
							<int id="x">663</int>
						</object>
					</object>
					<object id="plat_1337738756372">
						<object id="end">
							<int id="y">-99</int>
							<int id="x">125</int>
						</object>
						<int id="platform_pc_perm">-1</int>
						<int id="platform_item_perm">-1</int>
						<object id="start">
							<int id="y">-103</int>
							<int id="x">-62</int>
						</object>
					</object>
					<object id="_pl1291229185401">
						<object id="end">
							<int id="y">-93</int>
							<int id="x">625</int>
						</object>
						<int id="platform_pc_perm">-1</int>
						<int id="platform_item_perm">-1</int>
						<object id="start">
							<int id="y">-86</int>
							<int id="x">409</int>
						</object>
					</object>
					<object id="plat_1337738756373">
						<object id="end">
							<int id="y">-103</int>
							<int id="x">-62</int>
						</object>
						<int id="platform_pc_perm">-1</int>
						<int id="platform_item_perm">-1</int>
						<object id="start">
							<int id="y">-121</int>
							<int id="x">-298</int>
						</object>
					</object>
					<object id="_pl1291229300839">
						<object id="end">
							<int id="y">-592</int>
							<int id="x">738</int>
						</object>
						<int id="platform_pc_perm">1</int>
						<int id="platform_item_perm">1</int>
						<object id="start">
							<int id="y">-592</int>
							<int id="x">-658</int>
						</object>
					</object>
					<object id="plat_1337738756375">
						<object id="end">
							<int id="y">-142</int>
							<int id="x">-475</int>
						</object>
						<int id="platform_pc_perm">-1</int>
						<int id="platform_item_perm">-1</int>
						<object id="start">
							<int id="y">-148</int>
							<int id="x">-605</int>
						</object>
					</object>
					<object id="_pl1291229223402">
						<object id="end">
							<int id="y">-129</int>
							<int id="x">743</int>
						</object>
						<int id="platform_pc_perm">-1</int>
						<int id="platform_item_perm">-1</int>
						<object id="start">
							<int id="y">-129</int>
							<int id="x">672</int>
						</object>
					</object>
					<object id="_pl1291229478451">
						<object id="end">
							<int id="y">-111</int>
							<int id="x">663</int>
						</object>
						<int id="platform_pc_perm">-1</int>
						<int id="platform_item_perm">-1</int>
						<object id="start">
							<int id="y">-112</int>
							<int id="x">631</int>
						</object>
					</object>
					<object id="plat_1337738756374">
						<object id="end">
							<int id="y">-133</int>
							<int id="x">-376</int>
						</object>
						<int id="platform_pc_perm">-1</int>
						<int id="platform_item_perm">-1</int>
						<object id="start">
							<int id="y">-142</int>
							<int id="x">-475</int>
						</object>
					</object>
					<object id="plat_1337738756376">
						<object id="end">
							<int id="y">-121</int>
							<int id="x">-298</int>
						</object>
						<int id="platform_pc_perm">-1</int>
						<int id="platform_item_perm">-1</int>
						<object id="start">
							<int id="y">-133</int>
							<int id="x">-376</int>
						</object>
					</object>
				</object>
				<str id="name">middleground</str>
				<object id="walls">
					<object id="wall_1291229271302">
						<int id="y">-633</int>
						<null id="pc_perm"/>
						<int id="w">0</int>
						<int id="h">630</int>
						<null id="item_perm"/>
						<int id="x">-605</int>
					</object>
					<object id="wall_1291229230079">
						<int id="y">-637</int>
						<null id="pc_perm"/>
						<int id="w">0</int>
						<int id="h">600</int>
						<null id="item_perm"/>
						<int id="x">739</int>
					</object>
				</object>
				<int id="h">642</int>
				<int id="z">0</int>
				<object id="doors">
					<object id="door_1337738756364">
						<null id="owner_label"/>
						<object id="connect">
							<str id="hub_id">75</str>
							<int id="x">136</int>
							<int id="y">-165</int>
							<str id="swf_file_versioned">http://c2.glitch.bz/locations/groddle1/1337366741.swf,http://c2.glitch.bz/locations/subway1/1322701280.swf,http://c2.glitch.bz/locations/bldg_int_apt/1337733478.swf,http://c2.glitch.bz/locations/zutto1/1331248119.swf,http://c2.glitch.bz/locations/abbasid1/1330374046.swf,http://c2.glitch.bz/locations/alpine_landscape/1332547509.swf,http://c2.glitch.bz/locations/firebog/1331248191.swf</str>
							<str id="mote_id">9</str>
							<objref id="target" tsid="LA9EBPF8M2031HB" label="Hauki Seeks Manor Basement"/>
						</object>
						<bool id="for_sale">false</bool>
						<int id="requires_level">0</int>
						<str id="house_number">0</str>
						<int id="h">199</int>
						<object id="deco">
							<str id="sprite_class">door_asset_stairdoor_down_01a_bia</str>
							<int id="h">199</int>
							<int id="w">145</int>
							<str id="name">door_asset_stairdoor_down_01a_bia_1337738756363</str>
						</object>
						<null id="itemstack_tsid"/>
						<int id="w">145</int>
						<int id="key_id">0</int>
						<null id="owner_tsid"/>
						<int id="y">-168</int>
						<bool id="is_locked">false</bool>
						<int id="x">-449</int>
					</object>
					<object id="door_1336431981943">
						<null id="owner_label"/>
						<object id="connect">
							<str id="hub_id">75</str>
							<int id="x">494</int>
							<int id="y">-150</int>
							<str id="swf_file_versioned">http://c2.glitch.bz/locations/groddle1/1337366741.swf,http://c2.glitch.bz/locations/bldg_ext_apt/1336090570.swf</str>
							<str id="mote_id">9</str>
							<objref id="target" tsid="LHV36AG0LO2208L" label="Hauki Seeks"/>
						</object>
						<bool id="for_sale">false</bool>
						<int id="requires_level">0</int>
						<str id="house_number">0</str>
						<int id="h">250</int>
						<object id="deco">
							<str id="sprite_class">door_asset_abandoned_apartment_int_01a</str>
							<int id="h">250</int>
							<int id="w">79</int>
							<str id="name">door_asset_abandoned_apartment_int_01a_1336431981942</str>
						</object>
						<null id="itemstack_tsid"/>
						<int id="w">79</int>
						<int id="key_id">0</int>
						<null id="owner_tsid"/>
						<int id="y">-94</int>
						<bool id="is_locked">false</bool>
						<int id="x">745</int>
					</object>
				</object>
				<object id="ladders">
				</object>
			</object>
			<object id="T_1329417988270">
				<int id="w">1500</int>
				<int id="h">642</int>
				<int id="z">1</int>
				<object id="filtersNEW">
					<object id="tintColor">
						<int id="value">0</int>
					</object>
					<object id="tintAmount">
						<int id="value">61</int>
					</object>
				</object>
				<str id="name">Light Bulb Tint</str>
				<object id="decos">
					<object id="hanging_lightbulb_1329417988272">
						<str id="sprite_class">hanging_lightbulb</str>
						<int id="w">20</int>
						<int id="x">809</int>
						<int id="y">144</int>
						<int id="h">152</int>
						<int id="z">0</int>
						<str id="name">hanging_lightbulb_1329417988272</str>
					</object>
				</object>
			</object>
			<object id="T_1329417988274">
				<int id="w">1500</int>
				<int id="h">642</int>
				<int id="z">2</int>
				<object id="filtersNEW">
					<object id="tintColor">
						<int id="value">11749888</int>
					</object>
					<object id="tintAmount">
						<int id="value">45</int>
					</object>
				</object>
				<str id="name">Shadow</str>
				<object id="decos">
					<object id="firebog_linear_gradient_shadow_1329419936497">
						<str id="sprite_class">firebog_linear_gradient_shadow</str>
						<int id="w">823</int>
						<int id="r">90</int>
						<int id="x">724</int>
						<int id="y">1154</int>
						<int id="h">1666</int>
						<int id="z">6</int>
						<str id="name">firebog_linear_gradient_shadow_1329419936494</str>
					</object>
					<object id="apartment_xsection_top_1_1329417988275">
						<str id="sprite_class">apartment_xsection_top_1</str>
						<int id="w">2328</int>
						<int id="x">1167</int>
						<bool id="h_flip">true</bool>
						<int id="y">30</int>
						<int id="h">31</int>
						<int id="z">3</int>
						<str id="name">apartment_xsection_top_1_1329417988273</str>
					</object>
					<object id="firebog_linear_gradient_shadow_1329419936498">
						<str id="sprite_class">firebog_linear_gradient_shadow</str>
						<int id="w">823</int>
						<int id="x">-165</int>
						<int id="y">846</int>
						<int id="h">1666</int>
						<int id="z">5</int>
						<str id="name">firebog_linear_gradient_shadow_1329419936494</str>
					</object>
					<object id="mountain_flora_01c_al1_1337738756370">
						<str id="sprite_class">mountain_flora_01c_al1</str>
						<int id="w">124</int>
						<int id="x">59</int>
						<int id="y">608</int>
						<int id="h">39</int>
						<int id="z">1</int>
						<str id="name">mountain_flora_01c_al1_1329431378307</str>
					</object>
					<object id="apartment_hall_ceiling_piece_2_1329419936506">
						<str id="sprite_class">apartment_hall_ceiling_piece_2</str>
						<int id="w">686</int>
						<int id="r">-180</int>
						<int id="x">788</int>
						<int id="y">-24</int>
						<int id="h">74</int>
						<int id="z">2</int>
						<str id="name">apartment_hall_ceiling_piece_2_1329419936505</str>
					</object>
					<object id="firebog_linear_gradient_shadow_1329419936496">
						<str id="sprite_class">firebog_linear_gradient_shadow</str>
						<int id="w">823</int>
						<int id="r">270</int>
						<int id="x">1645</int>
						<int id="y">783</int>
						<int id="h">1666</int>
						<int id="z">7</int>
						<str id="name">firebog_linear_gradient_shadow_1329419936494</str>
					</object>
					<object id="firebog_linear_gradient_shadow_1329419936644">
						<str id="sprite_class">firebog_linear_gradient_shadow</str>
						<int id="w">934</int>
						<int id="r">-180</int>
						<int id="x">1722</int>
						<int id="y">-94</int>
						<int id="h">835</int>
						<int id="z">8</int>
						<str id="name">firebog_linear_gradient_shadow_1329419936643</str>
					</object>
					<object id="firebog_linear_gradient_shadow_1329419936495">
						<str id="sprite_class">firebog_linear_gradient_shadow</str>
						<int id="w">1024</int>
						<int id="r">90</int>
						<int id="x">-74</int>
						<int id="y">50</int>
						<int id="h">1666</int>
						<int id="z">4</int>
						<str id="name">firebog_linear_gradient_shadow_1329419936494</str>
					</object>
					<object id="crate_1_1337738756369">
						<str id="sprite_class">crate_1</str>
						<int id="w">155</int>
						<int id="x">106</int>
						<int id="y">601</int>
						<int id="h">130</int>
						<int id="z">0</int>
						<str id="name">crate_1_1329417988244</str>
					</object>
				</object>
			</object>
		</object>
		<null id="img_file_versioned"/>
		<str id="tsid">LA9H1V6OGRU2FSB</str>
		<int id="ground_y">-232</int>
		<object id="sources">
			<int id="LA9EBPF8M2031HB">1</int>
			<int id="LA9H1V6OGRU2FSB">1</int>
			<int id="LHV36AG0LO2208L">1</int>
			<int id="LHF8CJUV9H034J2">1</int>
			<int id="LDOBRJIEU2V2Q2G">1</int>
			<int id="LDOBRKREU2V2F9B">1</int>
			<int id="LHF9DOUO7K03OUA">1</int>
		</object>
		<bool id="no_map">true</bool>
		<null id="loading_label"/>
		<null id="physics"/>
		<str id="swf_file_versioned">http://c2.glitch.bz/locations/bldg_int_apt/1337733478.swf,http://c2.glitch.bz/locations/groddle1/1337366741.swf,http://c2.glitch.bz/locations/subway1/1322701280.swf,http://c2.glitch.bz/locations/abbasid1/1330374046.swf,http://c2.glitch.bz/locations/zutto1/1331248119.swf,http://c2.glitch.bz/locations/firebog/1331248191.swf,http://c2.glitch.bz/locations/alpine_landscape/1332547509.swf</str>
		<int id="rookable_type">0</int>
		<str id="music_file">ABANDONED_APARTMENTS1</str>
		<bool id="wall_jump">false</bool>
		<bool id="no_zoom">true</bool>
	</object>
</game_object>
