<game_object tsid="GA9IHQQSCF820VN" ts="1340592121279" label="Melalu Mile" class_tsid="" lastUpdateTime="1340592111071" upd_gs="gs11" load_time="2012-06-24 19:41:51.262" upd_time="2012-06-24 19:37:28.033">
	<object id="dynamic">
		<int id="l">-3000</int>
		<int id="r">3000</int>
		<int id="t">-1000</int>
		<int id="b">0</int>
		<str id="label">Melalu Mile</str>
		<str id="swf_file">groddle1.swf</str>
		<object id="layers">
			<object id="T_1312396383703">
				<object id="decos">
					<object id="mountain_trees_darker_1_1312400488680">
						<int id="w">1236</int>
						<int id="r">-4</int>
						<str id="name">mountain_trees_darker_1_1312396383704</str>
						<int id="x">2735</int>
						<int id="y">642</int>
						<int id="h">332</int>
						<int id="z">1</int>
						<str id="sprite_class">mountain_trees_darker_1</str>
					</object>
					<object id="mountain_trees_darker_1_1312396383704">
						<int id="w">1086</int>
						<int id="r">5</int>
						<str id="name">mountain_trees_darker_1_1312396383704</str>
						<int id="x">1532</int>
						<int id="y">570</int>
						<int id="h">258</int>
						<int id="z">0</int>
						<str id="sprite_class">mountain_trees_darker_1</str>
					</object>
					<object id="mountain_trees_darker_1_1312396383705">
						<int id="w">1086</int>
						<int id="r">1</int>
						<str id="name">mountain_trees_darker_1_1312396383704</str>
						<int id="x">2088</int>
						<int id="y">601</int>
						<int id="h">258</int>
						<int id="z">2</int>
						<str id="sprite_class">mountain_trees_darker_1</str>
					</object>
				</object>
				<int id="w">4440</int>
				<int id="h">960</int>
				<int id="z">-4</int>
				<str id="name">mtn</str>
				<object id="filtersNEW">
					<object id="saturation">
						<int id="value">-40</int>
					</object>
					<object id="brightness">
						<int id="value">30</int>
					</object>
					<object id="contrast">
						<int id="value">-40</int>
					</object>
				</object>
			</object>
			<object id="middleground">
				<object id="walls">
				</object>
				<object id="targets">
				</object>
				<object id="filtersNEW">
					<object id="brightness">
						<int id="value">-5</int>
					</object>
					<object id="saturation">
						<int id="value">-10</int>
					</object>
					<object id="tintAmount">
						<int id="value">0</int>
					</object>
					<object id="contrast">
						<int id="value">-10</int>
					</object>
					<object id="tintColor">
						<int id="value">0</int>
					</object>
				</object>
				<object id="platform_lines">
					<object id="plat_1312396383598">
						<object id="end">
							<int id="y">-414</int>
							<int id="x">-754</int>
						</object>
						<int id="platform_pc_perm">-1</int>
						<object id="start">
							<int id="y">-412</int>
							<int id="x">-800</int>
						</object>
						<int id="platform_item_perm">-1</int>
					</object>
					<object id="plat_1312396383610">
						<object id="end">
							<int id="y">-855</int>
							<int id="x">-573</int>
						</object>
						<int id="platform_pc_perm">-1</int>
						<object id="start">
							<int id="y">-919</int>
							<int id="x">-676</int>
						</object>
						<int id="platform_item_perm">-1</int>
					</object>
					<object id="plat_1312396383662">
						<object id="end">
							<int id="y">-110</int>
							<int id="x">2681</int>
						</object>
						<int id="platform_pc_perm">-1</int>
						<object id="start">
							<int id="y">-150</int>
							<int id="x">2271</int>
						</object>
						<int id="platform_item_perm">-1</int>
					</object>
					<object id="plat_1312396383590">
						<object id="end">
							<int id="y">-681</int>
							<int id="x">-1316</int>
						</object>
						<int id="platform_pc_perm">-1</int>
						<object id="start">
							<int id="y">-729</int>
							<int id="x">-1502</int>
						</object>
						<int id="platform_item_perm">-1</int>
					</object>
					<object id="plat_1312396383592">
						<object id="end">
							<int id="y">-561</int>
							<int id="x">-1112</int>
						</object>
						<int id="platform_pc_perm">-1</int>
						<object id="start">
							<int id="y">-605</int>
							<int id="x">-1181</int>
						</object>
						<int id="platform_item_perm">-1</int>
					</object>
					<object id="plat_1312396383663">
						<object id="end">
							<int id="y">-108</int>
							<int id="x">2999</int>
						</object>
						<int id="platform_pc_perm">-1</int>
						<object id="start">
							<int id="y">-110</int>
							<int id="x">2681</int>
						</object>
						<int id="platform_item_perm">-1</int>
					</object>
					<object id="plat_1312396383587">
						<object id="end">
							<int id="y">-668</int>
							<int id="x">-1723</int>
						</object>
						<int id="platform_pc_perm">-1</int>
						<object id="start">
							<int id="y">-646</int>
							<int id="x">-1816</int>
						</object>
						<int id="platform_item_perm">-1</int>
					</object>
					<object id="plat_1312396383649">
						<object id="end">
							<int id="y">-137</int>
							<int id="x">-2584</int>
						</object>
						<int id="platform_pc_perm">-1</int>
						<object id="start">
							<int id="y">-137</int>
							<int id="x">-2911</int>
						</object>
						<int id="platform_item_perm">-1</int>
					</object>
					<object id="plat_1312396383658">
						<object id="end">
							<int id="y">-110</int>
							<int id="x">1046</int>
						</object>
						<int id="platform_pc_perm">-1</int>
						<object id="start">
							<int id="y">-105</int>
							<int id="x">356</int>
						</object>
						<int id="platform_item_perm">-1</int>
					</object>
					<object id="plat_1312396383651">
						<object id="end">
							<int id="y">-116</int>
							<int id="x">-1638</int>
						</object>
						<int id="platform_pc_perm">-1</int>
						<object id="start">
							<int id="y">-119</int>
							<int id="x">-2272</int>
						</object>
						<int id="platform_item_perm">-1</int>
					</object>
					<object id="plat_1312396383591">
						<object id="end">
							<int id="y">-626</int>
							<int id="x">-1254</int>
						</object>
						<int id="platform_pc_perm">-1</int>
						<object id="start">
							<int id="y">-681</int>
							<int id="x">-1316</int>
						</object>
						<int id="platform_item_perm">-1</int>
					</object>
					<object id="plat_1312396383661">
						<object id="end">
							<int id="y">-150</int>
							<int id="x">2271</int>
						</object>
						<int id="platform_pc_perm">-1</int>
						<object id="start">
							<int id="y">-85</int>
							<int id="x">1604</int>
						</object>
						<int id="platform_item_perm">-1</int>
					</object>
					<object id="plat_1312396383655">
						<object id="end">
							<int id="y">-92</int>
							<int id="x">-542</int>
						</object>
						<int id="platform_pc_perm">-1</int>
						<object id="start">
							<int id="y">-86</int>
							<int id="x">-850</int>
						</object>
						<int id="platform_item_perm">-1</int>
					</object>
					<object id="plat_1312396383595">
						<object id="end">
							<int id="y">-671</int>
							<int id="x">-763</int>
						</object>
						<int id="platform_pc_perm">-1</int>
						<object id="start">
							<int id="y">-650</int>
							<int id="x">-865</int>
						</object>
						<int id="platform_item_perm">-1</int>
					</object>
					<object id="plat_1312396383607">
						<object id="end">
							<int id="y">-827</int>
							<int id="x">-829</int>
						</object>
						<int id="platform_pc_perm">-1</int>
						<object id="start">
							<int id="y">-798</int>
							<int id="x">-867</int>
						</object>
						<int id="platform_item_perm">-1</int>
					</object>
					<object id="plat_1312396383656">
						<object id="end">
							<int id="y">-116</int>
							<int id="x">-210</int>
						</object>
						<int id="platform_pc_perm">-1</int>
						<object id="start">
							<int id="y">-92</int>
							<int id="x">-542</int>
						</object>
						<int id="platform_item_perm">-1</int>
					</object>
					<object id="plat_1312396383606">
						<object id="end">
							<int id="y">-772</int>
							<int id="x">-690</int>
						</object>
						<int id="platform_pc_perm">-1</int>
						<object id="start">
							<int id="y">-784</int>
							<int id="x">-719</int>
						</object>
						<int id="platform_item_perm">-1</int>
					</object>
					<object id="plat_1312396383609">
						<object id="end">
							<int id="y">-919</int>
							<int id="x">-676</int>
						</object>
						<int id="platform_pc_perm">-1</int>
						<object id="start">
							<int id="y">-924</int>
							<int id="x">-719</int>
						</object>
						<int id="platform_item_perm">-1</int>
					</object>
					<object id="plat_1312396383596">
						<object id="end">
							<int id="y">-336</int>
							<int id="x">-926</int>
						</object>
						<int id="platform_pc_perm">-1</int>
						<object id="start">
							<int id="y">-272</int>
							<int id="x">-997</int>
						</object>
						<int id="platform_item_perm">-1</int>
					</object>
					<object id="plat_1312396383603">
						<object id="end">
							<int id="y">-566</int>
							<int id="x">-628</int>
						</object>
						<int id="platform_pc_perm">-1</int>
						<object id="start">
							<int id="y">-602</int>
							<int id="x">-714</int>
						</object>
						<int id="platform_item_perm">-1</int>
					</object>
					<object id="plat_1312396383602">
						<object id="end">
							<int id="y">-602</int>
							<int id="x">-714</int>
						</object>
						<int id="platform_pc_perm">-1</int>
						<object id="start">
							<int id="y">-598</int>
							<int id="x">-753</int>
						</object>
						<int id="platform_item_perm">-1</int>
					</object>
					<object id="plat_1312396383650">
						<object id="end">
							<int id="y">-119</int>
							<int id="x">-2272</int>
						</object>
						<int id="platform_pc_perm">-1</int>
						<object id="start">
							<int id="y">-137</int>
							<int id="x">-2584</int>
						</object>
						<int id="platform_item_perm">-1</int>
					</object>
					<object id="plat_1312396383588">
						<object id="end">
							<int id="y">-732</int>
							<int id="x">-1597</int>
						</object>
						<int id="platform_pc_perm">-1</int>
						<object id="start">
							<int id="y">-668</int>
							<int id="x">-1723</int>
						</object>
						<int id="platform_item_perm">-1</int>
					</object>
					<object id="plat_1312396383659">
						<object id="end">
							<int id="y">-133</int>
							<int id="x">1335</int>
						</object>
						<int id="platform_pc_perm">-1</int>
						<object id="start">
							<int id="y">-110</int>
							<int id="x">1046</int>
						</object>
						<int id="platform_item_perm">-1</int>
					</object>
					<object id="plat_1312396383604">
						<object id="end">
							<int id="y">-551</int>
							<int id="x">-556</int>
						</object>
						<int id="platform_pc_perm">-1</int>
						<object id="start">
							<int id="y">-566</int>
							<int id="x">-628</int>
						</object>
						<int id="platform_item_perm">-1</int>
					</object>
					<object id="plat_1312396383599">
						<object id="end">
							<int id="y">-448</int>
							<int id="x">-709</int>
						</object>
						<int id="platform_pc_perm">-1</int>
						<object id="start">
							<int id="y">-414</int>
							<int id="x">-754</int>
						</object>
						<int id="platform_item_perm">-1</int>
					</object>
					<object id="plat_1312396383601">
						<object id="end">
							<int id="y">-357</int>
							<int id="x">-463</int>
						</object>
						<int id="platform_pc_perm">-1</int>
						<object id="start">
							<int id="y">-427</int>
							<int id="x">-614</int>
						</object>
						<int id="platform_item_perm">-1</int>
					</object>
					<object id="plat_1312396383648">
						<object id="end">
							<int id="y">-137</int>
							<int id="x">-2911</int>
						</object>
						<int id="platform_pc_perm">-1</int>
						<object id="start">
							<int id="y">-128</int>
							<int id="x">-2999</int>
						</object>
						<int id="platform_item_perm">-1</int>
					</object>
					<object id="plat_1312396383660">
						<object id="end">
							<int id="y">-85</int>
							<int id="x">1604</int>
						</object>
						<int id="platform_pc_perm">-1</int>
						<object id="start">
							<int id="y">-133</int>
							<int id="x">1335</int>
						</object>
						<int id="platform_item_perm">-1</int>
					</object>
					<object id="plat_1312396383653">
						<object id="end">
							<int id="y">-146</int>
							<int id="x">-1047</int>
						</object>
						<int id="platform_pc_perm">-1</int>
						<object id="start">
							<int id="y">-100</int>
							<int id="x">-1531</int>
						</object>
						<int id="platform_item_perm">-1</int>
					</object>
					<object id="plat_1312396383594">
						<object id="end">
							<int id="y">-650</int>
							<int id="x">-865</int>
						</object>
						<int id="platform_pc_perm">-1</int>
						<object id="start">
							<int id="y">-588</int>
							<int id="x">-949</int>
						</object>
						<int id="platform_item_perm">-1</int>
					</object>
					<object id="plat_1312396383597">
						<object id="end">
							<int id="y">-412</int>
							<int id="x">-800</int>
						</object>
						<int id="platform_pc_perm">-1</int>
						<object id="start">
							<int id="y">-336</int>
							<int id="x">-926</int>
						</object>
						<int id="platform_item_perm">-1</int>
					</object>
					<object id="plat_1312396383652">
						<object id="end">
							<int id="y">-100</int>
							<int id="x">-1531</int>
						</object>
						<int id="platform_pc_perm">-1</int>
						<object id="start">
							<int id="y">-116</int>
							<int id="x">-1638</int>
						</object>
						<int id="platform_item_perm">-1</int>
					</object>
					<object id="plat_1312396383654">
						<object id="end">
							<int id="y">-86</int>
							<int id="x">-850</int>
						</object>
						<int id="platform_pc_perm">-1</int>
						<object id="start">
							<int id="y">-146</int>
							<int id="x">-1047</int>
						</object>
						<int id="platform_item_perm">-1</int>
					</object>
					<object id="plat_1312396383593">
						<object id="end">
							<int id="y">-605</int>
							<int id="x">-1181</int>
						</object>
						<int id="platform_pc_perm">-1</int>
						<object id="start">
							<int id="y">-626</int>
							<int id="x">-1254</int>
						</object>
						<int id="platform_item_perm">-1</int>
					</object>
					<object id="plat_1312396383605">
						<object id="end">
							<int id="y">-784</int>
							<int id="x">-719</int>
						</object>
						<int id="platform_pc_perm">-1</int>
						<object id="start">
							<int id="y">-780</int>
							<int id="x">-766</int>
						</object>
						<int id="platform_item_perm">-1</int>
					</object>
					<object id="plat_1312396383657">
						<object id="end">
							<int id="y">-105</int>
							<int id="x">356</int>
						</object>
						<int id="platform_pc_perm">-1</int>
						<object id="start">
							<int id="y">-116</int>
							<int id="x">-210</int>
						</object>
						<int id="platform_item_perm">-1</int>
					</object>
					<object id="plat_1312396383608">
						<object id="end">
							<int id="y">-855</int>
							<int id="x">-762</int>
						</object>
						<int id="platform_pc_perm">-1</int>
						<object id="start">
							<int id="y">-827</int>
							<int id="x">-829</int>
						</object>
						<int id="platform_item_perm">-1</int>
					</object>
					<object id="plat_1312396383600">
						<object id="end">
							<int id="y">-427</int>
							<int id="x">-614</int>
						</object>
						<int id="platform_pc_perm">-1</int>
						<object id="start">
							<int id="y">-448</int>
							<int id="x">-709</int>
						</object>
						<int id="platform_item_perm">-1</int>
					</object>
					<object id="plat_1312396383589">
						<object id="end">
							<int id="y">-729</int>
							<int id="x">-1502</int>
						</object>
						<int id="platform_pc_perm">-1</int>
						<object id="start">
							<int id="y">-732</int>
							<int id="x">-1597</int>
						</object>
						<int id="platform_item_perm">-1</int>
					</object>
				</object>
				<object id="decos">
					<object id="gravel_2_1311971815095">
						<int id="w">25</int>
						<str id="name">gravel_2_1311803725061</str>
						<int id="x">513</int>
						<int id="y">-170</int>
						<int id="h">14</int>
						<int id="z">63</int>
						<str id="sprite_class">gravel_2</str>
					</object>
					<object id="evenground_platform_long_1311958504851">
						<int id="w">1165</int>
						<str id="name">evenground_platform_long_1311958504846</str>
						<int id="x">1340</int>
						<int id="y">-24</int>
						<int id="h">73</int>
						<int id="z">7</int>
						<str id="sprite_class">evenground_platform_long</str>
					</object>
					<object id="evenground_horizon_1311971815062">
						<int id="w">1289</int>
						<bool id="h_flip">true</bool>
						<str id="name">evenground_horizon_1311958504848</str>
						<int id="x">-191</int>
						<int id="y">-85</int>
						<int id="h">112</int>
						<int id="z">3</int>
						<str id="sprite_class">evenground_horizon</str>
					</object>
					<object id="groddle_bush1_1311808665833">
						<int id="w">196</int>
						<int id="r">-2</int>
						<str id="name">groddle_bush1_1311808665833</str>
						<int id="x">168</int>
						<int id="y">-179</int>
						<int id="h">77</int>
						<int id="z">31</int>
						<str id="sprite_class">groddle_bush1</str>
					</object>
					<object id="patch_mossy_1_1312409578999">
						<int id="w">161</int>
						<str id="name">patch_mossy_1_1312396113320</str>
						<int id="x">-2647</int>
						<int id="y">-148</int>
						<int id="h">38</int>
						<int id="z">97</int>
						<str id="sprite_class">patch_mossy_1</str>
					</object>
					<object id="groddle_grass_1_1311971815092">
						<int id="w">106</int>
						<str id="name">groddle_grass_1_1311803725055</str>
						<int id="x">560</int>
						<int id="y">-170</int>
						<int id="h">51</int>
						<int id="z">66</int>
						<str id="sprite_class">groddle_grass_1</str>
					</object>
					<object id="groddle_bush1_1311895253693">
						<int id="w">196</int>
						<int id="r">4</int>
						<str id="name">groddle_bush1_1311808665833</str>
						<int id="x">-2821</int>
						<int id="y">-183</int>
						<int id="h">97</int>
						<int id="z">13</int>
						<str id="sprite_class">groddle_bush1</str>
					</object>
					<object id="groddle_grass_2_1312396383577">
						<int id="w">125</int>
						<str id="name">groddle_grass_2_1311803725051</str>
						<int id="x">1460</int>
						<int id="y">-158</int>
						<int id="h">101</int>
						<int id="z">69</int>
						<str id="sprite_class">groddle_grass_2</str>
					</object>
					<object id="evenground_horizon_1311971815067">
						<int id="w">1534</int>
						<bool id="h_flip">true</bool>
						<str id="name">evenground_horizon_1311958504848</str>
						<int id="x">-1166</int>
						<int id="y">-97</int>
						<int id="h">110</int>
						<int id="z">4</int>
						<str id="sprite_class">evenground_horizon</str>
					</object>
					<object id="evenground_platform_long_1311971815070">
						<int id="w">1165</int>
						<str id="name">evenground_platform_long_1311958504846</str>
						<int id="x">-2916</int>
						<int id="y">-34</int>
						<int id="h">73</int>
						<int id="z">11</int>
						<str id="sprite_class">evenground_platform_long</str>
					</object>
					<object id="groddle_grass_1_1311978164376">
						<int id="w">106</int>
						<str id="name">groddle_grass_1_1311803725055</str>
						<int id="x">2505</int>
						<int id="y">-187</int>
						<int id="h">51</int>
						<int id="z">83</int>
						<str id="sprite_class">groddle_grass_1</str>
					</object>
					<object id="groddle_grass_2_1312396383578">
						<int id="w">94</int>
						<str id="name">groddle_grass_2_1311803725051</str>
						<int id="x">1407</int>
						<int id="y">-160</int>
						<int id="h">76</int>
						<int id="z">70</int>
						<str id="sprite_class">groddle_grass_2</str>
					</object>
					<object id="crosssection_short_3_1311971815064">
						<int id="w">713</int>
						<int id="r">1</int>
						<str id="name">crosssection_short_3_1311965355244</str>
						<int id="x">757</int>
						<int id="y">62</int>
						<int id="h">111</int>
						<int id="z">39</int>
						<str id="sprite_class">crosssection_short_3</str>
					</object>
					<object id="gravel_2_1312400488692">
						<int id="w">47</int>
						<bool id="h_flip">true</bool>
						<str id="name">gravel_2_1311803725061</str>
						<int id="x">218</int>
						<int id="y">-176</int>
						<int id="h">26</int>
						<int id="z">36</int>
						<str id="sprite_class">gravel_2</str>
					</object>
					<object id="groddle_grass_2_1311803725051">
						<int id="w">85</int>
						<str id="name">groddle_grass_2_1311803725051</str>
						<int id="x">599</int>
						<int id="y">-174</int>
						<int id="h">68</int>
						<int id="z">64</int>
						<str id="sprite_class">groddle_grass_2</str>
					</object>
					<object id="groddle_grass_1_1312396383645">
						<int id="w">106</int>
						<str id="name">groddle_grass_1_1311803725055</str>
						<int id="x">-2515</int>
						<int id="y">-164</int>
						<int id="h">51</int>
						<int id="z">93</int>
						<str id="sprite_class">groddle_grass_1</str>
					</object>
					<object id="dirt_platform_short_1312409578982">
						<int id="w">364</int>
						<str id="name">dirt_platform_short_1312409578978</str>
						<int id="x">-2468</int>
						<int id="y">-62</int>
						<int id="h">70</int>
						<int id="z">92</int>
						<str id="sprite_class">dirt_platform_short</str>
					</object>
					<object id="groddle_bush4_1311965355267">
						<int id="w">149</int>
						<bool id="h_flip">true</bool>
						<str id="name">groddle_bush4_1311958504910</str>
						<int id="x">-1633</int>
						<int id="y">-170</int>
						<int id="h">71</int>
						<int id="z">45</int>
						<str id="sprite_class">groddle_bush4</str>
						<int id="r">-3</int>
					</object>
					<object id="crosssection_short_3_1311971815074">
						<int id="w">713</int>
						<int id="r">1</int>
						<str id="name">crosssection_short_3_1311965355244</str>
						<int id="x">-2746</int>
						<int id="y">53</int>
						<int id="h">111</int>
						<int id="z">60</int>
						<str id="sprite_class">crosssection_short_3</str>
					</object>
					<object id="groddle_grass_2_1312396383563">
						<int id="w">98</int>
						<str id="name">groddle_grass_2_1311803725051</str>
						<int id="x">1975</int>
						<int id="y">-169</int>
						<int id="h">79</int>
						<int id="z">78</int>
						<str id="sprite_class">groddle_grass_2</str>
					</object>
					<object id="crosssection_short_3_1311971815065">
						<int id="w">713</int>
						<int id="r">1</int>
						<str id="name">crosssection_short_3_1311965355244</str>
						<int id="x">53</int>
						<int id="y">60</int>
						<int id="h">111</int>
						<int id="z">40</int>
						<str id="sprite_class">crosssection_short_3</str>
					</object>
					<object id="groddle_fern_1_1312396383565">
						<int id="w">190</int>
						<str id="name">groddle_fern_1_1312396383565</str>
						<int id="x">2949</int>
						<int id="y">-174</int>
						<int id="h">113</int>
						<int id="z">86</int>
						<str id="sprite_class">groddle_fern_1</str>
					</object>
					<object id="crosssection_short_3_1311965355246">
						<int id="w">713</int>
						<str id="name">crosssection_short_3_1311965355244</str>
						<int id="x">2165</int>
						<int id="y">67</int>
						<int id="h">111</int>
						<int id="z">42</int>
						<str id="sprite_class">crosssection_short_3</str>
					</object>
					<object id="groddle_bush4_1311971815102">
						<int id="w">149</int>
						<bool id="h_flip">true</bool>
						<str id="name">groddle_bush4_1311958504910</str>
						<int id="x">-2957</int>
						<int id="y">-186</int>
						<int id="h">71</int>
						<int id="z">14</int>
						<str id="sprite_class">groddle_bush4</str>
						<int id="r">-3</int>
					</object>
					<object id="dirt_platform_short_1312409578979">
						<int id="w">364</int>
						<str id="name">dirt_platform_short_1312409578978</str>
						<int id="x">-2653</int>
						<int id="y">-111</int>
						<int id="h">70</int>
						<int id="z">89</int>
						<str id="sprite_class">dirt_platform_short</str>
					</object>
					<object id="evenground_horizon_1311971815061">
						<int id="w">1289</int>
						<str id="name">evenground_horizon_1311958504848</str>
						<int id="x">711</int>
						<int id="y">-87</int>
						<int id="h">112</int>
						<int id="z">2</int>
						<str id="sprite_class">evenground_horizon</str>
					</object>
					<object id="tree_dead_2_1312396383644">
						<int id="w">438</int>
						<str id="name">tree_dead_2_1312396383642</str>
						<int id="x">-2684</int>
						<int id="y">-148</int>
						<int id="h">140</int>
						<int id="z">23</int>
						<str id="sprite_class">tree_dead_2</str>
					</object>
					<object id="groddle_bush4_1311971815103">
						<int id="w">149</int>
						<int id="r">5</int>
						<str id="name">groddle_bush4_1311958504910</str>
						<int id="x">-2195</int>
						<int id="y">-169</int>
						<int id="h">71</int>
						<int id="z">17</int>
						<str id="sprite_class">groddle_bush4</str>
					</object>
					<object id="tree_base_root_1_1311965355270">
						<int id="w">164</int>
						<bool id="h_flip">true</bool>
						<str id="name">tree_base_root_1_1311965355270</str>
						<int id="x">-645</int>
						<int id="y">-114</int>
						<int id="h">96</int>
						<int id="z">56</int>
						<str id="sprite_class">tree_base_root_1</str>
					</object>
					<object id="groddle_grass_2_1311971815094">
						<int id="w">85</int>
						<str id="name">groddle_grass_2_1311803725051</str>
						<int id="x">599</int>
						<int id="y">-174</int>
						<int id="h">68</int>
						<int id="z">64</int>
						<str id="sprite_class">groddle_grass_2</str>
					</object>
					<object id="groddle_grass_1_1311978164377">
						<int id="w">84</int>
						<str id="name">groddle_grass_1_1311803725055</str>
						<int id="x">2483</int>
						<int id="y">-184</int>
						<int id="h">40</int>
						<int id="z">84</int>
						<str id="sprite_class">groddle_grass_1</str>
					</object>
					<object id="evenground_platform_long_1311958504847">
						<int id="w">1165</int>
						<str id="name">evenground_platform_long_1311958504846</str>
						<int id="x">2466</int>
						<int id="y">-35</int>
						<int id="h">73</int>
						<int id="z">6</int>
						<str id="sprite_class">evenground_platform_long</str>
					</object>
					<object id="groddle_bush1_1312396383612">
						<int id="w">196</int>
						<bool id="h_flip">true</bool>
						<str id="name">groddle_bush1_1311808665833</str>
						<int id="x">-483</int>
						<int id="y">-162</int>
						<int id="h">97</int>
						<int id="z">49</int>
						<str id="sprite_class">groddle_bush1</str>
						<int id="r">-3</int>
					</object>
					<object id="dirt_platform_short_1312409578978">
						<int id="w">364</int>
						<str id="name">dirt_platform_short_1312409578978</str>
						<int id="x">-2901</int>
						<int id="y">-117</int>
						<int id="h">70</int>
						<int id="z">88</int>
						<str id="sprite_class">dirt_platform_short</str>
					</object>
					<object id="groddle_grass_1_1311971815097">
						<int id="w">106</int>
						<str id="name">groddle_grass_1_1311803725055</str>
						<int id="x">491</int>
						<int id="y">-176</int>
						<int id="h">51</int>
						<int id="z">61</int>
						<str id="sprite_class">groddle_grass_1</str>
					</object>
					<object id="groddle_grass_1_1312396383585">
						<int id="w">106</int>
						<str id="name">groddle_grass_1_1311803725055</str>
						<int id="x">381</int>
						<int id="y">-180</int>
						<int id="h">51</int>
						<int id="z">37</int>
						<str id="sprite_class">groddle_grass_1</str>
					</object>
					<object id="groddle_bush4_1312396383575">
						<int id="w">156</int>
						<int id="r">-1</int>
						<str id="name">groddle_bush4_1311958504910</str>
						<int id="x">1679</int>
						<int id="y">-165</int>
						<int id="h">74</int>
						<int id="z">68</int>
						<str id="sprite_class">groddle_bush4</str>
					</object>
					<object id="groddle_grass_2_1312396383617">
						<int id="w">101</int>
						<str id="name">groddle_grass_2_1311803725051</str>
						<int id="x">-371</int>
						<int id="y">-174</int>
						<int id="h">81</int>
						<int id="z">48</int>
						<str id="sprite_class">groddle_grass_2</str>
					</object>
					<object id="groddle_grass_2_1311978164359">
						<int id="w">103</int>
						<str id="name">groddle_grass_2_1311803725051</str>
						<int id="x">2779</int>
						<int id="y">-171</int>
						<int id="h">83</int>
						<int id="z">74</int>
						<str id="sprite_class">groddle_grass_2</str>
					</object>
					<object id="crosssection_short_3_1311971815072">
						<int id="w">713</int>
						<int id="r">1</int>
						<str id="name">crosssection_short_3_1311965355244</str>
						<int id="x">-1344</int>
						<int id="y">55</int>
						<int id="h">111</int>
						<int id="z">58</int>
						<str id="sprite_class">crosssection_short_3</str>
					</object>
					<object id="groddle_bush1_1312396383611">
						<int id="w">196</int>
						<bool id="h_flip">true</bool>
						<str id="name">groddle_bush1_1311808665833</str>
						<int id="x">-605</int>
						<int id="y">-163</int>
						<int id="h">97</int>
						<int id="z">51</int>
						<str id="sprite_class">groddle_bush1</str>
						<int id="r">7</int>
					</object>
					<object id="groddle_grass_2_1312400488689">
						<int id="w">103</int>
						<str id="name">groddle_grass_2_1311803725051</str>
						<int id="x">73</int>
						<int id="y">-169</int>
						<int id="h">83</int>
						<int id="z">34</int>
						<str id="sprite_class">groddle_grass_2</str>
					</object>
					<object id="groddle_grass_1_1312396383616">
						<int id="w">83</int>
						<str id="name">groddle_grass_1_1311803725055</str>
						<int id="x">-390</int>
						<int id="y">-164</int>
						<int id="h">46</int>
						<int id="z">50</int>
						<str id="sprite_class">groddle_grass_1</str>
					</object>
					<object id="groddle_bush1_1312400488688">
						<int id="w">196</int>
						<int id="r">-2</int>
						<str id="name">groddle_bush1_1311808665833</str>
						<int id="x">168</int>
						<int id="y">-179</int>
						<int id="h">77</int>
						<int id="z">31</int>
						<str id="sprite_class">groddle_bush1</str>
					</object>
					<object id="grass_transition_1_1312409578983">
						<int id="w">227</int>
						<bool id="h_flip">true</bool>
						<str id="name">grass_transition_1_1312409578983</str>
						<int id="x">-2320</int>
						<int id="y">-61</int>
						<int id="h">106</int>
						<int id="z">95</int>
						<str id="sprite_class">grass_transition_1</str>
					</object>
					<object id="groddle_bush4_1311971815099">
						<int id="w">156</int>
						<int id="r">4</int>
						<str id="name">groddle_bush4_1311958504910</str>
						<int id="x">423</int>
						<int id="y">-180</int>
						<int id="h">74</int>
						<int id="z">30</int>
						<str id="sprite_class">groddle_bush4</str>
					</object>
					<object id="tree_coniferous_fg_2_1311978164293">
						<int id="w">763</int>
						<int id="r">-3</int>
						<str id="name">tree_coniferous_fg_2_1309388549259</str>
						<int id="x">-1425</int>
						<int id="y">-101</int>
						<int id="h">1572</int>
						<int id="z">81</int>
						<str id="sprite_class">tree_coniferous_fg_2</str>
					</object>
					<object id="groddle_bush1_1311971815105">
						<int id="w">196</int>
						<int id="r">7</int>
						<str id="name">groddle_bush1_1311808665833</str>
						<int id="x">-1784</int>
						<int id="y">-165</int>
						<int id="h">97</int>
						<int id="z">46</int>
						<str id="sprite_class">groddle_bush1</str>
					</object>
					<object id="groddle_bush4_1311978164357">
						<int id="w">156</int>
						<int id="r">-1</int>
						<str id="name">groddle_bush4_1311958504910</str>
						<int id="x">1860</int>
						<int id="y">-158</int>
						<int id="h">74</int>
						<int id="z">77</int>
						<str id="sprite_class">groddle_bush4</str>
					</object>
					<object id="groddle_grass_1_1311965355304">
						<int id="w">106</int>
						<str id="name">groddle_grass_1_1311803725055</str>
						<int id="x">1202</int>
						<int id="y">-172</int>
						<int id="h">51</int>
						<int id="z">29</int>
						<str id="sprite_class">groddle_grass_1</str>
					</object>
					<object id="groddle_grass_2_1311803725060">
						<int id="w">72</int>
						<str id="name">groddle_grass_2_1311803725051</str>
						<int id="x">-2319</int>
						<int id="y">-174</int>
						<int id="h">59</int>
						<int id="z">22</int>
						<str id="sprite_class">groddle_grass_2</str>
					</object>
					<object id="groddle_bush4_1311971815163">
						<int id="w">149</int>
						<str id="name">groddle_bush4_1311958504910</str>
						<int id="x">-2139</int>
						<int id="y">-171</int>
						<int id="h">71</int>
						<int id="z">16</int>
						<str id="sprite_class">groddle_bush4</str>
					</object>
					<object id="crosssection_short_3_1311971815073">
						<int id="w">713</int>
						<int id="r">1</int>
						<str id="name">crosssection_short_3_1311965355244</str>
						<int id="x">-2046</int>
						<int id="y">54</int>
						<int id="h">111</int>
						<int id="z">59</int>
						<str id="sprite_class">crosssection_short_3</str>
					</object>
					<object id="groddle_grass_1_1311803725057">
						<int id="w">83</int>
						<str id="name">groddle_grass_1_1311803725055</str>
						<int id="x">-2912</int>
						<int id="y">-185</int>
						<int id="h">40</int>
						<int id="z">20</int>
						<str id="sprite_class">groddle_grass_1</str>
					</object>
					<object id="groddle_bush4_1311965355302">
						<int id="w">156</int>
						<int id="r">-1</int>
						<str id="name">groddle_bush4_1311958504910</str>
						<int id="x">1178</int>
						<int id="y">-175</int>
						<int id="h">74</int>
						<int id="z">28</int>
						<str id="sprite_class">groddle_bush4</str>
					</object>
					<object id="groddle_bush1_1312396383586">
						<int id="w">196</int>
						<int id="r">3</int>
						<str id="name">groddle_bush1_1311808665833</str>
						<int id="x">984</int>
						<int id="y">-177</int>
						<int id="h">87</int>
						<int id="z">26</int>
						<str id="sprite_class">groddle_bush1</str>
					</object>
					<object id="groddle_bush1_1312396383584">
						<int id="w">196</int>
						<int id="r">3</int>
						<str id="name">groddle_bush1_1311808665833</str>
						<int id="x">306</int>
						<int id="y">-180</int>
						<int id="h">87</int>
						<int id="z">35</int>
						<str id="sprite_class">groddle_bush1</str>
					</object>
					<object id="patch_mossy_1_1312409578998">
						<int id="w">161</int>
						<str id="name">patch_mossy_1_1312396113320</str>
						<int id="x">-2950</int>
						<int id="y">-153</int>
						<int id="h">38</int>
						<int id="z">96</int>
						<str id="sprite_class">patch_mossy_1</str>
					</object>
					<object id="groddle_grass_2_1311803725053">
						<int id="w">103</int>
						<str id="name">groddle_grass_2_1311803725051</str>
						<int id="x">-2705</int>
						<int id="y">-194</int>
						<int id="h">83</int>
						<int id="z">18</int>
						<str id="sprite_class">groddle_grass_2</str>
					</object>
					<object id="tree_coniferous_fg_3_1311971815104">
						<int id="w">569</int>
						<bool id="h_flip">true</bool>
						<str id="name">tree_coniferous_fg_3_1311022275104</str>
						<int id="x">-727</int>
						<int id="y">-120</int>
						<int id="h">1296</int>
						<int id="z">55</int>
						<str id="sprite_class">tree_coniferous_fg_3</str>
					</object>
					<object id="evenground_horizon_1311971815069">
						<int id="w">1541</int>
						<bool id="h_flip">true</bool>
						<str id="name">evenground_horizon_1311958504848</str>
						<int id="x">-2450</int>
						<int id="y">-89</int>
						<int id="h">114</int>
						<int id="z">5</int>
						<str id="sprite_class">evenground_horizon</str>
						<int id="r">1</int>
					</object>
					<object id="groddle_grass_1_1311978164307">
						<int id="w">106</int>
						<str id="name">groddle_grass_1_1311803725055</str>
						<int id="x">1506</int>
						<int id="y">-141</int>
						<int id="h">51</int>
						<int id="z">82</int>
						<str id="sprite_class">groddle_grass_1</str>
					</object>
					<object id="evenground_platform_long_1311958504849">
						<int id="w">1165</int>
						<str id="name">evenground_platform_long_1311958504846</str>
						<int id="x">2438</int>
						<int id="y">17</int>
						<int id="h">73</int>
						<int id="z">12</int>
						<str id="sprite_class">evenground_platform_long</str>
					</object>
					<object id="tree_base_root_3_1311965355269">
						<int id="w">150</int>
						<bool id="h_flip">true</bool>
						<str id="name">tree_base_root_3_1311965355269</str>
						<int id="x">-825</int>
						<int id="y">-113</int>
						<int id="h">90</int>
						<int id="z">57</int>
						<str id="sprite_class">tree_base_root_3</str>
						<int id="r">4</int>
					</object>
					<object id="groddle_grass_2_1312396383614">
						<int id="w">119</int>
						<str id="name">groddle_grass_2_1311803725051</str>
						<int id="x">-843</int>
						<int id="y">-171</int>
						<int id="h">96</int>
						<int id="z">53</int>
						<str id="sprite_class">groddle_grass_2</str>
					</object>
					<object id="evenground_platform_long_1311971815068">
						<int id="w">1165</int>
						<str id="name">evenground_platform_long_1311958504846</str>
						<int id="x">-1931</int>
						<int id="y">-38</int>
						<int id="h">73</int>
						<int id="z">10</int>
						<str id="sprite_class">evenground_platform_long</str>
					</object>
					<object id="gravel_2_1312396383567">
						<int id="w">32</int>
						<str id="name">gravel_2_1311803725061</str>
						<int id="x">2934</int>
						<int id="y">-170</int>
						<int id="h">18</int>
						<int id="z">87</int>
						<str id="sprite_class">gravel_2</str>
					</object>
					<object id="groddle_grass_2_1311965355303">
						<int id="w">103</int>
						<str id="name">groddle_grass_2_1311803725051</str>
						<int id="x">1102</int>
						<int id="y">-184</int>
						<int id="h">83</int>
						<int id="z">27</int>
						<str id="sprite_class">groddle_grass_2</str>
					</object>
					<object id="bush_3_1312396383562">
						<int id="w">408</int>
						<str id="name">bush_3_1311958504833</str>
						<int id="x">2892</int>
						<int id="y">-164</int>
						<int id="h">143</int>
						<int id="z">73</int>
						<str id="sprite_class">bush_3</str>
					</object>
					<object id="crosssection_short_3_1311965355247">
						<int id="w">713</int>
						<str id="name">crosssection_short_3_1311965355244</str>
						<int id="x">2814</int>
						<int id="y">56</int>
						<int id="h">111</int>
						<int id="z">43</int>
						<str id="sprite_class">crosssection_short_3</str>
					</object>
					<object id="crosssection_short_3_1311965355245">
						<int id="w">713</int>
						<int id="r">1</int>
						<str id="name">crosssection_short_3_1311965355244</str>
						<int id="x">1460</int>
						<int id="y">68</int>
						<int id="h">111</int>
						<int id="z">38</int>
						<str id="sprite_class">crosssection_short_3</str>
					</object>
					<object id="ug_rock_1_1311971815093">
						<int id="w">45</int>
						<str id="name">ug_rock_1_1311958504988</str>
						<int id="x">585</int>
						<int id="y">-170</int>
						<int id="h">30</int>
						<int id="z">65</int>
						<str id="sprite_class">ug_rock_1</str>
					</object>
					<object id="patch_mossy_1_1312409579000">
						<int id="w">161</int>
						<str id="name">patch_mossy_1_1312396113320</str>
						<int id="x">-2595</int>
						<int id="y">-130</int>
						<int id="h">38</int>
						<int id="z">98</int>
						<str id="sprite_class">patch_mossy_1</str>
					</object>
					<object id="groddle_grass_1_1312396383564">
						<int id="w">84</int>
						<str id="name">groddle_grass_1_1311803725055</str>
						<int id="x">1975</int>
						<int id="y">-158</int>
						<int id="h">40</int>
						<int id="z">80</int>
						<str id="sprite_class">groddle_grass_1</str>
					</object>
					<object id="evenground_horizon_1311958504850">
						<int id="w">1216</int>
						<str id="name">evenground_horizon_1311958504848</str>
						<int id="x">1633</int>
						<int id="y">-85</int>
						<int id="h">109</int>
						<int id="z">1</int>
						<str id="sprite_class">evenground_horizon</str>
					</object>
					<object id="groddle_grass_1_1311803725056">
						<int id="w">106</int>
						<str id="name">groddle_grass_1_1311803725055</str>
						<int id="x">-2206</int>
						<int id="y">-170</int>
						<int id="h">51</int>
						<int id="z">24</int>
						<str id="sprite_class">groddle_grass_1</str>
					</object>
					<object id="groddle_grass_1_1311971815106">
						<int id="w">106</int>
						<str id="name">groddle_grass_1_1311803725055</str>
						<int id="x">-1704</int>
						<int id="y">-160</int>
						<int id="h">51</int>
						<int id="z">67</int>
						<str id="sprite_class">groddle_grass_1</str>
					</object>
					<object id="evenground_platform_long_1311971815066">
						<int id="w">1165</int>
						<str id="name">evenground_platform_long_1311958504846</str>
						<int id="x">-825</int>
						<int id="y">-38</int>
						<int id="h">73</int>
						<int id="z">9</int>
						<str id="sprite_class">evenground_platform_long</str>
					</object>
					<object id="groddle_grass_2_1311803725059">
						<int id="w">103</int>
						<str id="name">groddle_grass_2_1311803725051</str>
						<int id="x">-2287</int>
						<int id="y">-174</int>
						<int id="h">83</int>
						<int id="z">21</int>
						<str id="sprite_class">groddle_grass_2</str>
					</object>
					<object id="groddle_grass_2_1312396383615">
						<int id="w">101</int>
						<str id="name">groddle_grass_2_1311803725051</str>
						<int id="x">-877</int>
						<int id="y">-161</int>
						<int id="h">81</int>
						<int id="z">54</int>
						<str id="sprite_class">groddle_grass_2</str>
					</object>
					<object id="groddle_grass_2_1311978164360">
						<int id="w">89</int>
						<str id="name">groddle_grass_2_1311803725051</str>
						<int id="x">1784</int>
						<int id="y">-171</int>
						<int id="h">72</int>
						<int id="z">75</int>
						<str id="sprite_class">groddle_grass_2</str>
					</object>
					<object id="ug_rock_1_1312396383566">
						<int id="w">78</int>
						<str id="name">ug_rock_1_1311958504988</str>
						<int id="x">2982</int>
						<int id="y">-176</int>
						<int id="h">46</int>
						<int id="z">85</int>
						<str id="sprite_class">ug_rock_1</str>
					</object>
					<object id="gravel_2_1311978164358">
						<int id="w">53</int>
						<str id="name">gravel_2_1311803725061</str>
						<int id="x">1949</int>
						<int id="y">-160</int>
						<int id="h">30</int>
						<int id="z">79</int>
						<str id="sprite_class">gravel_2</str>
					</object>
					<object id="groddle_grass_1_1311971815165">
						<int id="w">83</int>
						<str id="name">groddle_grass_1_1311803725055</str>
						<int id="x">-1862</int>
						<int id="y">-173</int>
						<int id="h">46</int>
						<int id="z">47</int>
						<str id="sprite_class">groddle_grass_1</str>
					</object>
					<object id="dirt_platform_short_1312409578980">
						<int id="w">364</int>
						<int id="r">5</int>
						<str id="name">dirt_platform_short_1312409578978</str>
						<int id="x">-2443</int>
						<int id="y">-99</int>
						<int id="h">70</int>
						<int id="z">90</int>
						<str id="sprite_class">dirt_platform_short</str>
					</object>
					<object id="groddle_plant_1_1312400488686">
						<int id="w">117</int>
						<str id="name">groddle_plant_1_1312400488686</str>
						<int id="x">89</int>
						<int id="y">-176</int>
						<int id="h">123</int>
						<int id="z">33</int>
						<str id="sprite_class">groddle_plant_1</str>
					</object>
					<object id="groddle_grass_1_1312400488690">
						<int id="w">106</int>
						<str id="name">groddle_grass_1_1311803725055</str>
						<int id="x">35</int>
						<int id="y">-172</int>
						<int id="h">51</int>
						<int id="z">32</int>
						<str id="sprite_class">groddle_grass_1</str>
					</object>
					<object id="dirt_platform_short_1312409578981">
						<int id="w">364</int>
						<str id="name">dirt_platform_short_1312409578978</str>
						<int id="x">-2944</int>
						<int id="y">-69</int>
						<int id="h">70</int>
						<int id="z">91</int>
						<str id="sprite_class">dirt_platform_short</str>
					</object>
					<object id="groddle_bush4_1311965355266">
						<int id="w">149</int>
						<int id="r">1</int>
						<str id="name">groddle_bush4_1311958504910</str>
						<int id="x">-1361</int>
						<int id="y">-177</int>
						<int id="h">71</int>
						<int id="z">44</int>
						<str id="sprite_class">groddle_bush4</str>
					</object>
					<object id="gravel_2_1311803725061">
						<int id="w">25</int>
						<bool id="h_flip">true</bool>
						<str id="name">gravel_2_1311803725061</str>
						<int id="x">-2273</int>
						<int id="y">-172</int>
						<int id="h">14</int>
						<int id="z">25</int>
						<str id="sprite_class">gravel_2</str>
					</object>
					<object id="tree_coniferous_fg_2_1312396383576">
						<int id="w">672</int>
						<bool id="h_flip">true</bool>
						<str id="name">tree_coniferous_fg_2_1309388549259</str>
						<int id="x">1513</int>
						<int id="y">-86</int>
						<int id="h">1572</int>
						<int id="z">71</int>
						<str id="sprite_class">tree_coniferous_fg_2</str>
						<int id="r">3</int>
					</object>
					<object id="groddle_grass_1_1311978164361">
						<int id="w">106</int>
						<str id="name">groddle_grass_1_1311803725055</str>
						<int id="x">1761</int>
						<int id="y">-166</int>
						<int id="h">51</int>
						<int id="z">76</int>
						<str id="sprite_class">groddle_grass_1</str>
					</object>
					<object id="groddle_bush4_1311958504910">
						<int id="w">149</int>
						<str id="name">groddle_bush4_1311958504910</str>
						<int id="x">-2139</int>
						<int id="y">-171</int>
						<int id="h">71</int>
						<int id="z">16</int>
						<str id="sprite_class">groddle_bush4</str>
					</object>
					<object id="crosssection_short_3_1311971815071">
						<int id="w">713</int>
						<int id="r">1</int>
						<str id="name">crosssection_short_3_1311965355244</str>
						<int id="x">-644</int>
						<int id="y">58</int>
						<int id="h">111</int>
						<int id="z">41</int>
						<str id="sprite_class">crosssection_short_3</str>
					</object>
					<object id="groddle_bush4_1312396383613">
						<int id="w">149</int>
						<int id="r">1</int>
						<str id="name">groddle_bush4_1311958504910</str>
						<int id="x">-542</int>
						<int id="y">-132</int>
						<int id="h">71</int>
						<int id="z">52</int>
						<str id="sprite_class">groddle_bush4</str>
					</object>
					<object id="groddle_grass_2_1311971815164">
						<int id="w">103</int>
						<str id="name">groddle_grass_2_1311803725051</str>
						<int id="x">-2066</int>
						<int id="y">-181</int>
						<int id="h">83</int>
						<int id="z">15</int>
						<str id="sprite_class">groddle_grass_2</str>
					</object>
					<object id="evenground_platform_long_1311971815063">
						<int id="w">1208</int>
						<str id="name">evenground_platform_long_1311958504846</str>
						<int id="x">237</int>
						<int id="y">-26</int>
						<int id="h">73</int>
						<int id="z">8</int>
						<str id="sprite_class">evenground_platform_long</str>
					</object>
					<object id="groddle_grass_1_1312396383646">
						<int id="w">86</int>
						<str id="name">groddle_grass_1_1311803725055</str>
						<int id="x">-2487</int>
						<int id="y">-158</int>
						<int id="h">42</int>
						<int id="z">94</int>
						<str id="sprite_class">groddle_grass_1</str>
					</object>
					<object id="groddle_grass_1_1311803725055">
						<int id="w">106</int>
						<str id="name">groddle_grass_1_1311803725055</str>
						<int id="x">-2671</int>
						<int id="y">-192</int>
						<int id="h">51</int>
						<int id="z">19</int>
						<str id="sprite_class">groddle_grass_1</str>
					</object>
					<object id="evenground_horizon_1311958504848">
						<int id="w">1216</int>
						<bool id="h_flip">true</bool>
						<str id="name">evenground_horizon_1311958504848</str>
						<int id="x">2547</int>
						<int id="y">-98</int>
						<int id="h">109</int>
						<int id="z">0</int>
						<str id="sprite_class">evenground_horizon</str>
					</object>
					<object id="bush_2_1311978164356">
						<int id="w">350</int>
						<int id="r">-1</int>
						<str id="name">bush_2_1311958504837</str>
						<int id="x">2642</int>
						<int id="y">-159</int>
						<int id="h">141</int>
						<int id="z">72</int>
						<str id="sprite_class">bush_2</str>
					</object>
					<object id="patch_mossy_1_1312409579001">
						<int id="w">237</int>
						<str id="name">patch_mossy_1_1312396113320</str>
						<int id="x">-2908</int>
						<int id="y">-102</int>
						<int id="h">56</int>
						<int id="z">99</int>
						<str id="sprite_class">patch_mossy_1</str>
					</object>
					<object id="groddle_plant_1_1312400488693">
						<int id="w">117</int>
						<str id="name">groddle_plant_1_1312400488686</str>
						<int id="x">89</int>
						<int id="y">-176</int>
						<int id="h">123</int>
						<int id="z">33</int>
						<str id="sprite_class">groddle_plant_1</str>
					</object>
					<object id="groddle_grass_2_1311971815096">
						<int id="w">103</int>
						<str id="name">groddle_grass_2_1311803725051</str>
						<int id="x">526</int>
						<int id="y">-172</int>
						<int id="h">83</int>
						<int id="z">62</int>
						<str id="sprite_class">groddle_grass_2</str>
					</object>
				</object>
				<object id="boxes">
					<object id="box_1">
						<int id="y">-748</int>
						<int id="h">100</int>
						<int id="w">80</int>
						<int id="x">-1566</int>
						<str id="id">11spots_muufo_04</str>
					</object>
				</object>
				<int id="w">6000</int>
				<str id="name">middleground</str>
				<object id="ladders">
				</object>
				<int id="h">1000</int>
				<int id="z">0</int>
				<object id="doors">
				</object>
				<object id="signposts">
					<object id="signpost_1">
						<int id="y">-150</int>
						<object id="connects">
							<object id="0">
								<str id="hub_id">97</str>
								<str id="mote_id">9</str>
								<int id="x">2573</int>
								<int id="y">-137</int>
								<str id="swf_file_versioned">http://c2.glitch.bz/locations/groddle1/1319854280.swf</str>
								<objref id="target" tsid="LA996D5KMF82E41" label="Takeno Tides"/>
							</object>
						</object>
						<int id="h">200</int>
						<int id="w">100</int>
						<str id="id">signpost_1</str>
						<int id="x">-2800</int>
					</object>
					<object id="signpost_2">
						<int id="y">-125</int>
						<object id="connects">
							<object id="0">
								<str id="hub_id">97</str>
								<str id="mote_id">9</str>
								<int id="x">-2700</int>
								<int id="y">-167</int>
								<str id="swf_file_versioned">http://c2.glitch.bz/locations/groddle1/1319854280.swf,http://c2.glitch.bz/locations/bldg_ext_apt/1319136246.swf</str>
								<objref id="target" tsid="LA9A9CGB9F824PK" label="Hakusan Heaps"/>
							</object>
						</object>
						<int id="h">200</int>
						<int id="w">100</int>
						<int id="x">2800</int>
					</object>
				</object>
			</object>
			<object id="T_1309388549233">
				<object id="decos">
					<object id="pinecluster_mask_1_1311958504887">
						<int id="w">387</int>
						<int id="r">4</int>
						<str id="name">pinecluster_mask_1_1311958504831</str>
						<int id="x">3978</int>
						<int id="y">776</int>
						<int id="h">150</int>
						<int id="z">30</int>
						<str id="sprite_class">pinecluster_mask_1</str>
					</object>
					<object id="evenground_horizon_1311971815108">
						<int id="w">1102</int>
						<bool id="h_flip">true</bool>
						<str id="name">evenground_horizon_1311958504848</str>
						<int id="x">5095</int>
						<int id="y">841</int>
						<int id="h">68</int>
						<int id="z">14</int>
						<str id="sprite_class">evenground_horizon</str>
					</object>
					<object id="groddle_bush1_1311958504913">
						<int id="w">113</int>
						<int id="r">-5</int>
						<str id="name">groddle_bush1_1311958504880</str>
						<int id="x">4847</int>
						<int id="y">769</int>
						<int id="h">57</int>
						<int id="z">20</int>
						<str id="sprite_class">groddle_bush1</str>
					</object>
					<object id="alakol_grass_top_2_1312396383690">
						<int id="w">620</int>
						<str id="name">alakol_grass_top_2_1312396383689</str>
						<int id="x">2659</int>
						<int id="y">670</int>
						<int id="h">90</int>
						<int id="z">55</int>
						<str id="sprite_class">alakol_grass_top_2</str>
					</object>
					<object id="cliff_cover_3_1312396383688">
						<int id="w">528</int>
						<int id="r">-5</int>
						<str id="name">cliff_cover_3_1312396383681</str>
						<int id="x">3010</int>
						<int id="y">848</int>
						<int id="h">224</int>
						<int id="z">54</int>
						<str id="sprite_class">cliff_cover_3</str>
					</object>
					<object id="groddle_bush1_1311958504880">
						<int id="w">102</int>
						<str id="name">groddle_bush1_1311958504880</str>
						<int id="x">1534</int>
						<int id="y">780</int>
						<int id="h">60</int>
						<int id="z">35</int>
						<str id="sprite_class">groddle_bush1</str>
					</object>
					<object id="evenground_horizon_1312396383556">
						<int id="w">886</int>
						<bool id="h_flip">true</bool>
						<str id="name">evenground_horizon_1311958504848</str>
						<int id="x">2593</int>
						<int id="y">852</int>
						<int id="h">67</int>
						<int id="z">7</int>
						<str id="sprite_class">evenground_horizon</str>
					</object>
					<object id="bush_3_1311978164289">
						<int id="w">205</int>
						<int id="r">7</int>
						<str id="name">bush_3_1311958504833</str>
						<int id="x">4212</int>
						<int id="y">773</int>
						<int id="h">72</int>
						<int id="z">29</int>
						<str id="sprite_class">bush_3</str>
					</object>
					<object id="pinecluster_mask_1_1312396383692">
						<int id="w">387</int>
						<str id="name">pinecluster_mask_1_1311958504831</str>
						<int id="x">2811</int>
						<int id="y">618</int>
						<int id="h">150</int>
						<int id="z">59</int>
						<str id="sprite_class">pinecluster_mask_1</str>
					</object>
					<object id="bush_2_1312396383677">
						<int id="w">194</int>
						<bool id="h_flip">true</bool>
						<str id="name">bush_2_1311958504837</str>
						<int id="x">756</int>
						<int id="y">803</int>
						<int id="h">64</int>
						<int id="z">48</int>
						<str id="sprite_class">bush_2</str>
						<int id="r">5</int>
					</object>
					<object id="tree_coniferous_fg_2_1311958504897">
						<int id="w">495</int>
						<bool id="h_flip">true</bool>
						<str id="name">tree_coniferous_fg_2_1309388549259</str>
						<int id="x">4959</int>
						<int id="y">786</int>
						<int id="h">1020</int>
						<int id="z">18</int>
						<str id="sprite_class">tree_coniferous_fg_2</str>
						<int id="r">2</int>
					</object>
					<object id="cliff_cover_5_1311895253717">
						<int id="w">460</int>
						<int id="r">-7</int>
						<str id="name">cliff_cover_5_1311803724972</str>
						<int id="x">5289</int>
						<int id="y">799</int>
						<int id="h">156</int>
						<int id="z">22</int>
						<str id="sprite_class">cliff_cover_5</str>
					</object>
					<object id="bush_3_1311978164286">
						<int id="w">205</int>
						<str id="name">bush_3_1311958504833</str>
						<int id="x">4316</int>
						<int id="y">789</int>
						<int id="h">72</int>
						<int id="z">36</int>
						<str id="sprite_class">bush_3</str>
					</object>
					<object id="bush_2_1312396383676">
						<int id="w">194</int>
						<int id="r">-5</int>
						<str id="name">bush_2_1311958504837</str>
						<int id="x">864</int>
						<int id="y">789</int>
						<int id="h">64</int>
						<int id="z">47</int>
						<str id="sprite_class">bush_2</str>
					</object>
					<object id="bush_3_1311978164301">
						<int id="w">205</int>
						<bool id="h_flip">true</bool>
						<str id="name">bush_3_1311958504833</str>
						<int id="x">3344</int>
						<int id="y">619</int>
						<int id="h">72</int>
						<int id="z">69</int>
						<str id="sprite_class">bush_3</str>
						<int id="r">5</int>
					</object>
					<object id="pinecluster_mask_1_1311978164298">
						<int id="w">387</int>
						<int id="r">4</int>
						<str id="name">pinecluster_mask_1_1311958504831</str>
						<int id="x">3709</int>
						<int id="y">768</int>
						<int id="h">150</int>
						<int id="z">32</int>
						<str id="sprite_class">pinecluster_mask_1</str>
					</object>
					<object id="bush_3_1312396383673">
						<int id="w">205</int>
						<int id="r">8</int>
						<str id="name">bush_3_1311958504833</str>
						<int id="x">1371</int>
						<int id="y">818</int>
						<int id="h">72</int>
						<int id="z">51</int>
						<str id="sprite_class">bush_3</str>
					</object>
					<object id="bush_3_1311958504894">
						<int id="w">238</int>
						<str id="name">bush_3_1311958504833</str>
						<int id="x">4720</int>
						<int id="y">795</int>
						<int id="h">84</int>
						<int id="z">21</int>
						<str id="sprite_class">bush_3</str>
					</object>
					<object id="groddle_grass_1_1312400488685">
						<int id="w">60</int>
						<str id="name">groddle_grass_1_1311803725055</str>
						<int id="x">2919</int>
						<int id="y">616</int>
						<int id="h">29</int>
						<int id="z">63</int>
						<str id="sprite_class">groddle_grass_1</str>
					</object>
					<object id="evenground_horizon_1311958504901">
						<int id="w">886</int>
						<int id="r">1</int>
						<str id="name">evenground_horizon_1311958504848</str>
						<int id="x">4363</int>
						<int id="y">817</int>
						<int id="h">67</int>
						<int id="z">0</int>
						<str id="sprite_class">evenground_horizon</str>
					</object>
					<object id="groddle_bush1_1311958504893">
						<int id="w">113</int>
						<int id="r">-3</int>
						<str id="name">groddle_bush1_1311958504880</str>
						<int id="x">4593</int>
						<int id="y">792</int>
						<int id="h">57</int>
						<int id="z">16</int>
						<str id="sprite_class">groddle_bush1</str>
					</object>
					<object id="groddle_bush1_1311958504882">
						<int id="w">112</int>
						<int id="r">5</int>
						<str id="name">groddle_bush1_1311958504880</str>
						<int id="x">1694</int>
						<int id="y">778</int>
						<int id="h">42</int>
						<int id="z">27</int>
						<str id="sprite_class">groddle_bush1</str>
					</object>
					<object id="groddle_grass_2_1312400488684">
						<int id="w">41</int>
						<str id="name">groddle_grass_2_1311803725051</str>
						<int id="x">3051</int>
						<int id="y">645</int>
						<int id="h">24</int>
						<int id="z">66</int>
						<str id="sprite_class">groddle_grass_2</str>
					</object>
					<object id="cliff_cover_3_1312396383685">
						<int id="w">438</int>
						<str id="name">cliff_cover_3_1312396383681</str>
						<int id="x">2458</int>
						<int id="y">791</int>
						<int id="h">183</int>
						<int id="z">25</int>
						<str id="sprite_class">cliff_cover_3</str>
					</object>
					<object id="bush_2_1312396383679">
						<int id="w">194</int>
						<int id="r">-8</int>
						<str id="name">bush_2_1311958504837</str>
						<int id="x">3843</int>
						<int id="y">781</int>
						<int id="h">64</int>
						<int id="z">33</int>
						<str id="sprite_class">bush_2</str>
					</object>
					<object id="tree_coniferous_fg_3_1312396383634">
						<int id="w">393</int>
						<bool id="h_flip">true</bool>
						<str id="name">tree_coniferous_fg_3_1311978164291</str>
						<int id="x">128</int>
						<int id="y">792</int>
						<int id="h">895</int>
						<int id="z">41</int>
						<str id="sprite_class">tree_coniferous_fg_3</str>
					</object>
					<object id="groddle_grass_2_1311803725051">
						<int id="w">44</int>
						<str id="name">groddle_grass_2_1311803725051</str>
						<int id="x">3032</int>
						<int id="y">643</int>
						<int id="h">35</int>
						<int id="z">65</int>
						<str id="sprite_class">groddle_grass_2</str>
					</object>
					<object id="pinecluster_mask_1_1312396383675">
						<int id="w">334</int>
						<str id="name">pinecluster_mask_1_1311958504831</str>
						<int id="x">1058</int>
						<int id="y">794</int>
						<int id="h">147</int>
						<int id="z">46</int>
						<str id="sprite_class">pinecluster_mask_1</str>
					</object>
					<object id="evenground_horizon_1311971815109">
						<int id="w">886</int>
						<int id="r">-1</int>
						<str id="name">evenground_horizon_1311958504848</str>
						<int id="x">3681</int>
						<int id="y">805</int>
						<int id="h">67</int>
						<int id="z">2</int>
						<str id="sprite_class">evenground_horizon</str>
					</object>
					<object id="groddle_bush1_1311958504881">
						<int id="w">102</int>
						<bool id="h_flip">true</bool>
						<str id="name">groddle_bush1_1311958504880</str>
						<int id="x">1605</int>
						<int id="y">776</int>
						<int id="h">51</int>
						<int id="z">26</int>
						<str id="sprite_class">groddle_bush1</str>
					</object>
					<object id="evenground_horizon_1312396383558">
						<int id="w">886</int>
						<bool id="h_flip">true</bool>
						<str id="name">evenground_horizon_1311958504848</str>
						<int id="x">1804</int>
						<int id="y">832</int>
						<int id="h">67</int>
						<int id="z">6</int>
						<str id="sprite_class">evenground_horizon</str>
						<int id="r">-1</int>
					</object>
					<object id="groddle_grass_2_1312400488683">
						<int id="w">44</int>
						<str id="name">groddle_grass_2_1311803725051</str>
						<int id="x">3032</int>
						<int id="y">643</int>
						<int id="h">35</int>
						<int id="z">65</int>
						<str id="sprite_class">groddle_grass_2</str>
					</object>
					<object id="evenground_horizon_1312396383560">
						<int id="w">1002</int>
						<bool id="h_flip">true</bool>
						<str id="name">evenground_horizon_1311958504848</str>
						<int id="x">507</int>
						<int id="y">826</int>
						<int id="h">67</int>
						<int id="z">10</int>
						<str id="sprite_class">evenground_horizon</str>
					</object>
					<object id="tree_coniferous_fg_2_1311977282292">
						<int id="w">341</int>
						<bool id="h_flip">true</bool>
						<str id="name">tree_coniferous_fg_2_1309388549259</str>
						<int id="x">2692</int>
						<int id="y">639</int>
						<int id="h">886</int>
						<int id="z">68</int>
						<str id="sprite_class">tree_coniferous_fg_2</str>
						<int id="r">2</int>
					</object>
					<object id="evenground_horizon_1312396383557">
						<int id="w">886</int>
						<bool id="h_flip">true</bool>
						<str id="name">evenground_horizon_1311958504848</str>
						<int id="x">1739</int>
						<int id="y">885</int>
						<int id="h">67</int>
						<int id="z">8</int>
						<str id="sprite_class">evenground_horizon</str>
						<int id="r">-2</int>
					</object>
					<object id="tree_base_root_3_1311978164295">
						<int id="w">92</int>
						<str id="name">tree_base_root_3_1311978164295</str>
						<int id="x">4458</int>
						<int id="y">827</int>
						<int id="h">55</int>
						<int id="z">39</int>
						<str id="sprite_class">tree_base_root_3</str>
					</object>
					<object id="alakol_grass_top_2_1312396383691">
						<int id="w">623</int>
						<str id="name">alakol_grass_top_2_1312396383689</str>
						<int id="x">3182</int>
						<int id="y">664</int>
						<int id="h">87</int>
						<int id="z">56</int>
						<str id="sprite_class">alakol_grass_top_2</str>
					</object>
					<object id="cliff_cover_5_1312396383687">
						<int id="w">539</int>
						<bool id="h_flip">true</bool>
						<str id="name">cliff_cover_5_1312396383687</str>
						<int id="x">3457</int>
						<int id="y">817</int>
						<int id="h">205</int>
						<int id="z">53</int>
						<str id="sprite_class">cliff_cover_5</str>
						<int id="r">8</int>
					</object>
					<object id="bush_2_1311978164303">
						<int id="w">194</int>
						<int id="r">-6</int>
						<str id="name">bush_2_1311958504837</str>
						<int id="x">3104</int>
						<int id="y">610</int>
						<int id="h">64</int>
						<int id="z">58</int>
						<str id="sprite_class">bush_2</str>
					</object>
					<object id="bush_3_1312396383693">
						<int id="w">205</int>
						<int id="r">-4</int>
						<str id="name">bush_3_1311958504833</str>
						<int id="x">2636</int>
						<int id="y">610</int>
						<int id="h">72</int>
						<int id="z">60</int>
						<str id="sprite_class">bush_3</str>
					</object>
					<object id="evenground_horizon_1311971815155">
						<int id="w">886</int>
						<bool id="h_flip">true</bool>
						<str id="name">evenground_horizon_1311958504848</str>
						<int id="x">1177</int>
						<int id="y">830</int>
						<int id="h">67</int>
						<int id="z">9</int>
						<str id="sprite_class">evenground_horizon</str>
						<int id="r">2</int>
					</object>
					<object id="tree_coniferous_fg_1_1312396383669">
						<int id="w">492</int>
						<bool id="h_flip">true</bool>
						<str id="name">tree_coniferous_fg_1_1311022275277</str>
						<int id="x">390</int>
						<int id="y">826</int>
						<int id="h">962</int>
						<int id="z">44</int>
						<str id="sprite_class">tree_coniferous_fg_1</str>
					</object>
					<object id="evenground_horizon_1311958504902">
						<int id="w">1102</int>
						<bool id="h_flip">true</bool>
						<str id="name">evenground_horizon_1311958504848</str>
						<int id="x">5037</int>
						<int id="y">795</int>
						<int id="h">68</int>
						<int id="z">13</int>
						<str id="sprite_class">evenground_horizon</str>
						<int id="r">-2</int>
					</object>
					<object id="groddle_plant_1_1312400488686">
						<int id="w">40</int>
						<str id="name">groddle_plant_1_1312400488686</str>
						<int id="x">2688</int>
						<int id="y">608</int>
						<int id="h">42</int>
						<int id="z">70</int>
						<str id="sprite_class">groddle_plant_1</str>
					</object>
					<object id="bush_3_1311978164302">
						<int id="w">205</int>
						<str id="name">bush_3_1311958504833</str>
						<int id="x">3238</int>
						<int id="y">608</int>
						<int id="h">72</int>
						<int id="z">57</int>
						<str id="sprite_class">bush_3</str>
					</object>
					<object id="evenground_horizon_1311971815153">
						<int id="w">886</int>
						<int id="r">-1</int>
						<str id="name">evenground_horizon_1311958504848</str>
						<int id="x">3322</int>
						<int id="y">853</int>
						<int id="h">67</int>
						<int id="z">4</int>
						<str id="sprite_class">evenground_horizon</str>
					</object>
					<object id="tree_base_root_3_1312400488682">
						<int id="w">76</int>
						<bool id="h_flip">true</bool>
						<str id="name">tree_base_root_3_1312400488681</str>
						<int id="x">2940</int>
						<int id="y">640</int>
						<int id="h">46</int>
						<int id="z">64</int>
						<str id="sprite_class">tree_base_root_3</str>
					</object>
					<object id="evenground_horizon_1312396383561">
						<int id="w">886</int>
						<bool id="h_flip">true</bool>
						<str id="name">evenground_horizon_1311958504848</str>
						<int id="x">273</int>
						<int id="y">877</int>
						<int id="h">67</int>
						<int id="z">11</int>
						<str id="sprite_class">evenground_horizon</str>
					</object>
					<object id="cliff_cover_1_1312396383686">
						<int id="w">396</int>
						<str id="name">cliff_cover_1_1312396383686</str>
						<int id="x">2688</int>
						<int id="y">836</int>
						<int id="h">222</int>
						<int id="z">52</int>
						<str id="sprite_class">cliff_cover_1</str>
					</object>
					<object id="tree_base_root_3_1312400488681">
						<int id="w">83</int>
						<str id="name">tree_base_root_3_1312400488681</str>
						<int id="x">3071</int>
						<int id="y">643</int>
						<int id="h">50</int>
						<int id="z">62</int>
						<str id="sprite_class">tree_base_root_3</str>
					</object>
					<object id="bush_2_1312396383639">
						<int id="w">194</int>
						<int id="r">-4</int>
						<str id="name">bush_2_1311958504837</str>
						<int id="x">2515</int>
						<int id="y">619</int>
						<int id="h">64</int>
						<int id="z">67</int>
						<str id="sprite_class">bush_2</str>
					</object>
					<object id="bush_2_1311978164285">
						<int id="w">194</int>
						<int id="r">4</int>
						<str id="name">bush_2_1311958504837</str>
						<int id="x">4405</int>
						<int id="y">796</int>
						<int id="h">64</int>
						<int id="z">37</int>
						<str id="sprite_class">bush_2</str>
					</object>
					<object id="pinecluster_mask_1_1312396383682">
						<int id="w">334</int>
						<int id="r">-9</int>
						<str id="name">pinecluster_mask_1_1311958504831</str>
						<int id="x">220</int>
						<int id="y">799</int>
						<int id="h">147</int>
						<int id="z">43</int>
						<str id="sprite_class">pinecluster_mask_1</str>
					</object>
					<object id="evenground_horizon_1312396383559">
						<int id="w">886</int>
						<bool id="h_flip">true</bool>
						<str id="name">evenground_horizon_1311958504848</str>
						<int id="x">985</int>
						<int id="y">878</int>
						<int id="h">67</int>
						<int id="z">12</int>
						<str id="sprite_class">evenground_horizon</str>
					</object>
					<object id="pinecluster_mask_1_1312396383670">
						<int id="w">334</int>
						<str id="name">pinecluster_mask_1_1311958504831</str>
						<int id="x">570</int>
						<int id="y">798</int>
						<int id="h">147</int>
						<int id="z">42</int>
						<str id="sprite_class">pinecluster_mask_1</str>
					</object>
					<object id="bush_2_1311958504884">
						<int id="w">194</int>
						<int id="r">-5</int>
						<str id="name">bush_2_1311958504837</str>
						<int id="x">1950</int>
						<int id="y">791</int>
						<int id="h">64</int>
						<int id="z">34</int>
						<str id="sprite_class">bush_2</str>
					</object>
					<object id="groddle_bush1_1311958504914">
						<int id="w">113</int>
						<str id="name">groddle_bush1_1311958504880</str>
						<int id="x">4917</int>
						<int id="y">760</int>
						<int id="h">57</int>
						<int id="z">19</int>
						<str id="sprite_class">groddle_bush1</str>
					</object>
					<object id="pinecluster_mask_1_1311971815151">
						<int id="w">334</int>
						<int id="r">-5</int>
						<str id="name">pinecluster_mask_1_1311958504831</str>
						<int id="x">2148</int>
						<int id="y">770</int>
						<int id="h">147</int>
						<int id="z">24</int>
						<str id="sprite_class">pinecluster_mask_1</str>
					</object>
					<object id="cliff_cover_5_1312396383568">
						<int id="w">442</int>
						<int id="r">-12</int>
						<str id="name">cliff_cover_5_1311803724972</str>
						<int id="x">5420</int>
						<int id="y">832</int>
						<int id="h">237</int>
						<int id="z">23</int>
						<str id="sprite_class">cliff_cover_5</str>
					</object>
					<object id="groddle_grass_1_1312400488687">
						<int id="w">53</int>
						<str id="name">groddle_grass_1_1311803725055</str>
						<int id="x">2691</int>
						<int id="y">614</int>
						<int id="h">24</int>
						<int id="z">71</int>
						<str id="sprite_class">groddle_grass_1</str>
					</object>
					<object id="evenground_horizon_1311971815152">
						<int id="w">886</int>
						<int id="r">-1</int>
						<str id="name">evenground_horizon_1311958504848</str>
						<int id="x">3107</int>
						<int id="y">806</int>
						<int id="h">67</int>
						<int id="z">3</int>
						<str id="sprite_class">evenground_horizon</str>
					</object>
					<object id="bush_3_1311958504883">
						<int id="w">205</int>
						<str id="name">bush_3_1311958504833</str>
						<int id="x">1818</int>
						<int id="y">792</int>
						<int id="h">72</int>
						<int id="z">28</int>
						<str id="sprite_class">bush_3</str>
					</object>
					<object id="evenground_horizon_1311971815110">
						<int id="w">886</int>
						<int id="r">1</int>
						<str id="name">evenground_horizon_1311958504848</str>
						<int id="x">4133</int>
						<int id="y">853</int>
						<int id="h">67</int>
						<int id="z">1</int>
						<str id="sprite_class">evenground_horizon</str>
					</object>
					<object id="groddle_grass_1_1311803725055">
						<int id="w">53</int>
						<str id="name">groddle_grass_1_1311803725055</str>
						<int id="x">2691</int>
						<int id="y">614</int>
						<int id="h">24</int>
						<int id="z">71</int>
						<str id="sprite_class">groddle_grass_1</str>
					</object>
					<object id="bush_3_1312396383683">
						<int id="w">205</int>
						<int id="r">-2</int>
						<str id="name">bush_3_1311958504833</str>
						<int id="x">1466</int>
						<int id="y">802</int>
						<int id="h">72</int>
						<int id="z">50</int>
						<str id="sprite_class">bush_3</str>
					</object>
					<object id="tree_coniferous_fg_3_1311978164291">
						<int id="w">393</int>
						<bool id="h_flip">true</bool>
						<str id="name">tree_coniferous_fg_3_1311978164291</str>
						<int id="x">3006</int>
						<int id="y">640</int>
						<int id="h">895</int>
						<int id="z">61</int>
						<str id="sprite_class">tree_coniferous_fg_3</str>
					</object>
					<object id="tree_coniferous_fg_4_1312396383671">
						<int id="w">429</int>
						<str id="name">tree_coniferous_fg_4_1311978164292</str>
						<int id="x">1245</int>
						<int id="y">794</int>
						<int id="h">855</int>
						<int id="z">45</int>
						<str id="sprite_class">tree_coniferous_fg_4</str>
					</object>
					<object id="bush_3_1311978164288">
						<int id="w">205</int>
						<bool id="h_flip">true</bool>
						<str id="name">bush_3_1311958504833</str>
						<int id="x">5106</int>
						<int id="y">749</int>
						<int id="h">72</int>
						<int id="z">17</int>
						<str id="sprite_class">bush_3</str>
					</object>
					<object id="tree_base_root_1_1311978164296">
						<int id="w">101</int>
						<str id="name">tree_base_root_1_1311978164296</str>
						<int id="x">4327</int>
						<int id="y">823</int>
						<int id="h">59</int>
						<int id="z">40</int>
						<str id="sprite_class">tree_base_root_1</str>
					</object>
					<object id="groddle_bush1_1311958504892">
						<int id="w">113</int>
						<int id="r">5</int>
						<str id="name">groddle_bush1_1311958504880</str>
						<int id="x">4506</int>
						<int id="y">789</int>
						<int id="h">57</int>
						<int id="z">15</int>
						<str id="sprite_class">groddle_bush1</str>
					</object>
					<object id="tree_coniferous_fg_4_1311978164292">
						<int id="w">466</int>
						<str id="name">tree_coniferous_fg_4_1311978164292</str>
						<int id="x">4380</int>
						<int id="y">818</int>
						<int id="h">929</int>
						<int id="z">38</int>
						<str id="sprite_class">tree_coniferous_fg_4</str>
					</object>
					<object id="bush_3_1312396383674">
						<int id="w">205</int>
						<int id="r">3</int>
						<str id="name">bush_3_1311958504833</str>
						<int id="x">1269</int>
						<int id="y">808</int>
						<int id="h">72</int>
						<int id="z">49</int>
						<str id="sprite_class">bush_3</str>
					</object>
					<object id="evenground_horizon_1311971815154">
						<int id="w">886</int>
						<bool id="h_flip">true</bool>
						<str id="name">evenground_horizon_1311958504848</str>
						<int id="x">2353</int>
						<int id="y">800</int>
						<int id="h">67</int>
						<int id="z">5</int>
						<str id="sprite_class">evenground_horizon</str>
						<int id="r">-2</int>
					</object>
				</object>
				<int id="w">5520</int>
				<int id="h">990</int>
				<int id="z">-1</int>
				<str id="name">bg_1</str>
				<object id="filtersNEW">
					<object id="brightness">
						<int id="value">-20</int>
					</object>
					<object id="saturation">
						<int id="value">-20</int>
					</object>
					<object id="tintAmount">
						<int id="value">0</int>
					</object>
					<object id="contrast">
						<int id="value">-25</int>
					</object>
					<object id="tintColor">
						<int id="value">0</int>
					</object>
				</object>
			</object>
			<object id="T_1311386031998">
				<object id="decos">
					<object id="groddle_grass_2_1312396383580">
						<int id="w">84</int>
						<str id="name">groddle_grass_2_1311803725051</str>
						<int id="x">3988</int>
						<int id="y">953</int>
						<int id="h">68</int>
						<int id="z">19</int>
						<str id="sprite_class">groddle_grass_2</str>
					</object>
					<object id="groddle_bush4_1312396383570">
						<int id="w">156</int>
						<bool id="h_flip">true</bool>
						<str id="name">groddle_bush4_1311958504910</str>
						<int id="x">5064</int>
						<int id="y">950</int>
						<int id="h">74</int>
						<int id="z">5</int>
						<str id="sprite_class">groddle_bush4</str>
						<int id="r">-7</int>
					</object>
					<object id="gravel_2_1312396383581">
						<int id="w">39</int>
						<str id="name">gravel_2_1311803725061</str>
						<int id="x">3880</int>
						<int id="y">954</int>
						<int id="h">22</int>
						<int id="z">18</int>
						<str id="sprite_class">gravel_2</str>
					</object>
					<object id="groddle_bush1_1311978164352">
						<int id="w">196</int>
						<int id="r">6</int>
						<str id="name">groddle_bush1_1311808665833</str>
						<int id="x">323</int>
						<int id="y">941</int>
						<int id="h">97</int>
						<int id="z">8</int>
						<str id="sprite_class">groddle_bush1</str>
					</object>
					<object id="groddle_bush1_1312400488698">
						<int id="w">196</int>
						<int id="r">2</int>
						<str id="name">groddle_bush1_1311808665833</str>
						<int id="x">1815</int>
						<int id="y">939</int>
						<int id="h">97</int>
						<int id="z">28</int>
						<str id="sprite_class">groddle_bush1</str>
					</object>
					<object id="tree_dead_1_1312400488695">
						<int id="w">716</int>
						<str id="name">tree_dead_1_1312400488694</str>
						<int id="x">3799</int>
						<int id="y">955</int>
						<int id="h">95</int>
						<int id="z">2</int>
						<str id="sprite_class">tree_dead_1</str>
					</object>
					<object id="groddle_fern_1_1312400488699">
						<int id="w">190</int>
						<str id="name">groddle_fern_1_1312396383565</str>
						<int id="x">1915</int>
						<int id="y">941</int>
						<int id="h">113</int>
						<int id="z">29</int>
						<str id="sprite_class">groddle_fern_1</str>
					</object>
					<object id="groddle_fern_1_1312400488700">
						<int id="w">154</int>
						<bool id="h_flip">true</bool>
						<str id="name">groddle_fern_1_1312396383565</str>
						<int id="x">1711</int>
						<int id="y">932</int>
						<int id="h">92</int>
						<int id="z">0</int>
						<str id="sprite_class">groddle_fern_1</str>
					</object>
					<object id="gravel_2_1311978164367">
						<int id="w">28</int>
						<bool id="h_flip">true</bool>
						<str id="name">gravel_2_1311803725061</str>
						<int id="x">5179</int>
						<int id="y">946</int>
						<int id="h">16</int>
						<int id="z">14</int>
						<str id="sprite_class">gravel_2</str>
					</object>
					<object id="tree_coniferous_fg_1_1311978164341">
						<int id="w">763</int>
						<str id="name">tree_coniferous_fg_1_1311022275277</str>
						<int id="x">5180</int>
						<int id="y">991</int>
						<int id="h">1694</int>
						<int id="z">6</int>
						<str id="sprite_class">tree_coniferous_fg_1</str>
					</object>
					<object id="groddle_grass_1_1312400488697">
						<int id="w">110</int>
						<str id="name">groddle_grass_1_1311803725055</str>
						<int id="x">3485</int>
						<int id="y">938</int>
						<int id="h">53</int>
						<int id="z">1</int>
						<str id="sprite_class">groddle_grass_1</str>
					</object>
					<object id="groddle_bush4_1312396383618">
						<int id="w">156</int>
						<int id="r">-1</int>
						<str id="name">groddle_bush4_1311958504910</str>
						<int id="x">2901</int>
						<int id="y">941</int>
						<int id="h">74</int>
						<int id="z">23</int>
						<str id="sprite_class">groddle_bush4</str>
					</object>
					<object id="groddle_grass_1_1312400488696">
						<int id="w">87</int>
						<str id="name">groddle_grass_1_1311803725055</str>
						<int id="x">3613</int>
						<int id="y">953</int>
						<int id="h">44</int>
						<int id="z">21</int>
						<str id="sprite_class">groddle_grass_1</str>
					</object>
					<object id="groddle_bush4_1312396383619">
						<int id="w">156</int>
						<int id="r">-1</int>
						<str id="name">groddle_bush4_1311958504910</str>
						<int id="x">2833</int>
						<int id="y">954</int>
						<int id="h">74</int>
						<int id="z">25</int>
						<str id="sprite_class">groddle_bush4</str>
					</object>
					<object id="groddle_grass_2_1312396383583">
						<int id="w">103</int>
						<str id="name">groddle_grass_2_1311803725051</str>
						<int id="x">3868</int>
						<int id="y">950</int>
						<int id="h">83</int>
						<int id="z">16</int>
						<str id="sprite_class">groddle_grass_2</str>
					</object>
					<object id="groddle_grass_1_1311978164355">
						<int id="w">106</int>
						<str id="name">groddle_grass_1_1311803725055</str>
						<int id="x">233</int>
						<int id="y">928</int>
						<int id="h">51</int>
						<int id="z">7</int>
						<str id="sprite_class">groddle_grass_1</str>
					</object>
					<object id="groddle_grass_1_1311978164354">
						<int id="w">106</int>
						<str id="name">groddle_grass_1_1311803725055</str>
						<int id="x">431</int>
						<int id="y">937</int>
						<int id="h">51</int>
						<int id="z">10</int>
						<str id="sprite_class">groddle_grass_1</str>
					</object>
					<object id="groddle_grass_1_1312396383623">
						<int id="w">83</int>
						<str id="name">groddle_grass_1_1311803725055</str>
						<int id="x">2749</int>
						<int id="y">953</int>
						<int id="h">46</int>
						<int id="z">26</int>
						<str id="sprite_class">groddle_grass_1</str>
					</object>
					<object id="heights_mound_3_1312409579005">
						<int id="w">498</int>
						<str id="name">heights_mound_3_1312409579002</str>
						<int id="x">747</int>
						<int id="y">1077</int>
						<int id="h">189</int>
						<int id="z">38</int>
						<str id="sprite_class">heights_mound_3</str>
					</object>
					<object id="groddle_grass_1_1311978164366">
						<int id="w">106</int>
						<str id="name">groddle_grass_1_1311803725055</str>
						<int id="x">5224</int>
						<int id="y">944</int>
						<int id="h">51</int>
						<int id="z">12</int>
						<str id="sprite_class">groddle_grass_1</str>
					</object>
					<object id="groddle_bush4_1312396383569">
						<int id="w">156</int>
						<int id="r">-1</int>
						<str id="name">groddle_bush4_1311958504910</str>
						<int id="x">5379</int>
						<int id="y">958</int>
						<int id="h">74</int>
						<int id="z">4</int>
						<str id="sprite_class">groddle_bush4</str>
					</object>
					<object id="ug_rock_1_1312396383582">
						<int id="w">73</int>
						<str id="name">ug_rock_1_1311958504988</str>
						<int id="x">3906</int>
						<int id="y">953</int>
						<int id="h">49</int>
						<int id="z">17</int>
						<str id="sprite_class">ug_rock_1</str>
					</object>
					<object id="groddle_cover_clover2_1312409578989">
						<int id="w">126</int>
						<str id="name">groddle_cover_clover2_1312409578987</str>
						<int id="x">24</int>
						<int id="y">902</int>
						<int id="h">47</int>
						<int id="z">34</int>
						<str id="sprite_class">groddle_cover_clover2</str>
					</object>
					<object id="groddle_bush4_1312396383620">
						<int id="w">156</int>
						<bool id="h_flip">true</bool>
						<str id="name">groddle_bush4_1311958504910</str>
						<int id="x">2735</int>
						<int id="y">950</int>
						<int id="h">74</int>
						<int id="z">22</int>
						<str id="sprite_class">groddle_bush4</str>
						<int id="r">-1</int>
					</object>
					<object id="groddle_bush4_1311958504910">
						<int id="w">156</int>
						<int id="r">-1</int>
						<str id="name">groddle_bush4_1311958504910</str>
						<int id="x">5379</int>
						<int id="y">958</int>
						<int id="h">74</int>
						<int id="z">4</int>
						<str id="sprite_class">groddle_bush4</str>
					</object>
					<object id="heights_mound_3_1312409579004">
						<int id="w">498</int>
						<str id="name">heights_mound_3_1312409579002</str>
						<int id="x">464</int>
						<int id="y">1109</int>
						<int id="h">189</int>
						<int id="z">37</int>
						<str id="sprite_class">heights_mound_3</str>
					</object>
					<object id="groddle_grass_2_1311978164365">
						<int id="w">89</int>
						<str id="name">groddle_grass_2_1311803725051</str>
						<int id="x">5166</int>
						<int id="y">945</int>
						<int id="h">72</int>
						<int id="z">13</int>
						<str id="sprite_class">groddle_grass_2</str>
					</object>
					<object id="groddle_bush1_1311808665833">
						<int id="w">196</int>
						<bool id="h_flip">true</bool>
						<str id="name">groddle_bush1_1311808665833</str>
						<int id="x">5256</int>
						<int id="y">935</int>
						<int id="h">97</int>
						<int id="z">3</int>
						<str id="sprite_class">groddle_bush1</str>
						<int id="r">16</int>
					</object>
					<object id="groddle_bush1_1312409578984">
						<int id="w">196</int>
						<int id="r">6</int>
						<str id="name">groddle_bush1_1311808665833</str>
						<int id="x">531</int>
						<int id="y">933</int>
						<int id="h">97</int>
						<int id="z">9</int>
						<str id="sprite_class">groddle_bush1</str>
					</object>
					<object id="groddle_cover_clover2_1312409578988">
						<int id="w">126</int>
						<str id="name">groddle_cover_clover2_1312409578987</str>
						<int id="x">145</int>
						<int id="y">949</int>
						<int id="h">47</int>
						<int id="z">33</int>
						<str id="sprite_class">groddle_cover_clover2</str>
					</object>
					<object id="ug_rock_1_1312396383622">
						<int id="w">44</int>
						<str id="name">ug_rock_1_1311958504988</str>
						<int id="x">2768</int>
						<int id="y">957</int>
						<int id="h">30</int>
						<int id="z">27</int>
						<str id="sprite_class">ug_rock_1</str>
					</object>
					<object id="gravel_2_1312400488701">
						<int id="w">57</int>
						<str id="name">gravel_2_1311803725061</str>
						<int id="x">1889</int>
						<int id="y">944</int>
						<int id="h">31</int>
						<int id="z">30</int>
						<str id="sprite_class">gravel_2</str>
					</object>
					<object id="groddle_grass_1_1312396383579">
						<int id="w">106</int>
						<str id="name">groddle_grass_1_1311803725055</str>
						<int id="x">3950</int>
						<int id="y">955</int>
						<int id="h">51</int>
						<int id="z">20</int>
						<str id="sprite_class">groddle_grass_1</str>
					</object>
					<object id="groddle_cover_clover2_1312409578987">
						<int id="w">126</int>
						<str id="name">groddle_cover_clover2_1312409578987</str>
						<int id="x">31</int>
						<int id="y">942</int>
						<int id="h">47</int>
						<int id="z">32</int>
						<str id="sprite_class">groddle_cover_clover2</str>
					</object>
					<object id="groddle_grass_1_1311803725055">
						<int id="w">106</int>
						<str id="name">groddle_grass_1_1311803725055</str>
						<int id="x">5224</int>
						<int id="y">944</int>
						<int id="h">51</int>
						<int id="z">12</int>
						<str id="sprite_class">groddle_grass_1</str>
					</object>
					<object id="gravel_2_1312400488702">
						<int id="w">29</int>
						<bool id="h_flip">true</bool>
						<str id="name">gravel_2_1311803725061</str>
						<int id="x">1917</int>
						<int id="y">945</int>
						<int id="h">16</int>
						<int id="z">31</int>
						<str id="sprite_class">gravel_2</str>
					</object>
					<object id="groddle_grass_2_1311803725051">
						<int id="w">84</int>
						<str id="name">groddle_grass_2_1311803725051</str>
						<int id="x">3988</int>
						<int id="y">953</int>
						<int id="h">68</int>
						<int id="z">19</int>
						<str id="sprite_class">groddle_grass_2</str>
					</object>
					<object id="groddle_fern_1_1312396383565">
						<int id="w">190</int>
						<str id="name">groddle_fern_1_1312396383565</str>
						<int id="x">1915</int>
						<int id="y">941</int>
						<int id="h">113</int>
						<int id="z">29</int>
						<str id="sprite_class">groddle_fern_1</str>
					</object>
					<object id="groddle_cover_clover2_1312409578990">
						<int id="w">126</int>
						<str id="name">groddle_cover_clover2_1312409578987</str>
						<int id="x">650</int>
						<int id="y">952</int>
						<int id="h">47</int>
						<int id="z">35</int>
						<str id="sprite_class">groddle_cover_clover2</str>
					</object>
					<object id="heights_mound_3_1312409579003">
						<int id="w">498</int>
						<str id="name">heights_mound_3_1312409579002</str>
						<int id="x">125</int>
						<int id="y">1084</int>
						<int id="h">189</int>
						<int id="z">36</int>
						<str id="sprite_class">heights_mound_3</str>
					</object>
					<object id="ug_rock_1_1311978164353">
						<int id="w">57</int>
						<str id="name">ug_rock_1_1311958504988</str>
						<int id="x">413</int>
						<int id="y">943</int>
						<int id="h">38</int>
						<int id="z">11</int>
						<str id="sprite_class">ug_rock_1</str>
					</object>
					<object id="groddle_grass_1_1311978164364">
						<int id="w">106</int>
						<str id="name">groddle_grass_1_1311803725055</str>
						<int id="x">5143</int>
						<int id="y">950</int>
						<int id="h">51</int>
						<int id="z">15</int>
						<str id="sprite_class">groddle_grass_1</str>
					</object>
					<object id="groddle_bush1_1311978164349">
						<int id="w">196</int>
						<bool id="h_flip">true</bool>
						<str id="name">groddle_bush1_1311808665833</str>
						<int id="x">5256</int>
						<int id="y">935</int>
						<int id="h">97</int>
						<int id="z">3</int>
						<str id="sprite_class">groddle_bush1</str>
						<int id="r">16</int>
					</object>
					<object id="groddle_grass_2_1312396383621">
						<int id="w">101</int>
						<str id="name">groddle_grass_2_1311803725051</str>
						<int id="x">2963</int>
						<int id="y">947</int>
						<int id="h">81</int>
						<int id="z">24</int>
						<str id="sprite_class">groddle_grass_2</str>
					</object>
				</object>
				<int id="w">6000</int>
				<int id="h">1000</int>
				<int id="z">1</int>
				<str id="name">middleplus</str>
				<object id="filtersNEW">
					<object id="saturation">
						<int id="value">-10</int>
					</object>
					<object id="brightness">
						<int id="value">-5</int>
					</object>
					<object id="contrast">
						<int id="value">-10</int>
					</object>
				</object>
			</object>
			<object id="T_1309388549234">
				<object id="decos">
					<object id="tree_coniferous_fg_1_1311978164294">
						<int id="w">332</int>
						<str id="name">tree_coniferous_fg_1_1311022275277</str>
						<int id="x">3470</int>
						<int id="y">849</int>
						<int id="h">737</int>
						<int id="z">6</int>
						<str id="sprite_class">tree_coniferous_fg_1</str>
					</object>
					<object id="tree_wallpaper_1a_1311379072504">
						<int id="w">1880</int>
						<str id="name">tree_wallpaper_1a_1309388549250</str>
						<int id="x">4355</int>
						<int id="y">850</int>
						<int id="h">785</int>
						<int id="z">0</int>
						<str id="sprite_class">tree_wallpaper_1a</str>
					</object>
					<object id="tree_coniferous_1_1312396383632">
						<int id="w">270</int>
						<bool id="h_flip">true</bool>
						<str id="name">tree_coniferous_1_1309818313361</str>
						<int id="x">1041</int>
						<int id="y">782</int>
						<int id="h">659</int>
						<int id="z">9</int>
						<str id="sprite_class">tree_coniferous_1</str>
					</object>
					<object id="tree_group_bg2_1_1312396383630">
						<int id="w">532</int>
						<int id="r">-1</int>
						<str id="name">tree_group_bg2_1_1311022275268</str>
						<int id="x">229</int>
						<int id="y">814</int>
						<int id="h">695</int>
						<int id="z">7</int>
						<str id="sprite_class">tree_group_bg2_1</str>
					</object>
					<object id="pinecluster_2_1312396383702">
						<int id="w">369</int>
						<str id="name">pinecluster_2_1312396383699</str>
						<int id="x">2225</int>
						<int id="y">755</int>
						<int id="h">152</int>
						<int id="z">3</int>
						<str id="sprite_class">pinecluster_2</str>
					</object>
					<object id="tree_coniferous_fg_1_1312396383633">
						<int id="w">332</int>
						<str id="name">tree_coniferous_fg_1_1311022275277</str>
						<int id="x">863</int>
						<int id="y">865</int>
						<int id="h">737</int>
						<int id="z">10</int>
						<str id="sprite_class">tree_coniferous_fg_1</str>
					</object>
					<object id="tree_group_bg2_1_1312396383666">
						<int id="w">584</int>
						<str id="name">tree_group_bg2_1_1311022275268</str>
						<int id="x">4983</int>
						<int id="y">810</int>
						<int id="h">763</int>
						<int id="z">11</int>
						<str id="sprite_class">tree_group_bg2_1</str>
					</object>
					<object id="tree_coniferous_fg_1_1312396383672">
						<int id="w">332</int>
						<str id="name">tree_coniferous_fg_1_1311022275277</str>
						<int id="x">1738</int>
						<int id="y">877</int>
						<int id="h">737</int>
						<int id="z">13</int>
						<str id="sprite_class">tree_coniferous_fg_1</str>
					</object>
					<object id="pinecluster_2_1312396383701">
						<int id="w">362</int>
						<str id="name">pinecluster_2_1312396383699</str>
						<int id="x">3029</int>
						<int id="y">761</int>
						<int id="h">179</int>
						<int id="z">2</int>
						<str id="sprite_class">pinecluster_2</str>
					</object>
					<object id="tree_group_bg2_1_1312396383631">
						<int id="w">532</int>
						<int id="r">-1</int>
						<str id="name">tree_group_bg2_1_1311022275268</str>
						<int id="x">1304</int>
						<int id="y">817</int>
						<int id="h">695</int>
						<int id="z">8</int>
						<str id="sprite_class">tree_group_bg2_1</str>
					</object>
					<object id="pinecluster_2_1312396383700">
						<int id="w">362</int>
						<str id="name">pinecluster_2_1312396383699</str>
						<int id="x">3306</int>
						<int id="y">750</int>
						<int id="h">211</int>
						<int id="z">1</int>
						<str id="sprite_class">pinecluster_2</str>
					</object>
					<object id="tree_coniferous_fg_3_1312396383667">
						<int id="w">251</int>
						<int id="r">5</int>
						<str id="name">tree_coniferous_fg_3_1311022275104</str>
						<int id="x">4807</int>
						<int id="y">706</int>
						<int id="h">572</int>
						<int id="z">12</int>
						<str id="sprite_class">tree_coniferous_fg_3</str>
					</object>
					<object id="tree_wallpaper_1a_1312396383555">
						<int id="w">2046</int>
						<str id="name">tree_wallpaper_1a_1309388549250</str>
						<int id="x">952</int>
						<int id="y">900</int>
						<int id="h">822</int>
						<int id="z">4</int>
						<str id="sprite_class">tree_wallpaper_1a</str>
					</object>
					<object id="tree_coniferous_1_1311958504898">
						<int id="w">270</int>
						<bool id="h_flip">true</bool>
						<str id="name">tree_coniferous_1_1309818313361</str>
						<int id="x">4415</int>
						<int id="y">776</int>
						<int id="h">659</int>
						<int id="z">5</int>
						<str id="sprite_class">tree_coniferous_1</str>
					</object>
					<object id="pinecluster_2_1312396383699">
						<int id="w">362</int>
						<str id="name">pinecluster_2_1312396383699</str>
						<int id="x">1961</int>
						<int id="y">766</int>
						<int id="h">211</int>
						<int id="z">14</int>
						<str id="sprite_class">pinecluster_2</str>
					</object>
				</object>
				<int id="w">5040</int>
				<int id="h">980</int>
				<int id="z">-2</int>
				<str id="name">bg_2</str>
				<object id="filtersNEW">
					<object id="saturation">
						<int id="value">-30</int>
					</object>
					<object id="brightness">
						<int id="value">-20</int>
					</object>
					<object id="contrast">
						<int id="value">-30</int>
					</object>
				</object>
			</object>
			<object id="T_1312396383680">
				<object id="decos">
					<object id="pinehills_2_1312396383696">
						<int id="w">878</int>
						<str id="name">pinehills_2_1312396383694</str>
						<int id="x">2660</int>
						<int id="y">742</int>
						<int id="h">265</int>
						<int id="z">1</int>
						<str id="sprite_class">pinehills_2</str>
					</object>
					<object id="pinehills_2_1312396383698">
						<int id="w">878</int>
						<int id="r">-5</int>
						<str id="name">pinehills_2_1312396383694</str>
						<int id="x">3214</int>
						<int id="y">704</int>
						<int id="h">265</int>
						<int id="z">3</int>
						<str id="sprite_class">pinehills_2</str>
					</object>
					<object id="pinehills_2_1312396383694">
						<int id="w">878</int>
						<int id="r">5</int>
						<str id="name">pinehills_2_1312396383694</str>
						<int id="x">1915</int>
						<int id="y">710</int>
						<int id="h">265</int>
						<int id="z">4</int>
						<str id="sprite_class">pinehills_2</str>
					</object>
					<object id="pinehills_2_1312396383695">
						<int id="w">878</int>
						<str id="name">pinehills_2_1312396383694</str>
						<int id="x">2254</int>
						<int id="y">737</int>
						<int id="h">265</int>
						<int id="z">0</int>
						<str id="sprite_class">pinehills_2</str>
					</object>
					<object id="pinehills_2_1312396383697">
						<int id="w">878</int>
						<int id="r">5</int>
						<str id="name">pinehills_2_1312396383694</str>
						<int id="x">2891</int>
						<int id="y">751</int>
						<int id="h">265</int>
						<int id="z">2</int>
						<str id="sprite_class">pinehills_2</str>
					</object>
				</object>
				<int id="w">4800</int>
				<int id="h">960</int>
				<int id="z">-3</int>
				<str id="name">bg_3</str>
				<object id="filtersNEW">
					<object id="saturation">
						<int id="value">-30</int>
					</object>
					<object id="brightness">
						<int id="value">10</int>
					</object>
					<object id="contrast">
						<int id="value">-30</int>
					</object>
				</object>
			</object>
		</object>
		<null id="img_file_versioned"/>
		<str id="swf_file_versioned">http://c2.glitch.bz/locations/groddle1/1319854280.swf</str>
		<null id="physics"/>
		<str id="tsid">LA9IHQQSCF820VN</str>
		<null id="loading_label"/>
		<int id="ground_y">-186</int>
		<int id="rookable_type">0</int>
		<object id="gradient">
			<str id="top">5FA3D4</str>
			<str id="bottom">FFC252</str>
		</object>
		<object id="sources">
			<int id="LA9A9CGB9F824PK">1</int>
			<int id="LA996D5KMF82E41">1</int>
		</object>
	</object>
</game_object>
