<game_object tsid="GA9KLA8H1D82JM3" ts="1336671113258" label="Transition_01" class_tsid="" lastUpdateTime="1336671103088" upd_gs="gs7" load_time="2012-05-10 10:29:09.890" upd_time="2012-05-10 10:32:12.824">
	<object id="dynamic">
		<int id="l">-3000</int>
		<int id="r">3000</int>
		<int id="t">-1000</int>
		<int id="b">0</int>
		<str id="label">Transition_01</str>
		<str id="swf_file">groddle1.swf</str>
		<object id="layers">
			<object id="T_1309388549233">
				<int id="z">-1</int>
				<str id="name">bg_1</str>
				<int id="h">990</int>
				<object id="decos">
					<object id="bush_2_1311803725040">
						<bool id="h_flip">true</bool>
						<str id="sprite_class">bush_2</str>
						<int id="x">4594</int>
						<int id="y">950</int>
						<str id="name">bush_2_1309395818733</str>
						<int id="z">28</int>
						<int id="h">92</int>
						<int id="r">-15</int>
						<int id="w">310</int>
					</object>
					<object id="tree_coniferous_fg_2_1309395818729">
						<int id="z">16</int>
						<str id="sprite_class">tree_coniferous_fg_2</str>
						<int id="x">1142</int>
						<int id="y">872</int>
						<str id="name">tree_coniferous_fg_2_1309388549259</str>
						<int id="h">1020</int>
						<int id="r">-5</int>
						<int id="w">495</int>
					</object>
					<object id="bush_2_1310523231563">
						<int id="z">18</int>
						<str id="sprite_class">bush_2</str>
						<int id="x">2835</int>
						<int id="y">868</int>
						<str id="name">bush_2_1309395818733</str>
						<int id="h">107</int>
						<int id="w">276</int>
					</object>
					<object id="tree_group_bg2_1_1311008164610">
						<bool id="h_flip">true</bool>
						<str id="sprite_class">tree_group_bg2_1</str>
						<int id="x">1303</int>
						<int id="y">889</int>
						<str id="name">tree_group_bg2_1_1309388549254</str>
						<int id="z">1</int>
						<int id="h">782</int>
						<int id="w">541</int>
					</object>
					<object id="tree_group_bg2_1_1311022275278">
						<int id="z">9</int>
						<str id="sprite_class">tree_group_bg2_1</str>
						<int id="x">3620</int>
						<int id="y">726</int>
						<str id="name">tree_group_bg2_1_1311022275268</str>
						<int id="h">566</int>
						<int id="r">-4</int>
						<int id="w">433</int>
					</object>
					<object id="alakol_cliff_1_1311379072508">
						<int id="z">2</int>
						<str id="sprite_class">alakol_cliff_1</str>
						<int id="x">3226</int>
						<int id="y">947</int>
						<str id="name">alakol_cliff_1_1311379072499</str>
						<int id="h">165</int>
						<int id="r">-9</int>
						<int id="w">774</int>
					</object>
					<object id="pinecluster_mask_1_1309451846141">
						<int id="z">19</int>
						<str id="sprite_class">pinecluster_mask_1</str>
						<int id="x">2569</int>
						<int id="y">855</int>
						<str id="name">pinecluster_mask_1_1309451846094</str>
						<int id="h">164</int>
						<int id="r">-6</int>
						<int id="w">498</int>
					</object>
					<object id="bush_3_1311379072506">
						<int id="z">20</int>
						<str id="sprite_class">bush_3</str>
						<int id="x">2185</int>
						<int id="y">889</int>
						<str id="name">bush_3_1309395818718</str>
						<int id="h">120</int>
						<int id="r">-10</int>
						<int id="w">341</int>
					</object>
					<object id="alakol_cliff_2_1311379072513">
						<int id="z">6</int>
						<str id="sprite_class">alakol_cliff_2</str>
						<int id="x">1682</int>
						<int id="y">894</int>
						<str id="name">alakol_cliff_2_1311022275060</str>
						<int id="h">112</int>
						<int id="r">-1</int>
						<int id="w">522</int>
					</object>
					<object id="tree_coniferous_fg_3_1311022275105">
						<bool id="h_flip">true</bool>
						<str id="sprite_class">tree_coniferous_fg_3</str>
						<int id="x">1266</int>
						<int id="y">847</int>
						<str id="name">tree_coniferous_fg_3_1311022275104</str>
						<int id="z">10</int>
						<int id="h">852</int>
						<int id="w">374</int>
					</object>
					<object id="bush_1_1311376174401">
						<int id="z">17</int>
						<str id="sprite_class">bush_1</str>
						<int id="x">2928</int>
						<int id="y">810</int>
						<str id="name">bush_1_1309451846087</str>
						<int id="h">54</int>
						<int id="w">97</int>
					</object>
					<object id="alakol_cliff_2_1311379072512">
						<int id="z">3</int>
						<str id="sprite_class">alakol_cliff_2</str>
						<int id="x">1990</int>
						<int id="y">974</int>
						<str id="name">alakol_cliff_2_1311022275060</str>
						<int id="h">148</int>
						<int id="r">-1</int>
						<int id="w">522</int>
					</object>
					<object id="tree_coniferous_fg_3_1311803725066">
						<bool id="h_flip">true</bool>
						<str id="sprite_class">tree_coniferous_fg_3</str>
						<int id="x">4817</int>
						<int id="y">963</int>
						<str id="name">tree_coniferous_fg_3_1311022275104</str>
						<int id="z">30</int>
						<int id="h">1011</int>
						<int id="w">444</int>
					</object>
					<object id="tree_coniferous_1_1309818313361">
						<bool id="h_flip">true</bool>
						<str id="sprite_class">tree_coniferous_1</str>
						<int id="x">377</int>
						<int id="y">848</int>
						<str id="name">tree_coniferous_1_1309818313361</str>
						<int id="z">11</int>
						<int id="h">884</int>
						<int id="w">362</int>
					</object>
					<object id="bush_2_1311008164466">
						<int id="z">12</int>
						<str id="sprite_class">bush_2</str>
						<int id="x">3062</int>
						<int id="y">835</int>
						<str id="name">bush_2_1309395818733</str>
						<int id="h">108</int>
						<int id="w">278</int>
					</object>
					<object id="bush_3_1311008164465">
						<int id="z">14</int>
						<str id="sprite_class">bush_3</str>
						<int id="x">3233</int>
						<int id="y">825</int>
						<str id="name">bush_3_1309395818718</str>
						<int id="h">120</int>
						<int id="w">341</int>
					</object>
					<object id="bush_1_1309451846142">
						<int id="z">22</int>
						<str id="sprite_class">bush_1</str>
						<int id="x">2976</int>
						<int id="y">842</int>
						<str id="name">bush_1_1309451846087</str>
						<int id="h">65</int>
						<int id="w">110</int>
					</object>
					<object id="alakol_cliff_1_1311379072509">
						<int id="z">4</int>
						<str id="sprite_class">alakol_cliff_1</str>
						<int id="x">2494</int>
						<int id="y">997</int>
						<str id="name">alakol_cliff_1_1311379072499</str>
						<int id="h">165</int>
						<int id="r">-7</int>
						<int id="w">774</int>
					</object>
					<object id="tree_coniferous_fg_2_1311803725068">
						<bool id="h_flip">true</bool>
						<str id="sprite_class">tree_coniferous_fg_2</str>
						<int id="x">3733</int>
						<int id="y">979</int>
						<str id="name">tree_coniferous_fg_2_1309388549259</str>
						<int id="z">32</int>
						<int id="h">1020</int>
						<int id="r">5</int>
						<int id="w">495</int>
					</object>
					<object id="bush_3_1311803725042">
						<int id="z">26</int>
						<str id="sprite_class">bush_3</str>
						<int id="x">5122</int>
						<int id="y">899</int>
						<str id="name">bush_3_1309395818718</str>
						<int id="h">103</int>
						<int id="w">294</int>
					</object>
					<object id="pinecluster_mask_1_1311803725036">
						<int id="z">24</int>
						<str id="sprite_class">pinecluster_mask_1</str>
						<int id="x">4671</int>
						<int id="y">891</int>
						<str id="name">pinecluster_mask_1_1309451846094</str>
						<int id="h">164</int>
						<int id="r">-6</int>
						<int id="w">498</int>
					</object>
					<object id="tree_coniferous_fg_2_1311803725064">
						<int id="z">29</int>
						<str id="sprite_class">tree_coniferous_fg_2</str>
						<int id="x">5322</int>
						<int id="y">954</int>
						<str id="name">tree_coniferous_fg_2_1309388549259</str>
						<int id="h">1020</int>
						<int id="r">-5</int>
						<int id="w">495</int>
					</object>
					<object id="tree_coniferous_fg_3_1311803725067">
						<int id="z">31</int>
						<str id="sprite_class">tree_coniferous_fg_3</str>
						<int id="x">4141</int>
						<int id="y">1047</int>
						<str id="name">tree_coniferous_fg_3_1311022275104</str>
						<int id="h">1159</int>
						<int id="r">5</int>
						<int id="w">509</int>
					</object>
					<object id="bush_3_1311379072505">
						<int id="z">21</int>
						<str id="sprite_class">bush_3</str>
						<int id="x">2262</int>
						<int id="y">896</int>
						<str id="name">bush_3_1309395818718</str>
						<int id="h">120</int>
						<int id="w">341</int>
					</object>
					<object id="bush_3_1311379072496">
						<int id="z">13</int>
						<str id="sprite_class">bush_3</str>
						<int id="x">3408</int>
						<int id="y">792</int>
						<str id="name">bush_3_1309395818718</str>
						<int id="h">120</int>
						<int id="w">341</int>
					</object>
					<object id="tree_coniferous_fg_1_1311022275277">
						<int id="z">23</int>
						<str id="sprite_class">tree_coniferous_fg_1</str>
						<int id="x">3547</int>
						<int id="y">947</int>
						<str id="name">tree_coniferous_fg_1_1311022275277</str>
						<int id="h">1037</int>
						<int id="w">467</int>
					</object>
					<object id="tree_group_bg2_1_1311022275271">
						<int id="z">8</int>
						<str id="sprite_class">tree_group_bg2_1</str>
						<int id="x">3925</int>
						<int id="y">860</int>
						<str id="name">tree_group_bg2_1_1311022275268</str>
						<int id="h">879</int>
						<int id="w">673</int>
					</object>
					<object id="bush_3_1311803725033">
						<int id="z">25</int>
						<str id="sprite_class">bush_3</str>
						<int id="x">4926</int>
						<int id="y">914</int>
						<str id="name">bush_3_1309395818718</str>
						<int id="h">103</int>
						<int id="w">294</int>
					</object>
					<object id="bush_2_1311803725034">
						<int id="z">27</int>
						<str id="sprite_class">bush_2</str>
						<int id="x">4760</int>
						<int id="y">952</int>
						<str id="name">bush_2_1309395818733</str>
						<int id="h">108</int>
						<int id="w">278</int>
					</object>
					<object id="tree_coniferous_fg_1_1311803725065">
						<int id="z">0</int>
						<str id="sprite_class">tree_coniferous_fg_1</str>
						<int id="x">4648</int>
						<int id="y">912</int>
						<str id="name">tree_coniferous_fg_1_1311022275277</str>
						<int id="h">1037</int>
						<int id="w">467</int>
					</object>
					<object id="alakol_cliff_1_1311379072511">
						<int id="z">5</int>
						<str id="sprite_class">alakol_cliff_1</str>
						<int id="x">1956</int>
						<int id="y">1020</int>
						<str id="name">alakol_cliff_1_1311379072499</str>
						<int id="h">165</int>
						<int id="r">1</int>
						<int id="w">774</int>
					</object>
					<object id="tree_coniferous_fg_2_1309388549260">
						<bool id="h_flip">true</bool>
						<str id="sprite_class">tree_coniferous_fg_2</str>
						<int id="x">165</int>
						<int id="y">836</int>
						<str id="name">tree_coniferous_fg_2_1309388549259</str>
						<int id="z">15</int>
						<int id="h">1072</int>
						<int id="r">3</int>
						<int id="w">497</int>
					</object>
					<object id="alakol_cliff_2_1311379072510">
						<int id="z">7</int>
						<str id="sprite_class">alakol_cliff_2</str>
						<int id="x">2955</int>
						<int id="y">1010</int>
						<str id="name">alakol_cliff_2_1311022275060</str>
						<int id="h">185</int>
						<int id="r">-3</int>
						<int id="w">614</int>
					</object>
				</object>
				<object id="filtersNEW">
					<object id="brightness">
						<int id="value">-30</int>
					</object>
					<object id="saturation">
						<int id="value">-15</int>
					</object>
					<object id="tintColor">
						<int id="value">0</int>
					</object>
					<object id="contrast">
						<int id="value">-35</int>
					</object>
					<object id="tintAmount">
						<int id="value">0</int>
					</object>
				</object>
				<int id="w">5400</int>
			</object>
			<object id="T_1311022275144">
				<int id="z">-3</int>
				<str id="name">bg_3</str>
				<int id="h">950</int>
				<object id="decos">
					<object id="pinehills_2_1311022275146">
						<int id="z">4</int>
						<str id="sprite_class">pinehills_2</str>
						<int id="x">2069</int>
						<int id="y">859</int>
						<str id="name">pinehills_2_1310523231569</str>
						<int id="h">265</int>
						<int id="r">4</int>
						<int id="w">878</int>
					</object>
					<object id="pinehills_2_1311022275145">
						<int id="z">5</int>
						<str id="sprite_class">pinehills_2</str>
						<int id="x">2607</int>
						<int id="y">819</int>
						<str id="name">pinehills_2_1310523231569</str>
						<int id="h">265</int>
						<int id="r">-1</int>
						<int id="w">878</int>
					</object>
					<object id="cliff_cover_5_1311808665844">
						<bool id="h_flip">true</bool>
						<str id="sprite_class">cliff_cover_5</str>
						<int id="x">459</int>
						<int id="y">360</int>
						<str id="name">cliff_cover_5_1311803724972</str>
						<int id="z">6</int>
						<int id="h">442</int>
						<int id="r">4</int>
						<int id="w">1305</int>
					</object>
					<object id="pinehills_2_1311022275150">
						<int id="z">1</int>
						<str id="sprite_class">pinehills_2</str>
						<int id="x">2298</int>
						<int id="y">828</int>
						<str id="name">pinehills_2_1310523231569</str>
						<int id="h">265</int>
						<int id="w">878</int>
					</object>
					<object id="pinehills_2_1311379072533">
						<int id="z">2</int>
						<str id="sprite_class">pinehills_2</str>
						<int id="x">1348</int>
						<int id="y">793</int>
						<str id="name">pinehills_2_1310523231569</str>
						<int id="h">265</int>
						<int id="r">10</int>
						<int id="w">878</int>
					</object>
					<object id="pinehills_2_1311022275149">
						<int id="z">3</int>
						<str id="sprite_class">pinehills_2</str>
						<int id="x">1676</int>
						<int id="y">869</int>
						<str id="name">pinehills_2_1310523231569</str>
						<int id="h">265</int>
						<int id="w">878</int>
					</object>
					<object id="pinehills_2_1311022275151">
						<int id="z">0</int>
						<str id="sprite_class">pinehills_2</str>
						<int id="x">2981</int>
						<int id="y">790</int>
						<str id="name">pinehills_2_1310523231569</str>
						<int id="h">265</int>
						<int id="w">878</int>
					</object>
				</object>
				<object id="filtersNEW">
					<object id="contrast">
						<int id="value">-30</int>
					</object>
					<object id="brightness">
						<int id="value">-10</int>
					</object>
					<object id="saturation">
						<int id="value">-40</int>
					</object>
				</object>
				<int id="w">4680</int>
			</object>
			<object id="T_1311386031998">
				<int id="z">1</int>
				<str id="name">middleplus</str>
				<int id="h">1000</int>
				<object id="decos">
					<object id="tree_coniferous_fg_3_1311803725069">
						<bool id="h_flip">true</bool>
						<str id="sprite_class">tree_coniferous_fg_3</str>
						<int id="x">4423</int>
						<int id="y">1396</int>
						<str id="name">tree_coniferous_fg_3_1311022275104</str>
						<int id="z">2</int>
						<int id="h">1188</int>
						<int id="r">-5</int>
						<int id="w">460</int>
					</object>
					<object id="tree_coniferous_fg_3_1311808665819">
						<int id="z">1</int>
						<str id="sprite_class">tree_coniferous_fg_3</str>
						<int id="x">1067</int>
						<int id="y">1631</int>
						<str id="name">tree_coniferous_fg_3_1311022275104</str>
						<int id="h">1236</int>
						<int id="r">5</int>
						<int id="w">857</int>
					</object>
					<object id="tree_coniferous_fg_3_1311386031999">
						<int id="z">0</int>
						<str id="sprite_class">tree_coniferous_fg_3</str>
						<int id="x">1563</int>
						<int id="y">1629</int>
						<str id="name">tree_coniferous_fg_3_1311022275104</str>
						<int id="h">1535</int>
						<int id="r">5</int>
						<int id="w">674</int>
					</object>
					<object id="tree_coniferous_fg_4_1311808665817">
						<int id="z">3</int>
						<str id="sprite_class">tree_coniferous_fg_4</str>
						<int id="x">859</int>
						<int id="y">1705</int>
						<str id="name">tree_coniferous_fg_4_1311803725073</str>
						<int id="h">1435</int>
						<int id="w">720</int>
					</object>
					<object id="tree_coniferous_fg_4_1311808665818">
						<bool id="h_flip">true</bool>
						<str id="sprite_class">tree_coniferous_fg_4</str>
						<int id="x">34</int>
						<int id="y">1604</int>
						<str id="name">tree_coniferous_fg_4_1311803725073</str>
						<int id="z">4</int>
						<int id="h">945</int>
						<int id="w">776</int>
					</object>
				</object>
				<object id="filtersNEW">
					<object id="contrast">
						<int id="value">-20</int>
					</object>
					<object id="brightness">
						<int id="value">-15</int>
					</object>
					<object id="saturation">
						<int id="value">-10</int>
					</object>
				</object>
				<int id="w">6480</int>
			</object>
			<object id="middleground">
				<object id="walls">
					<object id="wall_1312310646719">
						<int id="pc_perm">0</int>
						<int id="x">-1063</int>
						<int id="h">855</int>
						<int id="y">-1001</int>
						<int id="item_perm">1</int>
						<int id="w">0</int>
					</object>
				</object>
				<object id="targets">
				</object>
				<object id="platform_lines">
					<object id="plat_1311803725023">
						<int id="platform_pc_perm">-1</int>
						<int id="platform_item_perm">-1</int>
						<object id="start">
							<int id="x">1942</int>
							<int id="y">-139</int>
						</object>
						<object id="end">
							<int id="x">2077</int>
							<int id="y">-64</int>
						</object>
					</object>
					<object id="plat_1311379072671">
						<int id="platform_pc_perm">-1</int>
						<int id="platform_item_perm">-1</int>
						<object id="start">
							<int id="x">-1393</int>
							<int id="y">-292</int>
						</object>
						<object id="end">
							<int id="x">-1203</int>
							<int id="y">-213</int>
						</object>
					</object>
					<object id="plat_1311379072646">
						<int id="platform_pc_perm">-1</int>
						<int id="platform_item_perm">-1</int>
						<object id="start">
							<int id="x">51</int>
							<int id="y">-685</int>
						</object>
						<object id="end">
							<int id="x">73</int>
							<int id="y">-691</int>
						</object>
					</object>
					<object id="plat_1311803725001">
						<int id="platform_pc_perm">-1</int>
						<int id="platform_item_perm">-1</int>
						<object id="start">
							<int id="x">575</int>
							<int id="y">-657</int>
						</object>
						<object id="end">
							<int id="x">731</int>
							<int id="y">-641</int>
						</object>
					</object>
					<object id="plat_1311379072645">
						<int id="platform_pc_perm">-1</int>
						<int id="platform_item_perm">-1</int>
						<object id="start">
							<int id="x">-564</int>
							<int id="y">-682</int>
						</object>
						<object id="end">
							<int id="x">-151</int>
							<int id="y">-652</int>
						</object>
					</object>
					<object id="plat_1311803725020">
						<int id="platform_pc_perm">-1</int>
						<int id="platform_item_perm">-1</int>
						<object id="start">
							<int id="x">1735</int>
							<int id="y">-165</int>
						</object>
						<object id="end">
							<int id="x">1803</int>
							<int id="y">-155</int>
						</object>
					</object>
					<object id="plat_1311379072639">
						<int id="platform_pc_perm">-1</int>
						<int id="platform_item_perm">-1</int>
						<object id="start">
							<int id="x">-2437</int>
							<int id="y">-616</int>
						</object>
						<object id="end">
							<int id="x">-2038</int>
							<int id="y">-619</int>
						</object>
					</object>
					<object id="plat_1311803724998">
						<int id="platform_pc_perm">-1</int>
						<int id="platform_item_perm">-1</int>
						<object id="start">
							<int id="x">1325</int>
							<int id="y">-168</int>
						</object>
						<object id="end">
							<int id="x">1484</int>
							<int id="y">-168</int>
						</object>
					</object>
					<object id="plat_1311379072665">
						<int id="platform_pc_perm">-1</int>
						<int id="platform_item_perm">-1</int>
						<object id="start">
							<int id="x">132</int>
							<int id="y">-67</int>
						</object>
						<object id="end">
							<int id="x">474</int>
							<int id="y">-59</int>
						</object>
					</object>
					<object id="plat_1311803725019">
						<int id="platform_pc_perm">-1</int>
						<int id="platform_item_perm">-1</int>
						<object id="start">
							<int id="x">1484</int>
							<int id="y">-168</int>
						</object>
						<object id="end">
							<int id="x">1735</int>
							<int id="y">-165</int>
						</object>
					</object>
					<object id="plat_1311379072635">
						<int id="platform_pc_perm">-1</int>
						<int id="platform_item_perm">-1</int>
						<object id="start">
							<int id="x">-2127</int>
							<int id="y">-385</int>
						</object>
						<object id="end">
							<int id="x">-1939</int>
							<int id="y">-428</int>
						</object>
					</object>
					<object id="plat_1311379072637">
						<int id="platform_pc_perm">-1</int>
						<int id="platform_item_perm">-1</int>
						<object id="start">
							<int id="x">-1849</int>
							<int id="y">-418</int>
						</object>
						<object id="end">
							<int id="x">-1790</int>
							<int id="y">-424</int>
						</object>
					</object>
					<object id="plat_1311379072633">
						<int id="platform_pc_perm">-1</int>
						<int id="platform_item_perm">-1</int>
						<object id="start">
							<int id="x">-2473</int>
							<int id="y">-280</int>
						</object>
						<object id="end">
							<int id="x">-2251</int>
							<int id="y">-326</int>
						</object>
					</object>
					<object id="plat_1311379072632">
						<int id="platform_pc_perm">-1</int>
						<int id="platform_item_perm">-1</int>
						<object id="start">
							<int id="x">-2576</int>
							<int id="y">-229</int>
						</object>
						<object id="end">
							<int id="x">-2473</int>
							<int id="y">-280</int>
						</object>
					</object>
					<object id="plat_1311379072669">
						<int id="platform_pc_perm">-1</int>
						<int id="platform_item_perm">-1</int>
						<object id="start">
							<int id="x">-1107</int>
							<int id="y">-155</int>
						</object>
						<object id="end">
							<int id="x">-762</int>
							<int id="y">-95</int>
						</object>
					</object>
					<object id="plat_1311803724997">
						<int id="platform_pc_perm">-1</int>
						<int id="platform_item_perm">-1</int>
						<object id="start">
							<int id="x">823</int>
							<int id="y">-86</int>
						</object>
						<object id="end">
							<int id="x">1325</int>
							<int id="y">-168</int>
						</object>
					</object>
					<object id="plat_1311803725024">
						<int id="platform_pc_perm">-1</int>
						<int id="platform_item_perm">-1</int>
						<object id="start">
							<int id="x">2077</int>
							<int id="y">-64</int>
						</object>
						<object id="end">
							<int id="x">2140</int>
							<int id="y">-57</int>
						</object>
					</object>
					<object id="plat_1311379072644">
						<int id="platform_pc_perm">-1</int>
						<int id="platform_item_perm">-1</int>
						<object id="start">
							<int id="x">-871</int>
							<int id="y">-685</int>
						</object>
						<object id="end">
							<int id="x">-755</int>
							<int id="y">-671</int>
						</object>
					</object>
					<object id="plat_1311379072664">
						<int id="platform_pc_perm">-1</int>
						<int id="platform_item_perm">-1</int>
						<object id="start">
							<int id="x">474</int>
							<int id="y">-59</int>
						</object>
						<object id="end">
							<int id="x">730</int>
							<int id="y">-82</int>
						</object>
					</object>
					<object id="plat_1311379072636">
						<int id="platform_pc_perm">-1</int>
						<int id="platform_item_perm">-1</int>
						<object id="start">
							<int id="x">-1939</int>
							<int id="y">-428</int>
						</object>
						<object id="end">
							<int id="x">-1849</int>
							<int id="y">-418</int>
						</object>
					</object>
					<object id="plat_1311803724996">
						<int id="platform_pc_perm">-1</int>
						<int id="platform_item_perm">-1</int>
						<object id="start">
							<int id="x">730</int>
							<int id="y">-82</int>
						</object>
						<object id="end">
							<int id="x">823</int>
							<int id="y">-86</int>
						</object>
					</object>
					<object id="plat_1311803724999">
						<int id="platform_pc_perm">-1</int>
						<int id="platform_item_perm">-1</int>
						<object id="start">
							<int id="x">320</int>
							<int id="y">-641</int>
						</object>
						<object id="end">
							<int id="x">445</int>
							<int id="y">-630</int>
						</object>
					</object>
					<object id="plat_1311379072672">
						<int id="platform_pc_perm">-1</int>
						<int id="platform_item_perm">-1</int>
						<object id="start">
							<int id="x">-1571</int>
							<int id="y">-346</int>
						</object>
						<object id="end">
							<int id="x">-1393</int>
							<int id="y">-292</int>
						</object>
					</object>
					<object id="plat_1311379072670">
						<int id="platform_pc_perm">-1</int>
						<int id="platform_item_perm">-1</int>
						<object id="start">
							<int id="x">-1203</int>
							<int id="y">-213</int>
						</object>
						<object id="end">
							<int id="x">-1107</int>
							<int id="y">-155</int>
						</object>
					</object>
					<object id="plat_1311379072638">
						<int id="platform_pc_perm">-1</int>
						<int id="platform_item_perm">-1</int>
						<object id="start">
							<int id="x">-1790</int>
							<int id="y">-424</int>
						</object>
						<object id="end">
							<int id="x">-1571</int>
							<int id="y">-346</int>
						</object>
					</object>
					<object id="plat_1311379072641">
						<int id="platform_pc_perm">-1</int>
						<int id="platform_item_perm">-1</int>
						<object id="start">
							<int id="x">-1593</int>
							<int id="y">-553</int>
						</object>
						<object id="end">
							<int id="x">-1138</int>
							<int id="y">-667</int>
						</object>
					</object>
					<object id="plat_1311803725021">
						<int id="platform_pc_perm">-1</int>
						<int id="platform_item_perm">-1</int>
						<object id="start">
							<int id="x">1803</int>
							<int id="y">-155</int>
						</object>
						<object id="end">
							<int id="x">1870</int>
							<int id="y">-156</int>
						</object>
					</object>
					<object id="plat_1311379072647">
						<int id="platform_pc_perm">-1</int>
						<int id="platform_item_perm">-1</int>
						<object id="start">
							<int id="x">73</int>
							<int id="y">-691</int>
						</object>
						<object id="end">
							<int id="x">203</int>
							<int id="y">-690</int>
						</object>
					</object>
					<object id="plat_1311803725071">
						<int id="platform_pc_perm">-1</int>
						<int id="platform_item_perm">-1</int>
						<object id="start">
							<int id="x">861</int>
							<int id="y">-383</int>
						</object>
						<object id="end">
							<int id="x">1127</int>
							<int id="y">-401</int>
						</object>
					</object>
					<object id="plat_1311379072634">
						<int id="platform_pc_perm">-1</int>
						<int id="platform_item_perm">-1</int>
						<object id="start">
							<int id="x">-2251</int>
							<int id="y">-326</int>
						</object>
						<object id="end">
							<int id="x">-2127</int>
							<int id="y">-385</int>
						</object>
					</object>
					<object id="plat_1311379072640">
						<int id="platform_pc_perm">-1</int>
						<int id="platform_item_perm">-1</int>
						<object id="start">
							<int id="x">-1649</int>
							<int id="y">-533</int>
						</object>
						<object id="end">
							<int id="x">-1593</int>
							<int id="y">-553</int>
						</object>
					</object>
					<object id="plat_1311379072642">
						<int id="platform_pc_perm">-1</int>
						<int id="platform_item_perm">-1</int>
						<object id="start">
							<int id="x">-1138</int>
							<int id="y">-667</int>
						</object>
						<object id="end">
							<int id="x">-1096</int>
							<int id="y">-662</int>
						</object>
					</object>
					<object id="plat_1311803725000">
						<int id="platform_pc_perm">-1</int>
						<int id="platform_item_perm">-1</int>
						<object id="start">
							<int id="x">445</int>
							<int id="y">-630</int>
						</object>
						<object id="end">
							<int id="x">575</int>
							<int id="y">-657</int>
						</object>
					</object>
					<object id="plat_1311379072668">
						<int id="platform_pc_perm">-1</int>
						<int id="platform_item_perm">-1</int>
						<object id="start">
							<int id="x">-762</int>
							<int id="y">-95</int>
						</object>
						<object id="end">
							<int id="x">-524</int>
							<int id="y">-76</int>
						</object>
					</object>
					<object id="plat_1311803725022">
						<int id="platform_pc_perm">-1</int>
						<int id="platform_item_perm">-1</int>
						<object id="start">
							<int id="x">1870</int>
							<int id="y">-156</int>
						</object>
						<object id="end">
							<int id="x">1942</int>
							<int id="y">-139</int>
						</object>
					</object>
					<object id="plat_1311379072643">
						<int id="platform_pc_perm">-1</int>
						<int id="platform_item_perm">-1</int>
						<object id="start">
							<int id="x">-943</int>
							<int id="y">-660</int>
						</object>
						<object id="end">
							<int id="x">-871</int>
							<int id="y">-685</int>
						</object>
					</object>
					<object id="plat_1311379072667">
						<int id="platform_pc_perm">-1</int>
						<int id="platform_item_perm">-1</int>
						<object id="start">
							<int id="x">-524</int>
							<int id="y">-76</int>
						</object>
						<object id="end">
							<int id="x">-44</int>
							<int id="y">-59</int>
						</object>
					</object>
					<object id="plat_1311379072666">
						<int id="platform_pc_perm">-1</int>
						<int id="platform_item_perm">-1</int>
						<object id="start">
							<int id="x">-44</int>
							<int id="y">-59</int>
						</object>
						<object id="end">
							<int id="x">132</int>
							<int id="y">-67</int>
						</object>
					</object>
					<object id="plat_1311379072631">
						<int id="platform_pc_perm">-1</int>
						<int id="platform_item_perm">-1</int>
						<object id="start">
							<int id="x">-3000</int>
							<int id="y">-214</int>
						</object>
						<object id="end">
							<int id="x">-2576</int>
							<int id="y">-229</int>
						</object>
					</object>
					<object id="plat_1311803725025">
						<int id="platform_pc_perm">-1</int>
						<int id="platform_item_perm">-1</int>
						<object id="start">
							<int id="x">2140</int>
							<int id="y">-57</int>
						</object>
						<object id="end">
							<int id="x">2999</int>
							<int id="y">-80</int>
						</object>
					</object>
					<object id="plat_1311379072648">
						<int id="platform_pc_perm">-1</int>
						<int id="platform_item_perm">-1</int>
						<object id="start">
							<int id="x">203</int>
							<int id="y">-690</int>
						</object>
						<object id="end">
							<int id="x">320</int>
							<int id="y">-641</int>
						</object>
					</object>
				</object>
				<str id="name">middleground</str>
				<object id="boxes">
				</object>
				<int id="w">6000</int>
				<object id="decos">
					<object id="heights_face_1_1311379072518">
						<int id="z">35</int>
						<str id="sprite_class">heights_face_1</str>
						<int id="x">-971</int>
						<int id="y">328</int>
						<str id="name">heights_face_1_1311008164542</str>
						<int id="h">576</int>
						<int id="r">6</int>
						<int id="w">842</int>
					</object>
					<object id="heights_ladderbed_1_1311803724988">
						<int id="z">108</int>
						<str id="sprite_class">heights_ladderbed_1</str>
						<int id="x">777</int>
						<int id="y">-465</int>
						<str id="name">heights_ladderbed_1_1311379072601</str>
						<int id="h">177</int>
						<int id="w">136</int>
					</object>
					<object id="heights_ladder_1_1311379072625">
						<int id="z">83</int>
						<str id="sprite_class">heights_ladder_1</str>
						<int id="x">-2493</int>
						<int id="y">-601</int>
						<str id="name">heights_ladder_1_1311379072604</str>
						<int id="h">79</int>
						<int id="w">73</int>
					</object>
					<object id="gravel_2_1311803725061">
						<bool id="h_flip">true</bool>
						<str id="sprite_class">gravel_2</str>
						<int id="x">2331</int>
						<int id="y">-89</int>
						<str id="name">gravel_2_1311803725061</str>
						<int id="z">142</int>
						<int id="h">14</int>
						<int id="w">25</int>
					</object>
					<object id="bush_3_1311803725037">
						<int id="z">134</int>
						<str id="sprite_class">bush_3</str>
						<int id="x">2737</int>
						<int id="y">-94</int>
						<str id="name">bush_3_1309395818718</str>
						<int id="h">146</int>
						<int id="r">-7</int>
						<int id="w">416</int>
					</object>
					<object id="heights_mound_3_1311376174398">
						<int id="z">29</int>
						<str id="sprite_class">heights_mound_3</str>
						<int id="x">-2517</int>
						<int id="y">-446</int>
						<str id="name">heights_mound_3_1311008164543</str>
						<int id="h">231</int>
						<int id="r">-17</int>
						<int id="w">609</int>
					</object>
					<object id="heights_hole_wall_piece_1311379072525">
						<int id="z">59</int>
						<str id="sprite_class">heights_hole_wall_piece</str>
						<int id="x">-990</int>
						<int id="y">-535</int>
						<str id="name">heights_hole_wall_piece_1311379072521</str>
						<int id="h">233</int>
						<int id="r">65</int>
						<int id="w">164</int>
					</object>
					<object id="heights_platform_4_1311379072589">
						<bool id="h_flip">true</bool>
						<str id="sprite_class">heights_platform_4</str>
						<int id="x">79</int>
						<int id="y">110</int>
						<str id="name">heights_platform_4_1311379072543</str>
						<int id="z">55</int>
						<int id="h">211</int>
						<int id="r">1</int>
						<int id="w">513</int>
					</object>
					<object id="heights_mound_2_1311379072561">
						<int id="z">15</int>
						<str id="sprite_class">heights_mound_2</str>
						<int id="x">705</int>
						<int id="y">-81</int>
						<str id="name">heights_mound_2_1311008164544</str>
						<int id="h">206</int>
						<int id="r">-11</int>
						<int id="w">294</int>
					</object>
					<object id="heights_bush_1_1311808665830">
						<bool id="h_flip">true</bool>
						<str id="sprite_class">heights_bush_1</str>
						<int id="x">443</int>
						<int id="y">-74</int>
						<str id="name">heights_bush_1_1311379072673</str>
						<int id="z">151</int>
						<int id="h">92</int>
						<int id="w">156</int>
					</object>
					<object id="heights_mound_2_1311379072571">
						<int id="z">26</int>
						<str id="sprite_class">heights_mound_2</str>
						<int id="x">1519</int>
						<int id="y">-111</int>
						<str id="name">heights_mound_2_1311008164544</str>
						<int id="h">206</int>
						<int id="r">-1</int>
						<int id="w">294</int>
					</object>
					<object id="heights_hole_wall_piece_1311379072555">
						<bool id="h_flip">true</bool>
						<str id="sprite_class">heights_hole_wall_piece</str>
						<int id="x">183</int>
						<int id="y">-562</int>
						<str id="name">heights_hole_wall_piece_1311379072521</str>
						<int id="z">64</int>
						<int id="h">233</int>
						<int id="r">-60</int>
						<int id="w">164</int>
					</object>
					<object id="patch_dirt_2a_1311803725027">
						<int id="z">127</int>
						<str id="sprite_class">patch_dirt_2a</str>
						<int id="x">2003</int>
						<int id="y">12</int>
						<str id="name">patch_dirt_2a_1311803725026</str>
						<int id="h">59</int>
						<int id="w">306</int>
					</object>
					<object id="heights_moss_2_1312336126687">
						<int id="z">159</int>
						<str id="sprite_class">heights_moss_2</str>
						<int id="x">-361</int>
						<int id="y">-657</int>
						<str id="name">heights_moss_2_1312336126680</str>
						<int id="h">44</int>
						<int id="w">199</int>
					</object>
					<object id="heights_topper_1_1311612704782">
						<int id="z">74</int>
						<str id="sprite_class">heights_topper_1</str>
						<int id="x">-437</int>
						<int id="y">-646</int>
						<str id="name">heights_topper_1_1311612704778</str>
						<int id="h">69</int>
						<int id="r">8</int>
						<int id="w">269</int>
					</object>
					<object id="heights_bush_1_1311379072673">
						<int id="z">91</int>
						<str id="sprite_class">heights_bush_1</str>
						<int id="x">-2784</int>
						<int id="y">-239</int>
						<str id="name">heights_bush_1_1311379072673</str>
						<int id="h">94</int>
						<int id="w">160</int>
					</object>
					<object id="heights_platform_2_1311803725070">
						<bool id="h_flip">true</bool>
						<str id="sprite_class">heights_platform_2</str>
						<int id="x">1000</int>
						<int id="y">-272</int>
						<str id="name">heights_platform_2_1311008164551</str>
						<int id="z">78</int>
						<int id="h">147</int>
						<int id="r">-2</int>
						<int id="w">285</int>
					</object>
					<object id="heights_moss_2_1312336126681">
						<int id="z">160</int>
						<str id="sprite_class">heights_moss_2</str>
						<int id="x">421</int>
						<int id="y">-655</int>
						<str id="name">heights_moss_2_1312336126680</str>
						<int id="h">44</int>
						<int id="r">-5</int>
						<int id="w">199</int>
					</object>
					<object id="heights_platform_3_1311379072577">
						<int id="z">72</int>
						<str id="sprite_class">heights_platform_3</str>
						<int id="x">-1161</int>
						<int id="y">-554</int>
						<str id="name">heights_platform_3_1311379072544</str>
						<int id="h">124</int>
						<int id="r">-5</int>
						<int id="w">168</int>
					</object>
					<object id="heights_mound_3_1311379072515">
						<int id="z">17</int>
						<str id="sprite_class">heights_mound_3</str>
						<int id="x">-1438</int>
						<int id="y">-482</int>
						<str id="name">heights_mound_3_1311008164543</str>
						<int id="h">231</int>
						<int id="r">-17</int>
						<int id="w">609</int>
					</object>
					<object id="patch_mossy_3_1311803725046">
						<int id="z">99</int>
						<str id="sprite_class">patch_mossy_3</str>
						<int id="x">2574</int>
						<int id="y">-78</int>
						<str id="name">patch_mossy_3_1311803725043</str>
						<int id="h">37</int>
						<int id="r">-8</int>
						<int id="w">195</int>
					</object>
					<object id="heights_mound_3_1311379072584">
						<int id="z">7</int>
						<str id="sprite_class">heights_mound_3</str>
						<int id="x">410</int>
						<int id="y">-597</int>
						<str id="name">heights_mound_3_1311008164543</str>
						<int id="h">194</int>
						<int id="r">8</int>
						<int id="w">590</int>
					</object>
					<object id="heights_platform_4_1311803724977">
						<bool id="h_flip">true</bool>
						<str id="sprite_class">heights_platform_4</str>
						<int id="x">1054</int>
						<int id="y">48</int>
						<str id="name">heights_platform_4_1311379072543</str>
						<int id="z">106</int>
						<int id="h">198</int>
						<int id="r">-9</int>
						<int id="w">568</int>
					</object>
					<object id="heights_platform_1_1311803724991">
						<bool id="h_flip">true</bool>
						<str id="sprite_class">heights_platform_1</str>
						<int id="x">653</int>
						<int id="y">-547</int>
						<str id="name">heights_platform_1_1311803724991</str>
						<int id="z">118</int>
						<int id="h">124</int>
						<int id="r">6</int>
						<int id="w">145</int>
					</object>
					<object id="heights_platform_2_1311379072546">
						<int id="z">71</int>
						<str id="sprite_class">heights_platform_2</str>
						<int id="x">-1422</int>
						<int id="y">-482</int>
						<str id="name">heights_platform_2_1311008164551</str>
						<int id="h">133</int>
						<int id="r">-15</int>
						<int id="w">437</int>
					</object>
					<object id="heights_mound_3_1311379072540">
						<int id="z">23</int>
						<str id="sprite_class">heights_mound_3</str>
						<int id="x">-404</int>
						<int id="y">-560</int>
						<str id="name">heights_mound_3_1311008164543</str>
						<int id="h">231</int>
						<int id="r">8</int>
						<int id="w">609</int>
					</object>
					<object id="patch_mossy_3_1311803725050">
						<int id="z">103</int>
						<str id="sprite_class">patch_mossy_3</str>
						<int id="x">2714</int>
						<int id="y">20</int>
						<str id="name">patch_mossy_3_1311803725043</str>
						<int id="h">37</int>
						<int id="w">195</int>
					</object>
					<object id="bush_2_1311803725038">
						<int id="z">135</int>
						<str id="sprite_class">bush_2</str>
						<int id="x">2985</int>
						<int id="y">-98</int>
						<str id="name">bush_2_1309395818733</str>
						<int id="h">146</int>
						<int id="r">-4</int>
						<int id="w">375</int>
					</object>
					<object id="heights_ladderbed_1_1311803724987">
						<int id="z">43</int>
						<str id="sprite_class">heights_ladderbed_1</str>
						<int id="x">779</int>
						<int id="y">-93</int>
						<str id="name">heights_ladderbed_1_1311379072601</str>
						<int id="h">229</int>
						<int id="w">136</int>
					</object>
					<object id="heights_hole_wall_piece_1311379072558">
						<int id="z">67</int>
						<str id="sprite_class">heights_hole_wall_piece</str>
						<int id="x">492</int>
						<int id="y">-502</int>
						<str id="name">heights_hole_wall_piece_1311379072521</str>
						<int id="h">233</int>
						<int id="r">60</int>
						<int id="w">164</int>
					</object>
					<object id="heights_platform_2_1311379072542">
						<bool id="h_flip">true</bool>
						<str id="sprite_class">heights_platform_2</str>
						<int id="x">-2141</int>
						<int id="y">-192</int>
						<str id="name">heights_platform_2_1311008164551</str>
						<int id="z">45</int>
						<int id="h">208</int>
						<int id="r">-15</int>
						<int id="w">460</int>
					</object>
					<object id="heights_platform_1_1311379072575">
						<int id="z">52</int>
						<str id="sprite_class">heights_platform_1</str>
						<int id="x">-1346</int>
						<int id="y">-125</int>
						<str id="name">heights_platform_1_1311379072547</str>
						<int id="h">168</int>
						<int id="r">23</int>
						<int id="w">195</int>
					</object>
					<object id="heights_ladderbed_1_1311803724985">
						<int id="z">107</int>
						<str id="sprite_class">heights_ladderbed_1</str>
						<int id="x">778</int>
						<int id="y">-296</int>
						<str id="name">heights_ladderbed_1_1311379072601</str>
						<int id="h">177</int>
						<int id="w">136</int>
					</object>
					<object id="dirt_platform_long_1311803724968">
						<int id="z">96</int>
						<str id="sprite_class">dirt_platform_long</str>
						<int id="x">2532</int>
						<int id="y">17</int>
						<str id="name">dirt_platform_long_1311803724967</str>
						<int id="h">90</int>
						<int id="w">1036</int>
					</object>
					<object id="cliff_cover_5_1311803724972">
						<bool id="h_flip">true</bool>
						<str id="sprite_class">cliff_cover_5</str>
						<int id="x">1656</int>
						<int id="y">60</int>
						<str id="name">cliff_cover_5_1311803724972</str>
						<int id="z">132</int>
						<int id="h">201</int>
						<int id="r">9</int>
						<int id="w">461</int>
					</object>
					<object id="heights_ladder_1_1311803724990">
						<int id="z">115</int>
						<str id="sprite_class">heights_ladder_1</str>
						<int id="x">780</int>
						<int id="y">-567</int>
						<str id="name">heights_ladder_1_1311379072604</str>
						<int id="h">79</int>
						<int id="w">73</int>
					</object>
					<object id="heights_mound_2_1312576943829">
						<bool id="h_flip">true</bool>
						<str id="sprite_class">heights_mound_2</str>
						<int id="x">-1012</int>
						<int id="y">-650</int>
						<str id="name">heights_mound_2_1311008164544</str>
						<int id="z">21</int>
						<int id="h">206</int>
						<int id="r">165</int>
						<int id="w">294</int>
					</object>
					<object id="patch_dirt_2a_1311803725028">
						<int id="z">121</int>
						<str id="sprite_class">patch_dirt_2a</str>
						<int id="x">1994</int>
						<int id="y">-3</int>
						<str id="name">patch_dirt_2a_1311803725026</str>
						<int id="h">59</int>
						<int id="w">306</int>
					</object>
					<object id="gravel_1_1311386031995">
						<int id="z">93</int>
						<str id="sprite_class">gravel_1</str>
						<int id="x">-2886</int>
						<int id="y">-202</int>
						<str id="name">gravel_1_1311386031995</str>
						<int id="h">40</int>
						<int id="w">280</int>
					</object>
					<object id="heights_ladder_2_1311803724981">
						<int id="z">113</int>
						<str id="sprite_class">heights_ladder_2</str>
						<int id="x">777</int>
						<int id="y">-178</int>
						<str id="name">heights_ladder_2_1311379072605</str>
						<int id="h">87</int>
						<int id="w">70</int>
					</object>
					<object id="heights_platform_3_1311379072574">
						<bool id="h_flip">true</bool>
						<str id="sprite_class">heights_platform_3</str>
						<int id="x">-1227</int>
						<int id="y">-40</int>
						<str id="name">heights_platform_3_1311379072544</str>
						<int id="z">51</int>
						<int id="h">205</int>
						<int id="r">15</int>
						<int id="w">236</int>
					</object>
					<object id="heights_moss_1_1312336126684">
						<int id="z">163</int>
						<str id="sprite_class">heights_moss_1</str>
						<int id="x">403</int>
						<int id="y">-544</int>
						<str id="name">heights_moss_1_1312336126684</str>
						<int id="h">109</int>
						<int id="w">200</int>
					</object>
					<object id="heights_platform_2_1311379072621">
						<bool id="h_flip">true</bool>
						<str id="sprite_class">heights_platform_2</str>
						<int id="x">-2241</int>
						<int id="y">-496</int>
						<str id="name">heights_platform_2_1311008164551</str>
						<int id="z">87</int>
						<int id="h">151</int>
						<int id="r">1</int>
						<int id="w">423</int>
					</object>
					<object id="heights_ladder_2_1311803724994">
						<int id="z">117</int>
						<str id="sprite_class">heights_ladder_2</str>
						<int id="x">790</int>
						<int id="y">-643</int>
						<str id="name">heights_ladder_2_1311379072605</str>
						<int id="h">87</int>
						<int id="w">70</int>
					</object>
					<object id="patch_mossy_3_1311803725047">
						<int id="z">100</int>
						<str id="sprite_class">patch_mossy_3</str>
						<int id="x">2472</int>
						<int id="y">-69</int>
						<str id="name">patch_mossy_3_1311803725043</str>
						<int id="h">37</int>
						<int id="w">195</int>
					</object>
					<object id="heights_face_1_1311376174400">
						<int id="z">34</int>
						<str id="sprite_class">heights_face_1</str>
						<int id="x">-1695</int>
						<int id="y">44</int>
						<str id="name">heights_face_1_1311008164542</str>
						<int id="h">576</int>
						<int id="r">21</int>
						<int id="w">842</int>
					</object>
					<object id="patch_mossy_3_1311803725044">
						<int id="z">97</int>
						<str id="sprite_class">patch_mossy_3</str>
						<int id="x">2817</int>
						<int id="y">-102</int>
						<str id="name">patch_mossy_3_1311803725043</str>
						<int id="h">37</int>
						<int id="w">195</int>
					</object>
					<object id="heights_bush_1_1311808665832">
						<int id="z">153</int>
						<str id="sprite_class">heights_bush_1</str>
						<int id="x">1490</int>
						<int id="y">-177</int>
						<str id="name">heights_bush_1_1311379072673</str>
						<int id="h">94</int>
						<int id="r">4</int>
						<int id="w">160</int>
					</object>
					<object id="heights_hole_wall_piece_1311379072551">
						<bool id="h_flip">true</bool>
						<str id="sprite_class">heights_hole_wall_piece</str>
						<int id="x">29</int>
						<int id="y">-576</int>
						<str id="name">heights_hole_wall_piece_1311379072521</str>
						<int id="z">63</int>
						<int id="h">233</int>
						<int id="r">-85</int>
						<int id="w">164</int>
					</object>
					<object id="heights_moss_2_1312336126680">
						<int id="z">156</int>
						<str id="sprite_class">heights_moss_2</str>
						<int id="x">326</int>
						<int id="y">-668</int>
						<str id="name">heights_moss_2_1312336126680</str>
						<int id="h">44</int>
						<int id="r">10</int>
						<int id="w">199</int>
					</object>
					<object id="heights_mound_2_1311379072541">
						<int id="z">24</int>
						<str id="sprite_class">heights_mound_2</str>
						<int id="x">-44</int>
						<int id="y">-566</int>
						<str id="name">heights_mound_2_1311008164544</str>
						<int id="h">206</int>
						<int id="r">-21</int>
						<int id="w">294</int>
					</object>
					<object id="heights_platform_3_1311379072593">
						<bool id="h_flip">true</bool>
						<str id="sprite_class">heights_platform_3</str>
						<int id="x">-831</int>
						<int id="y">-555</int>
						<str id="name">heights_platform_3_1311379072544</str>
						<int id="z">73</int>
						<int id="h">151</int>
						<int id="r">-10</int>
						<int id="w">204</int>
					</object>
					<object id="heights_mound_2_1312576943836">
						<bool id="h_flip">true</bool>
						<str id="sprite_class">heights_mound_2</str>
						<int id="x">682</int>
						<int id="y">-566</int>
						<str id="name">heights_mound_2_1311008164544</str>
						<int id="z">2</int>
						<int id="h">206</int>
						<int id="r">178</int>
						<int id="w">294</int>
					</object>
					<object id="heights_ladder_1_1311379072629">
						<int id="z">90</int>
						<str id="sprite_class">heights_ladder_1</str>
						<int id="x">-2483</int>
						<int id="y">-308</int>
						<str id="name">heights_ladder_1_1311379072604</str>
						<int id="h">79</int>
						<int id="w">73</int>
					</object>
					<object id="patch_dirt_2a_1311803725029">
						<int id="z">122</int>
						<str id="sprite_class">patch_dirt_2a</str>
						<int id="x">2190</int>
						<int id="y">-35</int>
						<str id="name">patch_dirt_2a_1311803725026</str>
						<int id="h">59</int>
						<int id="w">306</int>
					</object>
					<object id="heights_platform_4_1311379072573">
						<int id="z">53</int>
						<str id="sprite_class">heights_platform_4</str>
						<int id="x">-888</int>
						<int id="y">60</int>
						<str id="name">heights_platform_4_1311379072543</str>
						<int id="h">217</int>
						<int id="r">8</int>
						<int id="w">513</int>
					</object>
					<object id="heights_mound_2_1312576943830">
						<bool id="h_flip">true</bool>
						<str id="sprite_class">heights_mound_2</str>
						<int id="x">-496</int>
						<int id="y">-679</int>
						<str id="name">heights_mound_2_1311008164544</str>
						<int id="z">6</int>
						<int id="h">206</int>
						<int id="r">165</int>
						<int id="w">294</int>
					</object>
					<object id="heights_mound_2_1312576943834">
						<bool id="h_flip">true</bool>
						<str id="sprite_class">heights_mound_2</str>
						<int id="x">458</int>
						<int id="y">-626</int>
						<str id="name">heights_mound_2_1311008164544</str>
						<int id="z">1</int>
						<int id="h">206</int>
						<int id="r">178</int>
						<int id="w">294</int>
					</object>
					<object id="heights_platform_3_1311379072545">
						<bool id="h_flip">true</bool>
						<str id="sprite_class">heights_platform_3</str>
						<int id="x">-1881</int>
						<int id="y">-255</int>
						<str id="name">heights_platform_3_1311379072544</str>
						<int id="z">70</int>
						<int id="h">205</int>
						<int id="r">-10</int>
						<int id="w">236</int>
					</object>
					<object id="heights_hole_wall_piece_1311379072556">
						<bool id="h_flip">true</bool>
						<str id="sprite_class">heights_hole_wall_piece</str>
						<int id="x">377</int>
						<int id="y">-486</int>
						<str id="name">heights_hole_wall_piece_1311379072521</str>
						<int id="z">65</int>
						<int id="h">233</int>
						<int id="r">-45</int>
						<int id="w">164</int>
					</object>
					<object id="heights_hole_wall_piece_1311379072548">
						<bool id="h_flip">true</bool>
						<str id="sprite_class">heights_hole_wall_piece</str>
						<int id="x">-573</int>
						<int id="y">-596</int>
						<str id="name">heights_hole_wall_piece_1311379072521</str>
						<int id="z">60</int>
						<int id="h">233</int>
						<int id="r">280</int>
						<int id="w">164</int>
					</object>
					<object id="heights_platform_2_1311376174396">
						<bool id="h_flip">true</bool>
						<str id="sprite_class">heights_platform_2</str>
						<int id="x">-2777</int>
						<int id="y">-51</int>
						<str id="name">heights_platform_2_1311008164551</str>
						<int id="z">89</int>
						<int id="h">208</int>
						<int id="w">460</int>
					</object>
					<object id="heights_bush_1_1311808665821">
						<bool id="h_flip">true</bool>
						<str id="sprite_class">heights_bush_1</str>
						<int id="x">-297</int>
						<int id="y">-93</int>
						<str id="name">heights_bush_1_1311379072673</str>
						<int id="z">145</int>
						<int id="h">76</int>
						<int id="w">160</int>
					</object>
					<object id="heights_topper_1_1311612704783">
						<int id="z">75</int>
						<str id="sprite_class">heights_topper_1</str>
						<int id="x">-271</int>
						<int id="y">-629</int>
						<str id="name">heights_topper_1_1311612704778</str>
						<int id="h">69</int>
						<int id="r">8</int>
						<int id="w">269</int>
					</object>
					<object id="heights_bush_1_1311808665820">
						<int id="z">146</int>
						<str id="sprite_class">heights_bush_1</str>
						<int id="x">-375</int>
						<int id="y">-90</int>
						<str id="name">heights_bush_1_1311379072673</str>
						<int id="h">94</int>
						<int id="w">160</int>
					</object>
					<object id="heights_ladder_1_1311379072623">
						<int id="z">85</int>
						<str id="sprite_class">heights_ladder_1</str>
						<int id="x">-2499</int>
						<int id="y">-456</int>
						<str id="name">heights_ladder_1_1311379072604</str>
						<int id="h">79</int>
						<int id="w">73</int>
					</object>
					<object id="heights_mound_2_1311379072535">
						<int id="z">19</int>
						<str id="sprite_class">heights_mound_2</str>
						<int id="x">-862</int>
						<int id="y">-652</int>
						<str id="name">heights_mound_2_1311008164544</str>
						<int id="h">206</int>
						<int id="r">5</int>
						<int id="w">294</int>
					</object>
					<object id="heights_mound_3_1311379072516">
						<int id="z">18</int>
						<str id="sprite_class">heights_mound_3</str>
						<int id="x">-1059</int>
						<int id="y">-568</int>
						<str id="name">heights_mound_3_1311008164543</str>
						<int id="h">231</int>
						<int id="r">8</int>
						<int id="w">609</int>
					</object>
					<object id="patch_mossy_3_1311803725048">
						<int id="z">101</int>
						<str id="sprite_class">patch_mossy_3</str>
						<int id="x">2531</int>
						<int id="y">-52</int>
						<str id="name">patch_mossy_3_1311803725043</str>
						<int id="h">37</int>
						<int id="w">195</int>
					</object>
					<object id="heights_bush_2_1311379072674">
						<int id="z">92</int>
						<str id="sprite_class">heights_bush_2</str>
						<int id="x">-2671</int>
						<int id="y">-242</int>
						<str id="name">heights_bush_2_1311379072674</str>
						<int id="h">68</int>
						<int id="w">142</int>
					</object>
					<object id="heights_platform_4_1311379072543">
						<int id="z">48</int>
						<str id="sprite_class">heights_platform_4</str>
						<int id="x">-1631</int>
						<int id="y">-182</int>
						<str id="name">heights_platform_4_1311379072543</str>
						<int id="h">211</int>
						<int id="r">17</int>
						<int id="w">513</int>
					</object>
					<object id="heights_mound_3_1312576943833">
						<bool id="h_flip">true</bool>
						<str id="sprite_class">heights_mound_3</str>
						<int id="x">-259</int>
						<int id="y">-630</int>
						<str id="name">heights_mound_3_1312576943827</str>
						<int id="z">3</int>
						<int id="h">189</int>
						<int id="r">170</int>
						<int id="w">498</int>
					</object>
					<object id="heights_moss_2_1312336126685">
						<int id="z">157</int>
						<str id="sprite_class">heights_moss_2</str>
						<int id="x">-428</int>
						<int id="y">-682</int>
						<str id="name">heights_moss_2_1312336126680</str>
						<int id="h">44</int>
						<int id="w">199</int>
					</object>
					<object id="patch_mossy_3_1311803725045">
						<int id="z">98</int>
						<str id="sprite_class">patch_mossy_3</str>
						<int id="x">2708</int>
						<int id="y">-90</int>
						<str id="name">patch_mossy_3_1311803725043</str>
						<int id="h">37</int>
						<int id="w">195</int>
					</object>
					<object id="patch_dirt_2a_1311803725026">
						<int id="z">128</int>
						<str id="sprite_class">patch_dirt_2a</str>
						<int id="x">1964</int>
						<int id="y">38</int>
						<str id="name">patch_dirt_2a_1311803725026</str>
						<int id="h">68</int>
						<int id="w">299</int>
					</object>
					<object id="heights_mound_2_1311379072517">
						<int id="z">36</int>
						<str id="sprite_class">heights_mound_2</str>
						<int id="x">-1206</int>
						<int id="y">62</int>
						<str id="name">heights_mound_2_1311008164544</str>
						<int id="h">206</int>
						<int id="r">5</int>
						<int id="w">294</int>
					</object>
					<object id="heights_platform_2_1311379072591">
						<bool id="h_flip">true</bool>
						<str id="sprite_class">heights_platform_2</str>
						<int id="x">-359</int>
						<int id="y">-558</int>
						<str id="name">heights_platform_2_1311008164551</str>
						<int id="z">76</int>
						<int id="h">135</int>
						<int id="r">5</int>
						<int id="w">449</int>
					</object>
					<object id="heights_ladder_2_1311803724983">
						<int id="z">111</int>
						<str id="sprite_class">heights_ladder_2</str>
						<int id="x">781</int>
						<int id="y">-330</int>
						<str id="name">heights_ladder_2_1311379072605</str>
						<int id="h">87</int>
						<int id="w">70</int>
					</object>
					<object id="heights_bush_2_1311808665828">
						<int id="z">150</int>
						<str id="sprite_class">heights_bush_2</str>
						<int id="x">200</int>
						<int id="y">-82</int>
						<str id="name">heights_bush_2_1311379072674</str>
						<int id="h">53</int>
						<int id="w">138</int>
					</object>
					<object id="heights_mound_3_1312576943827">
						<bool id="h_flip">true</bool>
						<str id="sprite_class">heights_mound_3</str>
						<int id="x">-1238</int>
						<int id="y">-635</int>
						<str id="name">heights_mound_3_1312576943827</str>
						<int id="z">20</int>
						<int id="h">189</int>
						<int id="r">170</int>
						<int id="w">498</int>
					</object>
					<object id="heights_hole_wall_piece_1311379072521">
						<int id="z">56</int>
						<str id="sprite_class">heights_hole_wall_piece</str>
						<int id="x">-1406</int>
						<int id="y">-409</int>
						<str id="name">heights_hole_wall_piece_1311379072521</str>
						<int id="h">210</int>
						<int id="w">200</int>
					</object>
					<object id="heights_bush_2_1311808665839">
						<bool id="h_flip">true</bool>
						<str id="sprite_class">heights_bush_2</str>
						<int id="x">1618</int>
						<int id="y">-178</int>
						<str id="name">heights_bush_2_1311379072674</str>
						<int id="z">154</int>
						<int id="h">68</int>
						<int id="w">142</int>
					</object>
					<object id="heights_mound_3_1311803724992">
						<int id="z">10</int>
						<str id="sprite_class">heights_mound_3</str>
						<int id="x">815</int>
						<int id="y">-507</int>
						<str id="name">heights_mound_3_1311008164543</str>
						<int id="h">194</int>
						<int id="r">58</int>
						<int id="w">590</int>
					</object>
					<object id="dirt_platform_long_1311803724969">
						<int id="z">104</int>
						<str id="sprite_class">dirt_platform_long</str>
						<int id="x">2001</int>
						<int id="y">13</int>
						<str id="name">dirt_platform_long_1311803724967</str>
						<int id="h">78</int>
						<int id="w">1036</int>
					</object>
					<object id="alakol_water_rock_1_1311803725018">
						<int id="z">126</int>
						<str id="sprite_class">alakol_water_rock_1</str>
						<int id="x">1811</int>
						<int id="y">4</int>
						<str id="name">alakol_water_rock_1_1311803725017</str>
						<int id="h">167</int>
						<int id="w">319</int>
					</object>
					<object id="heights_face_1_1311379072537">
						<int id="z">41</int>
						<str id="sprite_class">heights_face_1</str>
						<int id="x">568</int>
						<int id="y">378</int>
						<str id="name">heights_face_1_1311008164542</str>
						<int id="h">576</int>
						<int id="r">-9</int>
						<int id="w">842</int>
					</object>
					<object id="heights_mound_3_1311379072528">
						<int id="z">39</int>
						<str id="sprite_class">heights_mound_3</str>
						<int id="x">-173</int>
						<int id="y">62</int>
						<str id="name">heights_mound_3_1311008164543</str>
						<int id="h">231</int>
						<int id="r">-2</int>
						<int id="w">609</int>
					</object>
					<object id="heights_ladder_2_1311803724989">
						<int id="z">116</int>
						<str id="sprite_class">heights_ladder_2</str>
						<int id="x">782</int>
						<int id="y">-486</int>
						<str id="name">heights_ladder_2_1311379072605</str>
						<int id="h">87</int>
						<int id="w">70</int>
					</object>
					<object id="heights_ladder_1_1311803724980">
						<int id="z">114</int>
						<str id="sprite_class">heights_ladder_1</str>
						<int id="x">779</int>
						<int id="y">-105</int>
						<str id="name">heights_ladder_1_1311379072604</str>
						<int id="h">79</int>
						<int id="w">73</int>
					</object>
					<object id="alakol_water_rock_2_1311803725002">
						<int id="z">119</int>
						<str id="sprite_class">alakol_water_rock_2</str>
						<int id="x">1752</int>
						<int id="y">-48</int>
						<str id="name">alakol_water_rock_2_1311803725002</str>
						<int id="h">127</int>
						<int id="r">3</int>
						<int id="w">602</int>
					</object>
					<object id="heights_mound_3_1311379072534">
						<int id="z">22</int>
						<str id="sprite_class">heights_mound_3</str>
						<int id="x">-626</int>
						<int id="y">-578</int>
						<str id="name">heights_mound_3_1311008164543</str>
						<int id="h">231</int>
						<int id="r">-7</int>
						<int id="w">609</int>
					</object>
					<object id="gravel_2_1311808665825">
						<bool id="h_flip">true</bool>
						<str id="sprite_class">gravel_2</str>
						<int id="x">-831</int>
						<int id="y">-138</int>
						<str id="name">gravel_2_1311386031996</str>
						<int id="z">149</int>
						<int id="h">23</int>
						<int id="r">5</int>
						<int id="w">40</int>
					</object>
					<object id="patch_dirt_2a_1311803725031">
						<int id="z">125</int>
						<str id="sprite_class">patch_dirt_2a</str>
						<int id="x">2421</int>
						<int id="y">8</int>
						<str id="name">patch_dirt_2a_1311803725026</str>
						<int id="h">53</int>
						<int id="w">378</int>
					</object>
					<object id="heights_mound_3_1311379072559">
						<int id="z">14</int>
						<str id="sprite_class">heights_mound_3</str>
						<int id="x">888</int>
						<int id="y">-167</int>
						<str id="name">heights_mound_3_1311008164543</str>
						<int id="h">175</int>
						<int id="r">13</int>
						<int id="w">574</int>
					</object>
					<object id="heights_bush_2_1311808665829">
						<bool id="h_flip">true</bool>
						<str id="sprite_class">heights_bush_2</str>
						<int id="x">320</int>
						<int id="y">-79</int>
						<str id="name">heights_bush_2_1311379072674</str>
						<int id="z">152</int>
						<int id="h">63</int>
						<int id="w">153</int>
					</object>
					<object id="heights_mound_1_1311803725015">
						<bool id="h_flip">true</bool>
						<str id="sprite_class">heights_mound_1</str>
						<int id="x">1898</int>
						<int id="y">-45</int>
						<str id="name">heights_mound_1_1311803725014</str>
						<int id="z">120</int>
						<int id="h">128</int>
						<int id="r">-5</int>
						<int id="w">381</int>
					</object>
					<object id="heights_bush_2_1311808665822">
						<int id="z">147</int>
						<str id="sprite_class">heights_bush_2</str>
						<int id="x">-1226</int>
						<int id="y">-653</int>
						<str id="name">heights_bush_2_1311379072674</str>
						<int id="h">53</int>
						<int id="r">-15</int>
						<int id="w">138</int>
					</object>
					<object id="heights_mound_2_1312576943832">
						<bool id="h_flip">true</bool>
						<str id="sprite_class">heights_mound_2</str>
						<int id="x">-33</int>
						<int id="y">-645</int>
						<str id="name">heights_mound_2_1311008164544</str>
						<int id="z">4</int>
						<int id="h">206</int>
						<int id="r">165</int>
						<int id="w">294</int>
					</object>
					<object id="heights_moss_2_1312336126686">
						<int id="z">158</int>
						<str id="sprite_class">heights_moss_2</str>
						<int id="x">-314</int>
						<int id="y">-669</int>
						<str id="name">heights_moss_2_1312336126680</str>
						<int id="h">44</int>
						<int id="w">199</int>
					</object>
					<object id="gravel_2_1311808665824">
						<int id="z">148</int>
						<str id="sprite_class">gravel_2</str>
						<int id="x">-868</int>
						<int id="y">-142</int>
						<str id="name">gravel_2_1311386031996</str>
						<int id="h">36</int>
						<int id="r">5</int>
						<int id="w">63</int>
					</object>
					<object id="heights_mound_2_1311376174397">
						<int id="z">30</int>
						<str id="sprite_class">heights_mound_2</str>
						<int id="x">-2522</int>
						<int id="y">-377</int>
						<str id="name">heights_mound_2_1311008164544</str>
						<int id="h">206</int>
						<int id="w">294</int>
					</object>
					<object id="dirt_horizon_1311803724966">
						<int id="z">95</int>
						<str id="sprite_class">dirt_horizon</str>
						<int id="x">2658</int>
						<int id="y">-30</int>
						<str id="name">dirt_horizon_1311803724966</str>
						<int id="h">103</int>
						<int id="r">-4</int>
						<int id="w">1284</int>
					</object>
					<object id="heights_platform_3_1311379072544">
						<int id="z">88</int>
						<str id="sprite_class">heights_platform_3</str>
						<int id="x">-2462</int>
						<int id="y">-104</int>
						<str id="name">heights_platform_3_1311379072544</str>
						<int id="h">205</int>
						<int id="r">-10</int>
						<int id="w">236</int>
					</object>
					<object id="heights_face_1_1311379072538">
						<int id="z">42</int>
						<str id="sprite_class">heights_face_1</str>
						<int id="x">1082</int>
						<int id="y">205</int>
						<str id="name">heights_face_1_1311008164542</str>
						<int id="h">576</int>
						<int id="r">26</int>
						<int id="w">842</int>
					</object>
					<object id="gravel_2_1311386031996">
						<int id="z">94</int>
						<str id="sprite_class">gravel_2</str>
						<int id="x">-2403</int>
						<int id="y">-313</int>
						<str id="name">gravel_2_1311386031996</str>
						<int id="h">22</int>
						<int id="r">-15</int>
						<int id="w">39</int>
					</object>
					<object id="heights_mound_3_1312576943831">
						<bool id="h_flip">true</bool>
						<str id="sprite_class">heights_mound_3</str>
						<int id="x">-722</int>
						<int id="y">-664</int>
						<str id="name">heights_mound_3_1312576943827</str>
						<int id="z">5</int>
						<int id="h">189</int>
						<int id="r">170</int>
						<int id="w">498</int>
					</object>
					<object id="heights_ladderbed_1_1311379072627">
						<int id="z">81</int>
						<str id="sprite_class">heights_ladderbed_1</str>
						<int id="x">-2487</int>
						<int id="y">-298</int>
						<str id="name">heights_ladderbed_1_1311379072601</str>
						<int id="h">229</int>
						<int id="w">136</int>
					</object>
					<object id="heights_platform_2_1311379072590">
						<bool id="h_flip">true</bool>
						<str id="sprite_class">heights_platform_2</str>
						<int id="x">544</int>
						<int id="y">102</int>
						<str id="name">heights_platform_2_1311008164551</str>
						<int id="z">80</int>
						<int id="h">208</int>
						<int id="w">460</int>
					</object>
					<object id="heights_ladder_2_1311379072624">
						<int id="z">84</int>
						<str id="sprite_class">heights_ladder_2</str>
						<int id="x">-2491</int>
						<int id="y">-526</int>
						<str id="name">heights_ladder_2_1311379072605</str>
						<int id="h">87</int>
						<int id="w">70</int>
					</object>
					<object id="heights_hole_wall_piece_1311379072524">
						<int id="z">58</int>
						<str id="sprite_class">heights_hole_wall_piece</str>
						<int id="x">-1155</int>
						<int id="y">-558</int>
						<str id="name">heights_hole_wall_piece_1311379072521</str>
						<int id="h">233</int>
						<int id="r">65</int>
						<int id="w">164</int>
					</object>
					<object id="heights_bandaid_3_1311379072522">
						<int id="z">69</int>
						<str id="sprite_class">heights_bandaid_3</str>
						<int id="x">-1219</int>
						<int id="y">-543</int>
						<str id="name">heights_bandaid_3_1311379072522</str>
						<int id="h">192</int>
						<int id="r">-30</int>
						<int id="w">106</int>
					</object>
					<object id="heights_hole_wall_piece_1311379072557">
						<int id="z">66</int>
						<str id="sprite_class">heights_hole_wall_piece</str>
						<int id="x">362</int>
						<int id="y">-482</int>
						<str id="name">heights_hole_wall_piece_1311379072521</str>
						<int id="h">233</int>
						<int id="r">50</int>
						<int id="w">164</int>
					</object>
					<object id="heights_ladderbed_1_1311379072626">
						<int id="z">82</int>
						<str id="sprite_class">heights_ladderbed_1</str>
						<int id="x">-2495</int>
						<int id="y">-502</int>
						<str id="name">heights_ladderbed_1_1311379072601</str>
						<int id="h">177</int>
						<int id="w">136</int>
					</object>
					<object id="heights_platform_4_1311379072588">
						<int id="z">54</int>
						<str id="sprite_class">heights_platform_4</str>
						<int id="x">-393</int>
						<int id="y">101</int>
						<str id="name">heights_platform_4_1311379072543</str>
						<int id="h">211</int>
						<int id="r">1</int>
						<int id="w">513</int>
					</object>
					<object id="heights_mound_2_1311376174399">
						<int id="z">31</int>
						<str id="sprite_class">heights_mound_2</str>
						<int id="x">-1852</int>
						<int id="y">-444</int>
						<str id="name">heights_mound_2_1311008164544</str>
						<int id="h">206</int>
						<int id="r">5</int>
						<int id="w">294</int>
					</object>
					<object id="heights_face_1_1311376174394">
						<int id="z">44</int>
						<str id="sprite_class">heights_face_1</str>
						<int id="x">-1982</int>
						<int id="y">73</int>
						<str id="name">heights_face_1_1311008164542</str>
						<int id="h">576</int>
						<int id="r">1</int>
						<int id="w">842</int>
					</object>
					<object id="heights_hole_wall_piece_1311379072549">
						<int id="z">61</int>
						<str id="sprite_class">heights_hole_wall_piece</str>
						<int id="x">-643</int>
						<int id="y">-576</int>
						<str id="name">heights_hole_wall_piece_1311379072521</str>
						<int id="h">233</int>
						<int id="r">70</int>
						<int id="w">164</int>
					</object>
					<object id="heights_mound_3_1311379072552">
						<int id="z">25</int>
						<str id="sprite_class">heights_mound_3</str>
						<int id="x">183</int>
						<int id="y">-567</int>
						<str id="name">heights_mound_3_1311008164543</str>
						<int id="h">194</int>
						<int id="r">8</int>
						<int id="w">590</int>
					</object>
					<object id="cliff_cover_5_1311803724978">
						<int id="z">133</int>
						<str id="sprite_class">cliff_cover_5</str>
						<int id="x">1372</int>
						<int id="y">62</int>
						<str id="name">cliff_cover_5_1311803724972</str>
						<int id="h">201</int>
						<int id="r">-15</int>
						<int id="w">461</int>
					</object>
					<object id="heights_mound_2_1311379072554">
						<int id="z">9</int>
						<str id="sprite_class">heights_mound_2</str>
						<int id="x">567</int>
						<int id="y">-514</int>
						<str id="name">heights_mound_2_1311008164544</str>
						<int id="h">206</int>
						<int id="r">-1</int>
						<int id="w">294</int>
					</object>
					<object id="heights_topper_1_1311808665827">
						<int id="z">49</int>
						<str id="sprite_class">heights_topper_1</str>
						<int id="x">-1144</int>
						<int id="y">-159</int>
						<str id="name">heights_topper_1_1311612704778</str>
						<int id="h">69</int>
						<int id="r">17</int>
						<int id="w">269</int>
					</object>
					<object id="heights_face_1_1311376174393">
						<int id="z">33</int>
						<str id="sprite_class">heights_face_1</str>
						<int id="x">-2677</int>
						<int id="y">24</int>
						<str id="name">heights_face_1_1311008164542</str>
						<int id="h">576</int>
						<int id="r">1</int>
						<int id="w">842</int>
					</object>
					<object id="patch_mossy_3_1311803725049">
						<int id="z">102</int>
						<str id="sprite_class">patch_mossy_3</str>
						<int id="x">2825</int>
						<int id="y">10</int>
						<str id="name">patch_mossy_3_1311803725043</str>
						<int id="h">37</int>
						<int id="w">195</int>
					</object>
					<object id="heights_mound_3_1311803724971">
						<int id="z">28</int>
						<str id="sprite_class">heights_mound_3</str>
						<int id="x">1696</int>
						<int id="y">-65</int>
						<str id="name">heights_mound_3_1311008164543</str>
						<int id="h">194</int>
						<int id="r">18</int>
						<int id="w">590</int>
					</object>
					<object id="heights_moss_2_1312336126683">
						<int id="z">161</int>
						<str id="sprite_class">heights_moss_2</str>
						<int id="x">463</int>
						<int id="y">-631</int>
						<str id="name">heights_moss_2_1312336126680</str>
						<int id="h">44</int>
						<int id="w">199</int>
					</object>
					<object id="heights_face_1_1311376174395">
						<int id="z">32</int>
						<str id="sprite_class">heights_face_1</str>
						<int id="x">-2221</int>
						<int id="y">-145</int>
						<str id="name">heights_face_1_1311008164542</str>
						<int id="h">576</int>
						<int id="r">26</int>
						<int id="w">842</int>
					</object>
					<object id="heights_mound_3_1311379072519">
						<int id="z">37</int>
						<str id="sprite_class">heights_mound_3</str>
						<int id="x">-911</int>
						<int id="y">131</int>
						<str id="name">heights_mound_3_1311008164543</str>
						<int id="h">231</int>
						<int id="r">8</int>
						<int id="w">609</int>
					</object>
					<object id="heights_mound_2_1311803724965">
						<int id="z">13</int>
						<str id="sprite_class">heights_mound_2</str>
						<int id="x">847</int>
						<int id="y">-281</int>
						<str id="name">heights_mound_2_1311008164544</str>
						<int id="h">226</int>
						<int id="r">14</int>
						<int id="w">322</int>
					</object>
					<object id="heights_ladder_2_1311379072622">
						<int id="z">86</int>
						<str id="sprite_class">heights_ladder_2</str>
						<int id="x">-2485</int>
						<int id="y">-381</int>
						<str id="name">heights_ladder_2_1311379072605</str>
						<int id="h">87</int>
						<int id="w">70</int>
					</object>
					<object id="heights_mound_2_1311379072585">
						<int id="z">11</int>
						<str id="sprite_class">heights_mound_2</str>
						<int id="x">630</int>
						<int id="y">-597</int>
						<str id="name">heights_mound_2_1311008164544</str>
						<int id="h">206</int>
						<int id="r">49</int>
						<int id="w">294</int>
					</object>
					<object id="heights_bush_2_1311808665840">
						<int id="z">155</int>
						<str id="sprite_class">heights_bush_2</str>
						<int id="x">1699</int>
						<int id="y">-175</int>
						<str id="name">heights_bush_2_1311379072674</str>
						<int id="h">68</int>
						<int id="r">5</int>
						<int id="w">142</int>
					</object>
					<object id="heights_platform_2_1311379072592">
						<int id="z">77</int>
						<str id="sprite_class">heights_platform_2</str>
						<int id="x">170</int>
						<int id="y">-600</int>
						<str id="name">heights_platform_2_1311008164551</str>
						<int id="h">109</int>
						<int id="r">-2</int>
						<int id="w">251</int>
					</object>
					<object id="heights_topper_1_1311612704779">
						<int id="z">50</int>
						<str id="sprite_class">heights_topper_1</str>
						<int id="x">-1008</int>
						<int id="y">-129</int>
						<str id="name">heights_topper_1_1311612704778</str>
						<int id="h">69</int>
						<int id="r">17</int>
						<int id="w">269</int>
					</object>
					<object id="heights_mound_3_1311379072529">
						<int id="z">40</int>
						<str id="sprite_class">heights_mound_3</str>
						<int id="x">94</int>
						<int id="y">57</int>
						<str id="name">heights_mound_3_1311008164543</str>
						<int id="h">231</int>
						<int id="r">8</int>
						<int id="w">609</int>
					</object>
					<object id="heights_topper_1_1312336126688">
						<int id="z">47</int>
						<str id="sprite_class">heights_topper_1</str>
						<int id="x">-2252</int>
						<int id="y">-590</int>
						<str id="name">heights_topper_1_1311612704778</str>
						<int id="h">69</int>
						<int id="r">8</int>
						<int id="w">269</int>
					</object>
					<object id="heights_ladder_1_1311803724984">
						<int id="z">110</int>
						<str id="sprite_class">heights_ladder_1</str>
						<int id="x">779</int>
						<int id="y">-405</int>
						<str id="name">heights_ladder_1_1311379072604</str>
						<int id="h">79</int>
						<int id="w">73</int>
					</object>
					<object id="heights_hole_wall_piece_1311379072565">
						<bool id="h_flip">true</bool>
						<str id="sprite_class">heights_hole_wall_piece</str>
						<int id="x">688</int>
						<int id="y">-378</int>
						<str id="name">heights_hole_wall_piece_1311379072521</str>
						<int id="z">68</int>
						<int id="h">233</int>
						<int id="r">5</int>
						<int id="w">164</int>
					</object>
					<object id="alakol_cliff_2_1311803724974">
						<bool id="h_flip">true</bool>
						<str id="sprite_class">alakol_cliff_2</str>
						<int id="x">1487</int>
						<int id="y">-3</int>
						<str id="name">alakol_cliff_2_1311803724973</str>
						<int id="z">105</int>
						<int id="h">187</int>
						<int id="w">674</int>
					</object>
					<object id="heights_mound_3_1311803724964">
						<int id="z">12</int>
						<str id="sprite_class">heights_mound_3</str>
						<int id="x">963</int>
						<int id="y">-322</int>
						<str id="name">heights_mound_3_1311008164543</str>
						<int id="h">194</int>
						<int id="r">48</int>
						<int id="w">590</int>
					</object>
					<object id="heights_moss_2_1312336126682">
						<int id="z">162</int>
						<str id="sprite_class">heights_moss_2</str>
						<int id="x">353</int>
						<int id="y">-629</int>
						<str id="name">heights_moss_2_1312336126680</str>
						<int id="h">44</int>
						<int id="r">5</int>
						<int id="w">199</int>
					</object>
					<object id="heights_mound_2_1311379072560">
						<int id="z">16</int>
						<str id="sprite_class">heights_mound_2</str>
						<int id="x">752</int>
						<int id="y">-62</int>
						<str id="name">heights_mound_2_1311008164544</str>
						<int id="h">206</int>
						<int id="r">19</int>
						<int id="w">294</int>
					</object>
					<object id="heights_topper_1_1311808665826">
						<int id="z">46</int>
						<str id="sprite_class">heights_topper_1</str>
						<int id="x">-1810</int>
						<int id="y">-382</int>
						<str id="name">heights_topper_1_1311612704778</str>
						<int id="h">69</int>
						<int id="r">17</int>
						<int id="w">269</int>
					</object>
					<object id="heights_mound_3_1311379072527">
						<int id="z">38</int>
						<str id="sprite_class">heights_mound_3</str>
						<int id="x">-454</int>
						<int id="y">81</int>
						<str id="name">heights_mound_3_1311008164543</str>
						<int id="h">231</int>
						<int id="r">-12</int>
						<int id="w">609</int>
					</object>
					<object id="heights_mound_2_1311803725016">
						<int id="z">27</int>
						<str id="sprite_class">heights_mound_2</str>
						<int id="x">1953</int>
						<int id="y">-36</int>
						<str id="name">heights_mound_2_1311008164544</str>
						<int id="h">206</int>
						<int id="r">29</int>
						<int id="w">294</int>
					</object>
					<object id="heights_hole_wall_piece_1311379072550">
						<bool id="h_flip">true</bool>
						<str id="sprite_class">heights_hole_wall_piece</str>
						<int id="x">-196</int>
						<int id="y">-529</int>
						<str id="name">heights_hole_wall_piece_1311379072521</str>
						<int id="z">62</int>
						<int id="h">233</int>
						<int id="r">-60</int>
						<int id="w">164</int>
					</object>
					<object id="gravel_2_1311803725062">
						<int id="z">144</int>
						<str id="sprite_class">gravel_2</str>
						<int id="x">2584</int>
						<int id="y">-93</int>
						<str id="name">gravel_2_1311803725061</str>
						<int id="h">39</int>
						<int id="w">70</int>
					</object>
					<object id="patch_dirt_2a_1311803725030">
						<int id="z">124</int>
						<str id="sprite_class">patch_dirt_2a</str>
						<int id="x">2147</int>
						<int id="y">-9</int>
						<str id="name">patch_dirt_2a_1311803725026</str>
						<int id="h">59</int>
						<int id="w">306</int>
					</object>
					<object id="heights_ladderbed_1_1311803724993">
						<int id="z">109</int>
						<str id="sprite_class">heights_ladderbed_1</str>
						<int id="x">785</int>
						<int id="y">-565</int>
						<str id="name">heights_ladderbed_1_1311379072601</str>
						<int id="h">177</int>
						<int id="w">136</int>
					</object>
					<object id="heights_mound_3_1312576943835">
						<bool id="h_flip">true</bool>
						<str id="sprite_class">heights_mound_3</str>
						<int id="x">232</int>
						<int id="y">-611</int>
						<str id="name">heights_mound_3_1312576943827</str>
						<int id="z">0</int>
						<int id="h">189</int>
						<int id="r">183</int>
						<int id="w">498</int>
					</object>
					<object id="heights_mound_2_1311379072553">
						<int id="z">8</int>
						<str id="sprite_class">heights_mound_2</str>
						<int id="x">492</int>
						<int id="y">-525</int>
						<str id="name">heights_mound_2_1311008164544</str>
						<int id="h">206</int>
						<int id="r">-21</int>
						<int id="w">294</int>
					</object>
					<object id="heights_ladder_1_1311803724982">
						<int id="z">112</int>
						<str id="sprite_class">heights_ladder_1</str>
						<int id="x">773</int>
						<int id="y">-260</int>
						<str id="name">heights_ladder_1_1311379072604</str>
						<int id="h">79</int>
						<int id="w">73</int>
					</object>
					<object id="heights_hole_wall_piece_1311379072523">
						<int id="z">57</int>
						<str id="sprite_class">heights_hole_wall_piece</str>
						<int id="x">-1309</int>
						<int id="y">-490</int>
						<str id="name">heights_hole_wall_piece_1311379072521</str>
						<int id="h">210</int>
						<int id="r">35</int>
						<int id="w">200</int>
					</object>
					<object id="heights_platform_lip_1_1311379072583">
						<int id="z">79</int>
						<str id="sprite_class">heights_platform_lip_1</str>
						<int id="x">390</int>
						<int id="y">-507</int>
						<str id="name">heights_platform_lip_1_1311379072583</str>
						<int id="h">191</int>
						<int id="r">4</int>
						<int id="w">435</int>
					</object>
					<object id="groddle_grass_2_1311803725051">
						<int id="z">136</int>
						<str id="sprite_class">groddle_grass_2</str>
						<int id="x">2780</int>
						<int id="y">-112</int>
						<str id="name">groddle_grass_2_1311803725051</str>
						<int id="h">83</int>
						<int id="w">103</int>
					</object>
					<object id="groddle_bush1_1311808665833">
						<bool id="h_flip">true</bool>
						<str id="sprite_class">groddle_bush1</str>
						<int id="x">1903</int>
						<int id="y">-10</int>
						<str id="name">groddle_bush1_1311808665833</str>
						<int id="z">130</int>
						<int id="h">84</int>
						<int id="r">-5</int>
						<int id="w">206</int>
					</object>
					<object id="groddle_grass_1_1311803725055">
						<int id="z">137</int>
						<str id="sprite_class">groddle_grass_1</str>
						<int id="x">2169</int>
						<int id="y">-81</int>
						<str id="name">groddle_grass_1_1311803725055</str>
						<int id="h">51</int>
						<int id="w">106</int>
					</object>
					<object id="groddle_grass_2_1311803725059">
						<int id="z">139</int>
						<str id="sprite_class">groddle_grass_2</str>
						<int id="x">2317</int>
						<int id="y">-91</int>
						<str id="name">groddle_grass_2_1311803725051</str>
						<int id="h">83</int>
						<int id="w">103</int>
					</object>
					<object id="groddle_bush1_1311808665835">
						<bool id="h_flip">true</bool>
						<str id="sprite_class">groddle_bush1</str>
						<int id="x">1903</int>
						<int id="y">-10</int>
						<str id="name">groddle_bush1_1311808665833</str>
						<int id="z">130</int>
						<int id="h">84</int>
						<int id="r">-5</int>
						<int id="w">206</int>
					</object>
					<object id="groddle_grass_1_1311803725057">
						<int id="z">138</int>
						<str id="sprite_class">groddle_grass_1</str>
						<int id="x">2371</int>
						<int id="y">-98</int>
						<str id="name">groddle_grass_1_1311803725055</str>
						<int id="h">40</int>
						<int id="w">83</int>
					</object>
					<object id="groddle_grass_1_1311803725056">
						<int id="z">141</int>
						<str id="sprite_class">groddle_grass_1</str>
						<int id="x">2399</int>
						<int id="y">-93</int>
						<str id="name">groddle_grass_1_1311803725055</str>
						<int id="h">51</int>
						<int id="w">106</int>
					</object>
					<object id="groddle_grass_1_1311808665838">
						<int id="z">131</int>
						<str id="sprite_class">groddle_grass_1</str>
						<int id="x">1932</int>
						<int id="y">-11</int>
						<str id="name">groddle_grass_1_1311803725055</str>
						<int id="h">51</int>
						<int id="w">106</int>
					</object>
					<object id="groddle_grass_1_1311808665837">
						<int id="z">129</int>
						<str id="sprite_class">groddle_grass_1</str>
						<int id="x">1992</int>
						<int id="y">-34</int>
						<str id="name">groddle_grass_1_1311803725055</str>
						<int id="h">51</int>
						<int id="w">106</int>
					</object>
					<object id="groddle_grass_2_1311803725053">
						<int id="z">123</int>
						<str id="sprite_class">groddle_grass_2</str>
						<int id="x">2137</int>
						<int id="y">-81</int>
						<str id="name">groddle_grass_2_1311803725051</str>
						<int id="h">83</int>
						<int id="w">103</int>
					</object>
					<object id="groddle_grass_1_1311803725063">
						<int id="z">143</int>
						<str id="sprite_class">groddle_grass_1</str>
						<int id="x">2549</int>
						<int id="y">-104</int>
						<str id="name">groddle_grass_1_1311803725055</str>
						<int id="h">39</int>
						<int id="w">81</int>
					</object>
					<object id="groddle_grass_2_1311803725060">
						<int id="z">140</int>
						<str id="sprite_class">groddle_grass_2</str>
						<int id="x">2284</int>
						<int id="y">-95</int>
						<str id="name">groddle_grass_2_1311803725051</str>
						<int id="h">52</int>
						<int id="w">64</int>
					</object>
				</object>
				<object id="ladders">
					<object id="ladder_1311379072630">
						<int id="x">-2487</int>
						<int id="h">332</int>
						<int id="y">-299</int>
						<int id="w">50</int>
					</object>
					<object id="ladder_1311803724995">
						<int id="x">784</int>
						<int id="h">578</int>
						<int id="y">-103</int>
						<int id="w">50</int>
					</object>
				</object>
				<object id="filtersNEW">
					<object id="brightness">
						<int id="value">-15</int>
					</object>
					<object id="saturation">
						<int id="value">-5</int>
					</object>
					<object id="tintColor">
						<int id="value">0</int>
					</object>
					<object id="contrast">
						<int id="value">-20</int>
					</object>
					<object id="tintAmount">
						<int id="value">0</int>
					</object>
				</object>
				<object id="doors">
				</object>
				<int id="z">0</int>
				<object id="platforms">
				</object>
				<int id="h">1000</int>
				<object id="signposts">
					<object id="signpost_2">
						<str id="id">signpost_2</str>
						<object id="connects">
							<object id="0">
								<int id="x">2558</int>
								<str id="swf_file_versioned">http://c2.glitch.bz/locations/groddle1/1311713898.swf</str>
								<str id="hub_id">92</str>
								<str id="mote_id">9</str>
								<int id="y">-752</int>
								<objref id="target" tsid="LIF16CPE89723EI" label="Sheba Shales"/>
							</object>
						</object>
						<int id="x">-2806</int>
						<int id="h">200</int>
						<int id="y">-232</int>
						<int id="w">100</int>
					</object>
					<object id="signpost_1">
						<object id="connects">
							<object id="0">
								<int id="x">-2655</int>
								<int id="y">-167</int>
								<str id="swf_file_versioned">http://c2.glitch.bz/locations/groddle1/1311713898.swf</str>
								<str id="hub_id">97</str>
								<str id="mote_id">9</str>
								<bool id="hidden">false</bool>
								<objref id="target" tsid="LA9BSVRN5I82JIQ" label="Takuan This"/>
							</object>
							<object id="1">
								<int id="x">2873</int>
								<int id="y">-415</int>
								<str id="swf_file_versioned">http://c2.glitch.bz/locations/groddle1/1311713898.swf</str>
								<str id="hub_id">97</str>
								<str id="mote_id">9</str>
								<bool id="hidden">false</bool>
								<objref id="target" tsid="LA960EK0JI82065" label="Panko Press"/>
							</object>
						</object>
						<int id="x">2772</int>
						<int id="h">200</int>
						<int id="y">-91</int>
						<int id="w">100</int>
					</object>
				</object>
			</object>
			<object id="T_1311008164522">
				<int id="z">-4</int>
				<str id="name">mtn</str>
				<int id="h">940</int>
				<object id="decos">
					<object id="mountain_trees_darker_1_1311022275095">
						<int id="z">3</int>
						<str id="sprite_class">mountain_trees_darker_1</str>
						<int id="x">1260</int>
						<int id="y">772</int>
						<str id="name">mountain_trees_darker_1_1311008164605</str>
						<int id="h">374</int>
						<int id="r">2</int>
						<int id="w">903</int>
					</object>
					<object id="mountain_trees_darker_1_1311008164607">
						<int id="z">2</int>
						<str id="sprite_class">mountain_trees_darker_1</str>
						<int id="x">2445</int>
						<int id="y">663</int>
						<str id="name">mountain_trees_darker_1_1311008164605</str>
						<int id="h">252</int>
						<int id="r">-3</int>
						<int id="w">997</int>
					</object>
					<object id="mountain_trees_darker_1_1311022275094">
						<int id="z">4</int>
						<str id="sprite_class">mountain_trees_darker_1</str>
						<int id="x">1570</int>
						<int id="y">706</int>
						<str id="name">mountain_trees_darker_1_1311008164605</str>
						<int id="h">224</int>
						<int id="r">-1</int>
						<int id="w">854</int>
					</object>
					<object id="mountain_trees_darker_1_1311022275092">
						<int id="z">1</int>
						<str id="sprite_class">mountain_trees_darker_1</str>
						<int id="x">2137</int>
						<int id="y">707</int>
						<str id="name">mountain_trees_darker_1_1311008164605</str>
						<int id="h">294</int>
						<int id="r">-3</int>
						<int id="w">892</int>
					</object>
					<object id="mountain_trees_darker_1_1311008164606">
						<int id="z">0</int>
						<str id="sprite_class">mountain_trees_darker_1</str>
						<int id="x">2875</int>
						<int id="y">687</int>
						<str id="name">mountain_trees_darker_1_1311008164605</str>
						<int id="h">354</int>
						<int id="r">-3</int>
						<int id="w">820</int>
					</object>
					<object id="mountain_trees_darker_1_1311022275093">
						<int id="z">5</int>
						<str id="sprite_class">mountain_trees_darker_1</str>
						<int id="x">1901</int>
						<int id="y">693</int>
						<str id="name">mountain_trees_darker_1_1311008164605</str>
						<int id="h">248</int>
						<int id="r">-3</int>
						<int id="w">572</int>
					</object>
				</object>
				<object id="filtersNEW">
					<object id="contrast">
						<int id="value">-20</int>
					</object>
					<object id="brightness">
						<int id="value">-15</int>
					</object>
					<object id="saturation">
						<int id="value">-40</int>
					</object>
				</object>
				<int id="w">4200</int>
			</object>
			<object id="T_1309388549234">
				<int id="z">-2</int>
				<str id="name">bg_2</str>
				<int id="h">980</int>
				<object id="decos">
					<object id="tree_deciduous2_1311022275287">
						<int id="z">18</int>
						<str id="sprite_class">tree_deciduous2</str>
						<int id="x">2204</int>
						<int id="y">817</int>
						<str id="name">tree_deciduous2_1311022275286</str>
						<int id="h">212</int>
						<int id="w">215</int>
					</object>
					<object id="tree_group_bg2_1_1311022275275">
						<int id="z">17</int>
						<str id="sprite_class">tree_group_bg2_1</str>
						<int id="x">2941</int>
						<int id="y">783</int>
						<str id="name">tree_group_bg2_1_1311022275268</str>
						<int id="h">336</int>
						<int id="r">-4</int>
						<int id="w">257</int>
					</object>
					<object id="tree_wallpaper_1a_1309388549256">
						<int id="z">4</int>
						<str id="sprite_class">tree_wallpaper_1a</str>
						<int id="x">623</int>
						<int id="y">915</int>
						<str id="name">tree_wallpaper_1a_1309388549250</str>
						<int id="h">822</int>
						<int id="w">1711</int>
					</object>
					<object id="tree_group_bg2_1_1311022275274">
						<int id="z">16</int>
						<str id="sprite_class">tree_group_bg2_1</str>
						<int id="x">2853</int>
						<int id="y">786</int>
						<str id="name">tree_group_bg2_1_1311022275268</str>
						<int id="h">302</int>
						<int id="r">-4</int>
						<int id="w">231</int>
					</object>
					<object id="pinecluster_2_1310523231580">
						<int id="z">8</int>
						<str id="sprite_class">pinecluster_2</str>
						<int id="x">2352</int>
						<int id="y">825</int>
						<str id="name">pinecluster_2_1310523231572</str>
						<int id="h">179</int>
						<int id="w">439</int>
					</object>
					<object id="tree_group_bg2_1_1311022275273">
						<bool id="h_flip">true</bool>
						<str id="sprite_class">tree_group_bg2_1</str>
						<int id="x">2771</int>
						<int id="y">841</int>
						<str id="name">tree_group_bg2_1_1311022275268</str>
						<int id="z">13</int>
						<int id="h">280</int>
						<int id="w">214</int>
					</object>
					<object id="pinecluster_2_1311022275153">
						<int id="z">7</int>
						<str id="sprite_class">pinecluster_2</str>
						<int id="x">2621</int>
						<int id="y">836</int>
						<str id="name">pinecluster_2_1310523231572</str>
						<int id="h">177</int>
						<int id="w">455</int>
					</object>
					<object id="tree_group_bg2_1_1311022275295">
						<bool id="h_flip">true</bool>
						<str id="sprite_class">tree_group_bg2_1</str>
						<int id="x">1781</int>
						<int id="y">875</int>
						<str id="name">tree_group_bg2_1_1309388549254</str>
						<int id="z">19</int>
						<int id="h">308</int>
						<int id="r">5</int>
						<int id="w">213</int>
					</object>
					<object id="tree_group_bg2_1_1311803724955">
						<int id="z">2</int>
						<str id="sprite_class">tree_group_bg2_1</str>
						<int id="x">4836</int>
						<int id="y">868</int>
						<str id="name">tree_group_bg2_1_1311022275268</str>
						<int id="h">763</int>
						<int id="w">584</int>
					</object>
					<object id="tree_group_bg2_1_1311022275293">
						<int id="z">5</int>
						<str id="sprite_class">tree_group_bg2_1</str>
						<int id="x">1517</int>
						<int id="y">891</int>
						<str id="name">tree_group_bg2_1_1309388549254</str>
						<int id="h">548</int>
						<int id="r">5</int>
						<int id="w">379</int>
					</object>
					<object id="tree_group_bg2_1_1311022275272">
						<int id="z">12</int>
						<str id="sprite_class">tree_group_bg2_1</str>
						<int id="x">3034</int>
						<int id="y">715</int>
						<str id="name">tree_group_bg2_1_1311022275268</str>
						<int id="h">336</int>
						<int id="w">257</int>
					</object>
					<object id="tree_group_bg2_1_1311379072497">
						<int id="z">14</int>
						<str id="sprite_class">tree_group_bg2_1</str>
						<int id="x">2678</int>
						<int id="y">812</int>
						<str id="name">tree_group_bg2_1_1311022275268</str>
						<int id="h">199</int>
						<int id="w">152</int>
					</object>
					<object id="tree_group_bg2_1_1311022275294">
						<bool id="h_flip">true</bool>
						<str id="sprite_class">tree_group_bg2_1</str>
						<int id="x">1685</int>
						<int id="y">919</int>
						<str id="name">tree_group_bg2_1_1309388549254</str>
						<int id="z">3</int>
						<int id="h">453</int>
						<int id="w">313</int>
					</object>
					<object id="tree_group_bg2_1_1311379072507">
						<int id="z">15</int>
						<str id="sprite_class">tree_group_bg2_1</str>
						<int id="x">1909</int>
						<int id="y">849</int>
						<str id="name">tree_group_bg2_1_1311022275268</str>
						<int id="h">199</int>
						<int id="w">152</int>
					</object>
					<object id="tree_group_bg2_1_1310523231565">
						<bool id="h_flip">true</bool>
						<str id="sprite_class">tree_group_bg2_1</str>
						<int id="x">355</int>
						<int id="y">826</int>
						<str id="name">tree_group_bg2_1_1309388549254</str>
						<int id="z">6</int>
						<int id="h">782</int>
						<int id="w">541</int>
					</object>
					<object id="tree_wallpaper_1a_1311379072504">
						<int id="z">1</int>
						<str id="sprite_class">tree_wallpaper_1a</str>
						<int id="x">4135</int>
						<int id="y">964</int>
						<str id="name">tree_wallpaper_1a_1309388549250</str>
						<int id="h">875</int>
						<int id="w">2161</int>
					</object>
					<object id="pinecluster_1_1311022275179">
						<bool id="h_flip">true</bool>
						<str id="sprite_class">pinecluster_1</str>
						<int id="x">2074</int>
						<int id="y">856</int>
						<str id="name">pinecluster_1_1311022275179</str>
						<int id="z">10</int>
						<int id="h">136</int>
						<int id="w">248</int>
					</object>
					<object id="pinecluster_2_1311022275181">
						<int id="z">9</int>
						<str id="sprite_class">pinecluster_2</str>
						<int id="x">1932</int>
						<int id="y">829</int>
						<str id="name">pinecluster_2_1310523231572</str>
						<int id="h">166</int>
						<int id="w">425</int>
					</object>
					<object id="tree_group_bg2_1_1311022275268">
						<bool id="h_flip">true</bool>
						<str id="sprite_class">tree_group_bg2_1</str>
						<int id="x">3146</int>
						<int id="y">712</int>
						<str id="name">tree_group_bg2_1_1311022275268</str>
						<int id="z">11</int>
						<int id="h">418</int>
						<int id="w">320</int>
					</object>
				</object>
				<object id="filtersNEW">
					<object id="contrast">
						<int id="value">-40</int>
					</object>
					<object id="brightness">
						<int id="value">-35</int>
					</object>
					<object id="saturation">
						<int id="value">-30</int>
					</object>
				</object>
				<int id="w">5040</int>
			</object>
		</object>
		<str id="music_file"></str>
		<null id="img_file_versioned"/>
		<str id="swf_file_versioned">http://c2.glitch.bz/locations/groddle1/1311713898.swf</str>
		<null id="physics"/>
		<str id="tsid">LA9KLA8H1D82JM3</str>
		<null id="loading_label"/>
		<int id="ground_y">-240</int>
		<int id="rookable_type">0</int>
		<object id="gradient">
			<str id="bottom">FFC252</str>
			<str id="top">5FA3D4</str>
		</object>
		<object id="sources">
			<int id="LIF16CPE89723EI">1</int>
			<int id="LA9BSVRN5I82JIQ">1</int>
			<int id="LA960EK0JI82065">1</int>
		</object>
	</object>
</game_object>
