<game_object tsid="GA9PIEHVQ8A2H4S" ts="1337186179071" label="fb_heights_02" class_tsid="" lastUpdateTime="1337186099232" upd_gs="gs9" load_time="2012-05-16 09:34:58.827" upd_time="2012-05-16 09:35:29.004">
	<object id="dynamic">
		<int id="l">-900</int>
		<int id="r">900</int>
		<int id="t">-3000</int>
		<int id="b">0</int>
		<str id="label">fb_heights_02</str>
		<str id="swf_file">firebog.swf</str>
		<object id="layers">
			<object id="middleground">
				<object id="doors">
				</object>
				<int id="w">1800</int>
				<object id="boxes">
				</object>
				<object id="decos">
					<object id="front_ground_3_1314321777686">
						<str id="name">front_ground_3_1314321777686</str>
						<str id="sprite_class">front_ground_3</str>
						<int id="w">462</int>
						<int id="r">8</int>
						<int id="x">-541</int>
						<int id="y">-982</int>
						<int id="h">245</int>
						<int id="z">45</int>
					</object>
					<object id="underground_bogwillow_3_1314378350201">
						<str id="name">underground_bogwillow_3_1314378350189</str>
						<str id="sprite_class">underground_bogwillow_3</str>
						<int id="w">62</int>
						<int id="r">-20</int>
						<int id="x">-522</int>
						<int id="y">-264</int>
						<int id="h">104</int>
						<int id="z">72</int>
					</object>
					<object id="underground_bogwillow_3_1314378350253">
						<str id="name">underground_bogwillow_3_1314378350189</str>
						<str id="sprite_class">underground_bogwillow_3</str>
						<int id="w">42</int>
						<int id="r">-15</int>
						<int id="x">-89</int>
						<int id="y">-538</int>
						<int id="h">70</int>
						<int id="z">175</int>
					</object>
					<object id="ground_spots_dark_1_1314378350085">
						<str id="name">ground_spots_dark_1_1314378350075</str>
						<str id="sprite_class">ground_spots_dark_1</str>
						<int id="w">299</int>
						<int id="r">1</int>
						<int id="x">-563</int>
						<int id="y">-149</int>
						<int id="h">34</int>
						<int id="z">44</int>
					</object>
					<object id="shadow_1314321777743">
						<str id="name">shadow_1314321777701</str>
						<str id="sprite_class">shadow</str>
						<int id="w">324</int>
						<int id="r">1</int>
						<int id="x">-223</int>
						<int id="y">-1614</int>
						<int id="h">113</int>
						<int id="z">11</int>
					</object>
					<object id="ground_generic_1_spotless_1314321777687">
						<str id="name">ground_generic_1_spotless_1314321777687</str>
						<str id="sprite_class">ground_generic_1_spotless</str>
						<int id="w">1676</int>
						<int id="x">-733</int>
						<int id="y">-188</int>
						<int id="h">150</int>
						<int id="z">24</int>
					</object>
					<object id="legs_moss_noBase_1314378350056">
						<str id="name">legs_moss_noBase_1314378350055</str>
						<str id="sprite_class">legs_moss_noBase</str>
						<int id="w">177</int>
						<int id="r">144</int>
						<int id="x">471</int>
						<int id="y">-2168</int>
						<int id="h">329</int>
						<int id="z">136</int>
						<bool id="h_flip">true</bool>
					</object>
					<object id="grass_solid_1314378350190">
						<str id="name">grass_solid_1314378350190</str>
						<str id="sprite_class">grass_solid</str>
						<int id="w">163</int>
						<int id="x">391</int>
						<int id="y">-191</int>
						<int id="h">140</int>
						<int id="z">162</int>
					</object>
					<object id="shadow_1314321777742">
						<str id="name">shadow_1314321777701</str>
						<str id="sprite_class">shadow</str>
						<int id="w">861</int>
						<int id="r">5</int>
						<int id="x">-661</int>
						<int id="y">-1634</int>
						<int id="h">111</int>
						<int id="z">10</int>
					</object>
					<object id="underground_bogwillow_3_1314378350202">
						<str id="name">underground_bogwillow_3_1314378350189</str>
						<str id="sprite_class">underground_bogwillow_3</str>
						<int id="w">74</int>
						<int id="r">-20</int>
						<int id="x">-158</int>
						<int id="y">-283</int>
						<int id="h">124</int>
						<int id="z">73</int>
					</object>
					<object id="grass_solid_1314378350239">
						<str id="name">grass_solid_1314378350190</str>
						<str id="sprite_class">grass_solid</str>
						<int id="w">129</int>
						<int id="r">6</int>
						<int id="x">-568</int>
						<int id="y">-1759</int>
						<int id="h">111</int>
						<int id="z">168</int>
					</object>
					<object id="front_ground_3_1314321777740">
						<str id="name">front_ground_3_1314321777686</str>
						<str id="sprite_class">front_ground_3</str>
						<int id="w">576</int>
						<int id="r">3</int>
						<int id="x">-726</int>
						<int id="y">-1781</int>
						<int id="h">325</int>
						<int id="z">105</int>
					</object>
					<object id="ground_spots10_1314378350049">
						<str id="name">ground_spots10_1314321777753</str>
						<str id="sprite_class">ground_spots10</str>
						<int id="w">142</int>
						<int id="r">5</int>
						<int id="x">826</int>
						<int id="y">-2127</int>
						<int id="h">44</int>
						<int id="z">100</int>
					</object>
					<object id="grass_solid_1314378350220">
						<str id="name">grass_solid_1314378350190</str>
						<str id="sprite_class">grass_solid</str>
						<int id="w">83</int>
						<int id="x">-595</int>
						<int id="y">-945</int>
						<int id="h">72</int>
						<int id="z">52</int>
					</object>
					<object id="ground_spots_dark_1_1314378350112">
						<str id="name">ground_spots_dark_1_1314378350075</str>
						<str id="sprite_class">ground_spots_dark_1</str>
						<int id="w">225</int>
						<int id="r">-1</int>
						<int id="x">434</int>
						<int id="y">-2260</int>
						<int id="h">24</int>
						<int id="z">120</int>
					</object>
					<object id="ground_spots10_1314321777753">
						<str id="name">ground_spots10_1314321777753</str>
						<str id="sprite_class">ground_spots10</str>
						<int id="w">159</int>
						<int id="r">-15</int>
						<int id="x">849</int>
						<int id="y">-2080</int>
						<int id="h">30</int>
						<int id="z">97</int>
					</object>
					<object id="grass_solid_1314378350251">
						<str id="name">grass_solid_1314378350190</str>
						<str id="sprite_class">grass_solid</str>
						<int id="w">86</int>
						<int id="x">-108</int>
						<int id="y">-508</int>
						<int id="h">74</int>
						<int id="z">176</int>
					</object>
					<object id="grass_solid_1314378350218">
						<str id="name">grass_solid_1314378350190</str>
						<str id="sprite_class">grass_solid</str>
						<int id="w">98</int>
						<int id="x">-492</int>
						<int id="y">-965</int>
						<int id="h">85</int>
						<int id="z">51</int>
					</object>
					<object id="grass_solid_1314378350260">
						<str id="name">grass_solid_1314378350190</str>
						<str id="sprite_class">grass_solid</str>
						<int id="w">82</int>
						<int id="r">1</int>
						<int id="x">670</int>
						<int id="y">-2272</int>
						<int id="h">71</int>
						<int id="z">133</int>
					</object>
					<object id="background_wallpaper_test_1314321777697">
						<str id="name">background_wallpaper_test_1314321777697</str>
						<str id="sprite_class">background_wallpaper_test</str>
						<int id="w">1273</int>
						<int id="x">-370</int>
						<int id="y">-226</int>
						<int id="h">733</int>
						<int id="z">20</int>
						<bool id="h_flip">true</bool>
					</object>
					<object id="ground_spots10_1314378350047">
						<str id="name">ground_spots10_1314321777753</str>
						<str id="sprite_class">ground_spots10</str>
						<int id="w">128</int>
						<int id="r">5</int>
						<int id="x">350</int>
						<int id="y">-2136</int>
						<int id="h">26</int>
						<int id="z">99</int>
					</object>
					<object id="front_ground_1_1314321777694">
						<str id="name">front_ground_1_1314321777684</str>
						<str id="sprite_class">front_ground_1</str>
						<int id="w">458</int>
						<int id="r">-1</int>
						<int id="x">766</int>
						<int id="y">74</int>
						<int id="h">191</int>
						<int id="z">33</int>
					</object>
					<object id="mushrooms_1314378350225">
						<str id="name">mushrooms_1314378350222</str>
						<str id="sprite_class">mushrooms</str>
						<int id="w">38</int>
						<int id="r">-15</int>
						<int id="x">-510</int>
						<int id="y">-990</int>
						<int id="h">65</int>
						<int id="z">49</int>
					</object>
					<object id="front_ground_3_1314321777722">
						<str id="name">front_ground_3_1314321777686</str>
						<str id="sprite_class">front_ground_3</str>
						<int id="w">606</int>
						<int id="r">1</int>
						<int id="x">252</int>
						<int id="y">-205</int>
						<int id="h">331</int>
						<int id="z">87</int>
						<bool id="h_flip">true</bool>
					</object>
					<object id="legs_back_set2_1314321777711">
						<str id="name">legs_back_set2_1314321777711</str>
						<str id="sprite_class">legs_back_set2</str>
						<int id="w">479</int>
						<int id="x">-742</int>
						<int id="y">-295</int>
						<int id="h">319</int>
						<int id="z">63</int>
					</object>
					<object id="shadow_1314378350122">
						<str id="name">shadow_1314321777701</str>
						<str id="sprite_class">shadow</str>
						<int id="w">139</int>
						<int id="x">-329</int>
						<int id="y">-1185</int>
						<int id="h">27</int>
						<int id="z">157</int>
					</object>
					<object id="front_ground_3_1314321777723">
						<str id="name">front_ground_3_1314321777686</str>
						<str id="sprite_class">front_ground_3</str>
						<int id="w">606</int>
						<int id="r">1</int>
						<int id="x">47</int>
						<int id="y">-193</int>
						<int id="h">357</int>
						<int id="z">88</int>
					</object>
					<object id="legs_moss_3_1314378350066">
						<str id="name">legs_moss_3_1314378350066</str>
						<str id="sprite_class">legs_moss_3</str>
						<int id="w">103</int>
						<int id="x">704</int>
						<int id="y">-2301</int>
						<int id="h">224</int>
						<int id="z">131</int>
						<bool id="h_flip">true</bool>
					</object>
					<object id="legs_moss_1_1314321777712">
						<str id="name">legs_moss_1_1314321777712</str>
						<str id="sprite_class">legs_moss_1</str>
						<int id="w">299</int>
						<int id="x">-1001</int>
						<int id="y">-241</int>
						<int id="h">404</int>
						<int id="z">78</int>
					</object>
					<object id="grass_solid_1314378350195">
						<str id="name">grass_solid_1314378350190</str>
						<str id="sprite_class">grass_solid</str>
						<int id="w">91</int>
						<int id="x">-196</int>
						<int id="y">-255</int>
						<int id="h">78</int>
						<int id="z">27</int>
					</object>
					<object id="underground_bogwillow_3_1314378350228">
						<str id="name">underground_bogwillow_3_1314378350189</str>
						<str id="sprite_class">underground_bogwillow_3</str>
						<int id="w">49</int>
						<int id="r">30</int>
						<int id="x">-608</int>
						<int id="y">-971</int>
						<int id="h">82</int>
						<int id="z">65</int>
						<bool id="h_flip">true</bool>
					</object>
					<object id="front_ground_1_1314321777692">
						<str id="name">front_ground_1_1314321777684</str>
						<str id="sprite_class">front_ground_1</str>
						<int id="w">308</int>
						<int id="r">4</int>
						<int id="x">180</int>
						<int id="y">67</int>
						<int id="h">191</int>
						<int id="z">31</int>
					</object>
					<object id="legs_moss_2_1314378350063">
						<str id="name">legs_moss_2_1314378350063</str>
						<str id="sprite_class">legs_moss_2</str>
						<int id="w">209</int>
						<int id="x">367</int>
						<int id="y">-2304</int>
						<int id="h">242</int>
						<int id="z">127</int>
					</object>
					<object id="legs_back_set1_1314378350065">
						<str id="name">legs_back_set1_1314378350065</str>
						<str id="sprite_class">legs_back_set1</str>
						<int id="w">397</int>
						<int id="x">599</int>
						<int id="y">-2320</int>
						<int id="h">241</int>
						<int id="z">121</int>
					</object>
					<object id="ground_generic_3_spotless_1314321777735">
						<str id="name">ground_generic_3_spotless_1314321777688</str>
						<str id="sprite_class">ground_generic_3_spotless</str>
						<int id="w">1013</int>
						<int id="r">5</int>
						<int id="x">-582</int>
						<int id="y">-1694</int>
						<int id="h">125</int>
						<int id="z">6</int>
					</object>
					<object id="coalleaf_1_1314378350058">
						<str id="name">coalleaf_1_1314378350057</str>
						<str id="sprite_class">coalleaf_1</str>
						<int id="w">138</int>
						<int id="r">150</int>
						<int id="x">-865</int>
						<int id="y">-1141</int>
						<int id="h">42</int>
						<int id="z">70</int>
					</object>
					<object id="front_ground_top_1314321777733">
						<str id="name">front_ground_top_1314321777695</str>
						<str id="sprite_class">front_ground_top</str>
						<int id="w">310</int>
						<int id="r">5</int>
						<int id="x">-515</int>
						<int id="y">-1648</int>
						<int id="h">135</int>
						<int id="z">13</int>
						<bool id="h_flip">true</bool>
					</object>
					<object id="grass_solid_1314378350241">
						<str id="name">grass_solid_1314378350190</str>
						<str id="sprite_class">grass_solid</str>
						<int id="w">129</int>
						<int id="r">6</int>
						<int id="x">-907</int>
						<int id="y">-1798</int>
						<int id="h">111</int>
						<int id="z">170</int>
					</object>
					<object id="grass_solid_1314378350254">
						<str id="name">grass_solid_1314378350190</str>
						<str id="sprite_class">grass_solid</str>
						<int id="w">93</int>
						<int id="r">1</int>
						<int id="x">274</int>
						<int id="y">-2288</int>
						<int id="h">80</int>
						<int id="z">177</int>
					</object>
					<object id="shadow_1314321777716">
						<str id="name">shadow_1314321777701</str>
						<str id="sprite_class">shadow</str>
						<int id="w">322</int>
						<int id="x">96</int>
						<int id="y">-820</int>
						<int id="h">125</int>
						<int id="z">23</int>
					</object>
					<object id="ground_spots_dark_1_1314378350102">
						<str id="name">ground_spots_dark_1_1314378350075</str>
						<str id="sprite_class">ground_spots_dark_1</str>
						<int id="w">347</int>
						<int id="r">5</int>
						<int id="x">-798</int>
						<int id="y">-1773</int>
						<int id="h">38</int>
						<int id="z">145</int>
					</object>
					<object id="ground_spots10_1314321777762">
						<str id="name">ground_spots10_1314321777753</str>
						<str id="sprite_class">ground_spots10</str>
						<int id="w">245</int>
						<int id="r">20</int>
						<int id="x">644</int>
						<int id="y">-2106</int>
						<int id="h">62</int>
						<int id="z">98</int>
					</object>
					<object id="shadow_1314321777713">
						<str id="name">shadow_1314321777701</str>
						<str id="sprite_class">shadow</str>
						<int id="w">786</int>
						<int id="x">-755</int>
						<int id="y">-170</int>
						<int id="h">490</int>
						<int id="z">77</int>
					</object>
					<object id="ladder_interior_4steps_1314378350117">
						<str id="name">ladder_interior_4steps_1314378350114</str>
						<str id="sprite_class">ladder_interior_4steps</str>
						<int id="w">72</int>
						<int id="x">-752</int>
						<int id="y">-236</int>
						<int id="h">196</int>
						<int id="z">152</int>
					</object>
					<object id="ground_generic_1_spotless_1314321777748">
						<str id="name">ground_generic_1_spotless_1314321777687</str>
						<str id="sprite_class">ground_generic_1_spotless</str>
						<int id="w">1148</int>
						<int id="r">-3</int>
						<int id="x">741</int>
						<int id="y">-2219</int>
						<int id="h">201</int>
						<int id="z">2</int>
					</object>
					<object id="grass_solid_1314378350191">
						<str id="name">grass_solid_1314378350190</str>
						<str id="sprite_class">grass_solid</str>
						<int id="w">112</int>
						<int id="x">297</int>
						<int id="y">-195</int>
						<int id="h">96</int>
						<int id="z">163</int>
					</object>
					<object id="grass_solid_1314378350197">
						<str id="name">grass_solid_1314378350190</str>
						<str id="sprite_class">grass_solid</str>
						<int id="w">82</int>
						<int id="x">-354</int>
						<int id="y">-210</int>
						<int id="h">70</int>
						<int id="z">81</int>
					</object>
					<object id="crosssection_underground_fill_1_1314321777736">
						<str id="name">crosssection_underground_fill_1_1314321777736</str>
						<str id="sprite_class">crosssection_underground_fill_1</str>
						<int id="w">346</int>
						<int id="x">606</int>
						<int id="y">-2083</int>
						<int id="h">156</int>
						<int id="z">93</int>
					</object>
					<object id="underground_bogwillow_2_1314378350188">
						<str id="name">underground_bogwillow_2_1314378350188</str>
						<str id="sprite_class">underground_bogwillow_2</str>
						<int id="w">38</int>
						<int id="x">276</int>
						<int id="y">-231</int>
						<int id="h">77</int>
						<int id="z">160</int>
					</object>
					<object id="coalleaf_1_1314378350061">
						<str id="name">coalleaf_1_1314378350057</str>
						<str id="sprite_class">coalleaf_1</str>
						<int id="w">86</int>
						<int id="r">85</int>
						<int id="x">-800</int>
						<int id="y">-1099</int>
						<int id="h">39</int>
						<int id="z">69</int>
					</object>
					<object id="bridge_1314378350062">
						<str id="name">bridge_1314378350062</str>
						<str id="sprite_class">bridge</str>
						<int id="w">514</int>
						<int id="r">-5</int>
						<int id="x">-130</int>
						<int id="y">-2142</int>
						<int id="h">109</int>
						<int id="z">139</int>
					</object>
					<object id="ladder_int_step_1314378350113">
						<str id="name">ladder_int_step_1314378350113</str>
						<str id="sprite_class">ladder_int_step</str>
						<int id="w">72</int>
						<int id="x">-752</int>
						<int id="y">-819</int>
						<int id="h">52</int>
						<int id="z">148</int>
					</object>
					<object id="grass_solid_1314378350240">
						<str id="name">grass_solid_1314378350190</str>
						<str id="sprite_class">grass_solid</str>
						<int id="w">93</int>
						<int id="r">1</int>
						<int id="x">-485</int>
						<int id="y">-1756</int>
						<int id="h">80</int>
						<int id="z">169</int>
					</object>
					<object id="ladder_tile_cap_1_bogwood_1314378350121">
						<str id="name">ladder_tile_cap_1_bogwood_1314378350115</str>
						<str id="sprite_class">ladder_tile_cap_1_bogwood</str>
						<int id="w">72</int>
						<int id="x">-326</int>
						<int id="y">-1202</int>
						<int id="h">50</int>
						<int id="z">158</int>
					</object>
					<object id="grass_solid_1314378350216">
						<str id="name">grass_solid_1314378350190</str>
						<str id="sprite_class">grass_solid</str>
						<int id="w">92</int>
						<int id="x">-206</int>
						<int id="y">-957</int>
						<int id="h">79</int>
						<int id="z">60</int>
					</object>
					<object id="front_ground_2_1314321777730">
						<str id="name">front_ground_2_1314321777700</str>
						<str id="sprite_class">front_ground_2</str>
						<int id="w">327</int>
						<int id="r">5</int>
						<int id="x">-813</int>
						<int id="y">-1074</int>
						<int id="h">167</int>
						<int id="z">47</int>
					</object>
					<object id="wavy_wall_1314321777729">
						<str id="name">wavy_wall_1314321777728</str>
						<str id="sprite_class">wavy_wall</str>
						<int id="w">332</int>
						<int id="r">-8</int>
						<int id="x">-598</int>
						<int id="y">-939</int>
						<int id="h">185</int>
						<int id="z">16</int>
						<bool id="h_flip">true</bool>
					</object>
					<object id="ground_spots9_1314378350048">
						<str id="name">ground_spots9_1314321777750</str>
						<str id="sprite_class">ground_spots9</str>
						<int id="w">211</int>
						<int id="r">17</int>
						<int id="x">421</int>
						<int id="y">-2127</int>
						<int id="h">76</int>
						<int id="z">103</int>
					</object>
					<object id="ground_spots_dark_1_1314378350084">
						<str id="name">ground_spots_dark_1_1314378350075</str>
						<str id="sprite_class">ground_spots_dark_1</str>
						<int id="w">516</int>
						<int id="r">1</int>
						<int id="x">-862</int>
						<int id="y">-163</int>
						<int id="h">58</int>
						<int id="z">43</int>
					</object>
					<object id="mushroom3_1314378350265">
						<str id="name">mushroom3_1314378350226</str>
						<str id="sprite_class">mushroom3</str>
						<int id="w">16</int>
						<int id="r">40</int>
						<int id="x">353</int>
						<int id="y">-2328</int>
						<int id="h">47</int>
						<int id="z">124</int>
					</object>
					<object id="ground_generic_3_spotless_1314321777721">
						<str id="name">ground_generic_3_spotless_1314321777688</str>
						<str id="sprite_class">ground_generic_3_spotless</str>
						<int id="w">1146</int>
						<int id="r">11</int>
						<int id="x">-475</int>
						<int id="y">-1103</int>
						<int id="h">135</int>
						<int id="z">17</int>
						<bool id="h_flip">true</bool>
					</object>
					<object id="ground_spots_dark_1_1314378350089">
						<str id="name">ground_spots_dark_1_1314378350075</str>
						<str id="sprite_class">ground_spots_dark_1</str>
						<int id="w">230</int>
						<int id="r">1</int>
						<int id="x">223</int>
						<int id="y">-476</int>
						<int id="h">25</int>
						<int id="z">89</int>
					</object>
					<object id="grass_solid_1314378350199">
						<str id="name">grass_solid_1314378350190</str>
						<str id="sprite_class">grass_solid</str>
						<int id="w">106</int>
						<int id="x">-519</int>
						<int id="y">-235</int>
						<int id="h">91</int>
						<int id="z">75</int>
					</object>
					<object id="front_ground_top_1314321777745">
						<str id="name">front_ground_top_1314321777695</str>
						<str id="sprite_class">front_ground_top</str>
						<int id="w">310</int>
						<int id="r">-4</int>
						<int id="x">225</int>
						<int id="y">-2171</int>
						<int id="h">135</int>
						<int id="z">114</int>
					</object>
					<object id="underground_bogwillow_3_1314378350230">
						<str id="name">underground_bogwillow_3_1314378350189</str>
						<str id="sprite_class">underground_bogwillow_3</str>
						<int id="w">74</int>
						<int id="r">15</int>
						<int id="x">-891</int>
						<int id="y">-1307</int>
						<int id="h">124</int>
						<int id="z">165</int>
						<bool id="h_flip">true</bool>
					</object>
					<object id="grass_solid_1314378350248">
						<str id="name">grass_solid_1314378350190</str>
						<str id="sprite_class">grass_solid</str>
						<int id="w">88</int>
						<int id="x">311</int>
						<int id="y">-441</int>
						<int id="h">76</int>
						<int id="z">171</int>
					</object>
					<object id="mushroom3_1314378350226">
						<str id="name">mushroom3_1314378350226</str>
						<str id="sprite_class">mushroom3</str>
						<int id="w">16</int>
						<int id="r">45</int>
						<int id="x">-468</int>
						<int id="y">-994</int>
						<int id="h">47</int>
						<int id="z">50</int>
					</object>
					<object id="vine_rope_1314378350070">
						<str id="name">vine_rope_1314378350069</str>
						<str id="sprite_class">vine_rope</str>
						<int id="w">35</int>
						<int id="r">18</int>
						<int id="x">11</int>
						<int id="y">-2228</int>
						<int id="h">678</int>
						<int id="z">137</int>
					</object>
					<object id="grass_solid_1314378350192">
						<str id="name">grass_solid_1314378350190</str>
						<str id="sprite_class">grass_solid</str>
						<int id="w">127</int>
						<int id="x">625</int>
						<int id="y">-224</int>
						<int id="h">109</int>
						<int id="z">164</int>
					</object>
					<object id="mushrooms_1314378350223">
						<str id="name">mushrooms_1314378350222</str>
						<str id="sprite_class">mushrooms</str>
						<int id="w">38</int>
						<int id="r">15</int>
						<int id="x">-167</int>
						<int id="y">-984</int>
						<int id="h">65</int>
						<int id="z">59</int>
					</object>
					<object id="bottletree_burb_wndw_1_1314378350050">
						<str id="name">bottletree_burb_wndw_1_1314378350050</str>
						<str id="sprite_class">bottletree_burb_wndw_1</str>
						<int id="w">517</int>
						<int id="x">581</int>
						<int id="y">-2478</int>
						<int id="h">279</int>
						<int id="z">122</int>
					</object>
					<object id="coalleaf_1_1314378350060">
						<str id="name">coalleaf_1_1314378350057</str>
						<str id="sprite_class">coalleaf_1</str>
						<int id="w">89</int>
						<int id="r">35</int>
						<int id="x">-753</int>
						<int id="y">-1098</int>
						<int id="h">29</int>
						<int id="z">68</int>
					</object>
					<object id="front_ground_1_1314321777693">
						<str id="name">front_ground_1_1314321777684</str>
						<str id="sprite_class">front_ground_1</str>
						<int id="w">308</int>
						<int id="r">-1</int>
						<int id="x">439</int>
						<int id="y">79</int>
						<int id="h">191</int>
						<int id="z">32</int>
					</object>
					<object id="ground_spots_dark_1_1314378350103">
						<str id="name">ground_spots_dark_1_1314378350075</str>
						<str id="sprite_class">ground_spots_dark_1</str>
						<int id="w">261</int>
						<int id="r">5</int>
						<int id="x">-612</int>
						<int id="y">-1736</int>
						<int id="h">29</int>
						<int id="z">146</int>
					</object>
					<object id="legs_moss_4_1314378350051">
						<str id="name">legs_moss_4_1314378350051</str>
						<str id="sprite_class">legs_moss_4</str>
						<int id="w">181</int>
						<int id="x">796</int>
						<int id="y">-2304</int>
						<int id="h">257</int>
						<int id="z">130</int>
					</object>
					<object id="ladder_int_step_1314378350124">
						<str id="name">ladder_int_step_1314378350113</str>
						<str id="sprite_class">ladder_int_step</str>
						<int id="w">72</int>
						<int id="x">-326</int>
						<int id="y">-1640</int>
						<int id="h">64</int>
						<int id="z">154</int>
					</object>
					<object id="legs_moss_4_1314378350067">
						<str id="name">legs_moss_4_1314378350067</str>
						<str id="sprite_class">legs_moss_4</str>
						<int id="w">124</int>
						<int id="x">438</int>
						<int id="y">-2296</int>
						<int id="h">176</int>
						<int id="z">128</int>
					</object>
					<object id="underground_bogwillow_3_1314378350231">
						<str id="name">underground_bogwillow_3_1314378350189</str>
						<str id="sprite_class">underground_bogwillow_3</str>
						<int id="w">52</int>
						<int id="r">25</int>
						<int id="x">-837</int>
						<int id="y">-1311</int>
						<int id="h">87</int>
						<int id="z">166</int>
						<bool id="h_flip">true</bool>
					</object>
					<object id="legs_moss_4_1314321777710">
						<str id="name">legs_moss_4_1314321777710</str>
						<str id="sprite_class">legs_moss_4</str>
						<int id="w">307</int>
						<int id="x">-527</int>
						<int id="y">-220</int>
						<int id="h">437</int>
						<int id="z">79</int>
					</object>
					<object id="underground_bogwillow_3_1314378350227">
						<str id="name">underground_bogwillow_3_1314378350189</str>
						<str id="sprite_class">underground_bogwillow_3</str>
						<int id="w">74</int>
						<int id="r">15</int>
						<int id="x">-618</int>
						<int id="y">-988</int>
						<int id="h">124</int>
						<int id="z">64</int>
						<bool id="h_flip">true</bool>
					</object>
					<object id="ladder_interior_4steps_1314378350116">
						<str id="name">ladder_interior_4steps_1314378350114</str>
						<str id="sprite_class">ladder_interior_4steps</str>
						<int id="w">72</int>
						<int id="x">-752</int>
						<int id="y">-430</int>
						<int id="h">196</int>
						<int id="z">150</int>
					</object>
					<object id="ladder_interior_4steps_1314378350125">
						<str id="name">ladder_interior_4steps_1314378350114</str>
						<str id="sprite_class">ladder_interior_4steps</str>
						<int id="w">72</int>
						<int id="x">-326</int>
						<int id="y">-1444</int>
						<int id="h">196</int>
						<int id="z">156</int>
					</object>
					<object id="ground_spots_dark_2_1314378350091">
						<str id="name">ground_spots_dark_2_1314378350091</str>
						<str id="sprite_class">ground_spots_dark_2</str>
						<int id="w">359</int>
						<int id="r">8</int>
						<int id="x">320</int>
						<int id="y">-481</int>
						<int id="h">52</int>
						<int id="z">92</int>
					</object>
					<object id="ground_spots_dark_1_1314378350096">
						<str id="name">ground_spots_dark_1_1314378350075</str>
						<str id="sprite_class">ground_spots_dark_1</str>
						<int id="w">337</int>
						<int id="r">1</int>
						<int id="x">-275</int>
						<int id="y">-927</int>
						<int id="h">37</int>
						<int id="z">55</int>
					</object>
					<object id="front_ground_1_1314321777690">
						<str id="name">front_ground_1_1314321777684</str>
						<str id="sprite_class">front_ground_1</str>
						<int id="w">308</int>
						<int id="x">-291</int>
						<int id="y">74</int>
						<int id="h">191</int>
						<int id="z">41</int>
					</object>
					<object id="mushrooms_1314378350242">
						<str id="name">mushrooms_1314378350222</str>
						<str id="sprite_class">mushrooms</str>
						<int id="w">38</int>
						<int id="r">15</int>
						<int id="x">-509</int>
						<int id="y">-1782</int>
						<int id="h">65</int>
						<int id="z">109</int>
					</object>
					<object id="ground_spots_dark_1_1314378350104">
						<str id="name">ground_spots_dark_1_1314378350075</str>
						<str id="sprite_class">ground_spots_dark_1</str>
						<int id="w">347</int>
						<int id="r">11</int>
						<int id="x">-269</int>
						<int id="y">-1726</int>
						<int id="h">38</int>
						<int id="z">147</int>
					</object>
					<object id="ground_spots_dark_1_1314378350086">
						<str id="name">ground_spots_dark_1_1314378350075</str>
						<str id="sprite_class">ground_spots_dark_1</str>
						<int id="w">288</int>
						<int id="r">11</int>
						<int id="x">-286</int>
						<int id="y">-240</int>
						<int id="h">33</int>
						<int id="z">39</int>
					</object>
					<object id="ground_generic_3_spotless_1314321777744">
						<str id="name">ground_generic_3_spotless_1314321777688</str>
						<str id="sprite_class">ground_generic_3_spotless</str>
						<int id="w">307</int>
						<int id="r">8</int>
						<int id="x">-642</int>
						<int id="y">-2029</int>
						<int id="h">60</int>
						<int id="z">104</int>
					</object>
					<object id="grass_solid_1314378350198">
						<str id="name">grass_solid_1314378350190</str>
						<str id="sprite_class">grass_solid</str>
						<int id="w">66</int>
						<int id="x">-290</int>
						<int id="y">-200</int>
						<int id="h">57</int>
						<int id="z">80</int>
					</object>
					<object id="front_ground_top_1314321777695">
						<str id="name">front_ground_top_1314321777695</str>
						<str id="sprite_class">front_ground_top</str>
						<int id="w">310</int>
						<int id="x">-470</int>
						<int id="y">-852</int>
						<int id="h">135</int>
						<int id="z">48</int>
					</object>
					<object id="treetop_noflowers_2_1314378350053">
						<str id="name">treetop_noflowers_2_1314378350053</str>
						<str id="sprite_class">treetop_noflowers_2</str>
						<int id="w">777</int>
						<int id="x">519</int>
						<int id="y">-2662</int>
						<int id="h">378</int>
						<int id="z">134</int>
					</object>
					<object id="mushroom3_1314378350266">
						<str id="name">mushroom3_1314378350226</str>
						<str id="sprite_class">mushroom3</str>
						<int id="w">11</int>
						<int id="r">55</int>
						<int id="x">366</int>
						<int id="y">-2330</int>
						<int id="h">32</int>
						<int id="z">125</int>
					</object>
					<object id="underground_bogwillow_3_1314378350245">
						<str id="name">underground_bogwillow_3_1314378350189</str>
						<str id="sprite_class">underground_bogwillow_3</str>
						<int id="w">53</int>
						<int id="r">45</int>
						<int id="x">-869</int>
						<int id="y">-1834</int>
						<int id="h">89</int>
						<int id="z">107</int>
						<bool id="h_flip">true</bool>
					</object>
					<object id="ladder_interior_4steps_1314378350123">
						<str id="name">ladder_interior_4steps_1314378350114</str>
						<str id="sprite_class">ladder_interior_4steps</str>
						<int id="w">72</int>
						<int id="x">-326</int>
						<int id="y">-1251</int>
						<int id="h">196</int>
						<int id="z">155</int>
					</object>
					<object id="underground_bogwillow_3_1314378350203">
						<str id="name">underground_bogwillow_3_1314378350189</str>
						<str id="sprite_class">underground_bogwillow_3</str>
						<int id="w">44</int>
						<int id="r">-50</int>
						<int id="x">-153</int>
						<int id="y">-274</int>
						<int id="h">74</int>
						<int id="z">74</int>
						<bool id="h_flip">true</bool>
					</object>
					<object id="mushrooms_1314378350263">
						<str id="name">mushrooms_1314378350222</str>
						<str id="sprite_class">mushrooms</str>
						<int id="w">28</int>
						<int id="r">-15</int>
						<int id="x">669</int>
						<int id="y">-2302</int>
						<int id="h">48</int>
						<int id="z">132</int>
					</object>
					<object id="underground_bogwillow_3_1314378350244">
						<str id="name">underground_bogwillow_3_1314378350189</str>
						<str id="sprite_class">underground_bogwillow_3</str>
						<int id="w">71</int>
						<int id="r">30</int>
						<int id="x">-911</int>
						<int id="y">-1844</int>
						<int id="h">119</int>
						<int id="z">106</int>
						<bool id="h_flip">true</bool>
					</object>
					<object id="grass_solid_1314378350233">
						<str id="name">grass_solid_1314378350190</str>
						<str id="sprite_class">grass_solid</str>
						<int id="w">55</int>
						<int id="x">-624</int>
						<int id="y">-1178</int>
						<int id="h">47</int>
						<int id="z">61</int>
					</object>
					<object id="front_ground_top_1314321777732">
						<str id="name">front_ground_top_1314321777695</str>
						<str id="sprite_class">front_ground_top</str>
						<int id="w">310</int>
						<int id="r">5</int>
						<int id="x">-240</int>
						<int id="y">-1629</int>
						<int id="h">135</int>
						<int id="z">12</int>
						<bool id="h_flip">true</bool>
					</object>
					<object id="ground_spots_dark_1_1314378350081">
						<str id="name">ground_spots_dark_1_1314378350075</str>
						<str id="sprite_class">ground_spots_dark_1</str>
						<int id="w">235</int>
						<int id="r">1</int>
						<int id="x">524</int>
						<int id="y">-171</int>
						<int id="h">26</int>
						<int id="z">36</int>
					</object>
					<object id="grass_solid_1314378350196">
						<str id="name">grass_solid_1314378350190</str>
						<str id="sprite_class">grass_solid</str>
						<int id="w">105</int>
						<int id="x">-419</int>
						<int id="y">-198</int>
						<int id="h">90</int>
						<int id="z">82</int>
					</object>
					<object id="ground_spots9_1314378350046">
						<str id="name">ground_spots9_1314321777750</str>
						<str id="sprite_class">ground_spots9</str>
						<int id="w">158</int>
						<int id="r">-3</int>
						<int id="x">222</int>
						<int id="y">-2147</int>
						<int id="h">57</int>
						<int id="z">102</int>
					</object>
					<object id="ground_bump_1314321777725">
						<str id="name">ground_bump_1314321777725</str>
						<str id="sprite_class">ground_bump</str>
						<int id="w">379</int>
						<int id="r">87</int>
						<int id="x">-196</int>
						<int id="y">-398</int>
						<int id="h">91</int>
						<int id="z">21</int>
					</object>
					<object id="ground_spots_dark_1_1314378350110">
						<str id="name">ground_spots_dark_1_1314378350075</str>
						<str id="sprite_class">ground_spots_dark_1</str>
						<int id="w">272</int>
						<int id="r">4</int>
						<int id="x">643</int>
						<int id="y">-2219</int>
						<int id="h">30</int>
						<int id="z">118</int>
					</object>
					<object id="ground_generic_3_spotless_1314321777749">
						<str id="name">ground_generic_3_spotless_1314321777688</str>
						<str id="sprite_class">ground_generic_3_spotless</str>
						<int id="w">722</int>
						<int id="r">-14</int>
						<int id="x">439</int>
						<int id="y">-2231</int>
						<int id="h">136</int>
						<int id="z">1</int>
					</object>
					<object id="front_ground_top_1314321777734">
						<str id="name">front_ground_top_1314321777695</str>
						<str id="sprite_class">front_ground_top</str>
						<int id="w">310</int>
						<int id="x">-801</int>
						<int id="y">-1663</int>
						<int id="h">135</int>
						<int id="z">14</int>
						<bool id="h_flip">true</bool>
					</object>
					<object id="ground_spots_dark_1_1314378350078">
						<str id="name">ground_spots_dark_1_1314378350075</str>
						<str id="sprite_class">ground_spots_dark_1</str>
						<int id="w">373</int>
						<int id="r">-5</int>
						<int id="x">845</int>
						<int id="y">-128</int>
						<int id="h">42</int>
						<int id="z">40</int>
						<bool id="h_flip">true</bool>
					</object>
					<object id="front_ground_1_1314321777691">
						<str id="name">front_ground_1_1314321777684</str>
						<str id="sprite_class">front_ground_1</str>
						<int id="w">308</int>
						<int id="x">-80</int>
						<int id="y">48</int>
						<int id="h">191</int>
						<int id="z">30</int>
					</object>
					<object id="underground_bogwillow_3_1314378350252">
						<str id="name">underground_bogwillow_3_1314378350189</str>
						<str id="sprite_class">underground_bogwillow_3</str>
						<int id="w">62</int>
						<int id="r">25</int>
						<int id="x">-85</int>
						<int id="y">-537</int>
						<int id="h">104</int>
						<int id="z">174</int>
					</object>
					<object id="ground_spots_dark_1_1314378350100">
						<str id="name">ground_spots_dark_1_1314378350075</str>
						<str id="sprite_class">ground_spots_dark_1</str>
						<int id="w">335</int>
						<int id="r">11</int>
						<int id="x">-637</int>
						<int id="y">-1229</int>
						<int id="h">37</int>
						<int id="z">142</int>
					</object>
					<object id="front_ground_top_1314321777708">
						<str id="name">front_ground_top_1314321777695</str>
						<str id="sprite_class">front_ground_top</str>
						<int id="w">310</int>
						<int id="x">-185</int>
						<int id="y">-851</int>
						<int id="h">135</int>
						<int id="z">53</int>
					</object>
					<object id="crosssection_underground_fill_1_1314321777741">
						<str id="name">crosssection_underground_fill_1_1314321777736</str>
						<str id="sprite_class">crosssection_underground_fill_1</str>
						<int id="w">346</int>
						<int id="r">6</int>
						<int id="x">237</int>
						<int id="y">-2126</int>
						<int id="h">127</int>
						<int id="z">94</int>
					</object>
					<object id="ground_generic_3_spotless_1314321777688">
						<str id="name">ground_generic_3_spotless_1314321777688</str>
						<str id="sprite_class">ground_generic_3_spotless</str>
						<int id="w">2262</int>
						<int id="x">195</int>
						<int id="y">-20</int>
						<int id="h">258</int>
						<int id="z">26</int>
					</object>
					<object id="ground_generic_3_spotless_1314321777718">
						<str id="name">ground_generic_3_spotless_1314321777688</str>
						<str id="sprite_class">ground_generic_3_spotless</str>
						<int id="w">846</int>
						<int id="x">-179</int>
						<int id="y">-889</int>
						<int id="h">111</int>
						<int id="z">15</int>
					</object>
					<object id="front_ground_top_1314321777747">
						<str id="name">front_ground_top_1314321777695</str>
						<str id="sprite_class">front_ground_top</str>
						<int id="w">310</int>
						<int id="r">1</int>
						<int id="x">771</int>
						<int id="y">-2142</int>
						<int id="h">135</int>
						<int id="z">115</int>
					</object>
					<object id="grass_solid_1314378350247">
						<str id="name">grass_solid_1314378350190</str>
						<str id="sprite_class">grass_solid</str>
						<int id="w">72</int>
						<int id="x">371</int>
						<int id="y">-436</int>
						<int id="h">62</int>
						<int id="z">173</int>
					</object>
					<object id="shadow_1314378350118">
						<str id="name">shadow_1314321777701</str>
						<str id="sprite_class">shadow</str>
						<int id="w">139</int>
						<int id="x">-750</int>
						<int id="y">-219</int>
						<int id="h">27</int>
						<int id="z">151</int>
					</object>
					<object id="grass_solid_1314378350232">
						<str id="name">grass_solid_1314378350190</str>
						<str id="sprite_class">grass_solid</str>
						<int id="w">65</int>
						<int id="x">-582</int>
						<int id="y">-1163</int>
						<int id="h">56</int>
						<int id="z">62</int>
					</object>
					<object id="ground_spots_dark_1_1314378350098">
						<str id="name">ground_spots_dark_1_1314378350075</str>
						<str id="sprite_class">ground_spots_dark_1</str>
						<int id="w">291</int>
						<int id="r">13</int>
						<int id="x">-415</int>
						<int id="y">-1163</int>
						<int id="h">32</int>
						<int id="z">141</int>
					</object>
					<object id="front_ground_2_1314321777739">
						<str id="name">front_ground_2_1314321777700</str>
						<str id="sprite_class">front_ground_2</str>
						<int id="w">337</int>
						<int id="r">5</int>
						<int id="x">-409</int>
						<int id="y">-1764</int>
						<int id="h">163</int>
						<int id="z">108</int>
					</object>
					<object id="crosssection_underground_fill_2_1314321777738">
						<str id="name">crosssection_underground_fill_2_1314321777737</str>
						<str id="sprite_class">crosssection_underground_fill_2</str>
						<int id="w">233</int>
						<int id="x">434</int>
						<int id="y">-2106</int>
						<int id="h">134</int>
						<int id="z">96</int>
					</object>
					<object id="ground_spots_dark_1_1314378350093">
						<str id="name">ground_spots_dark_1_1314378350075</str>
						<str id="sprite_class">ground_spots_dark_1</str>
						<int id="w">168</int>
						<int id="r">-9</int>
						<int id="x">-63</int>
						<int id="y">-514</int>
						<int id="h">18</int>
						<int id="z">91</int>
					</object>
					<object id="ground_spots_dark_2_1314378350094">
						<str id="name">ground_spots_dark_2_1314378350091</str>
						<str id="sprite_class">ground_spots_dark_2</str>
						<int id="w">359</int>
						<int id="r">2</int>
						<int id="x">56</int>
						<int id="y">-930</int>
						<int id="h">52</int>
						<int id="z">57</int>
					</object>
					<object id="mushrooms_1314378350243">
						<str id="name">mushrooms_1314378350222</str>
						<str id="sprite_class">mushrooms</str>
						<int id="w">38</int>
						<int id="r">-15</int>
						<int id="x">-591</int>
						<int id="y">-1805</int>
						<int id="h">65</int>
						<int id="z">110</int>
					</object>
					<object id="shadow_1314378350068">
						<str id="name">shadow_1314378350068</str>
						<str id="sprite_class">shadow</str>
						<int id="w">627</int>
						<int id="x">586</int>
						<int id="y">-2269</int>
						<int id="h">270</int>
						<int id="z">126</int>
					</object>
					<object id="underground_bogwillow_2_1314378350237">
						<str id="name">underground_bogwillow_2_1314378350188</str>
						<str id="sprite_class">underground_bogwillow_2</str>
						<int id="w">52</int>
						<int id="x">-96</int>
						<int id="y">-1187</int>
						<int id="h">105</int>
						<int id="z">8</int>
					</object>
					<object id="grass_solid_1314378350256">
						<str id="name">grass_solid_1314378350190</str>
						<str id="sprite_class">grass_solid</str>
						<int id="w">141</int>
						<int id="r">1</int>
						<int id="x">896</int>
						<int id="y">-2310</int>
						<int id="h">121</int>
						<int id="z">129</int>
					</object>
					<object id="ground_spots_dark_1_1314378350087">
						<str id="name">ground_spots_dark_1_1314378350075</str>
						<str id="sprite_class">ground_spots_dark_1</str>
						<int id="w">235</int>
						<int id="r">3</int>
						<int id="x">-124</int>
						<int id="y">-200</int>
						<int id="h">26</int>
						<int id="z">37</int>
					</object>
					<object id="ground_spots_dark_1_1314378350083">
						<str id="name">ground_spots_dark_1_1314378350075</str>
						<str id="sprite_class">ground_spots_dark_1</str>
						<int id="w">366</int>
						<int id="r">1</int>
						<int id="x">-309</int>
						<int id="y">-99</int>
						<int id="h">41</int>
						<int id="z">42</int>
					</object>
					<object id="ground_spots_dark_1_1314378350105">
						<str id="name">ground_spots_dark_1_1314378350075</str>
						<str id="sprite_class">ground_spots_dark_1</str>
						<int id="w">260</int>
						<int id="r">6</int>
						<int id="x">-420</int>
						<int id="y">-1892</int>
						<int id="h">29</int>
						<int id="z">111</int>
					</object>
					<object id="treetop_noflowers_3_1314378350071">
						<str id="name">treetop_noflowers_3_1314378350071</str>
						<str id="sprite_class">treetop_noflowers_3</str>
						<int id="w">919</int>
						<int id="r">35</int>
						<int id="x">-1000</int>
						<int id="y">-2636</int>
						<int id="h">412</int>
						<int id="z">0</int>
					</object>
					<object id="ground_spots_dark_1_1314378350097">
						<str id="name">ground_spots_dark_1_1314378350075</str>
						<str id="sprite_class">ground_spots_dark_1</str>
						<int id="w">342</int>
						<int id="r">18</int>
						<int id="x">-77</int>
						<int id="y">-1108</int>
						<int id="h">38</int>
						<int id="z">140</int>
					</object>
					<object id="mushrooms_1314378350264">
						<str id="name">mushrooms_1314378350222</str>
						<str id="sprite_class">mushrooms</str>
						<int id="w">22</int>
						<int id="r">-20</int>
						<int id="x">559</int>
						<int id="y">-2343</int>
						<int id="h">38</int>
						<int id="z">5</int>
					</object>
					<object id="shadow_1314321777715">
						<str id="name">shadow_1314321777701</str>
						<str id="sprite_class">shadow</str>
						<int id="w">973</int>
						<int id="x">-352</int>
						<int id="y">-815</int>
						<int id="h">128</int>
						<int id="z">22</int>
					</object>
					<object id="front_ground_top_1314321777746">
						<str id="name">front_ground_top_1314321777695</str>
						<str id="sprite_class">front_ground_top</str>
						<int id="w">310</int>
						<int id="r">6</int>
						<int id="x">478</int>
						<int id="y">-2154</int>
						<int id="h">135</int>
						<int id="z">116</int>
					</object>
					<object id="underground_bogwillow_2_1314378350238">
						<str id="name">underground_bogwillow_2_1314378350188</str>
						<str id="sprite_class">underground_bogwillow_2</str>
						<int id="w">42</int>
						<int id="r">-25</int>
						<int id="x">-118</int>
						<int id="y">-1194</int>
						<int id="h">85</int>
						<int id="z">9</int>
					</object>
					<object id="ladder_interior_4steps_1314378350114">
						<str id="name">ladder_interior_4steps_1314378350114</str>
						<str id="sprite_class">ladder_interior_4steps</str>
						<int id="w">72</int>
						<int id="x">-752</int>
						<int id="y">-624</int>
						<int id="h">196</int>
						<int id="z">149</int>
					</object>
					<object id="grass_solid_1314378350249">
						<str id="name">grass_solid_1314378350190</str>
						<str id="sprite_class">grass_solid</str>
						<int id="w">70</int>
						<int id="x">211</int>
						<int id="y">-447</int>
						<int id="h">60</int>
						<int id="z">172</int>
					</object>
					<object id="underground_bogwillow_3_1314378350189">
						<str id="name">underground_bogwillow_3_1314378350189</str>
						<str id="sprite_class">underground_bogwillow_3</str>
						<int id="w">62</int>
						<int id="r">-20</int>
						<int id="x">262</int>
						<int id="y">-231</int>
						<int id="h">104</int>
						<int id="z">161</int>
					</object>
					<object id="ground_spots9_1314321777751">
						<str id="name">ground_spots9_1314321777750</str>
						<str id="sprite_class">ground_spots9</str>
						<int id="w">86</int>
						<int id="r">20</int>
						<int id="x">119</int>
						<int id="y">-2164</int>
						<int id="h">35</int>
						<int id="z">101</int>
					</object>
					<object id="coalleaf_1_1314378350059">
						<str id="name">coalleaf_1_1314378350057</str>
						<str id="sprite_class">coalleaf_1</str>
						<int id="w">97</int>
						<int id="r">120</int>
						<int id="x">-832</int>
						<int id="y">-1118</int>
						<int id="h">36</int>
						<int id="z">71</int>
					</object>
					<object id="ground_spots_dark_1_1314378350079">
						<str id="name">ground_spots_dark_1_1314378350075</str>
						<str id="sprite_class">ground_spots_dark_1</str>
						<int id="w">342</int>
						<int id="r">1</int>
						<int id="x">408</int>
						<int id="y">-92</int>
						<int id="h">38</int>
						<int id="z">35</int>
					</object>
					<object id="platform_bottletree_steep_3_panel_1314378350120">
						<str id="name">platform_bottletree_steep_3_panel_1314378350120</str>
						<str id="sprite_class">platform_bottletree_steep_3_panel</str>
						<int id="w">119</int>
						<int id="r">-3</int>
						<int id="x">-493</int>
						<int id="y">-455</int>
						<int id="h">88</int>
						<int id="z">83</int>
						<bool id="h_flip">true</bool>
					</object>
					<object id="grass_solid_1314378350235">
						<str id="name">grass_solid_1314378350190</str>
						<str id="sprite_class">grass_solid</str>
						<int id="w">93</int>
						<int id="r">6</int>
						<int id="x">-116</int>
						<int id="y">-1143</int>
						<int id="h">80</int>
						<int id="z">19</int>
					</object>
					<object id="ground_spots_dark_1_1314378350099">
						<str id="name">ground_spots_dark_1_1314378350075</str>
						<str id="sprite_class">ground_spots_dark_1</str>
						<int id="w">288</int>
						<int id="r">6</int>
						<int id="x">-327</int>
						<int id="y">-1097</int>
						<int id="h">31</int>
						<int id="z">144</int>
					</object>
					<object id="grass_solid_1314378350194">
						<str id="name">grass_solid_1314378350190</str>
						<str id="sprite_class">grass_solid</str>
						<int id="w">138</int>
						<int id="x">-414</int>
						<int id="y">-273</int>
						<int id="h">118</int>
						<int id="z">25</int>
					</object>
					<object id="ladder_tile_cap_1_bogwood_1314378350115">
						<str id="name">ladder_tile_cap_1_bogwood_1314378350115</str>
						<str id="sprite_class">ladder_tile_cap_1_bogwood</str>
						<int id="w">72</int>
						<int id="x">-752</int>
						<int id="y">-236</int>
						<int id="h">50</int>
						<int id="z">153</int>
					</object>
					<object id="front_ground_2_1314321777700">
						<str id="name">front_ground_2_1314321777700</str>
						<str id="sprite_class">front_ground_2</str>
						<int id="w">309</int>
						<int id="r">3</int>
						<int id="x">-63</int>
						<int id="y">-967</int>
						<int id="h">135</int>
						<int id="z">58</int>
						<bool id="h_flip">true</bool>
					</object>
					<object id="ground_spots_dark_1_1314378350111">
						<str id="name">ground_spots_dark_1_1314378350075</str>
						<str id="sprite_class">ground_spots_dark_1</str>
						<int id="w">303</int>
						<int id="r">-6</int>
						<int id="x">226</int>
						<int id="y">-2256</int>
						<int id="h">33</int>
						<int id="z">119</int>
					</object>
					<object id="ground_spots_dark_1_1314378350106">
						<str id="name">ground_spots_dark_1_1314378350075</str>
						<str id="sprite_class">ground_spots_dark_1</str>
						<int id="w">350</int>
						<int id="r">4</int>
						<int id="x">-791</int>
						<int id="y">-2058</int>
						<int id="h">39</int>
						<int id="z">112</int>
					</object>
					<object id="ground_spots_dark_1_1314378350080">
						<str id="name">ground_spots_dark_1_1314378350075</str>
						<str id="sprite_class">ground_spots_dark_1</str>
						<int id="w">410</int>
						<int id="r">1</int>
						<int id="x">107</int>
						<int id="y">-164</int>
						<int id="h">46</int>
						<int id="z">38</int>
					</object>
					<object id="ground_spots_dark_1_1314378350075">
						<str id="name">ground_spots_dark_1_1314378350075</str>
						<str id="sprite_class">ground_spots_dark_1</str>
						<int id="w">427</int>
						<int id="x">757</int>
						<int id="y">-200</int>
						<int id="h">48</int>
						<int id="z">34</int>
					</object>
					<object id="walkway_2_1314321777704">
						<str id="name">walkway_2_1314321777704</str>
						<str id="sprite_class">walkway_2</str>
						<int id="w">553</int>
						<int id="x">-781</int>
						<int id="y">-851</int>
						<int id="h">104</int>
						<int id="z">85</int>
					</object>
					<object id="legs_moss_noBase_1314378350055">
						<str id="name">legs_moss_noBase_1314378350055</str>
						<str id="sprite_class">legs_moss_noBase</str>
						<int id="w">355</int>
						<int id="r">-186</int>
						<int id="x">817</int>
						<int id="y">-2133</int>
						<int id="h">659</int>
						<int id="z">135</int>
						<bool id="h_flip">true</bool>
					</object>
					<object id="grass_solid_1314378350258">
						<str id="name">grass_solid_1314378350190</str>
						<str id="sprite_class">grass_solid</str>
						<int id="w">100</int>
						<int id="r">1</int>
						<int id="x">534</int>
						<int id="y">-2339</int>
						<int id="h">86</int>
						<int id="z">3</int>
					</object>
					<object id="front_ground_1_1314321777684">
						<str id="name">front_ground_1_1314321777684</str>
						<str id="sprite_class">front_ground_1</str>
						<int id="w">308</int>
						<int id="x">-809</int>
						<int id="y">31</int>
						<int id="h">191</int>
						<int id="z">28</int>
					</object>
					<object id="background_wallpaper_dirt_01_1314321777696">
						<str id="name">background_wallpaper_dirt_01_1314321777696</str>
						<str id="sprite_class">background_wallpaper_dirt_01</str>
						<int id="w">1048</int>
						<int id="r">1</int>
						<int id="x">-612</int>
						<int id="y">-1126</int>
						<int id="h">605</int>
						<int id="z">7</int>
					</object>
					<object id="ground_spots_dark_1_1314378350095">
						<str id="name">ground_spots_dark_1_1314378350075</str>
						<str id="sprite_class">ground_spots_dark_1</str>
						<int id="w">246</int>
						<int id="r">-2</int>
						<int id="x">-443</int>
						<int id="y">-957</int>
						<int id="h">27</int>
						<int id="z">54</int>
					</object>
					<object id="grass_solid_1314378350236">
						<str id="name">grass_solid_1314378350190</str>
						<str id="sprite_class">grass_solid</str>
						<int id="w">119</int>
						<int id="r">6</int>
						<int id="x">-178</int>
						<int id="y">-1158</int>
						<int id="h">102</int>
						<int id="z">18</int>
					</object>
					<object id="front_ground_top_1314321777709">
						<str id="name">front_ground_top_1314321777695</str>
						<str id="sprite_class">front_ground_top</str>
						<int id="w">310</int>
						<int id="x">90</int>
						<int id="y">-848</int>
						<int id="h">135</int>
						<int id="z">56</int>
						<bool id="h_flip">true</bool>
					</object>
					<object id="underground_bogwillow_1314378350187">
						<str id="name">underground_bogwillow_1314378350187</str>
						<str id="sprite_class">underground_bogwillow</str>
						<int id="w">166</int>
						<int id="r">15</int>
						<int id="x">446</int>
						<int id="y">-236</int>
						<int id="h">168</int>
						<int id="z">159</int>
						<bool id="h_flip">true</bool>
					</object>
					<object id="crosssection_underground_fill_2_1314321777737">
						<str id="name">crosssection_underground_fill_2_1314321777737</str>
						<str id="sprite_class">crosssection_underground_fill_2</str>
						<int id="w">343</int>
						<int id="x">835</int>
						<int id="y">-2013</int>
						<int id="h">221</int>
						<int id="z">95</int>
					</object>
					<object id="ground_generic_3_spotless_1314321777724">
						<str id="name">ground_generic_3_spotless_1314321777688</str>
						<str id="sprite_class">ground_generic_3_spotless</str>
						<int id="w">535</int>
						<int id="r">2</int>
						<int id="x">218</int>
						<int id="y">-459</int>
						<int id="h">87</int>
						<int id="z">86</int>
					</object>
					<object id="ground_spots_dark_1_1314378350109">
						<str id="name">ground_spots_dark_1_1314378350075</str>
						<str id="sprite_class">ground_spots_dark_1</str>
						<int id="w">411</int>
						<int id="r">4</int>
						<int id="x">825</int>
						<int id="y">-2255</int>
						<int id="h">46</int>
						<int id="z">117</int>
					</object>
					<object id="ground_spots_dark_1_1314378350107">
						<str id="name">ground_spots_dark_1_1314378350075</str>
						<str id="sprite_class">ground_spots_dark_1</str>
						<int id="w">192</int>
						<int id="r">8</int>
						<int id="x">-599</int>
						<int id="y">-2027</int>
						<int id="h">22</int>
						<int id="z">113</int>
					</object>
					<object id="grass_solid_1314378350262">
						<str id="name">grass_solid_1314378350190</str>
						<str id="sprite_class">grass_solid</str>
						<int id="w">85</int>
						<int id="r">1</int>
						<int id="x">381</int>
						<int id="y">-2314</int>
						<int id="h">73</int>
						<int id="z">123</int>
					</object>
					<object id="ground_spots_dark_1_1314378350092">
						<str id="name">ground_spots_dark_1_1314378350075</str>
						<str id="sprite_class">ground_spots_dark_1</str>
						<int id="w">327</int>
						<int id="r">-6</int>
						<int id="x">-22</int>
						<int id="y">-478</int>
						<int id="h">36</int>
						<int id="z">90</int>
					</object>
					<object id="platform_bottletree_steep_4_panel_1314378350119">
						<str id="name">platform_bottletree_steep_4_panel_1314378350119</str>
						<str id="sprite_class">platform_bottletree_steep_4_panel</str>
						<int id="w">128</int>
						<int id="r">-6</int>
						<int id="x">-568</int>
						<int id="y">-519</int>
						<int id="h">122</int>
						<int id="z">84</int>
						<bool id="h_flip">true</bool>
					</object>
					<object id="grass_solid_1314378350259">
						<str id="name">grass_solid_1314378350190</str>
						<str id="sprite_class">grass_solid</str>
						<int id="w">100</int>
						<int id="r">1</int>
						<int id="x">614</int>
						<int id="y">-2356</int>
						<int id="h">86</int>
						<int id="z">4</int>
					</object>
					<object id="bottletree_body2_1314321777699">
						<str id="name">bottletree_body2_1314321777699</str>
						<str id="sprite_class">bottletree_body2</str>
						<int id="w">637</int>
						<int id="x">-774</int>
						<int id="y">-534</int>
						<int id="h">608</int>
						<int id="z">66</int>
					</object>
					<object id="front_ground_1_1314321777689">
						<str id="name">front_ground_1_1314321777684</str>
						<str id="sprite_class">front_ground_1</str>
						<int id="w">308</int>
						<int id="r">8</int>
						<int id="x">-557</int>
						<int id="y">56</int>
						<int id="h">191</int>
						<int id="z">29</int>
					</object>
					<object id="front_ground_2_1314378350219">
						<str id="name">front_ground_2_1314321777700</str>
						<str id="sprite_class">front_ground_2</str>
						<int id="w">322</int>
						<int id="r">5</int>
						<int id="x">-342</int>
						<int id="y">-974</int>
						<int id="h">156</int>
						<int id="z">46</int>
					</object>
					<object id="grass_solid_1314378350200">
						<str id="name">grass_solid_1314378350190</str>
						<str id="sprite_class">grass_solid</str>
						<int id="w">133</int>
						<int id="x">-882</int>
						<int id="y">-234</int>
						<int id="h">114</int>
						<int id="z">76</int>
					</object>
					<object id="vine_rope_1314378350072">
						<str id="name">vine_rope_1314378350069</str>
						<str id="sprite_class">vine_rope</str>
						<int id="w">35</int>
						<int id="r">-22</int>
						<int id="x">-371</int>
						<int id="y">-2171</int>
						<int id="h">504</int>
						<int id="z">138</int>
					</object>
					<object id="grass_solid_1314378350229">
						<str id="name">grass_solid_1314378350190</str>
						<str id="sprite_class">grass_solid</str>
						<int id="w">115</int>
						<int id="x">-860</int>
						<int id="y">-1265</int>
						<int id="h">99</int>
						<int id="z">167</int>
					</object>
					<object id="coalleaf_1_1314378350057">
						<str id="name">coalleaf_1_1314378350057</str>
						<str id="sprite_class">coalleaf_1</str>
						<int id="w">120</int>
						<int id="r">7</int>
						<int id="x">-721</int>
						<int id="y">-1118</int>
						<int id="h">25</int>
						<int id="z">67</int>
					</object>
					<object id="ground_spots_dark_1_1314378350101">
						<str id="name">ground_spots_dark_1_1314378350075</str>
						<str id="sprite_class">ground_spots_dark_1</str>
						<int id="w">340</int>
						<int id="r">10</int>
						<int id="x">-840</int>
						<int id="y">-1221</int>
						<int id="h">38</int>
						<int id="z">143</int>
					</object>
				</object>
				<object id="walls">
				</object>
				<str id="name">middleground</str>
				<object id="signposts">
					<object id="signpost_2">
						<str id="id">signpost_2</str>
						<int id="y">-2085</int>
						<int id="h">200</int>
						<int id="w">100</int>
						<object id="connects">
							<object id="0">
								<str id="swf_file_versioned">http://c2.glitch.bz/locations/firebog/1316308421.swf</str>
								<str id="hub_id">99</str>
								<int id="x">2708</int>
								<int id="y">-392</int>
								<str id="mote_id">9</str>
								<objref id="target" tsid="LA99VU1246A2VND" label="Vilong Hari"/>
							</object>
							<object id="1">
								<str id="swf_file_versioned">http://c2.glitch.bz/locations/firebog/1316308421.swf</str>
								<str id="hub_id">99</str>
								<int id="x">-2700</int>
								<int id="y">-212</int>
								<str id="mote_id">9</str>
								<objref id="target" tsid="LA98V53GRQA2VTO" label="Tonki Toe"/>
							</object>
						</object>
						<int id="x">-777</int>
					</object>
					<object id="signpost_1">
						<str id="id">signpost_1</str>
						<int id="y">-194</int>
						<int id="h">200</int>
						<int id="w">100</int>
						<object id="connects">
							<object id="0">
								<str id="swf_file_versioned">http://c2.glitch.bz/locations/firebog/1316308421.swf</str>
								<str id="hub_id">99</str>
								<int id="x">-2707</int>
								<int id="y">-385</int>
								<str id="mote_id">9</str>
								<objref id="target" tsid="LA9U04T3OAA2R2L" label="Jellow Diaspora"/>
							</object>
							<object id="1">
								<str id="swf_file_versioned">http://c2.glitch.bz/locations/firebog/1316308421.swf</str>
								<str id="hub_id">99</str>
								<int id="x">2678</int>
								<int id="y">-242</int>
								<str id="mote_id">9</str>
								<objref id="target" tsid="LA9QOQAL96A2L2K" label="Coci Muttah"/>
							</object>
						</object>
						<int id="x">761</int>
					</object>
				</object>
				<int id="h">3000</int>
				<int id="z">0</int>
				<object id="targets">
				</object>
				<object id="platform_lines">
					<object id="plat_1314378350158">
						<int id="platform_pc_perm">-1</int>
						<int id="platform_item_perm">-1</int>
						<object id="start">
							<int id="y">-1180</int>
							<int id="x">-387</int>
						</object>
						<object id="end">
							<int id="y">-1153</int>
							<int id="x">-186</int>
						</object>
					</object>
					<object id="plat_1314378350175">
						<int id="platform_pc_perm">-1</int>
						<int id="platform_item_perm">-1</int>
						<object id="start">
							<int id="y">-1115</int>
							<int id="x">-441</int>
						</object>
						<object id="end">
							<int id="y">-1118</int>
							<int id="x">-320</int>
						</object>
					</object>
					<object id="plat_1314378350185">
						<int id="platform_pc_perm">-1</int>
						<int id="platform_item_perm">-1</int>
						<object id="start">
							<int id="y">-2278</int>
							<int id="x">386</int>
						</object>
						<object id="end">
							<int id="y">-2258</int>
							<int id="x">566</int>
						</object>
					</object>
					<object id="plat_1314378350126">
						<int id="platform_pc_perm">-1</int>
						<int id="platform_item_perm">-1</int>
						<object id="start">
							<int id="y">-164</int>
							<int id="x">476</int>
						</object>
						<object id="end">
							<int id="y">-180</int>
							<int id="x">897</int>
						</object>
					</object>
					<object id="plat_1314378350182">
						<int id="platform_pc_perm">-1</int>
						<int id="platform_item_perm">-1</int>
						<object id="start">
							<int id="y">-2256</int>
							<int id="x">126</int>
						</object>
						<object id="end">
							<int id="y">-2273</int>
							<int id="x">227</int>
						</object>
					</object>
					<object id="plat_1314378350138">
						<int id="platform_pc_perm">-1</int>
						<int id="platform_item_perm">-1</int>
						<object id="start">
							<int id="y">-951</int>
							<int id="x">-536</int>
						</object>
						<object id="end">
							<int id="y">-963</int>
							<int id="x">-493</int>
						</object>
					</object>
					<object id="plat_1314378350131">
						<int id="platform_pc_perm">-1</int>
						<int id="platform_item_perm">-1</int>
						<object id="start">
							<int id="y">-200</int>
							<int id="x">-667</int>
						</object>
						<object id="end">
							<int id="y">-184</int>
							<int id="x">-386</int>
						</object>
					</object>
					<object id="plat_1314378350174">
						<int id="platform_pc_perm">-1</int>
						<int id="platform_item_perm">-1</int>
						<object id="start">
							<int id="y">-1105</int>
							<int id="x">-481</int>
						</object>
						<object id="end">
							<int id="y">-1115</int>
							<int id="x">-441</int>
						</object>
					</object>
					<object id="plat_1314378350166">
						<int id="platform_pc_perm">-1</int>
						<int id="platform_item_perm">-1</int>
						<object id="start">
							<int id="y">-1738</int>
							<int id="x">-172</int>
						</object>
						<object id="end">
							<int id="y">-1709</int>
							<int id="x">-88</int>
						</object>
					</object>
					<object id="plat_1314378350165">
						<int id="platform_pc_perm">-1</int>
						<int id="platform_item_perm">-1</int>
						<object id="start">
							<int id="y">-1737</int>
							<int id="x">-268</int>
						</object>
						<object id="end">
							<int id="y">-1738</int>
							<int id="x">-172</int>
						</object>
					</object>
					<object id="plat_1314378350132">
						<int id="platform_pc_perm">-1</int>
						<int id="platform_item_perm">-1</int>
						<object id="start">
							<int id="y">-184</int>
							<int id="x">-386</int>
						</object>
						<object id="end">
							<int id="y">-194</int>
							<int id="x">-222</int>
						</object>
					</object>
					<object id="plat_1314378350170">
						<int id="platform_pc_perm">-1</int>
						<int id="platform_item_perm">-1</int>
						<object id="start">
							<int id="y">-1903</int>
							<int id="x">-558</int>
						</object>
						<object id="end">
							<int id="y">-1912</int>
							<int id="x">-487</int>
						</object>
					</object>
					<object id="plat_1314378350159">
						<int id="platform_pc_perm">-1</int>
						<int id="platform_item_perm">-1</int>
						<object id="start">
							<int id="y">-1153</int>
							<int id="x">-186</int>
						</object>
						<object id="end">
							<int id="y">-1111</int>
							<int id="x">-1</int>
						</object>
					</object>
					<object id="plat_1314378350173">
						<int id="platform_pc_perm">-1</int>
						<int id="platform_item_perm">-1</int>
						<object id="start">
							<int id="y">-1904</int>
							<int id="x">-338</int>
						</object>
						<object id="end">
							<int id="y">-1877</int>
							<int id="x">-237</int>
						</object>
					</object>
					<object id="plat_1314378350160">
						<int id="platform_pc_perm">-1</int>
						<int id="platform_item_perm">-1</int>
						<object id="start">
							<int id="y">-1111</int>
							<int id="x">-1</int>
						</object>
						<object id="end">
							<int id="y">-1076</int>
							<int id="x">86</int>
						</object>
					</object>
					<object id="plat_1314378350136">
						<int id="platform_pc_perm">-1</int>
						<int id="platform_item_perm">-1</int>
						<object id="start">
							<int id="y">-885</int>
							<int id="x">-757</int>
						</object>
						<object id="end">
							<int id="y">-901</int>
							<int id="x">-645</int>
						</object>
					</object>
					<object id="plat_1314378350168">
						<int id="platform_pc_perm">-1</int>
						<int id="platform_item_perm">-1</int>
						<object id="start">
							<int id="y">-2059</int>
							<int id="x">-900</int>
						</object>
						<object id="end">
							<int id="y">-2066</int>
							<int id="x">-737</int>
						</object>
					</object>
					<object id="plat_1314378350150">
						<int id="platform_pc_perm">-1</int>
						<int id="platform_item_perm">-1</int>
						<object id="start">
							<int id="y">-499</int>
							<int id="x">28</int>
						</object>
						<object id="end">
							<int id="y">-505</int>
							<int id="x">188</int>
						</object>
					</object>
					<object id="plat_1314378350186">
						<int id="platform_pc_perm">-1</int>
						<int id="platform_item_perm">-1</int>
						<object id="start">
							<int id="y">-2258</int>
							<int id="x">566</int>
						</object>
						<object id="end">
							<int id="y">-2271</int>
							<int id="x">899</int>
						</object>
					</object>
					<object id="plat_1314378350169">
						<int id="platform_pc_perm">-1</int>
						<int id="platform_item_perm">-1</int>
						<object id="start">
							<int id="y">-2066</int>
							<int id="x">-737</int>
						</object>
						<object id="end">
							<int id="y">-2054</int>
							<int id="x">-631</int>
						</object>
					</object>
					<object id="plat_1314378350157">
						<int id="platform_pc_perm">-1</int>
						<int id="platform_item_perm">-1</int>
						<object id="start">
							<int id="y">-1231</int>
							<int id="x">-651</int>
						</object>
						<object id="end">
							<int id="y">-1180</int>
							<int id="x">-387</int>
						</object>
					</object>
					<object id="plat_1314378350146">
						<int id="platform_pc_perm">-1</int>
						<int id="platform_item_perm">-1</int>
						<object id="start">
							<int id="y">-618</int>
							<int id="x">-599</int>
						</object>
						<object id="end">
							<int id="y">-573</int>
							<int id="x">-563</int>
						</object>
					</object>
					<object id="plat_1314378350142">
						<int id="platform_pc_perm">-1</int>
						<int id="platform_item_perm">-1</int>
						<object id="start">
							<int id="y">-951</int>
							<int id="x">-96</int>
						</object>
						<object id="end">
							<int id="y">-971</int>
							<int id="x">16</int>
						</object>
					</object>
					<object id="plat_1314378350180">
						<int id="platform_pc_perm">-1</int>
						<int id="platform_item_perm">-1</int>
						<object id="start">
							<int id="y">-2176</int>
							<int id="x">-128</int>
						</object>
						<object id="end">
							<int id="y">-2208</int>
							<int id="x">8</int>
						</object>
					</object>
					<object id="plat_1314378350181">
						<int id="platform_pc_perm">-1</int>
						<int id="platform_item_perm">-1</int>
						<object id="start">
							<int id="y">-2208</int>
							<int id="x">8</int>
						</object>
						<object id="end">
							<int id="y">-2256</int>
							<int id="x">126</int>
						</object>
					</object>
					<object id="plat_1314378350135">
						<int id="platform_pc_perm">-1</int>
						<int id="platform_item_perm">-1</int>
						<object id="start">
							<int id="y">-884</int>
							<int id="x">-838</int>
						</object>
						<object id="end">
							<int id="y">-885</int>
							<int id="x">-757</int>
						</object>
					</object>
					<object id="plat_1314378350127">
						<int id="platform_pc_perm">-1</int>
						<int id="platform_item_perm">-1</int>
						<object id="start">
							<int id="y">-173</int>
							<int id="x">58</int>
						</object>
						<object id="end">
							<int id="y">-164</int>
							<int id="x">476</int>
						</object>
					</object>
					<object id="plat_1314378350128">
						<int id="platform_pc_perm">-1</int>
						<int id="platform_item_perm">-1</int>
						<object id="start">
							<int id="y">-194</int>
							<int id="x">-222</int>
						</object>
						<object id="end">
							<int id="y">-173</int>
							<int id="x">58</int>
						</object>
					</object>
					<object id="plat_1315031915655">
						<int id="platform_pc_perm">-1</int>
						<int id="platform_item_perm">-1</int>
						<object id="start">
							<int id="y">-1242</int>
							<int id="x">-899</int>
						</object>
						<object id="end">
							<int id="y">-1234</int>
							<int id="x">-788</int>
						</object>
					</object>
					<object id="plat_1314378350149">
						<int id="platform_pc_perm">-1</int>
						<int id="platform_item_perm">-1</int>
						<object id="start">
							<int id="y">-495</int>
							<int id="x">-115</int>
						</object>
						<object id="end">
							<int id="y">-499</int>
							<int id="x">28</int>
						</object>
					</object>
					<object id="plat_1314378350145">
						<int id="platform_pc_perm">-1</int>
						<int id="platform_item_perm">-1</int>
						<object id="start">
							<int id="y">-621</int>
							<int id="x">-630</int>
						</object>
						<object id="end">
							<int id="y">-618</int>
							<int id="x">-599</int>
						</object>
					</object>
					<object id="plat_1314378350155">
						<int id="platform_pc_perm">-1</int>
						<int id="platform_item_perm">-1</int>
						<object id="start">
							<int id="y">-502</int>
							<int id="x">414</int>
						</object>
						<object id="end">
							<int id="y">-473</int>
							<int id="x">493</int>
						</object>
					</object>
					<object id="plat_1314378350140">
						<int id="platform_pc_perm">-1</int>
						<int id="platform_item_perm">-1</int>
						<object id="start">
							<int id="y">-959</int>
							<int id="x">-415</int>
						</object>
						<object id="end">
							<int id="y">-945</int>
							<int id="x">-260</int>
						</object>
					</object>
					<object id="plat_1314378350154">
						<int id="platform_pc_perm">-1</int>
						<int id="platform_item_perm">-1</int>
						<object id="start">
							<int id="y">-522</int>
							<int id="x">334</int>
						</object>
						<object id="end">
							<int id="y">-502</int>
							<int id="x">414</int>
						</object>
					</object>
					<object id="plat_1314378350141">
						<int id="platform_pc_perm">-1</int>
						<int id="platform_item_perm">-1</int>
						<object id="start">
							<int id="y">-945</int>
							<int id="x">-260</int>
						</object>
						<object id="end">
							<int id="y">-951</int>
							<int id="x">-96</int>
						</object>
					</object>
					<object id="plat_1314378350176">
						<int id="platform_pc_perm">-1</int>
						<int id="platform_item_perm">-1</int>
						<object id="start">
							<int id="y">-1118</int>
							<int id="x">-320</int>
						</object>
						<object id="end">
							<int id="y">-1103</int>
							<int id="x">-157</int>
						</object>
					</object>
					<object id="plat_1314378350178">
						<int id="platform_pc_perm">-1</int>
						<int id="platform_item_perm">-1</int>
						<object id="start">
							<int id="y">-2162</int>
							<int id="x">-378</int>
						</object>
						<object id="end">
							<int id="y">-2160</int>
							<int id="x">-272</int>
						</object>
					</object>
					<object id="plat_1314378350184">
						<int id="platform_pc_perm">-1</int>
						<int id="platform_item_perm">-1</int>
						<object id="start">
							<int id="y">-2273</int>
							<int id="x">227</int>
						</object>
						<object id="end">
							<int id="y">-2278</int>
							<int id="x">386</int>
						</object>
					</object>
					<object id="plat_1314378350139">
						<int id="platform_pc_perm">-1</int>
						<int id="platform_item_perm">-1</int>
						<object id="start">
							<int id="y">-963</int>
							<int id="x">-493</int>
						</object>
						<object id="end">
							<int id="y">-959</int>
							<int id="x">-415</int>
						</object>
					</object>
					<object id="plat_1314378350129">
						<int id="platform_pc_perm">-1</int>
						<int id="platform_item_perm">-1</int>
						<object id="start">
							<int id="y">-211</int>
							<int id="x">-899</int>
						</object>
						<object id="end">
							<int id="y">-200</int>
							<int id="x">-667</int>
						</object>
					</object>
					<object id="plat_1314378350143">
						<int id="platform_pc_perm">-1</int>
						<int id="platform_item_perm">-1</int>
						<object id="start">
							<int id="y">-971</int>
							<int id="x">16</int>
						</object>
						<object id="end">
							<int id="y">-965</int>
							<int id="x">127</int>
						</object>
					</object>
					<object id="plat_1314378350163">
						<int id="platform_pc_perm">-1</int>
						<int id="platform_item_perm">-1</int>
						<object id="start">
							<int id="y">-1736</int>
							<int id="x">-397</int>
						</object>
						<object id="end">
							<int id="y">-1737</int>
							<int id="x">-268</int>
						</object>
					</object>
					<object id="plat_1314378350171">
						<int id="platform_pc_perm">-1</int>
						<int id="platform_item_perm">-1</int>
						<object id="start">
							<int id="y">-2054</int>
							<int id="x">-631</int>
						</object>
						<object id="end">
							<int id="y">-2018</int>
							<int id="x">-498</int>
						</object>
					</object>
					<object id="plat_1314378350172">
						<int id="platform_pc_perm">-1</int>
						<int id="platform_item_perm">-1</int>
						<object id="start">
							<int id="y">-1912</int>
							<int id="x">-487</int>
						</object>
						<object id="end">
							<int id="y">-1904</int>
							<int id="x">-338</int>
						</object>
					</object>
					<object id="plat_1314378350162">
						<int id="platform_pc_perm">-1</int>
						<int id="platform_item_perm">-1</int>
						<object id="start">
							<int id="y">-1768</int>
							<int id="x">-713</int>
						</object>
						<object id="end">
							<int id="y">-1736</int>
							<int id="x">-397</int>
						</object>
					</object>
					<object id="plat_1314378350179">
						<int id="platform_pc_perm">-1</int>
						<int id="platform_item_perm">-1</int>
						<object id="start">
							<int id="y">-2160</int>
							<int id="x">-272</int>
						</object>
						<object id="end">
							<int id="y">-2176</int>
							<int id="x">-128</int>
						</object>
					</object>
					<object id="plat_1314378350148">
						<int id="platform_pc_perm">-1</int>
						<int id="platform_item_perm">-1</int>
						<object id="start">
							<int id="y">-455</int>
							<int id="x">-192</int>
						</object>
						<object id="end">
							<int id="y">-495</int>
							<int id="x">-115</int>
						</object>
					</object>
					<object id="plat_1314378350153">
						<int id="platform_pc_perm">-1</int>
						<int id="platform_item_perm">-1</int>
						<object id="start">
							<int id="y">-520</int>
							<int id="x">267</int>
						</object>
						<object id="end">
							<int id="y">-522</int>
							<int id="x">334</int>
						</object>
					</object>
					<object id="plat_1314378350161">
						<int id="platform_pc_perm">-1</int>
						<int id="platform_item_perm">-1</int>
						<object id="start">
							<int id="y">-1792</int>
							<int id="x">-899</int>
						</object>
						<object id="end">
							<int id="y">-1768</int>
							<int id="x">-713</int>
						</object>
					</object>
					<object id="plat_1315031915654">
						<int id="platform_pc_perm">-1</int>
						<int id="platform_item_perm">-1</int>
						<object id="start">
							<int id="y">-1234</int>
							<int id="x">-788</int>
						</object>
						<object id="end">
							<int id="y">-1231</int>
							<int id="x">-651</int>
						</object>
					</object>
					<object id="plat_1314378350147">
						<int id="platform_pc_perm">-1</int>
						<int id="platform_item_perm">-1</int>
						<object id="start">
							<int id="y">-573</int>
							<int id="x">-563</int>
						</object>
						<object id="end">
							<int id="y">-476</int>
							<int id="x">-465</int>
						</object>
					</object>
					<object id="plat_1314378350177">
						<int id="platform_pc_perm">-1</int>
						<int id="platform_item_perm">-1</int>
						<object id="start">
							<int id="y">-1103</int>
							<int id="x">-157</int>
						</object>
						<object id="end">
							<int id="y">-1117</int>
							<int id="x">-43</int>
						</object>
					</object>
					<object id="plat_1314378350151">
						<int id="platform_pc_perm">-1</int>
						<int id="platform_item_perm">-1</int>
						<object id="start">
							<int id="y">-505</int>
							<int id="x">188</int>
						</object>
						<object id="end">
							<int id="y">-520</int>
							<int id="x">267</int>
						</object>
					</object>
					<object id="plat_1314378350144">
						<int id="platform_pc_perm">-1</int>
						<int id="platform_item_perm">-1</int>
						<object id="start">
							<int id="y">-965</int>
							<int id="x">127</int>
						</object>
						<object id="end">
							<int id="y">-932</int>
							<int id="x">232</int>
						</object>
					</object>
					<object id="plat_1314378350137">
						<int id="platform_pc_perm">-1</int>
						<int id="platform_item_perm">-1</int>
						<object id="start">
							<int id="y">-901</int>
							<int id="x">-645</int>
						</object>
						<object id="end">
							<int id="y">-951</int>
							<int id="x">-536</int>
						</object>
					</object>
					<object id="plat_1314378350134">
						<int id="platform_pc_perm">-1</int>
						<int id="platform_item_perm">-1</int>
						<object id="start">
							<int id="y">-890</int>
							<int id="x">-899</int>
						</object>
						<object id="end">
							<int id="y">-884</int>
							<int id="x">-838</int>
						</object>
					</object>
				</object>
				<object id="ladders">
					<object id="ladder_1314378350133">
						<int id="y">-230</int>
						<int id="w">50</int>
						<int id="h">666</int>
						<int id="x">-751</int>
					</object>
					<object id="ladder_1314378350167">
						<int id="y">-1202</int>
						<int id="w">50</int>
						<int id="h">541</int>
						<int id="x">-327</int>
					</object>
				</object>
			</object>
			<object id="T_1314052578635">
				<str id="name">sky</str>
				<int id="w">1656</int>
				<int id="h">2820</int>
				<int id="z">-2</int>
				<object id="decos">
					<object id="clouds2_1314061539122">
						<str id="name">clouds2_1314061539122</str>
						<str id="sprite_class">clouds2</str>
						<int id="w">851</int>
						<int id="x">1309</int>
						<int id="y">2204</int>
						<int id="h">50</int>
						<int id="z">5</int>
					</object>
					<object id="background_bottletree_silhouette_1314061539042">
						<str id="name">background_bottletree_silhouette_1314061539042</str>
						<str id="sprite_class">background_bottletree_silhouette</str>
						<int id="w">134</int>
						<int id="x">1361</int>
						<int id="y">2434</int>
						<int id="h">180</int>
						<int id="z">1</int>
					</object>
					<object id="clouds9_1314061539126">
						<str id="name">clouds9_1314061539126</str>
						<str id="sprite_class">clouds9</str>
						<int id="w">991</int>
						<int id="x">1350</int>
						<int id="y">1254</int>
						<int id="h">96</int>
						<int id="z">10</int>
					</object>
					<object id="clouds3_1314061539125">
						<str id="name">clouds3_1314061539125</str>
						<str id="sprite_class">clouds3</str>
						<int id="w">795</int>
						<int id="x">766</int>
						<int id="y">1499</int>
						<int id="h">72</int>
						<int id="z">8</int>
					</object>
					<object id="clouds3_1314061539128">
						<str id="name">clouds3_1314061539125</str>
						<str id="sprite_class">clouds3</str>
						<int id="w">898</int>
						<int id="x">556</int>
						<int id="y">1011</int>
						<int id="h">107</int>
						<int id="z">9</int>
					</object>
					<object id="clouds7_1314061539123">
						<str id="name">clouds7_1314061539123</str>
						<str id="sprite_class">clouds7</str>
						<int id="w">743</int>
						<int id="x">1549</int>
						<int id="y">1964</int>
						<int id="h">58</int>
						<int id="z">6</int>
					</object>
					<object id="background_bottletree_silhouette_1314061539045">
						<str id="name">background_bottletree_silhouette_1314061539042</str>
						<str id="sprite_class">background_bottletree_silhouette</str>
						<int id="w">100</int>
						<int id="x">1224</int>
						<int id="y">2413</int>
						<int id="h">133</int>
						<int id="z">3</int>
						<bool id="h_flip">true</bool>
					</object>
					<object id="clouds5_1314061539124">
						<str id="name">clouds5_1314061539124</str>
						<str id="sprite_class">clouds5</str>
						<int id="w">663</int>
						<int id="x">1208</int>
						<int id="y">1642</int>
						<int id="h">67</int>
						<int id="z">7</int>
					</object>
					<object id="clouds7_1314061539129">
						<str id="name">clouds7_1314061539129</str>
						<str id="sprite_class">clouds7</str>
						<int id="w">1264</int>
						<int id="x">848</int>
						<int id="y">678</int>
						<int id="h">124</int>
						<int id="z">11</int>
					</object>
					<object id="floor_1314061539034">
						<str id="name">floor_1314061539019</str>
						<str id="sprite_class">floor</str>
						<int id="w">1546</int>
						<int id="x">1198</int>
						<int id="y">2607</int>
						<int id="h">207</int>
						<int id="z">0</int>
					</object>
				</object>
				<object id="filtersNEW">
					<object id="tintColor">
						<int id="value">16750950</int>
					</object>
					<object id="blur">
						<int id="value">3</int>
					</object>
					<object id="contrast">
						<int id="value">-27</int>
					</object>
					<object id="tintAmount">
						<int id="value">46</int>
					</object>
					<object id="brightness">
						<int id="value">-15</int>
					</object>
					<object id="saturation">
						<int id="value">-40</int>
					</object>
				</object>
			</object>
			<object id="T_1314052578634">
				<str id="name">middleplus</str>
				<int id="w">1800</int>
				<int id="h">3000</int>
				<int id="z">1</int>
				<object id="decos">
					<object id="grass_solid_1314378350209">
						<str id="name">grass_solid_1314378350190</str>
						<str id="sprite_class">grass_solid</str>
						<int id="w">128</int>
						<int id="x">1533</int>
						<int id="y">2923</int>
						<int id="h">110</int>
						<int id="z">9</int>
					</object>
					<object id="grass_solid_1314378350208">
						<str id="name">grass_solid_1314378350190</str>
						<str id="sprite_class">grass_solid</str>
						<int id="w">160</int>
						<int id="x">1654</int>
						<int id="y">2923</int>
						<int id="h">138</int>
						<int id="z">8</int>
					</object>
					<object id="underground_bogwillow_2_1314378350214">
						<str id="name">underground_bogwillow_2_1314378350188</str>
						<str id="sprite_class">underground_bogwillow_2</str>
						<int id="w">61</int>
						<int id="x">1615</int>
						<int id="y">2882</int>
						<int id="h">124</int>
						<int id="z">6</int>
					</object>
					<object id="grass_solid_1314378350213">
						<str id="name">grass_solid_1314378350190</str>
						<str id="sprite_class">grass_solid</str>
						<int id="w">95</int>
						<int id="x">369</int>
						<int id="y">2905</int>
						<int id="h">82</int>
						<int id="z">12</int>
					</object>
					<object id="grass_solid_1314378350204">
						<str id="name">grass_solid_1314378350190</str>
						<str id="sprite_class">grass_solid</str>
						<int id="w">129</int>
						<int id="x">953</int>
						<int id="y">2884</int>
						<int id="h">111</int>
						<int id="z">1</int>
					</object>
					<object id="grass_transparent_1314378350210">
						<str id="name">grass_transparent_1314378350210</str>
						<str id="sprite_class">grass_transparent</str>
						<int id="w">91</int>
						<int id="x">1601</int>
						<int id="y">2913</int>
						<int id="h">76</int>
						<int id="z">10</int>
					</object>
					<object id="grass_transparent_1314378350211">
						<str id="name">grass_transparent_1314378350210</str>
						<str id="sprite_class">grass_transparent</str>
						<int id="w">91</int>
						<int id="x">938</int>
						<int id="y">2893</int>
						<int id="h">76</int>
						<int id="z">4</int>
					</object>
					<object id="stone_moss_group_3_1314378350205">
						<str id="name">stone_moss_group_3_1314378350205</str>
						<str id="sprite_class">stone_moss_group_3</str>
						<int id="w">207</int>
						<int id="x">1021</int>
						<int id="y">2890</int>
						<int id="h">97</int>
						<int id="z">3</int>
					</object>
					<object id="underground_bogwillow_2_1314378350207">
						<str id="name">underground_bogwillow_2_1314378350188</str>
						<str id="sprite_class">underground_bogwillow_2</str>
						<int id="w">38</int>
						<int id="r">15</int>
						<int id="x">1075</int>
						<int id="y">2878</int>
						<int id="h">77</int>
						<int id="z">2</int>
					</object>
					<object id="grass_solid_1314378350206">
						<str id="name">grass_solid_1314378350190</str>
						<str id="sprite_class">grass_solid</str>
						<int id="w">104</int>
						<int id="x">1085</int>
						<int id="y">2918</int>
						<int id="h">90</int>
						<int id="z">5</int>
					</object>
					<object id="vine_rope_1314378350073">
						<str id="name">vine_rope_1314378350069</str>
						<str id="sprite_class">vine_rope</str>
						<int id="w">35</int>
						<int id="r">23</int>
						<int id="x">975</int>
						<int id="y">792</int>
						<int id="h">707</int>
						<int id="z">0</int>
					</object>
					<object id="underground_bogwillow_2_1314378350215">
						<str id="name">underground_bogwillow_2_1314378350188</str>
						<str id="sprite_class">underground_bogwillow_2</str>
						<int id="w">49</int>
						<int id="r">-20</int>
						<int id="x">1592</int>
						<int id="y">2884</int>
						<int id="h">100</int>
						<int id="z">7</int>
					</object>
					<object id="grass_solid_1314378350212">
						<str id="name">grass_solid_1314378350190</str>
						<str id="sprite_class">grass_solid</str>
						<int id="w">132</int>
						<int id="x">301</int>
						<int id="y">2897</int>
						<int id="h">114</int>
						<int id="z">11</int>
					</object>
				</object>
			</object>
			<object id="T_1314052578637">
				<str id="name">bg_1</str>
				<int id="w">1728</int>
				<int id="h">2880</int>
				<int id="z">-1</int>
				<object id="decos">
					<object id="bg2_tree2_1314061539040">
						<str id="name">bg2_tree2_1314061539040</str>
						<str id="sprite_class">bg2_tree2</str>
						<int id="w">542</int>
						<int id="x">1583</int>
						<int id="y">2635</int>
						<int id="h">681</int>
						<int id="z">3</int>
					</object>
					<object id="bg2_tree1_1314061539039">
						<str id="name">bg2_tree1_1314061539039</str>
						<str id="sprite_class">bg2_tree1</str>
						<int id="w">428</int>
						<int id="x">1128</int>
						<int id="y">2615</int>
						<int id="h">521</int>
						<int id="z">2</int>
					</object>
					<object id="background_brown_bump1_1314061539020">
						<str id="name">background_brown_bump1_1314061539020</str>
						<str id="sprite_class">background_brown_bump1</str>
						<int id="w">1571</int>
						<int id="r">-2</int>
						<int id="x">1420</int>
						<int id="y">2639</int>
						<int id="h">132</int>
						<int id="z">0</int>
					</object>
				</object>
				<object id="filtersNEW">
					<object id="tintColor">
						<int id="value">0</int>
					</object>
					<object id="contrast">
						<int id="value">-19</int>
					</object>
					<object id="brightness">
						<int id="value">-12</int>
					</object>
					<object id="saturation">
						<int id="value">0</int>
					</object>
				</object>
			</object>
		</object>
		<int id="ground_y">-313</int>
		<str id="tsid">LA9PIEHVQ8A2H4S</str>
		<null id="img_file_versioned"/>
		<null id="physics"/>
		<null id="loading_label"/>
		<int id="rookable_type">0</int>
		<str id="swf_file_versioned">http://c2.glitch.bz/locations/firebog/1316308421.swf</str>
		<object id="gradient">
			<str id="top">D6C18B</str>
			<str id="bottom">6E6E41</str>
		</object>
		<object id="sources">
			<int id="LA99VU1246A2VND">1</int>
			<int id="LA9QOQAL96A2L2K">1</int>
			<int id="LA9U04T3OAA2R2L">1</int>
			<int id="LA98V53GRQA2VTO">1</int>
		</object>
	</object>
</game_object>
