<game_object tsid="GA9Q9EQ5V4F33RE" ts="1354749134446" label="Downside Up" class_tsid="" lastUpdateTime="1354749095" upd_gs="gs6" load_time="2012-12-05 15:07:45.000" upd_time="2012-12-05 14:53:52.431">
	<object id="dynamic">
		<int id="l">-500</int>
		<int id="r">500</int>
		<int id="t">-6000</int>
		<int id="b">0</int>
		<str id="label">Downside Up?</str>
		<str id="swf_file">groddle1.swf</str>
		<object id="layers">
			<object id="T_1331665539446">
				<int id="w">1000</int>
				<str id="name">sky</str>
				<object id="filtersNEW">
					<object id="blur">
						<int id="value">3</int>
					</object>
				</object>
				<int id="h">6000</int>
				<object id="decos">
					<object id="stars_field_1a_g1_1331669064886">
						<str id="name">stars_field_1a_g1_1331669064875</str>
						<int id="y">1449</int>
						<int id="h">215</int>
						<int id="z">12</int>
						<int id="w">295</int>
						<str id="sprite_class">stars_field_1a_g1</str>
						<int id="x">212</int>
					</object>
					<object id="stars_field_1a_g1_1331669064877">
						<str id="name">stars_field_1a_g1_1331669064875</str>
						<int id="y">3052</int>
						<int id="h">215</int>
						<int id="z">6</int>
						<int id="w">295</int>
						<str id="sprite_class">stars_field_1a_g1</str>
						<int id="x">672</int>
						<int id="r">40</int>
					</object>
					<object id="stars_field_1a_g1_1331669064875">
						<str id="name">stars_field_1a_g1_1331669064875</str>
						<int id="y">3030</int>
						<int id="h">215</int>
						<int id="z">0</int>
						<int id="w">295</int>
						<str id="sprite_class">stars_field_1a_g1</str>
						<int id="x">193</int>
					</object>
					<object id="stars_field_1a_g1_1331669064884">
						<str id="name">stars_field_1a_g1_1331669064875</str>
						<int id="y">1831</int>
						<int id="h">215</int>
						<int id="z">10</int>
						<int id="w">295</int>
						<str id="sprite_class">stars_field_1a_g1</str>
						<int id="x">266</int>
					</object>
					<object id="stars_field_1a_g1_1331669064887">
						<str id="name">stars_field_1a_g1_1331669064875</str>
						<int id="y">1342</int>
						<int id="h">215</int>
						<int id="z">13</int>
						<int id="w">295</int>
						<str id="sprite_class">stars_field_1a_g1</str>
						<int id="x">757</int>
					</object>
					<object id="stars_field_1a_g1_1331669064880">
						<str id="name">stars_field_1a_g1_1331669064875</str>
						<int id="y">2494</int>
						<int id="h">215</int>
						<int id="z">5</int>
						<int id="w">295</int>
						<str id="sprite_class">stars_field_1a_g1</str>
						<int id="x">443</int>
					</object>
					<object id="stars_field_1a_g1_1331669064883">
						<str id="name">stars_field_1a_g1_1331669064875</str>
						<int id="y">2155</int>
						<int id="h">215</int>
						<int id="z">9</int>
						<int id="w">295</int>
						<str id="sprite_class">stars_field_1a_g1</str>
						<int id="x">188</int>
					</object>
					<object id="stars_field_1a_g1_1331669064879">
						<str id="name">stars_field_1a_g1_1331669064875</str>
						<int id="y">2437</int>
						<int id="h">215</int>
						<int id="z">1</int>
						<int id="w">295</int>
						<str id="sprite_class">stars_field_1a_g1</str>
						<bool id="h_flip">true</bool>
						<int id="x">150</int>
					</object>
					<object id="stars_field_1a_g1_1331669064885">
						<str id="name">stars_field_1a_g1_1331669064875</str>
						<int id="y">1700</int>
						<int id="h">215</int>
						<int id="z">11</int>
						<int id="w">295</int>
						<str id="sprite_class">stars_field_1a_g1</str>
						<int id="x">725</int>
					</object>
					<object id="stars_field_1a_g1_1331669064882">
						<str id="name">stars_field_1a_g1_1331669064875</str>
						<int id="y">2209</int>
						<int id="h">215</int>
						<int id="z">8</int>
						<int id="w">295</int>
						<str id="sprite_class">stars_field_1a_g1</str>
						<int id="x">584</int>
					</object>
					<object id="stars_field_1a_g1_1331669064876">
						<str id="name">stars_field_1a_g1_1331669064875</str>
						<int id="y">2766</int>
						<int id="h">215</int>
						<int id="z">3</int>
						<int id="w">295</int>
						<str id="sprite_class">stars_field_1a_g1</str>
						<int id="x">649</int>
					</object>
					<object id="stars_field_1a_g1_1331669064881">
						<str id="name">stars_field_1a_g1_1331669064875</str>
						<int id="y">2519</int>
						<int id="h">215</int>
						<int id="z">2</int>
						<int id="w">295</int>
						<str id="sprite_class">stars_field_1a_g1</str>
						<int id="x">816</int>
					</object>
					<object id="stars_field_1a_g1_1331669064878">
						<str id="name">stars_field_1a_g1_1331669064875</str>
						<int id="y">2748</int>
						<int id="h">215</int>
						<int id="z">4</int>
						<int id="w">295</int>
						<str id="sprite_class">stars_field_1a_g1</str>
						<int id="x">251</int>
					</object>
				</object>
				<int id="z">-3</int>
			</object>
			<object id="T_1331665539448">
				<int id="w">1000</int>
				<str id="name">ground</str>
				<int id="h">6000</int>
				<object id="decos">
					<object id="crosssection_long_1331665539450">
						<str id="name">crosssection_long_1331665539449</str>
						<int id="y">6060</int>
						<int id="h">105</int>
						<int id="z">3</int>
						<int id="w">936</int>
						<str id="sprite_class">crosssection_long</str>
						<int id="x">864</int>
					</object>
					<object id="crosssection_long_1331665539449">
						<str id="name">crosssection_long_1331665539449</str>
						<int id="y">6062</int>
						<int id="h">105</int>
						<int id="z">2</int>
						<int id="w">936</int>
						<str id="sprite_class">crosssection_long</str>
						<int id="x">353</int>
					</object>
					<object id="evenground_platform_long_1331665539454">
						<str id="name">evenground_platform_long_1331665539451</str>
						<int id="y">5881</int>
						<int id="h">92</int>
						<int id="z">1</int>
						<int id="w">1227</int>
						<str id="sprite_class">evenground_platform_long</str>
						<int id="x">492</int>
					</object>
					<object id="evenground_platform_long_1331665539451">
						<str id="name">evenground_platform_long_1331665539451</str>
						<int id="y">5966</int>
						<int id="h">92</int>
						<int id="z">0</int>
						<int id="w">1227</int>
						<str id="sprite_class">evenground_platform_long</str>
						<int id="x">462</int>
					</object>
				</object>
				<int id="z">-1</int>
			</object>
			<object id="T_1331669064888">
				<int id="w">1000</int>
				<str id="name">cloud</str>
				<int id="h">6600</int>
				<object id="decos">
					<object id="cloud_fluffy_1_1331669064890">
						<str id="name">cloud_fluffy_1_1331669064889</str>
						<int id="y">4712</int>
						<int id="h">397</int>
						<int id="z">1</int>
						<int id="w">627</int>
						<str id="sprite_class">cloud_fluffy_1</str>
						<bool id="h_flip">true</bool>
						<int id="x">815</int>
					</object>
					<object id="cloud_fluffy_1_1331669064889">
						<str id="name">cloud_fluffy_1_1331669064889</str>
						<int id="y">4265</int>
						<int id="h">397</int>
						<int id="z">0</int>
						<int id="w">627</int>
						<str id="sprite_class">cloud_fluffy_1</str>
						<int id="x">135</int>
					</object>
					<object id="cloud_fluffy_1_1331669064893">
						<str id="name">cloud_fluffy_1_1331669064889</str>
						<int id="y">2354</int>
						<int id="h">397</int>
						<int id="z">3</int>
						<int id="w">627</int>
						<str id="sprite_class">cloud_fluffy_1</str>
						<int id="x">307</int>
						<int id="r">180</int>
					</object>
					<object id="cloud_fluffy_1_1331669064895">
						<str id="name">cloud_fluffy_1_1331669064889</str>
						<int id="y">1055</int>
						<int id="h">397</int>
						<int id="z">5</int>
						<int id="w">627</int>
						<str id="sprite_class">cloud_fluffy_1</str>
						<int id="x">276</int>
						<int id="r">180</int>
					</object>
					<object id="cloud_fluffy_1_1331669064894">
						<str id="name">cloud_fluffy_1_1331669064889</str>
						<int id="y">1597</int>
						<int id="h">397</int>
						<int id="z">4</int>
						<int id="w">627</int>
						<str id="sprite_class">cloud_fluffy_1</str>
						<bool id="h_flip">true</bool>
						<int id="x">797</int>
						<int id="r">180</int>
					</object>
					<object id="cloud_fluffy_1_1331669064891">
						<str id="name">cloud_fluffy_1_1331669064889</str>
						<int id="y">5435</int>
						<int id="h">397</int>
						<int id="z">2</int>
						<int id="w">627</int>
						<str id="sprite_class">cloud_fluffy_1</str>
						<bool id="h_flip">true</bool>
						<int id="x">237</int>
					</object>
				</object>
				<int id="z">1</int>
			</object>
			<object id="middleground">
				<object id="boxes">
				</object>
				<str id="name">middleground</str>
				<object id="walls">
				</object>
				<object id="platform_lines">
					<object id="plat_1331669064860">
						<int id="platform_item_perm">-1</int>
						<object id="end">
							<int id="y">-3537</int>
							<int id="x">63</int>
						</object>
						<object id="start">
							<int id="y">-3538</int>
							<int id="x">25</int>
						</object>
						<int id="platform_pc_perm">-1</int>
					</object>
					<object id="plat_1331669064779">
						<int id="platform_item_perm">-1</int>
						<object id="end">
							<int id="y">-1167</int>
							<int id="x">157</int>
						</object>
						<object id="start">
							<int id="y">-1150</int>
							<int id="x">125</int>
						</object>
						<int id="platform_pc_perm">-1</int>
					</object>
					<object id="plat_1331669064789">
						<int id="platform_item_perm">-1</int>
						<object id="end">
							<int id="y">-1930</int>
							<int id="x">133</int>
						</object>
						<object id="start">
							<int id="y">-1903</int>
							<int id="x">38</int>
						</object>
						<int id="platform_pc_perm">-1</int>
					</object>
					<object id="plat_1331667365825">
						<int id="platform_item_perm">-1</int>
						<object id="end">
							<int id="y">-300</int>
							<int id="x">151</int>
						</object>
						<object id="start">
							<int id="y">-332</int>
							<int id="x">54</int>
						</object>
						<int id="platform_pc_perm">-1</int>
					</object>
					<object id="plat_1331667365835">
						<int id="platform_item_perm">-1</int>
						<object id="end">
							<int id="y">-94</int>
							<int id="x">250</int>
						</object>
						<object id="start">
							<int id="y">-105</int>
							<int id="x">160</int>
						</object>
						<int id="platform_pc_perm">-1</int>
					</object>
					<object id="plat_1331669064869">
						<int id="platform_item_perm">-1</int>
						<object id="end">
							<int id="y">-2457</int>
							<int id="x">-67</int>
						</object>
						<object id="start">
							<int id="y">-2462</int>
							<int id="x">-275</int>
						</object>
						<int id="platform_pc_perm">-1</int>
					</object>
					<object id="plat_1331669064848">
						<int id="platform_item_perm">-1</int>
						<object id="end">
							<int id="y">-4395</int>
							<int id="x">-111</int>
						</object>
						<object id="start">
							<int id="y">-4388</int>
							<int id="x">-151</int>
						</object>
						<int id="platform_pc_perm">-1</int>
					</object>
					<object id="plat_1331667365833">
						<int id="platform_item_perm">-1</int>
						<object id="end">
							<int id="y">-131</int>
							<int id="x">109</int>
						</object>
						<object id="start">
							<int id="y">-185</int>
							<int id="x">55</int>
						</object>
						<int id="platform_pc_perm">-1</int>
					</object>
					<object id="plat_1331669064778">
						<int id="platform_item_perm">-1</int>
						<object id="end">
							<int id="y">-1150</int>
							<int id="x">125</int>
						</object>
						<object id="start">
							<int id="y">-1142</int>
							<int id="x">29</int>
						</object>
						<int id="platform_pc_perm">-1</int>
					</object>
					<object id="plat_1331669064847">
						<int id="platform_item_perm">-1</int>
						<object id="end">
							<int id="y">-4388</int>
							<int id="x">-151</int>
						</object>
						<object id="start">
							<int id="y">-4402</int>
							<int id="x">-164</int>
						</object>
						<int id="platform_pc_perm">-1</int>
					</object>
					<object id="plat_1331669064861">
						<int id="platform_item_perm">-1</int>
						<object id="end">
							<int id="y">-3444</int>
							<int id="x">-58</int>
						</object>
						<object id="start">
							<int id="y">-3445</int>
							<int id="x">-95</int>
						</object>
						<int id="platform_pc_perm">-1</int>
					</object>
					<object id="plat_1331669064785">
						<int id="platform_item_perm">-1</int>
						<object id="end">
							<int id="y">-1530</int>
							<int id="x">-163</int>
						</object>
						<object id="start">
							<int id="y">-1539</int>
							<int id="x">-238</int>
						</object>
						<int id="platform_pc_perm">-1</int>
					</object>
					<object id="plat_1331669064846">
						<int id="platform_item_perm">-1</int>
						<object id="end">
							<int id="y">-4353</int>
							<int id="x">-62</int>
						</object>
						<object id="start">
							<int id="y">-4325</int>
							<int id="x">-147</int>
						</object>
						<int id="platform_pc_perm">-1</int>
					</object>
					<object id="plat_1331667365827">
						<int id="platform_item_perm">-1</int>
						<object id="end">
							<int id="y">-145</int>
							<int id="x">-151</int>
						</object>
						<object id="start">
							<int id="y">-99</int>
							<int id="x">-275</int>
						</object>
						<int id="platform_pc_perm">-1</int>
					</object>
					<object id="plat_1331667365831">
						<int id="platform_item_perm">-1</int>
						<object id="end">
							<int id="y">-176</int>
							<int id="x">27</int>
						</object>
						<object id="start">
							<int id="y">-194</int>
							<int id="x">-5</int>
						</object>
						<int id="platform_pc_perm">-1</int>
					</object>
					<object id="plat_1331669064835">
						<int id="platform_item_perm">-1</int>
						<object id="end">
							<int id="y">-5127</int>
							<int id="x">-70</int>
						</object>
						<object id="start">
							<int id="y">-5116</int>
							<int id="x">-105</int>
						</object>
						<int id="platform_pc_perm">-1</int>
					</object>
					<object id="plat_1331669064855">
						<int id="platform_item_perm">-1</int>
						<object id="end">
							<int id="y">-4083</int>
							<int id="x">-56</int>
						</object>
						<object id="start">
							<int id="y">-4075</int>
							<int id="x">-279</int>
						</object>
						<int id="platform_pc_perm">-1</int>
					</object>
					<object id="plat_1331669064768">
						<int id="platform_item_perm">-1</int>
						<object id="end">
							<int id="y">-502</int>
							<int id="x">-66</int>
						</object>
						<object id="start">
							<int id="y">-462</int>
							<int id="x">-139</int>
						</object>
						<int id="platform_pc_perm">-1</int>
					</object>
					<object id="plat_1331669064786">
						<int id="platform_item_perm">-1</int>
						<object id="end">
							<int id="y">-1697</int>
							<int id="x">151</int>
						</object>
						<object id="start">
							<int id="y">-1675</int>
							<int id="x">40</int>
						</object>
						<int id="platform_pc_perm">-1</int>
					</object>
					<object id="plat_1331669064872">
						<int id="platform_item_perm">-1</int>
						<object id="end">
							<int id="y">-2134</int>
							<int id="x">189</int>
						</object>
						<object id="start">
							<int id="y">-2117</int>
							<int id="x">29</int>
						</object>
						<int id="platform_pc_perm">-1</int>
					</object>
					<object id="plat_1331669064771">
						<int id="platform_item_perm">-1</int>
						<object id="end">
							<int id="y">-662</int>
							<int id="x">128</int>
						</object>
						<object id="start">
							<int id="y">-653</int>
							<int id="x">103</int>
						</object>
						<int id="platform_pc_perm">-1</int>
					</object>
					<object id="plat_1331669064767">
						<int id="platform_item_perm">-1</int>
						<object id="end">
							<int id="y">-462</int>
							<int id="x">-139</int>
						</object>
						<object id="start">
							<int id="y">-458</int>
							<int id="x">-307</int>
						</object>
						<int id="platform_pc_perm">-1</int>
					</object>
					<object id="plat_1354142384296">
						<int id="platform_item_perm">-1</int>
						<object id="end">
							<int id="y">-662</int>
							<int id="x">306</int>
						</object>
						<object id="start">
							<int id="y">-662</int>
							<int id="x">128</int>
						</object>
						<int id="platform_pc_perm">-1</int>
					</object>
					<object id="plat_1331669064833">
						<int id="platform_item_perm">-1</int>
						<object id="end">
							<int id="y">-5230</int>
							<int id="x">108</int>
						</object>
						<object id="start">
							<int id="y">-5233</int>
							<int id="x">37</int>
						</object>
						<int id="platform_pc_perm">-1</int>
					</object>
					<object id="plat_1331669064852">
						<int id="platform_item_perm">-1</int>
						<object id="end">
							<int id="y">-4256</int>
							<int id="x">-179</int>
						</object>
						<object id="start">
							<int id="y">-4270</int>
							<int id="x">-206</int>
						</object>
						<int id="platform_pc_perm">-1</int>
					</object>
					<object id="plat_1354142384298">
						<int id="platform_item_perm">-1</int>
						<object id="end">
							<int id="y">-5478</int>
							<int id="x">102</int>
						</object>
						<object id="start">
							<int id="y">-5484</int>
							<int id="x">91</int>
						</object>
						<int id="platform_pc_perm">-1</int>
					</object>
					<object id="plat_1331669064777">
						<int id="platform_item_perm">-1</int>
						<object id="end">
							<int id="y">-1016</int>
							<int id="x">-138</int>
						</object>
						<object id="start">
							<int id="y">-1009</int>
							<int id="x">-167</int>
						</object>
						<int id="platform_pc_perm">-1</int>
					</object>
					<object id="plat_1331669064769">
						<int id="platform_item_perm">-1</int>
						<object id="end">
							<int id="y">-625</int>
							<int id="x">77</int>
						</object>
						<object id="start">
							<int id="y">-610</int>
							<int id="x">43</int>
						</object>
						<int id="platform_pc_perm">-1</int>
					</object>
					<object id="plat_1331667365834">
						<int id="platform_item_perm">-1</int>
						<object id="end">
							<int id="y">-105</int>
							<int id="x">160</int>
						</object>
						<object id="start">
							<int id="y">-131</int>
							<int id="x">109</int>
						</object>
						<int id="platform_pc_perm">-1</int>
					</object>
					<object id="plat_1331669064781">
						<int id="platform_item_perm">-1</int>
						<object id="end">
							<int id="y">-1293</int>
							<int id="x">-177</int>
						</object>
						<object id="start">
							<int id="y">-1317</int>
							<int id="x">-257</int>
						</object>
						<int id="platform_pc_perm">-1</int>
					</object>
					<object id="plat_1331669064784">
						<int id="platform_item_perm">-1</int>
						<object id="end">
							<int id="y">-1534</int>
							<int id="x">-68</int>
						</object>
						<object id="start">
							<int id="y">-1530</int>
							<int id="x">-163</int>
						</object>
						<int id="platform_pc_perm">-1</int>
					</object>
					<object id="plat_1331669064828">
						<int id="platform_item_perm">-1</int>
						<object id="end">
							<int id="y">-5507</int>
							<int id="x">66</int>
						</object>
						<object id="start">
							<int id="y">-5517</int>
							<int id="x">38</int>
						</object>
						<int id="platform_pc_perm">-1</int>
					</object>
					<object id="plat_1331669064832">
						<int id="platform_item_perm">-1</int>
						<object id="end">
							<int id="y">-5321</int>
							<int id="x">-62</int>
						</object>
						<object id="start">
							<int id="y">-5367</int>
							<int id="x">-123</int>
						</object>
						<int id="platform_pc_perm">-1</int>
					</object>
					<object id="plat_1354142384297">
						<int id="platform_item_perm">-1</int>
						<object id="end">
							<int id="y">-896</int>
							<int id="x">111</int>
						</object>
						<object id="start">
							<int id="y">-901</int>
							<int id="x">86</int>
						</object>
						<int id="platform_pc_perm">-1</int>
					</object>
					<object id="plat_1331669064773">
						<int id="platform_item_perm">-1</int>
						<object id="end">
							<int id="y">-761</int>
							<int id="x">-59</int>
						</object>
						<object id="start">
							<int id="y">-767</int>
							<int id="x">-147</int>
						</object>
						<int id="platform_pc_perm">-1</int>
					</object>
					<object id="plat_1331669064831">
						<int id="platform_item_perm">-1</int>
						<object id="end">
							<int id="y">-5367</int>
							<int id="x">-123</int>
						</object>
						<object id="start">
							<int id="y">-5371</int>
							<int id="x">-310</int>
						</object>
						<int id="platform_pc_perm">-1</int>
					</object>
					<object id="plat_1331667365832">
						<int id="platform_item_perm">-1</int>
						<object id="end">
							<int id="y">-185</int>
							<int id="x">55</int>
						</object>
						<object id="start">
							<int id="y">-176</int>
							<int id="x">27</int>
						</object>
						<int id="platform_pc_perm">-1</int>
					</object>
					<object id="plat_1331669064850">
						<int id="platform_item_perm">-1</int>
						<object id="end">
							<int id="y">-4288</int>
							<int id="x">-135</int>
						</object>
						<object id="start">
							<int id="y">-4245</int>
							<int id="x">-147</int>
						</object>
						<int id="platform_pc_perm">-1</int>
					</object>
					<object id="plat_1331669064776">
						<int id="platform_item_perm">-1</int>
						<object id="end">
							<int id="y">-1058</int>
							<int id="x">-66</int>
						</object>
						<object id="start">
							<int id="y">-1016</int>
							<int id="x">-138</int>
						</object>
						<int id="platform_pc_perm">-1</int>
					</object>
					<object id="plat_1331669064774">
						<int id="platform_item_perm">-1</int>
						<object id="end">
							<int id="y">-901</int>
							<int id="x">86</int>
						</object>
						<object id="start">
							<int id="y">-937</int>
							<int id="x">37</int>
						</object>
						<int id="platform_pc_perm">-1</int>
					</object>
					<object id="plat_1331669064870">
						<int id="platform_item_perm">-1</int>
						<object id="end">
							<int id="y">-2355</int>
							<int id="x">221</int>
						</object>
						<object id="start">
							<int id="y">-2342</int>
							<int id="x">34</int>
						</object>
						<int id="platform_pc_perm">-1</int>
					</object>
					<object id="plat_1331669064858">
						<int id="platform_item_perm">-1</int>
						<object id="end">
							<int id="y">-3739</int>
							<int id="x">294</int>
						</object>
						<object id="start">
							<int id="y">-3743</int>
							<int id="x">34</int>
						</object>
						<int id="platform_pc_perm">-1</int>
					</object>
					<object id="plat_1331669064790">
						<int id="platform_item_perm">-1</int>
						<object id="end">
							<int id="y">-1934</int>
							<int id="x">154</int>
						</object>
						<object id="start">
							<int id="y">-1930</int>
							<int id="x">133</int>
						</object>
						<int id="platform_pc_perm">-1</int>
					</object>
					<object id="plat_1331667365836">
						<int id="platform_item_perm">-1</int>
						<object id="end">
							<int id="y">-94</int>
							<int id="x">499</int>
						</object>
						<object id="start">
							<int id="y">-94</int>
							<int id="x">250</int>
						</object>
						<int id="platform_pc_perm">-1</int>
					</object>
					<object id="plat_1331669064842">
						<int id="platform_item_perm">-1</int>
						<object id="end">
							<int id="y">-4741</int>
							<int id="x">59</int>
						</object>
						<object id="start">
							<int id="y">-4745</int>
							<int id="x">-9</int>
						</object>
						<int id="platform_pc_perm">-1</int>
					</object>
					<object id="plat_1331669064829">
						<int id="platform_item_perm">-1</int>
						<object id="end">
							<int id="y">-5484</int>
							<int id="x">91</int>
						</object>
						<object id="start">
							<int id="y">-5507</int>
							<int id="x">66</int>
						</object>
						<int id="platform_pc_perm">-1</int>
					</object>
					<object id="plat_1331669064827">
						<int id="platform_item_perm">-1</int>
						<object id="end">
							<int id="y">-5635</int>
							<int id="x">-69</int>
						</object>
						<object id="start">
							<int id="y">-5665</int>
							<int id="x">-155</int>
						</object>
						<int id="platform_pc_perm">-1</int>
					</object>
					<object id="plat_1331669064865">
						<int id="platform_item_perm">-1</int>
						<object id="end">
							<int id="y">-2966</int>
							<int id="x">-34</int>
						</object>
						<object id="start">
							<int id="y">-2960</int>
							<int id="x">-74</int>
						</object>
						<int id="platform_pc_perm">-1</int>
					</object>
					<object id="plat_1331669064838">
						<int id="platform_item_perm">-1</int>
						<object id="end">
							<int id="y">-4952</int>
							<int id="x">102</int>
						</object>
						<object id="start">
							<int id="y">-4952</int>
							<int id="x">29</int>
						</object>
						<int id="platform_pc_perm">-1</int>
					</object>
					<object id="plat_1331669064834">
						<int id="platform_item_perm">-1</int>
						<object id="end">
							<int id="y">-5236</int>
							<int id="x">293</int>
						</object>
						<object id="start">
							<int id="y">-5230</int>
							<int id="x">108</int>
						</object>
						<int id="platform_pc_perm">-1</int>
					</object>
					<object id="plat_1331669064788">
						<int id="platform_item_perm">-1</int>
						<object id="end">
							<int id="y">-1812</int>
							<int id="x">-161</int>
						</object>
						<object id="start">
							<int id="y">-1811</int>
							<int id="x">-193</int>
						</object>
						<int id="platform_pc_perm">-1</int>
					</object>
					<object id="plat_1331669064854">
						<int id="platform_item_perm">-1</int>
						<object id="end">
							<int id="y">-4206</int>
							<int id="x">208</int>
						</object>
						<object id="start">
							<int id="y">-4217</int>
							<int id="x">42</int>
						</object>
						<int id="platform_pc_perm">-1</int>
					</object>
					<object id="plat_1331669064853">
						<int id="platform_item_perm">-1</int>
						<object id="end">
							<int id="y">-4270</int>
							<int id="x">-206</int>
						</object>
						<object id="start">
							<int id="y">-4245</int>
							<int id="x">-233</int>
						</object>
						<int id="platform_pc_perm">-1</int>
					</object>
					<object id="plat_1331669064836">
						<int id="platform_item_perm">-1</int>
						<object id="end">
							<int id="y">-5116</int>
							<int id="x">-105</int>
						</object>
						<object id="start">
							<int id="y">-5084</int>
							<int id="x">-131</int>
						</object>
						<int id="platform_pc_perm">-1</int>
					</object>
					<object id="plat_1331669064772">
						<int id="platform_item_perm">-1</int>
						<object id="end">
							<int id="y">-767</int>
							<int id="x">-147</int>
						</object>
						<object id="start">
							<int id="y">-747</int>
							<int id="x">-350</int>
						</object>
						<int id="platform_pc_perm">-1</int>
					</object>
					<object id="plat_1331669064864">
						<int id="platform_item_perm">-1</int>
						<object id="end">
							<int id="y">-3057</int>
							<int id="x">44</int>
						</object>
						<object id="start">
							<int id="y">-3059</int>
							<int id="x">12</int>
						</object>
						<int id="platform_pc_perm">-1</int>
					</object>
					<object id="plat_1331669064851">
						<int id="platform_item_perm">-1</int>
						<object id="end">
							<int id="y">-4245</int>
							<int id="x">-147</int>
						</object>
						<object id="start">
							<int id="y">-4256</int>
							<int id="x">-179</int>
						</object>
						<int id="platform_pc_perm">-1</int>
					</object>
					<object id="plat_1331667365830">
						<int id="platform_item_perm">-1</int>
						<object id="end">
							<int id="y">-194</int>
							<int id="x">-5</int>
						</object>
						<object id="start">
							<int id="y">-187</int>
							<int id="x">-39</int>
						</object>
						<int id="platform_pc_perm">-1</int>
					</object>
					<object id="plat_1331669064862">
						<int id="platform_item_perm">-1</int>
						<object id="end">
							<int id="y">-3290</int>
							<int id="x">35</int>
						</object>
						<object id="start">
							<int id="y">-3339</int>
							<int id="x">-48</int>
						</object>
						<int id="platform_pc_perm">-1</int>
					</object>
					<object id="plat_1331669064866">
						<int id="platform_item_perm">-1</int>
						<object id="end">
							<int id="y">-2827</int>
							<int id="x">149</int>
						</object>
						<object id="start">
							<int id="y">-2836</int>
							<int id="x">31</int>
						</object>
						<int id="platform_pc_perm">-1</int>
					</object>
					<object id="plat_1331669064837">
						<int id="platform_item_perm">-1</int>
						<object id="end">
							<int id="y">-5084</int>
							<int id="x">-131</int>
						</object>
						<object id="start">
							<int id="y">-5083</int>
							<int id="x">-346</int>
						</object>
						<int id="platform_pc_perm">-1</int>
					</object>
					<object id="plat_1331669064770">
						<int id="platform_item_perm">-1</int>
						<object id="end">
							<int id="y">-653</int>
							<int id="x">103</int>
						</object>
						<object id="start">
							<int id="y">-625</int>
							<int id="x">77</int>
						</object>
						<int id="platform_pc_perm">-1</int>
					</object>
					<object id="plat_1331669064840">
						<int id="platform_item_perm">-1</int>
						<object id="end">
							<int id="y">-4881</int>
							<int id="x">-143</int>
						</object>
						<object id="start">
							<int id="y">-4883</int>
							<int id="x">-218</int>
						</object>
						<int id="platform_pc_perm">-1</int>
					</object>
					<object id="plat_1331669064844">
						<int id="platform_item_perm">-1</int>
						<object id="end">
							<int id="y">-4474</int>
							<int id="x">57</int>
						</object>
						<object id="start">
							<int id="y">-4453</int>
							<int id="x">-20</int>
						</object>
						<int id="platform_pc_perm">-1</int>
					</object>
					<object id="plat_1331669064856">
						<int id="platform_item_perm">-1</int>
						<object id="end">
							<int id="y">-3972</int>
							<int id="x">282</int>
						</object>
						<object id="start">
							<int id="y">-3977</int>
							<int id="x">38</int>
						</object>
						<int id="platform_pc_perm">-1</int>
					</object>
					<object id="plat_1331669064783">
						<int id="platform_item_perm">-1</int>
						<object id="end">
							<int id="y">-1359</int>
							<int id="x">218</int>
						</object>
						<object id="start">
							<int id="y">-1378</int>
							<int id="x">141</int>
						</object>
						<int id="platform_pc_perm">-1</int>
					</object>
					<object id="plat_1331669064863">
						<int id="platform_item_perm">-1</int>
						<object id="end">
							<int id="y">-3177</int>
							<int id="x">-23</int>
						</object>
						<object id="start">
							<int id="y">-3163</int>
							<int id="x">-69</int>
						</object>
						<int id="platform_pc_perm">-1</int>
					</object>
					<object id="plat_1331669064873">
						<int id="platform_item_perm">-1</int>
						<object id="end">
							<int id="y">-2009</int>
							<int id="x">-59</int>
						</object>
						<object id="start">
							<int id="y">-2021</int>
							<int id="x">-211</int>
						</object>
						<int id="platform_pc_perm">-1</int>
					</object>
					<object id="plat_1331669064859">
						<int id="platform_item_perm">-1</int>
						<object id="end">
							<int id="y">-3629</int>
							<int id="x">-51</int>
						</object>
						<object id="start">
							<int id="y">-3628</int>
							<int id="x">-91</int>
						</object>
						<int id="platform_pc_perm">-1</int>
					</object>
					<object id="plat_1331669064841">
						<int id="platform_item_perm">-1</int>
						<object id="end">
							<int id="y">-4829</int>
							<int id="x">-54</int>
						</object>
						<object id="start">
							<int id="y">-4881</int>
							<int id="x">-143</int>
						</object>
						<int id="platform_pc_perm">-1</int>
					</object>
					<object id="plat_1331669064839">
						<int id="platform_item_perm">-1</int>
						<object id="end">
							<int id="y">-4918</int>
							<int id="x">190</int>
						</object>
						<object id="start">
							<int id="y">-4952</int>
							<int id="x">102</int>
						</object>
						<int id="platform_pc_perm">-1</int>
					</object>
					<object id="plat_1331667365829">
						<int id="platform_item_perm">-1</int>
						<object id="end">
							<int id="y">-187</int>
							<int id="x">-39</int>
						</object>
						<object id="start">
							<int id="y">-192</int>
							<int id="x">-76</int>
						</object>
						<int id="platform_pc_perm">-1</int>
					</object>
					<object id="plat_1331669064830">
						<int id="platform_item_perm">-1</int>
						<object id="end">
							<int id="y">-5474</int>
							<int id="x">314</int>
						</object>
						<object id="start">
							<int id="y">-5478</int>
							<int id="x">102</int>
						</object>
						<int id="platform_pc_perm">-1</int>
					</object>
					<object id="plat_1331669064867">
						<int id="platform_item_perm">-1</int>
						<object id="end">
							<int id="y">-2724</int>
							<int id="x">-64</int>
						</object>
						<object id="start">
							<int id="y">-2721</int>
							<int id="x">-211</int>
						</object>
						<int id="platform_pc_perm">-1</int>
					</object>
					<object id="plat_1331669064782">
						<int id="platform_item_perm">-1</int>
						<object id="end">
							<int id="y">-1378</int>
							<int id="x">141</int>
						</object>
						<object id="start">
							<int id="y">-1393</int>
							<int id="x">38</int>
						</object>
						<int id="platform_pc_perm">-1</int>
					</object>
					<object id="plat_1331669064775">
						<int id="platform_item_perm">-1</int>
						<object id="end">
							<int id="y">-884</int>
							<int id="x">286</int>
						</object>
						<object id="start">
							<int id="y">-896</int>
							<int id="x">111</int>
						</object>
						<int id="platform_pc_perm">-1</int>
					</object>
					<object id="plat_1331669064868">
						<int id="platform_item_perm">-1</int>
						<object id="end">
							<int id="y">-2595</int>
							<int id="x">187</int>
						</object>
						<object id="start">
							<int id="y">-2581</int>
							<int id="x">40</int>
						</object>
						<int id="platform_pc_perm">-1</int>
					</object>
					<object id="plat_1331669064871">
						<int id="platform_item_perm">-1</int>
						<object id="end">
							<int id="y">-2252</int>
							<int id="x">-73</int>
						</object>
						<object id="start">
							<int id="y">-2247</int>
							<int id="x">-209</int>
						</object>
						<int id="platform_pc_perm">-1</int>
					</object>
					<object id="plat_1331669064857">
						<int id="platform_item_perm">-1</int>
						<object id="end">
							<int id="y">-3875</int>
							<int id="x">-76</int>
						</object>
						<object id="start">
							<int id="y">-3862</int>
							<int id="x">-277</int>
						</object>
						<int id="platform_pc_perm">-1</int>
					</object>
					<object id="plat_1331669064843">
						<int id="platform_item_perm">-1</int>
						<object id="end">
							<int id="y">-4599</int>
							<int id="x">-14</int>
						</object>
						<object id="start">
							<int id="y">-4605</int>
							<int id="x">-74</int>
						</object>
						<int id="platform_pc_perm">-1</int>
					</object>
					<object id="plat_1331667365826">
						<int id="platform_item_perm">-1</int>
						<object id="end">
							<int id="y">-99</int>
							<int id="x">-275</int>
						</object>
						<object id="start">
							<int id="y">-98</int>
							<int id="x">-497</int>
						</object>
						<int id="platform_pc_perm">-1</int>
					</object>
					<object id="plat_1331669064845">
						<int id="platform_item_perm">-1</int>
						<object id="end">
							<int id="y">-4283</int>
							<int id="x">-70</int>
						</object>
						<object id="start">
							<int id="y">-4288</int>
							<int id="x">-135</int>
						</object>
						<int id="platform_pc_perm">-1</int>
					</object>
					<object id="plat_1331669064787">
						<int id="platform_item_perm">-1</int>
						<object id="end">
							<int id="y">-1796</int>
							<int id="x">-67</int>
						</object>
						<object id="start">
							<int id="y">-1812</int>
							<int id="x">-161</int>
						</object>
						<int id="platform_pc_perm">-1</int>
					</object>
					<object id="plat_1331669064780">
						<int id="platform_item_perm">-1</int>
						<object id="end">
							<int id="y">-1263</int>
							<int id="x">-57</int>
						</object>
						<object id="start">
							<int id="y">-1293</int>
							<int id="x">-177</int>
						</object>
						<int id="platform_pc_perm">-1</int>
					</object>
					<object id="plat_1331667365828">
						<int id="platform_item_perm">-1</int>
						<object id="end">
							<int id="y">-192</int>
							<int id="x">-76</int>
						</object>
						<object id="start">
							<int id="y">-145</int>
							<int id="x">-151</int>
						</object>
						<int id="platform_pc_perm">-1</int>
					</object>
				</object>
				<object id="ladders">
				</object>
				<object id="doors">
				</object>
				<int id="z">0</int>
				<int id="w">1000</int>
				<object id="targets">
				</object>
				<int id="h">6000</int>
				<object id="decos">
					<object id="penaltybox_sign_knockitoff_1331669064798">
						<str id="name">penaltybox_sign_knockitoff_1331669064798</str>
						<int id="y">-2832</int>
						<int id="h">145</int>
						<int id="z">36</int>
						<int id="w">135</int>
						<str id="sprite_class">penaltybox_sign_knockitoff</str>
						<int id="x">29</int>
						<int id="r">95</int>
					</object>
					<object id="platform_branch_a04_1331669064825">
						<str id="name">platform_branch_a04_1331669064825</str>
						<int id="y">-5537</int>
						<int id="h">91</int>
						<int id="z">58</int>
						<int id="w">319</int>
						<str id="sprite_class">platform_branch_a04</str>
						<int id="x">184</int>
						<int id="r">180</int>
					</object>
					<object id="stalagmite_1_1331669064809">
						<str id="name">stalagmite_1_1331669064809</str>
						<int id="y">-3738</int>
						<int id="h">328</int>
						<int id="z">44</int>
						<int id="w">124</int>
						<str id="sprite_class">stalagmite_1</str>
						<int id="x">11</int>
						<int id="r">90</int>
					</object>
					<object id="penaltybox_sign_youarehere_1331669064797">
						<str id="name">penaltybox_sign_youarehere_1331669064797</str>
						<int id="y">-2719</int>
						<int id="h">176</int>
						<int id="z">35</int>
						<int id="w">135</int>
						<str id="sprite_class">penaltybox_sign_youarehere</str>
						<int id="x">-57</int>
						<int id="r">-90</int>
					</object>
					<object id="bling_mushroom_tree_1_1331669064819">
						<str id="name">bling_mushroom_tree_1_1331669064819</str>
						<int id="y">-4673</int>
						<int id="h">102</int>
						<int id="z">52</int>
						<int id="w">92</int>
						<str id="sprite_class">bling_mushroom_tree_1</str>
						<bool id="h_flip">true</bool>
						<int id="x">23</int>
					</object>
					<object id="bling_flamingo_1_1331669064816">
						<str id="name">bling_flamingo_1_1331669064816</str>
						<int id="y">-4343</int>
						<int id="h">197</int>
						<int id="z">49</int>
						<int id="w">187</int>
						<str id="sprite_class">bling_flamingo_1</str>
						<int id="x">-52</int>
						<int id="r">-100</int>
					</object>
					<object id="platform_branch_a04_1331669064753">
						<str id="name">platform_branch_a04_1331669064753</str>
						<int id="y">-583</int>
						<int id="h">104</int>
						<int id="z">18</int>
						<int id="w">365</int>
						<str id="sprite_class">platform_branch_a04</str>
						<bool id="h_flip">true</bool>
						<int id="x">211</int>
					</object>
					<object id="tree_stack_trunk_1331667365815">
						<str id="name">tree_stack_trunk_1331665539459</str>
						<int id="y">-1751</int>
						<int id="h">987</int>
						<int id="z">1</int>
						<int id="w">124</int>
						<str id="sprite_class">tree_stack_trunk</str>
						<int id="x">-13</int>
					</object>
					<object id="mushroom_aqua_1_1331669064760">
						<str id="name">mushroom_aqua_1_1331669064760</str>
						<int id="y">-1263</int>
						<int id="h">232</int>
						<int id="z">23</int>
						<int id="w">116</int>
						<str id="sprite_class">mushroom_aqua_1</str>
						<int id="x">-46</int>
						<int id="r">-80</int>
					</object>
					<object id="evenground_horizon_1331666079120">
						<str id="name">evenground_horizon_1331666079120</str>
						<int id="y">-5978</int>
						<int id="h">109</int>
						<int id="z">4</int>
						<int id="w">1216</int>
						<str id="sprite_class">evenground_horizon</str>
						<int id="x">-37</int>
						<int id="r">180</int>
					</object>
					<object id="evenground_horizon_1331666079121">
						<str id="name">evenground_horizon_1331666079120</str>
						<int id="y">-5911</int>
						<int id="h">109</int>
						<int id="z">5</int>
						<int id="w">1216</int>
						<str id="sprite_class">evenground_horizon</str>
						<int id="x">-6</int>
						<int id="r">180</int>
					</object>
					<object id="platform_branch_a01_1331669064755">
						<str id="name">platform_branch_a01_1331669064755</str>
						<int id="y">-827</int>
						<int id="h">128</int>
						<int id="z">20</int>
						<int id="w">284</int>
						<str id="sprite_class">platform_branch_a01</str>
						<int id="x">165</int>
					</object>
					<object id="platform_branch_a01_1331669064752">
						<str id="name">platform_branch_a01_1331669064752</str>
						<int id="y">-397</int>
						<int id="h">134</int>
						<int id="z">17</int>
						<int id="w">304</int>
						<str id="sprite_class">platform_branch_a01</str>
						<bool id="h_flip">true</bool>
						<int id="x">-198</int>
					</object>
					<object id="tree_stack_base_4_1331666079116">
						<str id="name">tree_stack_base_4_1331666079116</str>
						<int id="y">-5951</int>
						<int id="h">482</int>
						<int id="z">7</int>
						<int id="w">636</int>
						<str id="sprite_class">tree_stack_base_4</str>
						<bool id="h_flip">true</bool>
						<int id="x">-21</int>
						<int id="r">180</int>
					</object>
					<object id="mushroom_aqua_2_1331669064761">
						<str id="name">mushroom_aqua_2_1331669064761</str>
						<int id="y">-1383</int>
						<int id="h">208</int>
						<int id="z">24</int>
						<int id="w">111</int>
						<str id="sprite_class">mushroom_aqua_2</str>
						<int id="x">32</int>
						<int id="r">100</int>
					</object>
					<object id="tree_stack_branch_2_1331669064821">
						<str id="name">tree_stack_branch_2_1331669064821</str>
						<int id="y">-4986</int>
						<int id="h">103</int>
						<int id="z">54</int>
						<int id="w">168</int>
						<str id="sprite_class">tree_stack_branch_2</str>
						<bool id="h_flip">true</bool>
						<int id="x">96</int>
						<int id="r">170</int>
					</object>
					<object id="platform_branch_a05_1331669064826">
						<str id="name">platform_branch_a05_1331669064826</str>
						<int id="y">-5682</int>
						<int id="h">63</int>
						<int id="z">59</int>
						<int id="w">146</int>
						<str id="sprite_class">platform_branch_a05</str>
						<bool id="h_flip">true</bool>
						<int id="x">-128</int>
						<int id="r">185</int>
					</object>
					<object id="stalagmite_base_1_1331667365823">
						<str id="name">stalagmite_base_1_1331667365823</str>
						<int id="y">-145</int>
						<int id="h">106</int>
						<int id="z">15</int>
						<int id="w">292</int>
						<str id="sprite_class">stalagmite_base_1</str>
						<int id="x">-381</int>
					</object>
					<object id="tree_stack_trunk_1331666079075">
						<str id="name">tree_stack_trunk_1331665539459</str>
						<int id="y">-4591</int>
						<int id="h">987</int>
						<int id="z">6</int>
						<int id="w">124</int>
						<str id="sprite_class">tree_stack_trunk</str>
						<int id="x">-15</int>
					</object>
					<object id="mushroom_funnel_1_1331669064763">
						<str id="name">mushroom_funnel_1_1331669064763</str>
						<int id="y">-1672</int>
						<int id="h">133</int>
						<int id="z">26</int>
						<int id="w">91</int>
						<str id="sprite_class">mushroom_funnel_1</str>
						<int id="x">29</int>
						<int id="r">85</int>
					</object>
					<object id="platform_branch_a02_1331669064754">
						<str id="name">platform_branch_a02_1331669064754</str>
						<int id="y">-686</int>
						<int id="h">93</int>
						<int id="z">19</int>
						<int id="w">332</int>
						<str id="sprite_class">platform_branch_a02</str>
						<int id="x">-217</int>
					</object>
					<object id="tree_stack_branch_3_1331669064757">
						<str id="name">tree_stack_branch_3_1331669064757</str>
						<int id="y">-997</int>
						<int id="h">69</int>
						<int id="z">21</int>
						<int id="w">185</int>
						<str id="sprite_class">tree_stack_branch_3</str>
						<int id="x">-148</int>
					</object>
					<object id="crosssection_long_1331666079118">
						<str id="name">crosssection_long_1331666079118</str>
						<int id="y">-6074</int>
						<int id="h">105</int>
						<int id="z">8</int>
						<int id="w">936</int>
						<str id="sprite_class">crosssection_long</str>
						<int id="x">-74</int>
						<int id="r">180</int>
					</object>
					<object id="bling_branchflowerbrush_red_1_1331669064800">
						<str id="name">bling_branchflowerbrush_red_1_1331669064800</str>
						<int id="y">-2941</int>
						<int id="h">64</int>
						<int id="z">37</int>
						<int id="w">101</int>
						<str id="sprite_class">bling_branchflowerbrush_red_1</str>
						<int id="x">-29</int>
						<int id="r">-60</int>
					</object>
					<object id="bureaucratic_hall_tv_1_1331669064817">
						<str id="name">bureaucratic_hall_tv_1_1331669064817</str>
						<int id="y">-4365</int>
						<int id="h">141</int>
						<int id="z">50</int>
						<int id="w">133</int>
						<str id="sprite_class">bureaucratic_hall_tv_1</str>
						<int id="x">43</int>
						<int id="r">-20</int>
					</object>
					<object id="tree_stack_trunk_1331666079124">
						<str id="name">tree_stack_trunk_1331665539459</str>
						<int id="y">-3651</int>
						<int id="h">987</int>
						<int id="z">3</int>
						<int id="w">124</int>
						<str id="sprite_class">tree_stack_trunk</str>
						<int id="x">-15</int>
					</object>
					<object id="bling_wildmushrooms_2_1331669064805">
						<str id="name">bling_wildmushrooms_2_1331669064805</str>
						<int id="y">-3442</int>
						<int id="h">30</int>
						<int id="z">41</int>
						<int id="w">90</int>
						<str id="sprite_class">bling_wildmushrooms_2</str>
						<int id="x">-63</int>
						<int id="r">-85</int>
					</object>
					<object id="groddle_plant_2_1331669064794">
						<str id="name">groddle_plant_2_1331669064794</str>
						<int id="y">-2334</int>
						<int id="h">211</int>
						<int id="z">32</int>
						<int id="w">92</int>
						<str id="sprite_class">groddle_plant_2</str>
						<int id="x">37</int>
						<int id="r">85</int>
					</object>
					<object id="bling_branchrosebrush_red_1_1331669064804">
						<str id="name">bling_branchrosebrush_red_1_1331669064804</str>
						<int id="y">-3295</int>
						<int id="h">71</int>
						<int id="z">40</int>
						<int id="w">131</int>
						<str id="sprite_class">bling_branchrosebrush_red_1</str>
						<int id="x">-40</int>
						<int id="r">60</int>
					</object>
					<object id="bling_candycane_1_1331669064796">
						<str id="name">bling_candycane_1_1331669064796</str>
						<int id="y">-2556</int>
						<int id="h">164</int>
						<int id="z">34</int>
						<int id="w">80</int>
						<str id="sprite_class">bling_candycane_1</str>
						<bool id="h_flip">true</bool>
						<int id="x">41</int>
						<int id="r">75</int>
					</object>
					<object id="bling_branchflowerbrush_orange_1_1331669064802">
						<str id="name">bling_branchflowerbrush_orange_1_1331669064802</str>
						<int id="y">-3052</int>
						<int id="h">36</int>
						<int id="z">38</int>
						<int id="w">100</int>
						<str id="sprite_class">bling_branchflowerbrush_orange_1</str>
						<int id="x">8</int>
						<int id="r">85</int>
					</object>
					<object id="tree_stack_branch_2_1331669064759">
						<str id="name">tree_stack_branch_2_1331669064759</str>
						<int id="y">-1098</int>
						<int id="h">136</int>
						<int id="z">22</int>
						<int id="w">222</int>
						<str id="sprite_class">tree_stack_branch_2</str>
						<int id="x">132</int>
					</object>
					<object id="mushroom_funnel_2_1331669064762">
						<str id="name">mushroom_funnel_2_1331669064762</str>
						<int id="y">-1537</int>
						<int id="h">213</int>
						<int id="z">25</int>
						<int id="w">173</int>
						<str id="sprite_class">mushroom_funnel_2</str>
						<int id="x">-57</int>
						<int id="r">-100</int>
					</object>
					<object id="bling_cookietree_1_1331669064815">
						<str id="name">bling_cookietree_1_1331669064815</str>
						<int id="y">-4201</int>
						<int id="h">202</int>
						<int id="z">48</int>
						<int id="w">143</int>
						<str id="sprite_class">bling_cookietree_1</str>
						<int id="x">30</int>
						<int id="r">90</int>
					</object>
					<object id="platform_branch_a01_1331669064824">
						<str id="name">platform_branch_a01_1331669064824</str>
						<int id="y">-5423</int>
						<int id="h">121</int>
						<int id="z">57</int>
						<int id="w">274</int>
						<str id="sprite_class">platform_branch_a01</str>
						<int id="x">-190</int>
						<int id="r">180</int>
					</object>
					<object id="miniparty_piggy_1331667365819">
						<bool id="animated">true</bool>
						<str id="name">miniparty_piggy_1331667365819</str>
						<int id="y">-5955</int>
						<int id="h">79</int>
						<int id="z">12</int>
						<int id="w">435</int>
						<str id="sprite_class">miniparty_piggy</str>
						<int id="x">-185</int>
						<int id="r">180</int>
					</object>
					<object id="crosssection_long_1331666079119">
						<str id="name">crosssection_long_1331666079118</str>
						<int id="y">-6074</int>
						<int id="h">105</int>
						<int id="z">9</int>
						<int id="w">936</int>
						<str id="sprite_class">crosssection_long</str>
						<int id="x">476</int>
						<int id="r">180</int>
					</object>
					<object id="tree_stack_base_4_1331665539453">
						<str id="name">tree_stack_base_4_1331665539453</str>
						<int id="y">-72</int>
						<int id="h">488</int>
						<int id="z">11</int>
						<int id="w">644</int>
						<str id="sprite_class">tree_stack_base_4</str>
						<int id="x">-18</int>
					</object>
					<object id="platform_branch_a04_1331669064822">
						<str id="name">platform_branch_a04_1331669064822</str>
						<int id="y">-5148</int>
						<int id="h">95</int>
						<int id="z">55</int>
						<int id="w">333</int>
						<str id="sprite_class">platform_branch_a04</str>
						<bool id="h_flip">true</bool>
						<int id="x">-230</int>
						<int id="r">180</int>
					</object>
					<object id="miniparty_miner_1331667365820">
						<bool id="animated">true</bool>
						<str id="name">miniparty_miner_1331667365820</str>
						<int id="y">-5902</int>
						<int id="h">152</int>
						<int id="z">13</int>
						<int id="w">159</int>
						<str id="sprite_class">miniparty_miner</str>
						<int id="x">238</int>
						<int id="r">180</int>
					</object>
					<object id="bling_wildmushrooms_1_1331669064807">
						<str id="name">bling_wildmushrooms_1_1331669064807</str>
						<int id="y">-3638</int>
						<int id="h">36</int>
						<int id="z">43</int>
						<int id="w">127</int>
						<str id="sprite_class">bling_wildmushrooms_1</str>
						<int id="x">-51</int>
						<int id="r">-90</int>
					</object>
					<object id="flower_group_2_1331669064791">
						<str id="name">flower_group_2_1331669064791</str>
						<int id="y">-1992</int>
						<int id="h">194</int>
						<int id="z">29</int>
						<int id="w">122</int>
						<str id="sprite_class">flower_group_2</str>
						<int id="x">-48</int>
						<int id="r">-80</int>
					</object>
					<object id="flower_button_1_1331669064765">
						<str id="name">flower_button_1_1331669064765</str>
						<int id="y">-1791</int>
						<int id="h">142</int>
						<int id="z">27</int>
						<int id="w">81</int>
						<str id="sprite_class">flower_button_1</str>
						<int id="x">-61</int>
						<int id="r">-80</int>
					</object>
					<object id="bling_mushroom_oyster_1_1331669064818">
						<str id="name">bling_mushroom_oyster_1_1331669064818</str>
						<int id="y">-4524</int>
						<int id="h">100</int>
						<int id="z">51</int>
						<int id="w">91</int>
						<str id="sprite_class">bling_mushroom_oyster_1</str>
						<int id="x">-42</int>
					</object>
					<object id="bling_branchflowerbrush_blue_1_1331669064803">
						<str id="name">bling_branchflowerbrush_blue_1_1331669064803</str>
						<int id="y">-3142</int>
						<int id="h">64</int>
						<int id="z">39</int>
						<int id="w">101</int>
						<str id="sprite_class">bling_branchflowerbrush_blue_1</str>
						<int id="x">-18</int>
						<int id="r">-55</int>
					</object>
					<object id="stalagmite_2_1331669064812">
						<str id="name">stalagmite_2_1331669064810</str>
						<int id="y">-4076</int>
						<int id="h">283</int>
						<int id="z">47</int>
						<int id="w">124</int>
						<str id="sprite_class">stalagmite_2</str>
						<int id="x">-42</int>
						<int id="r">-90</int>
					</object>
					<object id="tree_stack_trunk_1331667365814">
						<str id="name">tree_stack_trunk_1331665539459</str>
						<int id="y">-2692</int>
						<int id="h">987</int>
						<int id="z">2</int>
						<int id="w">124</int>
						<str id="sprite_class">tree_stack_trunk</str>
						<int id="x">-14</int>
					</object>
					<object id="stalagmite_2_1331669064810">
						<str id="name">stalagmite_2_1331669064810</str>
						<int id="y">-3860</int>
						<int id="h">283</int>
						<int id="z">46</int>
						<int id="w">124</int>
						<str id="sprite_class">stalagmite_2</str>
						<int id="x">-51</int>
						<int id="r">-90</int>
					</object>
					<object id="flower_bush_6_1331667365818">
						<str id="name">flower_bush_6_1331667365818</str>
						<int id="y">-5937</int>
						<int id="h">116</int>
						<int id="z">14</int>
						<int id="w">237</int>
						<str id="sprite_class">flower_bush_6</str>
						<int id="x">-435</int>
						<int id="r">180</int>
					</object>
					<object id="bling_lollipop_1_1331669064795">
						<str id="name">bling_lollipop_1_1331669064795</str>
						<int id="y">-2443</int>
						<int id="h">228</int>
						<int id="z">33</int>
						<int id="w">105</int>
						<str id="sprite_class">bling_lollipop_1</str>
						<bool id="h_flip">true</bool>
						<int id="x">-67</int>
						<int id="r">-85</int>
					</object>
					<object id="tree_stack_trunk_1331667365816">
						<str id="name">tree_stack_trunk_1331665539459</str>
						<int id="y">-789</int>
						<int id="h">987</int>
						<int id="z">0</int>
						<int id="w">124</int>
						<str id="sprite_class">tree_stack_trunk</str>
						<int id="x">-12</int>
					</object>
					<object id="platform_branch_a05_1331667365824">
						<str id="name">platform_branch_a05_1331667365824</str>
						<int id="y">-279</int>
						<int id="h">70</int>
						<int id="z">16</int>
						<int id="w">162</int>
						<str id="sprite_class">platform_branch_a05</str>
						<bool id="h_flip">true</bool>
						<int id="x">119</int>
					</object>
					<object id="tree_stack_trunk_1331667365817">
						<str id="name">tree_stack_trunk_1331665539459</str>
						<int id="y">-190</int>
						<int id="h">987</int>
						<int id="z">10</int>
						<int id="w">124</int>
						<str id="sprite_class">tree_stack_trunk</str>
						<int id="x">-13</int>
					</object>
					<object id="flower_button_1_1331669064766">
						<str id="name">flower_button_1_1331669064765</str>
						<int id="y">-1904</int>
						<int id="h">142</int>
						<int id="z">28</int>
						<int id="w">81</int>
						<str id="sprite_class">flower_button_1</str>
						<int id="x">34</int>
						<int id="r">75</int>
					</object>
					<object id="tree_stack_branch_1_1331669064820">
						<str id="name">tree_stack_branch_1_1331669064820</str>
						<int id="y">-4912</int>
						<int id="h">120</int>
						<int id="z">53</int>
						<int id="w">176</int>
						<str id="sprite_class">tree_stack_branch_1</str>
						<bool id="h_flip">true</bool>
						<int id="x">-136</int>
						<int id="r">-185</int>
					</object>
					<object id="groddle_plant_1_1331669064793">
						<str id="name">groddle_plant_1_1331669064793</str>
						<int id="y">-2247</int>
						<int id="h">148</int>
						<int id="z">31</int>
						<int id="w">140</int>
						<str id="sprite_class">groddle_plant_1</str>
						<int id="x">-64</int>
						<int id="r">-95</int>
					</object>
					<object id="platform_branch_a02_1331669064823">
						<str id="name">platform_branch_a02_1331669064823</str>
						<int id="y">-5296</int>
						<int id="h">82</int>
						<int id="z">56</int>
						<int id="w">293</int>
						<str id="sprite_class">platform_branch_a02</str>
						<int id="x">176</int>
						<int id="r">180</int>
					</object>
					<object id="stalagmite_1_1331669064811">
						<str id="name">stalagmite_1_1331669064809</str>
						<int id="y">-3971</int>
						<int id="h">328</int>
						<int id="z">45</int>
						<int id="w">124</int>
						<str id="sprite_class">stalagmite_1</str>
						<int id="x">17</int>
						<int id="r">90</int>
					</object>
					<object id="flower_group_1_1331669064792">
						<str id="name">flower_group_1_1331669064792</str>
						<int id="y">-2122</int>
						<int id="h">190</int>
						<int id="z">30</int>
						<int id="w">116</int>
						<str id="sprite_class">flower_group_1</str>
						<int id="x">25</int>
						<int id="r">90</int>
					</object>
					<object id="bling_wildmushrooms_3_1331669064806">
						<str id="name">bling_wildmushrooms_3_1331669064806</str>
						<int id="y">-3552</int>
						<int id="h">40</int>
						<int id="z">42</int>
						<int id="w">102</int>
						<str id="sprite_class">bling_wildmushrooms_3</str>
						<int id="x">28</int>
						<int id="r">85</int>
					</object>
				</object>
				<object id="signposts">
					<object id="signpost_1">
						<int id="w">100</int>
						<int id="y">-113</int>
						<object id="connects">
							<object id="0">
								<str id="hub_id">143</str>
								<int id="y">-310</int>
								<str id="mote_id">9</str>
								<str id="swf_file_versioned">http://c2.glitch.bz/locations/limbo1/1350688516.swf,http://c2.glitch.bz/locations/zutto1/1347583064.swf,http://c2.glitch.bz/locations/groddle1/1347579253.swf</str>
								<int id="x">2723</int>
								<objref id="target" tsid="LA9QMIMHV4F3RHN" label="Rook Cemetery"/>
							</object>
						</object>
						<int id="h">200</int>
						<int id="x">228</int>
					</object>
					<object id="signpost_2">
						<int id="w">100</int>
						<int id="y">-123</int>
						<str id="id">signpost_2</str>
						<object id="connects">
							<object id="0">
								<str id="hub_id">143</str>
								<int id="y">-190</int>
								<bool id="hidden">false</bool>
								<str id="mote_id">9</str>
								<str id="swf_file_versioned">http://c2.glitch.bz/locations/maytang/1347383976.swf,http://c2.glitch.bz/locations/firebog/1348165766.swf,http://c2.glitch.bz/locations/groddle1/1347579253.swf,http://c2.glitch.bz/locations/limbo1/1350688516.swf,http://c2.glitch.bz/locations/alpine_landscape/1349894862.swf</str>
								<int id="x">2520</int>
								<objref id="target" tsid="LA9QQQ8LV4F3TJ2" label="May Soup"/>
							</object>
						</object>
						<int id="h">200</int>
						<int id="x">-445</int>
					</object>
				</object>
			</object>
			<object id="T_1331667365837">
				<int id="w">1000</int>
				<str id="name">bg1</str>
				<object id="filtersNEW">
					<object id="brightness">
						<int id="value">-15</int>
					</object>
				</object>
				<int id="h">6000</int>
				<object id="decos">
					<object id="evenground_horizon_1331667365840">
						<str id="name">evenground_horizon_1331667365840</str>
						<int id="y">163</int>
						<int id="h">109</int>
						<int id="z">1</int>
						<int id="w">1216</int>
						<str id="sprite_class">evenground_horizon</str>
						<bool id="h_flip">true</bool>
						<int id="x">516</int>
						<int id="r">180</int>
					</object>
					<object id="evenground_horizon_1331667365839">
						<str id="name">evenground_horizon_1331667365839</str>
						<int id="y">5806</int>
						<int id="h">109</int>
						<int id="z">0</int>
						<int id="w">1216</int>
						<str id="sprite_class">evenground_horizon</str>
						<int id="x">577</int>
					</object>
				</object>
				<int id="z">-2</int>
			</object>
		</object>
		<str id="music_file">WHISTLE_SONG</str>
		<object id="gradient">
			<str id="top">000000</str>
			<str id="bottom">97CADB</str>
		</object>
		<null id="img_file_versioned"/>
		<int id="rookable_type">0</int>
		<null id="loading_label"/>
		<null id="physics"/>
		<str id="swf_file_versioned">http://c2.glitch.bz/locations/groddle1/1347579253.swf</str>
		<str id="tsid">LA9Q9EQ5V4F33RE</str>
		<int id="ground_y">0</int>
		<object id="sources">
			<int id="LA9QMIMHV4F3RHN">1</int>
			<int id="LA9QQQ8LV4F3TJ2">1</int>
		</object>
		<bool id="wall_jump">false</bool>
		<bool id="no_zoom">false</bool>
		<bool id="no_camera_mode">false</bool>
		<bool id="no_ambient_music">false</bool>
		<bool id="no_physics_adjustments">false</bool>
		<bool id="no_upgrade_physics_adjustments">false</bool>
	</object>
</game_object>
