<game_object tsid="GA9QMIMHV4F3RHN" ts="1355112731915" label="Rook Cemetery" class_tsid="" lastUpdateTime="1355112655" upd_gs="gs-float1" load_time="2012-12-09 20:10:51.000" upd_time="2012-12-09 19:50:29.186">
	<object id="dynamic">
		<int id="l">-3000</int>
		<int id="r">3000</int>
		<int id="t">-1000</int>
		<int id="b">0</int>
		<str id="label">Rook Cementary</str>
		<str id="swf_file">limbo1.swf,zutto1.swf,groddle1.swf</str>
		<object id="layers">
			<object id="T_1318371760545">
				<int id="w">6000</int>
				<str id="name">plus</str>
				<object id="filtersNEW">
					<object id="blur">
						<int id="value">1</int>
					</object>
					<object id="saturation">
						<int id="value">-100</int>
					</object>
					<object id="brightness">
						<int id="value">-65</int>
					</object>
					<object id="tintAmount">
						<int id="value">0</int>
					</object>
					<object id="contrast">
						<int id="value">5</int>
					</object>
					<object id="tintColor">
						<int id="value">16720384</int>
					</object>
				</object>
				<int id="h">1000</int>
				<object id="decos">
					<object id="cave_crystal_6_1318430531179">
						<str id="name">cave_crystal_6_1318371760554</str>
						<int id="y">843</int>
						<int id="h">264</int>
						<int id="z">9</int>
						<int id="w">66</int>
						<str id="sprite_class">cave_crystal_6</str>
						<int id="x">4247</int>
						<int id="r">10</int>
					</object>
					<object id="tree_int_bough_5_1318973870611">
						<str id="name">tree_int_bough_5_1318969467627</str>
						<int id="y">1002</int>
						<int id="h">213</int>
						<int id="z">20</int>
						<int id="w">561</int>
						<str id="sprite_class">tree_int_bough_5</str>
						<int id="x">4618</int>
						<int id="r">1</int>
					</object>
					<object id="cave_crystal_8_1318973870615">
						<str id="name">cave_crystal_8_1318350573365</str>
						<int id="y">862</int>
						<int id="h">301</int>
						<int id="z">1</int>
						<int id="w">138</int>
						<str id="sprite_class">cave_crystal_8</str>
						<int id="x">4655</int>
						<int id="r">181</int>
					</object>
					<object id="cave_crystal_8_1318969467616">
						<str id="name">cave_crystal_8_1318350573365</str>
						<int id="y">880</int>
						<int id="h">301</int>
						<int id="z">21</int>
						<int id="w">138</int>
						<str id="sprite_class">cave_crystal_8</str>
						<int id="x">5007</int>
						<int id="r">-4</int>
					</object>
					<object id="cave_crystal_8_1318435194476">
						<str id="name">cave_crystal_8_1318350573365</str>
						<int id="y">815</int>
						<int id="h">250</int>
						<int id="z">16</int>
						<int id="w">86</int>
						<str id="sprite_class">cave_crystal_8</str>
						<int id="x">3010</int>
					</object>
					<object id="cave_crystal_6_1318430531154">
						<str id="name">cave_crystal_6_1318371760554</str>
						<int id="y">805</int>
						<int id="h">281</int>
						<int id="z">8</int>
						<int id="w">66</int>
						<str id="sprite_class">cave_crystal_6</str>
						<int id="x">4859</int>
						<int id="r">10</int>
					</object>
					<object id="cave_crystal_8_1318969467657">
						<str id="name">cave_crystal_8_1318350573365</str>
						<int id="y">-18</int>
						<int id="h">469</int>
						<int id="z">23</int>
						<int id="w">146</int>
						<str id="sprite_class">cave_crystal_8</str>
						<int id="x">1841</int>
						<int id="r">175</int>
					</object>
					<object id="cave_crystal_8_1318969467656">
						<str id="name">cave_crystal_8_1318350573365</str>
						<int id="y">105</int>
						<int id="h">469</int>
						<int id="z">4</int>
						<int id="w">146</int>
						<str id="sprite_class">cave_crystal_8</str>
						<int id="x">1530</int>
						<int id="r">180</int>
					</object>
					<object id="cave_crystal_8_1318435194463">
						<str id="name">cave_crystal_8_1318350573365</str>
						<int id="y">822</int>
						<int id="h">281</int>
						<int id="z">13</int>
						<int id="w">116</int>
						<str id="sprite_class">cave_crystal_8</str>
						<int id="x">1981</int>
					</object>
					<object id="cave_crystal_6_1318371760555">
						<str id="name">cave_crystal_6_1318371760554</str>
						<int id="y">832</int>
						<int id="h">314</int>
						<int id="z">10</int>
						<int id="w">77</int>
						<str id="sprite_class">cave_crystal_6</str>
						<bool id="h_flip">true</bool>
						<int id="x">1696</int>
					</object>
					<object id="cave_crystal_6_1318371760547">
						<str id="name">cave_crystal_6_1318350573369</str>
						<int id="y">811</int>
						<int id="h">298</int>
						<int id="z">5</int>
						<int id="w">66</int>
						<str id="sprite_class">cave_crystal_6</str>
						<int id="x">1018</int>
						<int id="r">-5</int>
					</object>
					<object id="cave_crystal_8_1318435194477">
						<str id="name">cave_crystal_8_1318350573365</str>
						<int id="y">782</int>
						<int id="h">331</int>
						<int id="z">18</int>
						<int id="w">99</int>
						<str id="sprite_class">cave_crystal_8</str>
						<bool id="h_flip">true</bool>
						<int id="x">3075</int>
					</object>
					<object id="cave_crystal_8_1318973870614">
						<str id="name">cave_crystal_8_1318350573365</str>
						<int id="y">863</int>
						<int id="h">301</int>
						<int id="z">0</int>
						<int id="w">138</int>
						<str id="sprite_class">cave_crystal_8</str>
						<int id="x">4558</int>
						<int id="r">181</int>
					</object>
					<object id="cave_crystal_6_1318430531153">
						<str id="name">cave_crystal_6_1318371760554</str>
						<int id="y">757</int>
						<int id="h">247</int>
						<int id="z">7</int>
						<int id="w">66</int>
						<str id="sprite_class">cave_crystal_6</str>
						<int id="x">5550</int>
					</object>
					<object id="cave_crystal_8_1318435194468">
						<str id="name">cave_crystal_8_1318350573365</str>
						<int id="y">797</int>
						<int id="h">282</int>
						<int id="z">14</int>
						<int id="w">111</int>
						<str id="sprite_class">cave_crystal_8</str>
						<int id="x">2486</int>
					</object>
					<object id="cave_crystal_8_1318435194481">
						<str id="name">cave_crystal_8_1318350573365</str>
						<int id="y">828</int>
						<int id="h">309</int>
						<int id="z">17</int>
						<int id="w">109</int>
						<str id="sprite_class">cave_crystal_8</str>
						<int id="x">3564</int>
					</object>
					<object id="cave_crystal_8_1318435194475">
						<str id="name">cave_crystal_8_1318350573365</str>
						<int id="y">805</int>
						<int id="h">236</int>
						<int id="z">15</int>
						<int id="w">116</int>
						<str id="sprite_class">cave_crystal_8</str>
						<int id="x">2798</int>
					</object>
					<object id="tree_int_bough_5_1318973870612">
						<str id="name">tree_int_bough_5_1318969467627</str>
						<int id="y">1000</int>
						<int id="h">176</int>
						<int id="z">22</int>
						<int id="w">392</int>
						<str id="sprite_class">tree_int_bough_5</str>
						<int id="x">4990</int>
						<int id="r">1</int>
					</object>
					<object id="cave_crystal_8_1318435194491">
						<str id="name">cave_crystal_8_1318350573365</str>
						<int id="y">830</int>
						<int id="h">309</int>
						<int id="z">19</int>
						<int id="w">85</int>
						<str id="sprite_class">cave_crystal_8</str>
						<int id="x">4559</int>
					</object>
					<object id="cave_crystal_8_1318969467655">
						<str id="name">cave_crystal_8_1318350573365</str>
						<int id="y">33</int>
						<int id="h">469</int>
						<int id="z">3</int>
						<int id="w">146</int>
						<str id="sprite_class">cave_crystal_8</str>
						<int id="x">1124</int>
						<int id="r">180</int>
					</object>
					<object id="cave_crystal_6_1318371760554">
						<str id="name">cave_crystal_6_1318371760554</str>
						<int id="y">809</int>
						<int id="h">333</int>
						<int id="z">6</int>
						<int id="w">68</int>
						<str id="sprite_class">cave_crystal_6</str>
						<int id="x">1480</int>
					</object>
					<object id="cave_crystal_8_1318969467658">
						<str id="name">cave_crystal_8_1318350573365</str>
						<int id="y">36</int>
						<int id="h">585</int>
						<int id="z">24</int>
						<int id="w">182</int>
						<str id="sprite_class">cave_crystal_8</str>
						<int id="x">2051</int>
						<int id="r">175</int>
					</object>
					<object id="cave_crystal_6_1318430531180">
						<str id="name">cave_crystal_6_1318430531180</str>
						<int id="y">840</int>
						<int id="h">302</int>
						<int id="z">12</int>
						<int id="w">66</int>
						<str id="sprite_class">cave_crystal_6</str>
						<int id="x">3694</int>
						<int id="r">20</int>
					</object>
					<object id="cave_crystal_8_1318371760546">
						<str id="name">cave_crystal_8_1318350573365</str>
						<int id="y">818</int>
						<int id="h">212</int>
						<int id="z">2</int>
						<int id="w">107</int>
						<str id="sprite_class">cave_crystal_8</str>
						<int id="x">687</int>
					</object>
					<object id="cave_stalactite_5_1318371760592">
						<str id="name">cave_stalactite_5_1318371760590</str>
						<int id="y">632</int>
						<int id="h">554</int>
						<int id="z">11</int>
						<int id="w">173</int>
						<str id="sprite_class">cave_stalactite_5</str>
						<int id="x">1486</int>
					</object>
				</object>
				<int id="z">1</int>
			</object>
			<object id="T_1318350429043">
				<int id="w">5040</int>
				<str id="name">sky</str>
				<object id="filtersNEW">
					<object id="blur">
						<int id="value">0</int>
					</object>
					<object id="saturation">
						<int id="value">-41</int>
					</object>
					<object id="tintColor">
						<int id="value">0</int>
					</object>
					<object id="brightness">
						<int id="value">-100</int>
					</object>
					<object id="contrast">
						<int id="value">-100</int>
					</object>
				</object>
				<int id="h">1000</int>
				<object id="decos">
					<object id="floating_steam02_1318973870622">
						<bool id="animated">true</bool>
						<str id="name">floating_steam02_1318350573389</str>
						<int id="y">846</int>
						<int id="h">474</int>
						<int id="z">4</int>
						<int id="w">1942</int>
						<str id="sprite_class">floating_steam02</str>
						<int id="x">1457</int>
					</object>
					<object id="floating_steam02_1318973870621">
						<bool id="animated">true</bool>
						<str id="name">floating_steam02_1318350573389</str>
						<int id="y">824</int>
						<int id="h">474</int>
						<int id="z">3</int>
						<int id="w">1942</int>
						<str id="sprite_class">floating_steam02</str>
						<int id="x">4131</int>
					</object>
					<object id="cave_large_rock_1_1318969467603">
						<str id="name">cave_large_rock_1_1318969467591</str>
						<int id="y">1096</int>
						<int id="h">624</int>
						<int id="z">2</int>
						<int id="w">139</int>
						<str id="sprite_class">cave_large_rock_1</str>
						<int id="x">2324</int>
					</object>
					<object id="cave_platform_2_rev1_1318969467599">
						<str id="name">cave_platform_2_rev1_1318371760593</str>
						<int id="y">468</int>
						<int id="h">85</int>
						<int id="z">0</int>
						<int id="w">215</int>
						<str id="sprite_class">cave_platform_2_rev1</str>
						<int id="x">3009</int>
						<int id="r">2</int>
					</object>
					<object id="cave_crystal_8_1318969467662">
						<str id="name">cave_crystal_8_1318350573365</str>
						<int id="y">404</int>
						<int id="h">80</int>
						<int id="z">1</int>
						<int id="w">23</int>
						<str id="sprite_class">cave_crystal_8</str>
						<int id="x">3074</int>
					</object>
				</object>
				<int id="z">-5</int>
			</object>
			<object id="T_1318973870589">
				<int id="w">6600</int>
				<str id="name">fg</str>
				<object id="filtersNEW">
					<object id="blur">
						<int id="value">10</int>
					</object>
					<object id="saturation">
						<int id="value">-100</int>
					</object>
					<object id="tintColor">
						<int id="value">0</int>
					</object>
					<object id="brightness">
						<int id="value">-100</int>
					</object>
					<object id="contrast">
						<int id="value">-65</int>
					</object>
				</object>
				<int id="h">1000</int>
				<object id="decos">
					<object id="cave_crystal_8_1318973870607">
						<str id="name">cave_crystal_8_1318350573365</str>
						<int id="y">1187</int>
						<int id="h">772</int>
						<int id="z">10</int>
						<int id="w">212</int>
						<str id="sprite_class">cave_crystal_8</str>
						<int id="x">1251</int>
						<int id="r">-1</int>
					</object>
					<object id="cave_crystal_8_1318973870602">
						<str id="name">cave_crystal_8_1318350573365</str>
						<int id="y">-88</int>
						<int id="h">772</int>
						<int id="z">6</int>
						<int id="w">212</int>
						<str id="sprite_class">cave_crystal_8</str>
						<int id="x">5253</int>
						<int id="r">179</int>
					</object>
					<object id="cave_crystal_8_1318973870616">
						<str id="name">cave_crystal_8_1318350573365</str>
						<int id="y">1075</int>
						<int id="h">664</int>
						<int id="z">14</int>
						<int id="w">213</int>
						<str id="sprite_class">cave_crystal_8</str>
						<int id="x">2360</int>
						<int id="r">356</int>
					</object>
					<object id="cave_crystal_8_1318973870618">
						<str id="name">cave_crystal_8_1318350573365</str>
						<int id="y">1087</int>
						<int id="h">664</int>
						<int id="z">16</int>
						<int id="w">213</int>
						<str id="sprite_class">cave_crystal_8</str>
						<int id="x">5840</int>
						<int id="r">356</int>
					</object>
					<object id="cave_crystal_8_1318973870610">
						<str id="name">cave_crystal_8_1318350573365</str>
						<int id="y">1052</int>
						<int id="h">772</int>
						<int id="z">13</int>
						<int id="w">212</int>
						<str id="sprite_class">cave_crystal_8</str>
						<bool id="h_flip">true</bool>
						<int id="x">1734</int>
					</object>
					<object id="bling_charms_3_1318973870594">
						<str id="name">bling_charms_3_1318973870582</str>
						<int id="y">576</int>
						<int id="h">614</int>
						<int id="z">4</int>
						<int id="w">277</int>
						<str id="sprite_class">bling_charms_3</str>
						<bool id="h_flip">true</bool>
						<int id="x">2556</int>
					</object>
					<object id="bling_charms_3_1318973870593">
						<str id="name">bling_charms_3_1318973870582</str>
						<int id="y">486</int>
						<int id="h">544</int>
						<int id="z">2</int>
						<int id="w">245</int>
						<str id="sprite_class">bling_charms_3</str>
						<bool id="h_flip">true</bool>
						<int id="x">5988</int>
					</object>
					<object id="cave_crystal_8_1318973870609">
						<str id="name">cave_crystal_8_1318350573365</str>
						<int id="y">1100</int>
						<int id="h">772</int>
						<int id="z">12</int>
						<int id="w">212</int>
						<str id="sprite_class">cave_crystal_8</str>
						<bool id="h_flip">true</bool>
						<int id="x">1829</int>
						<int id="r">-1</int>
					</object>
					<object id="bling_charms_4_1318973870591">
						<str id="name">bling_charms_4_1318973870591</str>
						<int id="y">621</int>
						<int id="h">668</int>
						<int id="z">1</int>
						<int id="w">150</int>
						<str id="sprite_class">bling_charms_4</str>
						<int id="x">4580</int>
					</object>
					<object id="cave_crystal_8_1318973870617">
						<str id="name">cave_crystal_8_1318350573365</str>
						<int id="y">1083</int>
						<int id="h">664</int>
						<int id="z">15</int>
						<int id="w">213</int>
						<str id="sprite_class">cave_crystal_8</str>
						<int id="x">4613</int>
						<int id="r">1</int>
					</object>
					<object id="cave_crystal_8_1318973870606">
						<str id="name">cave_crystal_8_1318350573365</str>
						<int id="y">1091</int>
						<int id="h">772</int>
						<int id="z">9</int>
						<int id="w">212</int>
						<str id="sprite_class">cave_crystal_8</str>
						<bool id="h_flip">true</bool>
						<int id="x">650</int>
					</object>
					<object id="cave_crystal_8_1318973870601">
						<str id="name">cave_crystal_8_1318350573365</str>
						<int id="y">-155</int>
						<int id="h">772</int>
						<int id="z">5</int>
						<int id="w">212</int>
						<str id="sprite_class">cave_crystal_8</str>
						<int id="x">3837</int>
						<int id="r">179</int>
					</object>
					<object id="bling_charms_4_1318973870592">
						<str id="name">bling_charms_4_1318973870591</str>
						<int id="y">542</int>
						<int id="h">614</int>
						<int id="z">3</int>
						<int id="w">138</int>
						<str id="sprite_class">bling_charms_4</str>
						<int id="x">6404</int>
					</object>
					<object id="cave_crystal_8_1318973870608">
						<str id="name">cave_crystal_8_1318350573365</str>
						<int id="y">1149</int>
						<int id="h">772</int>
						<int id="z">11</int>
						<int id="w">212</int>
						<str id="sprite_class">cave_crystal_8</str>
						<int id="x">3555</int>
						<int id="r">-1</int>
					</object>
					<object id="cave_crystal_8_1318973870603">
						<str id="name">cave_crystal_8_1318350573365</str>
						<int id="y">-84</int>
						<int id="h">772</int>
						<int id="z">7</int>
						<int id="w">212</int>
						<str id="sprite_class">cave_crystal_8</str>
						<int id="x">2785</int>
						<int id="r">179</int>
					</object>
					<object id="cave_crystal_8_1318973870604">
						<str id="name">cave_crystal_8_1318350573365</str>
						<int id="y">-86</int>
						<int id="h">907</int>
						<int id="z">8</int>
						<int id="w">212</int>
						<str id="sprite_class">cave_crystal_8</str>
						<int id="x">2938</int>
						<int id="r">179</int>
					</object>
					<object id="bling_charms_3_1318973870590">
						<str id="name">bling_charms_3_1318973870582</str>
						<int id="y">605</int>
						<int id="h">706</int>
						<int id="z">0</int>
						<int id="w">318</int>
						<str id="sprite_class">bling_charms_3</str>
						<bool id="h_flip">true</bool>
						<int id="x">5013</int>
					</object>
				</object>
				<int id="z">3</int>
			</object>
			<object id="T_1318350573362">
				<int id="w">6000</int>
				<str id="name">midg</str>
				<object id="filtersNEW">
					<object id="blur">
						<int id="value">0</int>
					</object>
					<object id="saturation">
						<int id="value">-100</int>
					</object>
					<object id="brightness">
						<int id="value">-68</int>
					</object>
					<object id="tintAmount">
						<int id="value">0</int>
					</object>
					<object id="contrast">
						<int id="value">5</int>
					</object>
					<object id="tintColor">
						<int id="value">16720384</int>
					</object>
				</object>
				<int id="h">1000</int>
				<object id="decos">
					<object id="cave_platform_4_rev1_1318371760562">
						<str id="name">cave_platform_4_rev1_1318350573430</str>
						<int id="y">1249</int>
						<int id="h">513</int>
						<int id="z">74</int>
						<int id="w">452</int>
						<str id="sprite_class">cave_platform_4_rev1</str>
						<bool id="h_flip">true</bool>
						<int id="x">2474</int>
					</object>
					<object id="cave_icicle_1b_z1_1318969467612">
						<str id="name">cave_icicle_1b_z1_1318969467611</str>
						<int id="y">345</int>
						<int id="h">507</int>
						<int id="z">114</int>
						<int id="w">239</int>
						<str id="sprite_class">cave_icicle_1b_z1</str>
						<int id="x">4389</int>
					</object>
					<object id="tree_int_bough_5_1318969467647">
						<str id="name">tree_int_bough_5_1318969467627</str>
						<int id="y">856</int>
						<int id="h">213</int>
						<int id="z">22</int>
						<int id="w">561</int>
						<str id="sprite_class">tree_int_bough_5</str>
						<int id="x">5509</int>
						<int id="r">1</int>
					</object>
					<object id="cave_big_platform_1_1318428140875">
						<str id="name">cave_big_platform_1_1318350573361</str>
						<int id="y">1057</int>
						<int id="h">388</int>
						<int id="z">26</int>
						<int id="w">554</int>
						<str id="sprite_class">cave_big_platform_1</str>
						<int id="x">3128</int>
					</object>
					<object id="cave_crystal_6_1318969467651">
						<str id="name">cave_crystal_6_1318430531180</str>
						<int id="y">699</int>
						<int id="h">227</int>
						<int id="z">123</int>
						<int id="w">66</int>
						<str id="sprite_class">cave_crystal_6</str>
						<int id="x">5350</int>
						<int id="r">20</int>
					</object>
					<object id="cave_gr_texture_5_1318350573375">
						<str id="name">cave_gr_texture_5_1318350573375</str>
						<int id="y">822</int>
						<int id="h">96</int>
						<int id="z">45</int>
						<int id="w">733</int>
						<str id="sprite_class">cave_gr_texture_5</str>
						<int id="x">-239</int>
					</object>
					<object id="ground_ghosts_3_1318350573394">
						<str id="name">ground_ghosts_3_1318350573394</str>
						<int id="y">909</int>
						<int id="h">103</int>
						<int id="z">53</int>
						<int id="w">49</int>
						<str id="sprite_class">ground_ghosts_3</str>
						<int id="x">202</int>
					</object>
					<object id="tree_int_bough_5_1318973870619">
						<str id="name">tree_int_bough_5_1318969467627</str>
						<int id="y">915</int>
						<int id="h">177</int>
						<int id="z">117</int>
						<int id="w">467</int>
						<str id="sprite_class">tree_int_bough_5</str>
						<int id="x">249</int>
					</object>
					<object id="cave_platform_1_1318430531108">
						<str id="name">cave_platform_1_1318430531105</str>
						<int id="y">1283</int>
						<int id="h">547</int>
						<int id="z">83</int>
						<int id="w">311</int>
						<str id="sprite_class">cave_platform_1</str>
						<int id="x">2892</int>
					</object>
					<object id="tree_int_bough_5_1318969467640">
						<str id="name">tree_int_bough_5_1318969467627</str>
						<int id="y">912</int>
						<int id="h">213</int>
						<int id="z">88</int>
						<int id="w">561</int>
						<str id="sprite_class">tree_int_bough_5</str>
						<int id="x">4106</int>
						<int id="r">1</int>
					</object>
					<object id="bling_charms_3_1318973870585">
						<str id="name">bling_charms_3_1318973870582</str>
						<int id="y">501</int>
						<int id="h">255</int>
						<int id="z">0</int>
						<int id="w">115</int>
						<str id="sprite_class">bling_charms_3</str>
						<bool id="h_flip">true</bool>
						<int id="x">2855</int>
					</object>
					<object id="tree_int_bough_5_1318969467642">
						<str id="name">tree_int_bough_5_1318969467627</str>
						<int id="y">931</int>
						<int id="h">213</int>
						<int id="z">89</int>
						<int id="w">561</int>
						<str id="sprite_class">tree_int_bough_5</str>
						<int id="x">4566</int>
						<int id="r">1</int>
					</object>
					<object id="ground_ghosts_3_1318430531086">
						<str id="name">ground_ghosts_3_1318350573394</str>
						<int id="y">984</int>
						<int id="h">103</int>
						<int id="z">98</int>
						<int id="w">49</int>
						<str id="sprite_class">ground_ghosts_3</str>
						<int id="x">2415</int>
					</object>
					<object id="cave_crystal_8_1318430531157">
						<str id="name">cave_crystal_8_1318350573365</str>
						<int id="y">707</int>
						<int id="h">395</int>
						<int id="z">40</int>
						<int id="w">116</int>
						<str id="sprite_class">cave_crystal_8</str>
						<bool id="h_flip">true</bool>
						<int id="x">5521</int>
					</object>
					<object id="bling_charms_3_1318973870586">
						<str id="name">bling_charms_3_1318973870582</str>
						<int id="y">450</int>
						<int id="h">403</int>
						<int id="z">125</int>
						<int id="w">182</int>
						<str id="sprite_class">bling_charms_3</str>
						<int id="x">1750</int>
					</object>
					<object id="cave_platform_6_1318371760560">
						<str id="name">cave_platform_6_1318371760560</str>
						<int id="y">1023</int>
						<int id="h">301</int>
						<int id="z">68</int>
						<int id="w">439</int>
						<str id="sprite_class">cave_platform_6</str>
						<int id="x">2378</int>
						<int id="r">-5</int>
					</object>
					<object id="ground_ghosts_3_1318430531085">
						<str id="name">ground_ghosts_3_1318350573394</str>
						<int id="y">941</int>
						<int id="h">103</int>
						<int id="z">97</int>
						<int id="w">49</int>
						<str id="sprite_class">ground_ghosts_3</str>
						<int id="x">2548</int>
					</object>
					<object id="cave_top_1b_z1_1318350573391">
						<str id="name">cave_top_1b_z1_1318350573383</str>
						<int id="y">272</int>
						<int id="h">306</int>
						<int id="z">49</int>
						<int id="w">494</int>
						<str id="sprite_class">cave_top_1b_z1</str>
						<int id="x">628</int>
					</object>
					<object id="cave_top_1d_z1_1318430531070">
						<str id="name">cave_top_1d_z1_1318350573424</str>
						<int id="y">211</int>
						<int id="h">289</int>
						<int id="z">93</int>
						<int id="w">519</int>
						<str id="sprite_class">cave_top_1d_z1</str>
						<int id="x">1799</int>
					</object>
					<object id="cave_crystal_6_1318969467650">
						<str id="name">cave_crystal_6_1318430531180</str>
						<int id="y">766</int>
						<int id="h">392</int>
						<int id="z">1</int>
						<int id="w">123</int>
						<str id="sprite_class">cave_crystal_6</str>
						<int id="x">3814</int>
						<int id="r">-5</int>
					</object>
					<object id="tree_int_bough_5_1318969467636">
						<str id="name">tree_int_bough_5_1318969467627</str>
						<int id="y">904</int>
						<int id="h">213</int>
						<int id="z">87</int>
						<int id="w">561</int>
						<str id="sprite_class">tree_int_bough_5</str>
						<int id="x">3673</int>
					</object>
					<object id="bugs_1_1318430531081">
						<str id="name">bugs_1_1318430531080</str>
						<int id="y">855</int>
						<int id="h">41</int>
						<int id="z">96</int>
						<int id="w">38</int>
						<str id="sprite_class">bugs_1</str>
						<int id="x">2710</int>
					</object>
					<object id="cave_big_platform_1_1318428140878">
						<str id="name">cave_big_platform_1_1318350573361</str>
						<int id="y">1149</int>
						<int id="h">388</int>
						<int id="z">27</int>
						<int id="w">554</int>
						<str id="sprite_class">cave_big_platform_1</str>
						<int id="x">3887</int>
					</object>
					<object id="cave_platform_2_rev1_1318428140880">
						<str id="name">cave_platform_2_rev1_1318371760593</str>
						<int id="y">949</int>
						<int id="h">198</int>
						<int id="z">71</int>
						<int id="w">502</int>
						<str id="sprite_class">cave_platform_2_rev1</str>
						<int id="x">4714</int>
					</object>
					<object id="cave_crystal_8_1318435194474">
						<str id="name">cave_crystal_8_1318350573365</str>
						<int id="y">749</int>
						<int id="h">311</int>
						<int id="z">104</int>
						<int id="w">116</int>
						<str id="sprite_class">cave_crystal_8</str>
						<int id="x">2632</int>
					</object>
					<object id="cave_platform_5_1318371760563">
						<str id="name">cave_platform_5_1318371760563</str>
						<int id="y">1028</int>
						<int id="h">418</int>
						<int id="z">11</int>
						<int id="w">262</int>
						<str id="sprite_class">cave_platform_5</str>
						<int id="x">2179</int>
					</object>
					<object id="cave_crack_4_1318435194483">
						<str id="name">cave_crack_4_1318435194483</str>
						<int id="y">822</int>
						<int id="h">38</int>
						<int id="z">108</int>
						<int id="w">105</int>
						<str id="sprite_class">cave_crack_4</str>
						<int id="x">3633</int>
					</object>
					<object id="cave_big_platform_1_1318350573363">
						<str id="name">cave_big_platform_1_1318350573361</str>
						<int id="y">1099</int>
						<int id="h">388</int>
						<int id="z">18</int>
						<int id="w">554</int>
						<str id="sprite_class">cave_big_platform_1</str>
						<int id="x">301</int>
					</object>
					<object id="cave_crack_2_1318435194486">
						<str id="name">cave_crack_2_1318430531174</str>
						<int id="y">819</int>
						<int id="h">43</int>
						<int id="z">62</int>
						<int id="w">182</int>
						<str id="sprite_class">cave_crack_2</str>
						<int id="x">1812</int>
					</object>
					<object id="cave_crystal_8_1318435194464">
						<str id="name">cave_crystal_8_1318350573365</str>
						<int id="y">655</int>
						<int id="h">329</int>
						<int id="z">102</int>
						<int id="w">116</int>
						<str id="sprite_class">cave_crystal_8</str>
						<int id="x">2184</int>
					</object>
					<object id="cave_top_1a_z1_1318350573426">
						<str id="name">cave_top_1a_z1_1318350573423</str>
						<int id="y">252</int>
						<int id="h">281</int>
						<int id="z">58</int>
						<int id="w">570</int>
						<str id="sprite_class">cave_top_1a_z1</str>
						<int id="x">916</int>
					</object>
					<object id="cave_icicle_1c_z1_1318969467609">
						<str id="name">cave_icicle_1c_z1_1318969467605</str>
						<int id="y">315</int>
						<int id="h">356</int>
						<int id="z">95</int>
						<int id="w">462</int>
						<str id="sprite_class">cave_icicle_1c_z1</str>
						<int id="x">2468</int>
					</object>
					<object id="cave_platform_3_rev1_1318430531101">
						<str id="name">cave_platform_3_rev1_1318430531101</str>
						<int id="y">915</int>
						<int id="h">256</int>
						<int id="z">7</int>
						<int id="w">413</int>
						<str id="sprite_class">cave_platform_3_rev1</str>
						<int id="x">3174</int>
					</object>
					<object id="tree_int_bough_5_1318969467628">
						<str id="name">tree_int_bough_5_1318969467627</str>
						<int id="y">897</int>
						<int id="h">213</int>
						<int id="z">84</int>
						<int id="w">561</int>
						<str id="sprite_class">tree_int_bough_5</str>
						<int id="x">2700</int>
					</object>
					<object id="cave_platform_4_rev1_1318350573430">
						<str id="name">cave_platform_4_rev1_1318350573430</str>
						<int id="y">1158</int>
						<int id="h">406</int>
						<int id="z">63</int>
						<int id="w">358</int>
						<str id="sprite_class">cave_platform_4_rev1</str>
						<bool id="h_flip">true</bool>
						<int id="x">1013</int>
					</object>
					<object id="cave_big_platform_1_1318428140885">
						<str id="name">cave_big_platform_1_1318350573361</str>
						<int id="y">1032</int>
						<int id="h">388</int>
						<int id="z">21</int>
						<int id="w">554</int>
						<str id="sprite_class">cave_big_platform_1</str>
						<int id="x">5574</int>
						<int id="r">2</int>
					</object>
					<object id="tree_int_bough_5_1318969467638">
						<str id="name">tree_int_bough_5_1318969467627</str>
						<int id="y">972</int>
						<int id="h">213</int>
						<int id="z">90</int>
						<int id="w">561</int>
						<str id="sprite_class">tree_int_bough_5</str>
						<int id="x">3718</int>
						<int id="r">10</int>
					</object>
					<object id="tree_int_bough_5_1318969467625">
						<str id="name">tree_int_bough_5_1318969467619</str>
						<int id="y">947</int>
						<int id="h">242</int>
						<int id="z">64</int>
						<int id="w">491</int>
						<str id="sprite_class">tree_int_bough_5</str>
						<int id="x">910</int>
					</object>
					<object id="cave_crack_2_1318435194485">
						<str id="name">cave_crack_2_1318430531174</str>
						<int id="y">779</int>
						<int id="h">43</int>
						<int id="z">101</int>
						<int id="w">182</int>
						<str id="sprite_class">cave_crack_2</str>
						<int id="x">3035</int>
					</object>
					<object id="cave_crystal_6_1318435194482">
						<str id="name">cave_crystal_6_1318430531180</str>
						<int id="y">700</int>
						<int id="h">227</int>
						<int id="z">107</int>
						<int id="w">66</int>
						<str id="sprite_class">cave_crystal_6</str>
						<int id="x">3413</int>
						<int id="r">20</int>
					</object>
					<object id="cave_icicle_1c_z1_1318428140948">
						<str id="name">cave_icicle_1c_z1_1318428140945</str>
						<int id="y">210</int>
						<int id="h">246</int>
						<int id="z">10</int>
						<int id="w">396</int>
						<str id="sprite_class">cave_icicle_1c_z1</str>
						<int id="x">3043</int>
						<int id="r">-2</int>
					</object>
					<object id="cave_crack_2_1318371760552">
						<str id="name">cave_crack_2_1318350573370</str>
						<int id="y">802</int>
						<int id="h">43</int>
						<int id="z">66</int>
						<int id="w">182</int>
						<str id="sprite_class">cave_crack_2</str>
						<int id="x">987</int>
					</object>
					<object id="cave_icicle_1b_z1_1318969467634">
						<str id="name">cave_icicle_1b_z1_1318350573377</str>
						<int id="y">1179</int>
						<int id="h">381</int>
						<int id="z">3</int>
						<int id="w">167</int>
						<str id="sprite_class">cave_icicle_1b_z1</str>
						<int id="x">3441</int>
					</object>
					<object id="ground_ghosts_1_1318430531100">
						<str id="name">ground_ghosts_1_1318430531100</str>
						<int id="y">908</int>
						<int id="h">73</int>
						<int id="z">100</int>
						<int id="w">62</int>
						<str id="sprite_class">ground_ghosts_1</str>
						<int id="x">3328</int>
					</object>
					<object id="cave_gr_platform_1_1318350573374">
						<str id="name">cave_gr_platform_1_1318350573373</str>
						<int id="y">890</int>
						<int id="h">166</int>
						<int id="z">30</int>
						<int id="w">329</int>
						<str id="sprite_class">cave_gr_platform_1</str>
						<int id="x">-44</int>
					</object>
					<object id="cave_crack_3_1318350573371">
						<str id="name">cave_crack_3_1318350573371</str>
						<int id="y">744</int>
						<int id="h">25</int>
						<int id="z">28</int>
						<int id="w">144</int>
						<str id="sprite_class">cave_crack_3</str>
						<int id="x">339</int>
					</object>
					<object id="cave_crystal_6_1318973870613">
						<str id="name">cave_crystal_6_1318430531180</str>
						<int id="y">777</int>
						<int id="h">392</int>
						<int id="z">2</int>
						<int id="w">123</int>
						<str id="sprite_class">cave_crystal_6</str>
						<int id="x">4004</int>
						<int id="r">5</int>
					</object>
					<object id="tree_int_bough_5_1318969467643">
						<str id="name">tree_int_bough_5_1318969467627</str>
						<int id="y">910</int>
						<int id="h">213</int>
						<int id="z">72</int>
						<int id="w">561</int>
						<str id="sprite_class">tree_int_bough_5</str>
						<int id="x">4952</int>
						<int id="r">1</int>
					</object>
					<object id="cave_icicle_1c_z1_1318969467608">
						<str id="name">cave_icicle_1c_z1_1318969467605</str>
						<int id="y">417</int>
						<int id="h">473</int>
						<int id="z">94</int>
						<int id="w">347</int>
						<str id="sprite_class">cave_icicle_1c_z1</str>
						<int id="x">2146</int>
					</object>
					<object id="cave_platform_2_rev1_1318428140881">
						<str id="name">cave_platform_2_rev1_1318371760593</str>
						<int id="y">921</int>
						<int id="h">198</int>
						<int id="z">14</int>
						<int id="w">502</int>
						<str id="sprite_class">cave_platform_2_rev1</str>
						<bool id="h_flip">true</bool>
						<int id="x">4690</int>
					</object>
					<object id="tree_int_bough_5_1318969467653">
						<str id="name">tree_int_bough_5_1318969467627</str>
						<int id="y">824</int>
						<int id="h">213</int>
						<int id="z">16</int>
						<int id="w">561</int>
						<str id="sprite_class">tree_int_bough_5</str>
						<int id="x">5878</int>
						<int id="r">1</int>
					</object>
					<object id="cave_platform_3_rev1_1318430531104">
						<str id="name">cave_platform_3_rev1_1318430531101</str>
						<int id="y">926</int>
						<int id="h">256</int>
						<int id="z">5</int>
						<int id="w">561</int>
						<str id="sprite_class">cave_platform_3_rev1</str>
						<int id="x">2962</int>
						<int id="r">-5</int>
					</object>
					<object id="cave_icicle_1a_z1_1318428140951">
						<str id="name">cave_icicle_1a_z1_1318428140951</str>
						<int id="y">238</int>
						<int id="h">321</int>
						<int id="z">92</int>
						<int id="w">156</int>
						<str id="sprite_class">cave_icicle_1a_z1</str>
						<int id="x">3398</int>
						<int id="r">-10</int>
					</object>
					<object id="cave_platform_3_rev1_1318430531103">
						<str id="name">cave_platform_3_rev1_1318430531101</str>
						<int id="y">936</int>
						<int id="h">256</int>
						<int id="z">6</int>
						<int id="w">523</int>
						<str id="sprite_class">cave_platform_3_rev1</str>
						<int id="x">3346</int>
						<int id="r">11</int>
					</object>
					<object id="cave_crystal_8_1318430531156">
						<str id="name">cave_crystal_8_1318350573365</str>
						<int id="y">687</int>
						<int id="h">328</int>
						<int id="z">39</int>
						<int id="w">116</int>
						<str id="sprite_class">cave_crystal_8</str>
						<bool id="h_flip">true</bool>
						<int id="x">5858</int>
					</object>
					<object id="cave_platform_2_rev1_1318428140876">
						<str id="name">cave_platform_2_rev1_1318371760593</str>
						<int id="y">938</int>
						<int id="h">198</int>
						<int id="z">70</int>
						<int id="w">502</int>
						<str id="sprite_class">cave_platform_2_rev1</str>
						<int id="x">3518</int>
						<int id="r">10</int>
					</object>
					<object id="cave_top_1b_z1_1318350573427">
						<str id="name">cave_top_1b_z1_1318350573383</str>
						<int id="y">222</int>
						<int id="h">317</int>
						<int id="z">51</int>
						<int id="w">512</int>
						<str id="sprite_class">cave_top_1b_z1</str>
						<bool id="h_flip">true</bool>
						<int id="x">1430</int>
					</object>
					<object id="bling_charms_3_1318973870595">
						<str id="name">bling_charms_3_1318973870582</str>
						<int id="y">559</int>
						<int id="h">488</int>
						<int id="z">126</int>
						<int id="w">220</int>
						<str id="sprite_class">bling_charms_3</str>
						<bool id="h_flip">true</bool>
						<int id="x">1011</int>
					</object>
					<object id="tree_int_bough_5_1318969467629">
						<str id="name">tree_int_bough_5_1318969467627</str>
						<int id="y">864</int>
						<int id="h">213</int>
						<int id="z">85</int>
						<int id="w">561</int>
						<str id="sprite_class">tree_int_bough_5</str>
						<int id="x">2995</int>
					</object>
					<object id="cave_stalactite_5_1318371760594">
						<str id="name">cave_stalactite_5_1318371760590</str>
						<int id="y">1063</int>
						<int id="h">253</int>
						<int id="z">73</int>
						<int id="w">126</int>
						<str id="sprite_class">cave_stalactite_5</str>
						<int id="x">2715</int>
					</object>
					<object id="tree_int_bough_5_1318969467637">
						<str id="name">tree_int_bough_5_1318969467627</str>
						<int id="y">875</int>
						<int id="h">213</int>
						<int id="z">118</int>
						<int id="w">561</int>
						<str id="sprite_class">tree_int_bough_5</str>
						<int id="x">3362</int>
					</object>
					<object id="cave_top_1b_z1_1318350573384">
						<str id="name">cave_top_1b_z1_1318350573383</str>
						<int id="y">266</int>
						<int id="h">348</int>
						<int id="z">48</int>
						<int id="w">562</int>
						<str id="sprite_class">cave_top_1b_z1</str>
						<int id="x">159</int>
					</object>
					<object id="cave_icicle_1b_z1_1318435194480">
						<str id="name">cave_icicle_1b_z1_1318435194479</str>
						<int id="y">664</int>
						<int id="h">56</int>
						<int id="z">106</int>
						<int id="w">58</int>
						<str id="sprite_class">cave_icicle_1b_z1</str>
						<int id="x">2779</int>
						<int id="r">-185</int>
					</object>
					<object id="cave_crack_1_1318435194488">
						<str id="name">cave_crack_1_1318435194488</str>
						<int id="y">741</int>
						<int id="h">30</int>
						<int id="z">111</int>
						<int id="w">164</int>
						<str id="sprite_class">cave_crack_1</str>
						<int id="x">5798</int>
					</object>
					<object id="cave_crack_3_1318371760553">
						<str id="name">cave_crack_3_1318350573371</str>
						<int id="y">759</int>
						<int id="h">25</int>
						<int id="z">29</int>
						<int id="w">144</int>
						<str id="sprite_class">cave_crack_3</str>
						<int id="x">1352</int>
					</object>
					<object id="tree_int_bough_5_1318969467621">
						<str id="name">tree_int_bough_5_1318969467619</str>
						<int id="y">984</int>
						<int id="h">308</int>
						<int id="z">76</int>
						<int id="w">491</int>
						<str id="sprite_class">tree_int_bough_5</str>
						<int id="x">2096</int>
					</object>
					<object id="cave_platform_6_1318370878754">
						<str id="name">cave_platform_6_1318350573415</str>
						<int id="y">1048</int>
						<int id="h">288</int>
						<int id="z">57</int>
						<int id="w">499</int>
						<str id="sprite_class">cave_platform_6</str>
						<int id="x">1718</int>
					</object>
					<object id="cave_crystal_8_1318969467613">
						<str id="name">cave_crystal_8_1318350573365</str>
						<int id="y">704</int>
						<int id="h">311</int>
						<int id="z">105</int>
						<int id="w">116</int>
						<str id="sprite_class">cave_crystal_8</str>
						<int id="x">3229</int>
					</object>
					<object id="cave_crack_2_1318435194487">
						<str id="name">cave_crack_2_1318430531174</str>
						<int id="y">737</int>
						<int id="h">43</int>
						<int id="z">110</int>
						<int id="w">182</int>
						<str id="sprite_class">cave_crack_2</str>
						<int id="x">5456</int>
					</object>
					<object id="cave_icicle_1c_z1_1318969467610">
						<str id="name">cave_icicle_1c_z1_1318969467605</str>
						<int id="y">340</int>
						<int id="h">448</int>
						<int id="z">112</int>
						<int id="w">490</int>
						<str id="sprite_class">cave_icicle_1c_z1</str>
						<int id="x">4213</int>
					</object>
					<object id="cave_platform_2_rev1_1318428140877">
						<str id="name">cave_platform_2_rev1_1318371760593</str>
						<int id="y">913</int>
						<int id="h">198</int>
						<int id="z">17</int>
						<int id="w">502</int>
						<str id="sprite_class">cave_platform_2_rev1</str>
						<bool id="h_flip">true</bool>
						<int id="x">3495</int>
						<int id="r">10</int>
					</object>
					<object id="cave_platform_1_1318430531105">
						<str id="name">cave_platform_1_1318430531105</str>
						<int id="y">1276</int>
						<int id="h">547</int>
						<int id="z">82</int>
						<int id="w">311</int>
						<str id="sprite_class">cave_platform_1</str>
						<int id="x">3258</int>
					</object>
					<object id="cave_crack_3_1318435194484">
						<str id="name">cave_crack_3_1318435194484</str>
						<int id="y">718</int>
						<int id="h">25</int>
						<int id="z">109</int>
						<int id="w">144</int>
						<str id="sprite_class">cave_crack_3</str>
						<int id="x">3397</int>
					</object>
					<object id="cave_icicle_1b_z1_1318969467633">
						<str id="name">cave_icicle_1b_z1_1318350573377</str>
						<int id="y">1208</int>
						<int id="h">381</int>
						<int id="z">4</int>
						<int id="w">167</int>
						<str id="sprite_class">cave_icicle_1b_z1</str>
						<int id="x">326</int>
					</object>
					<object id="tree_int_bough_5_1318969467639">
						<str id="name">tree_int_bough_5_1318969467627</str>
						<int id="y">987</int>
						<int id="h">213</int>
						<int id="z">91</int>
						<int id="w">561</int>
						<str id="sprite_class">tree_int_bough_5</str>
						<int id="x">4220</int>
						<int id="r">1</int>
					</object>
					<object id="cave_crystal_6_1318435194466">
						<str id="name">cave_crystal_6_1318350573369</str>
						<int id="y">765</int>
						<int id="h">242</int>
						<int id="z">103</int>
						<int id="w">66</int>
						<str id="sprite_class">cave_crystal_6</str>
						<int id="x">1831</int>
						<int id="r">1</int>
					</object>
					<object id="tree_int_bough_5_1318969467652">
						<str id="name">tree_int_bough_5_1318969467627</str>
						<int id="y">869</int>
						<int id="h">213</int>
						<int id="z">122</int>
						<int id="w">561</int>
						<str id="sprite_class">tree_int_bough_5</str>
						<int id="x">5925</int>
						<int id="r">1</int>
					</object>
					<object id="cave_big_platform_1_1318428140884">
						<str id="name">cave_big_platform_1_1318350573361</str>
						<int id="y">1065</int>
						<int id="h">388</int>
						<int id="z">23</int>
						<int id="w">554</int>
						<str id="sprite_class">cave_big_platform_1</str>
						<int id="x">5241</int>
						<int id="r">-3</int>
					</object>
					<object id="cave_platform_1_1318430531107">
						<str id="name">cave_platform_1_1318430531105</str>
						<int id="y">1302</int>
						<int id="h">547</int>
						<int id="z">86</int>
						<int id="w">311</int>
						<str id="sprite_class">cave_platform_1</str>
						<int id="x">3062</int>
					</object>
					<object id="cave_big_platform_1_1318370878753">
						<str id="name">cave_big_platform_1_1318350573361</str>
						<int id="y">1111</int>
						<int id="h">388</int>
						<int id="z">25</int>
						<int id="w">554</int>
						<str id="sprite_class">cave_big_platform_1</str>
						<int id="x">1331</int>
					</object>
					<object id="tree_int_bough_5_1318969467632">
						<str id="name">tree_int_bough_5_1318969467627</str>
						<int id="y">920</int>
						<int id="h">213</int>
						<int id="z">116</int>
						<int id="w">561</int>
						<str id="sprite_class">tree_int_bough_5</str>
						<int id="x">-57</int>
					</object>
					<object id="cave_gr_platform_1_1318428140882">
						<str id="name">cave_gr_platform_1_1318350573373</str>
						<int id="y">1018</int>
						<int id="h">166</int>
						<int id="z">79</int>
						<int id="w">329</int>
						<str id="sprite_class">cave_gr_platform_1</str>
						<int id="x">5021</int>
					</object>
					<object id="cave_crystal_8_1318430531158">
						<str id="name">cave_crystal_8_1318350573365</str>
						<int id="y">697</int>
						<int id="h">335</int>
						<int id="z">41</int>
						<int id="w">116</int>
						<str id="sprite_class">cave_crystal_8</str>
						<int id="x">5623</int>
					</object>
					<object id="cave_platform_5_1318428140883">
						<str id="name">cave_platform_5_1318428140883</str>
						<int id="y">1151</int>
						<int id="h">418</int>
						<int id="z">67</int>
						<int id="w">262</int>
						<str id="sprite_class">cave_platform_5</str>
						<int id="x">4977</int>
					</object>
					<object id="cave_platform_6_1318350573416">
						<str id="name">cave_platform_6_1318350573415</str>
						<int id="y">1038</int>
						<int id="h">288</int>
						<int id="z">54</int>
						<int id="w">499</int>
						<str id="sprite_class">cave_platform_6</str>
						<int id="x">706</int>
					</object>
					<object id="cave_crystal_8_1318371760544">
						<str id="name">cave_crystal_8_1318350573365</str>
						<int id="y">760</int>
						<int id="h">258</int>
						<int id="z">35</int>
						<int id="w">116</int>
						<str id="sprite_class">cave_crystal_8</str>
						<int id="x">898</int>
					</object>
					<object id="cave_icicle_1b_z1_1318350573377">
						<str id="name">cave_icicle_1b_z1_1318350573377</str>
						<int id="y">1142</int>
						<int id="h">381</int>
						<int id="z">47</int>
						<int id="w">167</int>
						<str id="sprite_class">cave_icicle_1b_z1</str>
						<int id="x">14</int>
					</object>
					<object id="cave_platform_6_1318428140886">
						<str id="name">cave_platform_6_1318350573415</str>
						<int id="y">980</int>
						<int id="h">288</int>
						<int id="z">56</int>
						<int id="w">499</int>
						<str id="sprite_class">cave_platform_6</str>
						<int id="x">5901</int>
					</object>
					<object id="cave_gr_platform_2_1318350573372">
						<str id="name">cave_gr_platform_2_1318350573372</str>
						<int id="y">904</int>
						<int id="h">131</int>
						<int id="z">43</int>
						<int id="w">177</int>
						<str id="sprite_class">cave_gr_platform_2</str>
						<int id="x">99</int>
					</object>
					<object id="cave_platform_4_rev1_1318370878756">
						<str id="name">cave_platform_4_rev1_1318350573430</str>
						<int id="y">1253</int>
						<int id="h">513</int>
						<int id="z">65</int>
						<int id="w">452</int>
						<str id="sprite_class">cave_platform_4_rev1</str>
						<bool id="h_flip">true</bool>
						<int id="x">2055</int>
					</object>
					<object id="cave_platform_4_rev1_1318370878757">
						<str id="name">cave_platform_4_rev1_1318350573430</str>
						<int id="y">1233</int>
						<int id="h">513</int>
						<int id="z">52</int>
						<int id="w">452</int>
						<str id="sprite_class">cave_platform_4_rev1</str>
						<int id="x">2016</int>
					</object>
					<object id="cave_platform_1_1318430531106">
						<str id="name">cave_platform_1_1318430531105</str>
						<int id="y">1271</int>
						<int id="h">547</int>
						<int id="z">81</int>
						<int id="w">311</int>
						<str id="sprite_class">cave_platform_1</str>
						<int id="x">3038</int>
					</object>
					<object id="tree_int_bough_5_1318969467641">
						<str id="name">tree_int_bough_5_1318969467627</str>
						<int id="y">745</int>
						<int id="h">154</int>
						<int id="z">12</int>
						<int id="w">280</int>
						<str id="sprite_class">tree_int_bough_5</str>
						<int id="x">2186</int>
						<int id="r">1</int>
					</object>
					<object id="cave_platform_4_1318350573429">
						<str id="name">cave_platform_4_1318350573429</str>
						<int id="y">1137</int>
						<int id="h">406</int>
						<int id="z">61</int>
						<int id="w">358</int>
						<str id="sprite_class">cave_platform_4</str>
						<int id="x">1025</int>
					</object>
					<object id="tree_int_bough_5_1318969467624">
						<str id="name">tree_int_bough_5_1318969467619</str>
						<int id="y">935</int>
						<int id="h">242</int>
						<int id="z">77</int>
						<int id="w">491</int>
						<str id="sprite_class">tree_int_bough_5</str>
						<int id="x">1299</int>
					</object>
					<object id="tree_int_bough_5_1318969467648">
						<str id="name">tree_int_bough_5_1318969467627</str>
						<int id="y">905</int>
						<int id="h">213</int>
						<int id="z">121</int>
						<int id="w">561</int>
						<str id="sprite_class">tree_int_bough_5</str>
						<int id="x">5466</int>
						<int id="r">1</int>
					</object>
					<object id="tree_int_bough_5_1318969467630">
						<str id="name">tree_int_bough_5_1318969467627</str>
						<int id="y">937</int>
						<int id="h">213</int>
						<int id="z">120</int>
						<int id="w">561</int>
						<str id="sprite_class">tree_int_bough_5</str>
						<int id="x">2989</int>
					</object>
					<object id="tree_int_bough_5_1318969467646">
						<str id="name">tree_int_bough_5_1318969467627</str>
						<int id="y">873</int>
						<int id="h">213</int>
						<int id="z">24</int>
						<int id="w">561</int>
						<str id="sprite_class">tree_int_bough_5</str>
						<int id="x">5250</int>
						<int id="r">1</int>
					</object>
					<object id="cave_top_1b_z1_1318350573392">
						<str id="name">cave_top_1b_z1_1318350573383</str>
						<int id="y">166</int>
						<int id="h">188</int>
						<int id="z">50</int>
						<int id="w">304</int>
						<str id="sprite_class">cave_top_1b_z1</str>
						<bool id="h_flip">true</bool>
						<int id="x">1183</int>
					</object>
					<object id="tree_int_bough_5_1318969467622">
						<str id="name">tree_int_bough_5_1318969467619</str>
						<int id="y">951</int>
						<int id="h">234</int>
						<int id="z">75</int>
						<int id="w">491</int>
						<str id="sprite_class">tree_int_bough_5</str>
						<int id="x">2422</int>
					</object>
					<object id="cave_big_platform_1_1318428140879">
						<str id="name">cave_big_platform_1_1318350573361</str>
						<int id="y">1122</int>
						<int id="h">388</int>
						<int id="z">20</int>
						<int id="w">554</int>
						<str id="sprite_class">cave_big_platform_1</str>
						<int id="x">4301</int>
						<int id="r">-3</int>
					</object>
					<object id="bling_charms_3_1318973870584">
						<str id="name">bling_charms_3_1318973870582</str>
						<int id="y">295</int>
						<int id="h">295</int>
						<int id="z">124</int>
						<int id="w">133</int>
						<str id="sprite_class">bling_charms_3</str>
						<int id="x">4136</int>
					</object>
					<object id="cave_crystal_6_1318350573369">
						<str id="name">cave_crystal_6_1318350573369</str>
						<int id="y">743</int>
						<int id="h">52</int>
						<int id="z">42</int>
						<int id="w">66</int>
						<str id="sprite_class">cave_crystal_6</str>
						<int id="x">520</int>
						<int id="r">15</int>
					</object>
					<object id="cave_icicle_1a_z1_1318428140952">
						<str id="name">cave_icicle_1a_z1_1318428140951</str>
						<int id="y">463</int>
						<int id="h">632</int>
						<int id="z">9</int>
						<int id="w">307</int>
						<str id="sprite_class">cave_icicle_1a_z1</str>
						<int id="x">2938</int>
						<int id="r">-4</int>
					</object>
					<object id="cave_crystal_6_1318969467614">
						<str id="name">cave_crystal_6_1318371760554</str>
						<int id="y">775</int>
						<int id="h">333</int>
						<int id="z">115</int>
						<int id="w">68</int>
						<str id="sprite_class">cave_crystal_6</str>
						<int id="x">1166</int>
					</object>
					<object id="cave_platform_6_1318428140887">
						<str id="name">cave_platform_6_1318350573415</str>
						<int id="y">922</int>
						<int id="h">288</int>
						<int id="z">15</int>
						<int id="w">499</int>
						<str id="sprite_class">cave_platform_6</str>
						<bool id="h_flip">true</bool>
						<int id="x">5881</int>
					</object>
					<object id="cave_gr_platform_1_1318350573373">
						<str id="name">cave_gr_platform_1_1318350573373</str>
						<int id="y">937</int>
						<int id="h">166</int>
						<int id="z">44</int>
						<int id="w">329</int>
						<str id="sprite_class">cave_gr_platform_1</str>
						<int id="x">-14</int>
					</object>
					<object id="cave_crystal_8_1318969467615">
						<str id="name">cave_crystal_8_1318350573365</str>
						<int id="y">736</int>
						<int id="h">301</int>
						<int id="z">38</int>
						<int id="w">138</int>
						<str id="sprite_class">cave_crystal_8</str>
						<int id="x">5162</int>
					</object>
					<object id="cave_crack_2_1318350573376">
						<str id="name">cave_crack_2_1318350573376</str>
						<int id="y">801</int>
						<int id="h">43</int>
						<int id="z">46</int>
						<int id="w">182</int>
						<str id="sprite_class">cave_crack_2</str>
						<int id="x">-7</int>
					</object>
					<object id="tree_int_bough_5_1318969467635">
						<str id="name">tree_int_bough_5_1318969467627</str>
						<int id="y">945</int>
						<int id="h">213</int>
						<int id="z">119</int>
						<int id="w">561</int>
						<str id="sprite_class">tree_int_bough_5</str>
						<int id="x">3377</int>
					</object>
					<object id="tree_int_bough_5_1318969467623">
						<str id="name">tree_int_bough_5_1318969467619</str>
						<int id="y">949</int>
						<int id="h">242</int>
						<int id="z">78</int>
						<int id="w">491</int>
						<str id="sprite_class">tree_int_bough_5</str>
						<int id="x">1671</int>
					</object>
					<object id="cave_icicle_1a_z1_1318428140953">
						<str id="name">cave_icicle_1a_z1_1318428140951</str>
						<int id="y">357</int>
						<int id="h">404</int>
						<int id="z">8</int>
						<int id="w">196</int>
						<str id="sprite_class">cave_icicle_1a_z1</str>
						<int id="x">3291</int>
						<int id="r">-4</int>
					</object>
					<object id="cave_crystal_8_1318350573365">
						<str id="name">cave_crystal_8_1318350573365</str>
						<int id="y">757</int>
						<int id="h">233</int>
						<int id="z">33</int>
						<int id="w">74</int>
						<str id="sprite_class">cave_crystal_8</str>
						<int id="x">355</int>
					</object>
					<object id="tree_int_bough_5_1318969467644">
						<str id="name">tree_int_bough_5_1318969467627</str>
						<int id="y">906</int>
						<int id="h">146</int>
						<int id="z">80</int>
						<int id="w">325</int>
						<str id="sprite_class">tree_int_bough_5</str>
						<int id="x">4950</int>
						<int id="r">1</int>
					</object>
					<object id="cave_platform_2_rev1_1318371760593">
						<str id="name">cave_platform_2_rev1_1318371760593</str>
						<int id="y">902</int>
						<int id="h">198</int>
						<int id="z">69</int>
						<int id="w">502</int>
						<str id="sprite_class">cave_platform_2_rev1</str>
						<int id="x">2747</int>
					</object>
					<object id="cave_icicle_1c_z1_1318969467606">
						<str id="name">cave_icicle_1c_z1_1318969467605</str>
						<int id="y">564</int>
						<int id="h">458</int>
						<int id="z">59</int>
						<int id="w">247</int>
						<str id="sprite_class">cave_icicle_1c_z1</str>
						<int id="x">769</int>
					</object>
					<object id="cave_crystal_8_1318430531155">
						<str id="name">cave_crystal_8_1318350573365</str>
						<int id="y">720</int>
						<int id="h">61</int>
						<int id="z">36</int>
						<int id="w">116</int>
						<str id="sprite_class">cave_crystal_8</str>
						<int id="x">5210</int>
					</object>
					<object id="tree_int_bough_5_1318969467626">
						<str id="name">tree_int_bough_5_1318969467619</str>
						<int id="y">947</int>
						<int id="h">242</int>
						<int id="z">55</int>
						<int id="w">491</int>
						<str id="sprite_class">tree_int_bough_5</str>
						<int id="x">628</int>
					</object>
					<object id="cave_icicle_1b_z1_1318969467611">
						<str id="name">cave_icicle_1b_z1_1318969467611</str>
						<int id="y">345</int>
						<int id="h">507</int>
						<int id="z">113</int>
						<int id="w">239</int>
						<str id="sprite_class">cave_icicle_1b_z1</str>
						<int id="x">3767</int>
					</object>
					<object id="cave_crystal_8_1318430531178">
						<str id="name">cave_crystal_8_1318350573365</str>
						<int id="y">782</int>
						<int id="h">301</int>
						<int id="z">37</int>
						<int id="w">138</int>
						<str id="sprite_class">cave_crystal_8</str>
						<int id="x">4280</int>
					</object>
					<object id="cave_platform_3_rev1_1318350573431">
						<str id="name">cave_platform_3_rev1_1318350573418</str>
						<int id="y">927</int>
						<int id="h">203</int>
						<int id="z">31</int>
						<int id="w">458</int>
						<str id="sprite_class">cave_platform_3_rev1</str>
						<int id="x">954</int>
						<int id="r">2</int>
					</object>
					<object id="cave_platform_6_1318370878755">
						<str id="name">cave_platform_6_1318350573415</str>
						<int id="y">1016</int>
						<int id="h">288</int>
						<int id="z">13</int>
						<int id="w">499</int>
						<str id="sprite_class">cave_platform_6</str>
						<int id="x">1622</int>
					</object>
					<object id="cave_crystal_8_1318350573366">
						<str id="name">cave_crystal_8_1318350573365</str>
						<int id="y">760</int>
						<int id="h">361</int>
						<int id="z">34</int>
						<int id="w">104</int>
						<str id="sprite_class">cave_crystal_8</str>
						<int id="x">270</int>
					</object>
					<object id="tree_int_bough_5_1318969467631">
						<str id="name">tree_int_bough_5_1318969467627</str>
						<int id="y">918</int>
						<int id="h">213</int>
						<int id="z">19</int>
						<int id="w">561</int>
						<str id="sprite_class">tree_int_bough_5</str>
						<int id="x">311</int>
					</object>
					<object id="cave_platform_3_rev1_1318350573418">
						<str id="name">cave_platform_3_rev1_1318350573418</str>
						<int id="y">931</int>
						<int id="h">203</int>
						<int id="z">32</int>
						<int id="w">444</int>
						<str id="sprite_class">cave_platform_3_rev1</str>
						<int id="x">695</int>
					</object>
					<object id="ground_ghosts_3_1318430531087">
						<str id="name">ground_ghosts_3_1318350573394</str>
						<int id="y">915</int>
						<int id="h">69</int>
						<int id="z">99</int>
						<int id="w">33</int>
						<str id="sprite_class">ground_ghosts_3</str>
						<int id="x">2443</int>
					</object>
				</object>
				<int id="z">-1</int>
			</object>
			<object id="middleground">
				<object id="signposts">
					<object id="signpost_1">
						<int id="w">100</int>
						<int id="y">-297</int>
						<object id="connects">
							<object id="0">
								<str id="hub_id">143</str>
								<int id="y">-120</int>
								<str id="mote_id">9</str>
								<str id="swf_file_versioned">http://c2.glitch.bz/locations/groddle1/1347579253.swf</str>
								<int id="x">320</int>
								<objref id="target" tsid="LA9Q9EQ5V4F33RE" label="Downside Up"/>
							</object>
						</object>
						<int id="h">200</int>
						<int id="x">2650</int>
					</object>
					<object id="signpost_2">
						<int id="w">100</int>
						<int id="y">-235</int>
						<str id="id">signpost_2</str>
						<object id="connects">
							<object id="0">
								<str id="hub_id">143</str>
								<int id="y">-115</int>
								<str id="mote_id">9</str>
								<str id="swf_file_versioned">http://c2.glitch.bz/locations/kukubee2/1322700941.swf</str>
								<int id="x">2580</int>
								<objref id="target" tsid="LA9S04AB15F3H53" label="Giant Living Room"/>
							</object>
						</object>
						<int id="h">200</int>
						<int id="x">-2884</int>
					</object>
				</object>
				<str id="name">middleground</str>
				<object id="walls">
				</object>
				<object id="platform_lines">
					<object id="plat_1318350573419">
						<int id="platform_item_perm">-1</int>
						<object id="end">
							<int id="y">-223</int>
							<int id="x">-2357</int>
						</object>
						<object id="start">
							<int id="y">-228</int>
							<int id="x">-2436</int>
						</object>
						<int id="platform_pc_perm">-1</int>
					</object>
					<object id="plat_1318435194498">
						<int id="platform_item_perm">-1</int>
						<object id="end">
							<int id="y">-268</int>
							<int id="x">331</int>
						</object>
						<object id="start">
							<int id="y">-289</int>
							<int id="x">267</int>
						</object>
						<int id="platform_pc_perm">-1</int>
					</object>
					<object id="plat_1318371760580">
						<int id="platform_item_perm">-1</int>
						<object id="end">
							<int id="y">-234</int>
							<int id="x">-623</int>
						</object>
						<object id="start">
							<int id="y">-236</int>
							<int id="x">-685</int>
						</object>
						<int id="platform_pc_perm">-1</int>
					</object>
					<object id="plat_1318350573432">
						<int id="platform_item_perm">-1</int>
						<object id="end">
							<int id="y">-242</int>
							<int id="x">-2033</int>
						</object>
						<object id="start">
							<int id="y">-238</int>
							<int id="x">-2148</int>
						</object>
						<int id="platform_pc_perm">-1</int>
					</object>
					<object id="plat_1318428140910">
						<int id="platform_item_perm">-1</int>
						<object id="end">
							<int id="y">-219</int>
							<int id="x">1491</int>
						</object>
						<object id="start">
							<int id="y">-206</int>
							<int id="x">1424</int>
						</object>
						<int id="platform_pc_perm">-1</int>
					</object>
					<object id="plat_1318371760587">
						<int id="platform_item_perm">-1</int>
						<object id="end">
							<int id="y">-342</int>
							<int id="x">-840</int>
						</object>
						<object id="start">
							<int id="y">-346</int>
							<int id="x">-885</int>
						</object>
						<int id="platform_pc_perm">-1</int>
					</object>
					<object id="plat_1318371760579">
						<int id="platform_item_perm">-1</int>
						<object id="end">
							<int id="y">-236</int>
							<int id="x">-685</int>
						</object>
						<object id="start">
							<int id="y">-240</int>
							<int id="x">-747</int>
						</object>
						<int id="platform_pc_perm">-1</int>
					</object>
					<object id="plat_1318428140901">
						<int id="platform_item_perm">-1</int>
						<object id="end">
							<int id="y">-204</int>
							<int id="x">730</int>
						</object>
						<object id="start">
							<int id="y">-223</int>
							<int id="x">639</int>
						</object>
						<int id="platform_pc_perm">-1</int>
					</object>
					<object id="plat_1318371760566">
						<int id="platform_item_perm">-1</int>
						<object id="end">
							<int id="y">-219</int>
							<int id="x">-1672</int>
						</object>
						<object id="start">
							<int id="y">-225</int>
							<int id="x">-1741</int>
						</object>
						<int id="platform_pc_perm">-1</int>
					</object>
					<object id="plat_1318350573406">
						<int id="platform_item_perm">-1</int>
						<object id="end">
							<int id="y">-210</int>
							<int id="x">-2929</int>
						</object>
						<object id="start">
							<int id="y">-210</int>
							<int id="x">-2999</int>
						</object>
						<int id="platform_pc_perm">-1</int>
					</object>
					<object id="plat_1318350573434">
						<int id="platform_item_perm">-1</int>
						<object id="end">
							<int id="y">-228</int>
							<int id="x">-1830</int>
						</object>
						<object id="start">
							<int id="y">-232</int>
							<int id="x">-1920</int>
						</object>
						<int id="platform_pc_perm">-1</int>
					</object>
					<object id="plat_1318350573421">
						<int id="platform_item_perm">-1</int>
						<object id="end">
							<int id="y">-238</int>
							<int id="x">-2148</int>
						</object>
						<object id="start">
							<int id="y">-231</int>
							<int id="x">-2249</int>
						</object>
						<int id="platform_pc_perm">-1</int>
					</object>
					<object id="plat_1318435194495">
						<int id="platform_item_perm">-1</int>
						<object id="end">
							<int id="y">-295</int>
							<int id="x">99</int>
						</object>
						<object id="start">
							<int id="y">-292</int>
							<int id="x">6</int>
						</object>
						<int id="platform_pc_perm">-1</int>
					</object>
					<object id="plat_1318371760578">
						<int id="platform_item_perm">-1</int>
						<object id="end">
							<int id="y">-240</int>
							<int id="x">-747</int>
						</object>
						<object id="start">
							<int id="y">-235</int>
							<int id="x">-790</int>
						</object>
						<int id="platform_pc_perm">-1</int>
					</object>
					<object id="plat_1318428140903">
						<int id="platform_item_perm">-1</int>
						<object id="end">
							<int id="y">-174</int>
							<int id="x">924</int>
						</object>
						<object id="start">
							<int id="y">-207</int>
							<int id="x">823</int>
						</object>
						<int id="platform_pc_perm">-1</int>
					</object>
					<object id="plat_1318371760571">
						<int id="platform_item_perm">-1</int>
						<object id="end">
							<int id="y">-214</int>
							<int id="x">-1247</int>
						</object>
						<object id="start">
							<int id="y">-213</int>
							<int id="x">-1355</int>
						</object>
						<int id="platform_pc_perm">-1</int>
					</object>
					<object id="plat_1318371760573">
						<int id="platform_item_perm">-1</int>
						<object id="end">
							<int id="y">-228</int>
							<int id="x">-1087</int>
						</object>
						<object id="start">
							<int id="y">-226</int>
							<int id="x">-1152</int>
						</object>
						<int id="platform_pc_perm">-1</int>
					</object>
					<object id="plat_1318428140918">
						<int id="platform_item_perm">-1</int>
						<object id="end">
							<int id="y">-268</int>
							<int id="x">2152</int>
						</object>
						<object id="start">
							<int id="y">-265</int>
							<int id="x">2093</int>
						</object>
						<int id="platform_pc_perm">-1</int>
					</object>
					<object id="plat_1318371760582">
						<int id="platform_item_perm">-1</int>
						<object id="end">
							<int id="y">-262</int>
							<int id="x">-522</int>
						</object>
						<object id="start">
							<int id="y">-250</int>
							<int id="x">-579</int>
						</object>
						<int id="platform_pc_perm">-1</int>
					</object>
					<object id="plat_1318371760586">
						<int id="platform_item_perm">-1</int>
						<object id="end">
							<int id="y">-347</int>
							<int id="x">-795</int>
						</object>
						<object id="start">
							<int id="y">-342</int>
							<int id="x">-840</int>
						</object>
						<int id="platform_pc_perm">-1</int>
					</object>
					<object id="plat_1318428140908">
						<int id="platform_item_perm">-1</int>
						<object id="end">
							<int id="y">-217</int>
							<int id="x">1362</int>
						</object>
						<object id="start">
							<int id="y">-201</int>
							<int id="x">1272</int>
						</object>
						<int id="platform_pc_perm">-1</int>
					</object>
					<object id="plat_1318428140923">
						<int id="platform_item_perm">-1</int>
						<object id="end">
							<int id="y">-291</int>
							<int id="x">2513</int>
						</object>
						<object id="start">
							<int id="y">-301</int>
							<int id="x">2441</int>
						</object>
						<int id="platform_pc_perm">-1</int>
					</object>
					<object id="plat_1318428140913">
						<int id="platform_item_perm">-1</int>
						<object id="end">
							<int id="y">-227</int>
							<int id="x">1776</int>
						</object>
						<object id="start">
							<int id="y">-228</int>
							<int id="x">1673</int>
						</object>
						<int id="platform_pc_perm">-1</int>
					</object>
					<object id="plat_1318371760574">
						<int id="platform_item_perm">-1</int>
						<object id="end">
							<int id="y">-217</int>
							<int id="x">-985</int>
						</object>
						<object id="start">
							<int id="y">-228</int>
							<int id="x">-1087</int>
						</object>
						<int id="platform_pc_perm">-1</int>
					</object>
					<object id="plat_1318428140905">
						<int id="platform_item_perm">-1</int>
						<object id="end">
							<int id="y">-205</int>
							<int id="x">1100</int>
						</object>
						<object id="start">
							<int id="y">-173</int>
							<int id="x">978</int>
						</object>
						<int id="platform_pc_perm">-1</int>
					</object>
					<object id="plat_1318371760572">
						<int id="platform_item_perm">-1</int>
						<object id="end">
							<int id="y">-226</int>
							<int id="x">-1152</int>
						</object>
						<object id="start">
							<int id="y">-214</int>
							<int id="x">-1247</int>
						</object>
						<int id="platform_pc_perm">-1</int>
					</object>
					<object id="plat_1318428140907">
						<int id="platform_item_perm">-1</int>
						<object id="end">
							<int id="y">-201</int>
							<int id="x">1272</int>
						</object>
						<object id="start">
							<int id="y">-209</int>
							<int id="x">1196</int>
						</object>
						<int id="platform_pc_perm">-1</int>
					</object>
					<object id="plat_1318428140921">
						<int id="platform_item_perm">-1</int>
						<object id="end">
							<int id="y">-295</int>
							<int id="x">2382</int>
						</object>
						<object id="start">
							<int id="y">-280</int>
							<int id="x">2303</int>
						</object>
						<int id="platform_pc_perm">-1</int>
					</object>
					<object id="plat_1318350573399">
						<int id="platform_item_perm">-1</int>
						<object id="end">
							<int id="y">-228</int>
							<int id="x">-2436</int>
						</object>
						<object id="start">
							<int id="y">-246</int>
							<int id="x">-2493</int>
						</object>
						<int id="platform_pc_perm">-1</int>
					</object>
					<object id="plat_1318428140919">
						<int id="platform_item_perm">-1</int>
						<object id="end">
							<int id="y">-261</int>
							<int id="x">2243</int>
						</object>
						<object id="start">
							<int id="y">-268</int>
							<int id="x">2152</int>
						</object>
						<int id="platform_pc_perm">-1</int>
					</object>
					<object id="plat_1318371760575">
						<int id="platform_item_perm">-1</int>
						<object id="end">
							<int id="y">-222</int>
							<int id="x">-892</int>
						</object>
						<object id="start">
							<int id="y">-217</int>
							<int id="x">-985</int>
						</object>
						<int id="platform_pc_perm">-1</int>
					</object>
					<object id="plat_1318371760570">
						<int id="platform_item_perm">-1</int>
						<object id="end">
							<int id="y">-213</int>
							<int id="x">-1355</int>
						</object>
						<object id="start">
							<int id="y">-224</int>
							<int id="x">-1429</int>
						</object>
						<int id="platform_pc_perm">-1</int>
					</object>
					<object id="plat_1354142384300">
						<int id="platform_item_perm">-1</int>
						<object id="end">
							<int id="y">-310</int>
							<int id="x">2743</int>
						</object>
						<object id="start">
							<int id="y">-294</int>
							<int id="x">2700</int>
						</object>
						<int id="platform_pc_perm">-1</int>
					</object>
					<object id="plat_1318428140929">
						<int id="platform_item_perm">-1</int>
						<object id="end">
							<int id="y">-325</int>
							<int id="x">2999</int>
						</object>
						<object id="start">
							<int id="y">-325</int>
							<int id="x">2899</int>
						</object>
						<int id="platform_pc_perm">-1</int>
					</object>
					<object id="plat_1318371760583">
						<int id="platform_item_perm">-1</int>
						<object id="end">
							<int id="y">-249</int>
							<int id="x">-419</int>
						</object>
						<object id="start">
							<int id="y">-262</int>
							<int id="x">-522</int>
						</object>
						<int id="platform_pc_perm">-1</int>
					</object>
					<object id="plat_1318371760585">
						<int id="platform_item_perm">-1</int>
						<object id="end">
							<int id="y">-350</int>
							<int id="x">-754</int>
						</object>
						<object id="start">
							<int id="y">-347</int>
							<int id="x">-795</int>
						</object>
						<int id="platform_pc_perm">-1</int>
					</object>
					<object id="plat_1318428140902">
						<int id="platform_item_perm">-1</int>
						<object id="end">
							<int id="y">-207</int>
							<int id="x">823</int>
						</object>
						<object id="start">
							<int id="y">-204</int>
							<int id="x">730</int>
						</object>
						<int id="platform_pc_perm">-1</int>
					</object>
					<object id="plat_1318371760568">
						<int id="platform_item_perm">-1</int>
						<object id="end">
							<int id="y">-232</int>
							<int id="x">-1508</int>
						</object>
						<object id="start">
							<int id="y">-233</int>
							<int id="x">-1584</int>
						</object>
						<int id="platform_pc_perm">-1</int>
					</object>
					<object id="plat_1318350573400">
						<int id="platform_item_perm">-1</int>
						<object id="end">
							<int id="y">-246</int>
							<int id="x">-2493</int>
						</object>
						<object id="start">
							<int id="y">-248</int>
							<int id="x">-2558</int>
						</object>
						<int id="platform_pc_perm">-1</int>
					</object>
					<object id="plat_1318371760576">
						<int id="platform_item_perm">-1</int>
						<object id="end">
							<int id="y">-237</int>
							<int id="x">-834</int>
						</object>
						<object id="start">
							<int id="y">-222</int>
							<int id="x">-892</int>
						</object>
						<int id="platform_pc_perm">-1</int>
					</object>
					<object id="plat_1318350573420">
						<int id="platform_item_perm">-1</int>
						<object id="end">
							<int id="y">-231</int>
							<int id="x">-2249</int>
						</object>
						<object id="start">
							<int id="y">-223</int>
							<int id="x">-2357</int>
						</object>
						<int id="platform_pc_perm">-1</int>
					</object>
					<object id="plat_1318371760596">
						<int id="platform_item_perm">-1</int>
						<object id="end">
							<int id="y">-244</int>
							<int id="x">-244</int>
						</object>
						<object id="start">
							<int id="y">-245</int>
							<int id="x">-334</int>
						</object>
						<int id="platform_pc_perm">-1</int>
					</object>
					<object id="plat_1318428140914">
						<int id="platform_item_perm">-1</int>
						<object id="end">
							<int id="y">-240</int>
							<int id="x">1848</int>
						</object>
						<object id="start">
							<int id="y">-227</int>
							<int id="x">1776</int>
						</object>
						<int id="platform_pc_perm">-1</int>
					</object>
					<object id="plat_1318428140900">
						<int id="platform_item_perm">-1</int>
						<object id="end">
							<int id="y">-223</int>
							<int id="x">639</int>
						</object>
						<object id="start">
							<int id="y">-222</int>
							<int id="x">531</int>
						</object>
						<int id="platform_pc_perm">-1</int>
					</object>
					<object id="plat_1318371760584">
						<int id="platform_item_perm">-1</int>
						<object id="end">
							<int id="y">-355</int>
							<int id="x">-704</int>
						</object>
						<object id="start">
							<int id="y">-350</int>
							<int id="x">-754</int>
						</object>
						<int id="platform_pc_perm">-1</int>
					</object>
					<object id="plat_1318428140912">
						<int id="platform_item_perm">-1</int>
						<object id="end">
							<int id="y">-228</int>
							<int id="x">1673</int>
						</object>
						<object id="start">
							<int id="y">-225</int>
							<int id="x">1623</int>
						</object>
						<int id="platform_pc_perm">-1</int>
					</object>
					<object id="plat_1318435194492">
						<int id="platform_item_perm">-1</int>
						<object id="end">
							<int id="y">-225</int>
							<int id="x">1623</int>
						</object>
						<object id="start">
							<int id="y">-225</int>
							<int id="x">1558</int>
						</object>
						<int id="platform_pc_perm">-1</int>
					</object>
					<object id="plat_1318435194496">
						<int id="platform_item_perm">-1</int>
						<object id="end">
							<int id="y">-298</int>
							<int id="x">194</int>
						</object>
						<object id="start">
							<int id="y">-295</int>
							<int id="x">99</int>
						</object>
						<int id="platform_pc_perm">-1</int>
					</object>
					<object id="plat_1318350573404">
						<int id="platform_item_perm">-1</int>
						<object id="end">
							<int id="y">-235</int>
							<int id="x">-2791</int>
						</object>
						<object id="start">
							<int id="y">-223</int>
							<int id="x">-2866</int>
						</object>
						<int id="platform_pc_perm">-1</int>
					</object>
					<object id="plat_1318350573433">
						<int id="platform_item_perm">-1</int>
						<object id="end">
							<int id="y">-232</int>
							<int id="x">-1920</int>
						</object>
						<object id="start">
							<int id="y">-242</int>
							<int id="x">-2033</int>
						</object>
						<int id="platform_pc_perm">-1</int>
					</object>
					<object id="plat_1318371760589">
						<int id="platform_item_perm">-1</int>
						<object id="end">
							<int id="y">-348</int>
							<int id="x">-914</int>
						</object>
						<object id="start">
							<int id="y">-348</int>
							<int id="x">-940</int>
						</object>
						<int id="platform_pc_perm">-1</int>
					</object>
					<object id="plat_1318428140904">
						<int id="platform_item_perm">-1</int>
						<object id="end">
							<int id="y">-173</int>
							<int id="x">978</int>
						</object>
						<object id="start">
							<int id="y">-174</int>
							<int id="x">924</int>
						</object>
						<int id="platform_pc_perm">-1</int>
					</object>
					<object id="plat_1318428140920">
						<int id="platform_item_perm">-1</int>
						<object id="end">
							<int id="y">-280</int>
							<int id="x">2303</int>
						</object>
						<object id="start">
							<int id="y">-261</int>
							<int id="x">2243</int>
						</object>
						<int id="platform_pc_perm">-1</int>
					</object>
					<object id="plat_1318428140924">
						<int id="platform_item_perm">-1</int>
						<object id="end">
							<int id="y">-289</int>
							<int id="x">2608</int>
						</object>
						<object id="start">
							<int id="y">-291</int>
							<int id="x">2513</int>
						</object>
						<int id="platform_pc_perm">-1</int>
					</object>
					<object id="plat_1318435194493">
						<int id="platform_item_perm">-1</int>
						<object id="end">
							<int id="y">-275</int>
							<int id="x">-94</int>
						</object>
						<object id="start">
							<int id="y">-257</int>
							<int id="x">-177</int>
						</object>
						<int id="platform_pc_perm">-1</int>
					</object>
					<object id="plat_1318428140911">
						<int id="platform_item_perm">-1</int>
						<object id="end">
							<int id="y">-225</int>
							<int id="x">1558</int>
						</object>
						<object id="start">
							<int id="y">-219</int>
							<int id="x">1491</int>
						</object>
						<int id="platform_pc_perm">-1</int>
					</object>
					<object id="plat_1318371760565">
						<int id="platform_item_perm">-1</int>
						<object id="end">
							<int id="y">-225</int>
							<int id="x">-1741</int>
						</object>
						<object id="start">
							<int id="y">-228</int>
							<int id="x">-1830</int>
						</object>
						<int id="platform_pc_perm">-1</int>
					</object>
					<object id="plat_1318435194494">
						<int id="platform_item_perm">-1</int>
						<object id="end">
							<int id="y">-292</int>
							<int id="x">6</int>
						</object>
						<object id="start">
							<int id="y">-275</int>
							<int id="x">-94</int>
						</object>
						<int id="platform_pc_perm">-1</int>
					</object>
					<object id="plat_1354142384301">
						<int id="platform_item_perm">-1</int>
						<object id="end">
							<int id="y">-324</int>
							<int id="x">2832</int>
						</object>
						<object id="start">
							<int id="y">-310</int>
							<int id="x">2743</int>
						</object>
						<int id="platform_pc_perm">-1</int>
					</object>
					<object id="plat_1318350573403">
						<int id="platform_item_perm">-1</int>
						<object id="end">
							<int id="y">-241</int>
							<int id="x">-2683</int>
						</object>
						<object id="start">
							<int id="y">-235</int>
							<int id="x">-2791</int>
						</object>
						<int id="platform_pc_perm">-1</int>
					</object>
					<object id="plat_1318350573401">
						<int id="platform_item_perm">-1</int>
						<object id="end">
							<int id="y">-248</int>
							<int id="x">-2558</int>
						</object>
						<object id="start">
							<int id="y">-237</int>
							<int id="x">-2603</int>
						</object>
						<int id="platform_pc_perm">-1</int>
					</object>
					<object id="plat_1318428140915">
						<int id="platform_item_perm">-1</int>
						<object id="end">
							<int id="y">-234</int>
							<int id="x">1933</int>
						</object>
						<object id="start">
							<int id="y">-240</int>
							<int id="x">1848</int>
						</object>
						<int id="platform_pc_perm">-1</int>
					</object>
					<object id="plat_1318350573402">
						<int id="platform_item_perm">-1</int>
						<object id="end">
							<int id="y">-237</int>
							<int id="x">-2603</int>
						</object>
						<object id="start">
							<int id="y">-241</int>
							<int id="x">-2683</int>
						</object>
						<int id="platform_pc_perm">-1</int>
					</object>
					<object id="plat_1318428140922">
						<int id="platform_item_perm">-1</int>
						<object id="end">
							<int id="y">-301</int>
							<int id="x">2441</int>
						</object>
						<object id="start">
							<int id="y">-295</int>
							<int id="x">2382</int>
						</object>
						<int id="platform_pc_perm">-1</int>
					</object>
					<object id="plat_1318371760595">
						<int id="platform_item_perm">-1</int>
						<object id="end">
							<int id="y">-245</int>
							<int id="x">-334</int>
						</object>
						<object id="start">
							<int id="y">-249</int>
							<int id="x">-419</int>
						</object>
						<int id="platform_pc_perm">-1</int>
					</object>
					<object id="plat_1318428140917">
						<int id="platform_item_perm">-1</int>
						<object id="end">
							<int id="y">-265</int>
							<int id="x">2093</int>
						</object>
						<object id="start">
							<int id="y">-245</int>
							<int id="x">2018</int>
						</object>
						<int id="platform_pc_perm">-1</int>
					</object>
					<object id="plat_1318350573405">
						<int id="platform_item_perm">-1</int>
						<object id="end">
							<int id="y">-223</int>
							<int id="x">-2866</int>
						</object>
						<object id="start">
							<int id="y">-210</int>
							<int id="x">-2929</int>
						</object>
						<int id="platform_pc_perm">-1</int>
					</object>
					<object id="plat_1318428140916">
						<int id="platform_item_perm">-1</int>
						<object id="end">
							<int id="y">-245</int>
							<int id="x">2018</int>
						</object>
						<object id="start">
							<int id="y">-234</int>
							<int id="x">1933</int>
						</object>
						<int id="platform_pc_perm">-1</int>
					</object>
					<object id="plat_1318428140899">
						<int id="platform_item_perm">-1</int>
						<object id="end">
							<int id="y">-222</int>
							<int id="x">531</int>
						</object>
						<object id="start">
							<int id="y">-258</int>
							<int id="x">406</int>
						</object>
						<int id="platform_pc_perm">-1</int>
					</object>
					<object id="plat_1318371760577">
						<int id="platform_item_perm">-1</int>
						<object id="end">
							<int id="y">-235</int>
							<int id="x">-790</int>
						</object>
						<object id="start">
							<int id="y">-237</int>
							<int id="x">-834</int>
						</object>
						<int id="platform_pc_perm">-1</int>
					</object>
					<object id="plat_1354142384302">
						<int id="platform_item_perm">-1</int>
						<object id="end">
							<int id="y">-325</int>
							<int id="x">2899</int>
						</object>
						<object id="start">
							<int id="y">-324</int>
							<int id="x">2832</int>
						</object>
						<int id="platform_pc_perm">-1</int>
					</object>
					<object id="plat_1318430531118">
						<int id="platform_item_perm">-1</int>
						<object id="end">
							<int id="y">-257</int>
							<int id="x">-177</int>
						</object>
						<object id="start">
							<int id="y">-244</int>
							<int id="x">-244</int>
						</object>
						<int id="platform_pc_perm">-1</int>
					</object>
					<object id="plat_1318430531111">
						<int id="platform_item_perm">-1</int>
						<object id="end">
							<int id="y">-258</int>
							<int id="x">406</int>
						</object>
						<object id="start">
							<int id="y">-268</int>
							<int id="x">331</int>
						</object>
						<int id="platform_pc_perm">-1</int>
					</object>
					<object id="plat_1318371760588">
						<int id="platform_item_perm">-1</int>
						<object id="end">
							<int id="y">-346</int>
							<int id="x">-885</int>
						</object>
						<object id="start">
							<int id="y">-348</int>
							<int id="x">-914</int>
						</object>
						<int id="platform_pc_perm">-1</int>
					</object>
					<object id="plat_1318371760581">
						<int id="platform_item_perm">-1</int>
						<object id="end">
							<int id="y">-250</int>
							<int id="x">-579</int>
						</object>
						<object id="start">
							<int id="y">-234</int>
							<int id="x">-623</int>
						</object>
						<int id="platform_pc_perm">-1</int>
					</object>
					<object id="plat_1318371760567">
						<int id="platform_item_perm">-1</int>
						<object id="end">
							<int id="y">-233</int>
							<int id="x">-1584</int>
						</object>
						<object id="start">
							<int id="y">-219</int>
							<int id="x">-1672</int>
						</object>
						<int id="platform_pc_perm">-1</int>
					</object>
					<object id="plat_1318371760569">
						<int id="platform_item_perm">-1</int>
						<object id="end">
							<int id="y">-224</int>
							<int id="x">-1429</int>
						</object>
						<object id="start">
							<int id="y">-232</int>
							<int id="x">-1508</int>
						</object>
						<int id="platform_pc_perm">-1</int>
					</object>
					<object id="plat_1318428140906">
						<int id="platform_item_perm">-1</int>
						<object id="end">
							<int id="y">-209</int>
							<int id="x">1196</int>
						</object>
						<object id="start">
							<int id="y">-205</int>
							<int id="x">1100</int>
						</object>
						<int id="platform_pc_perm">-1</int>
					</object>
					<object id="plat_1318428140925">
						<int id="platform_item_perm">-1</int>
						<object id="end">
							<int id="y">-294</int>
							<int id="x">2700</int>
						</object>
						<object id="start">
							<int id="y">-279</int>
							<int id="x">2660</int>
						</object>
						<int id="platform_pc_perm">-1</int>
					</object>
					<object id="plat_1318428140909">
						<int id="platform_item_perm">-1</int>
						<object id="end">
							<int id="y">-206</int>
							<int id="x">1424</int>
						</object>
						<object id="start">
							<int id="y">-217</int>
							<int id="x">1362</int>
						</object>
						<int id="platform_pc_perm">-1</int>
					</object>
					<object id="plat_1354142384299">
						<int id="platform_item_perm">-1</int>
						<object id="end">
							<int id="y">-279</int>
							<int id="x">2660</int>
						</object>
						<object id="start">
							<int id="y">-289</int>
							<int id="x">2608</int>
						</object>
						<int id="platform_pc_perm">-1</int>
					</object>
					<object id="plat_1318435194497">
						<int id="platform_item_perm">-1</int>
						<object id="end">
							<int id="y">-289</int>
							<int id="x">267</int>
						</object>
						<object id="start">
							<int id="y">-298</int>
							<int id="x">194</int>
						</object>
						<int id="platform_pc_perm">-1</int>
					</object>
				</object>
				<int id="w">6000</int>
				<object id="ladders">
				</object>
				<object id="boxes">
				</object>
				<object id="filtersNEW">
					<object id="saturation">
						<int id="value">-100</int>
					</object>
					<object id="tintColor">
						<int id="value">0</int>
					</object>
				</object>
				<object id="targets">
				</object>
				<object id="doors">
				</object>
				<int id="z">0</int>
				<int id="h">1000</int>
				<object id="decos">
				</object>
			</object>
			<object id="T_1318430531066">
				<int id="w">5400</int>
				<str id="name">bg2</str>
				<object id="filtersNEW">
					<object id="blur">
						<int id="value">0</int>
					</object>
					<object id="saturation">
						<int id="value">-100</int>
					</object>
					<object id="tintColor">
						<int id="value">0</int>
					</object>
					<object id="brightness">
						<int id="value">-100</int>
					</object>
					<object id="contrast">
						<int id="value">-100</int>
					</object>
				</object>
				<int id="h">1000</int>
				<object id="decos">
					<object id="cave_crystal_4_1318430531073">
						<str id="name">cave_crystal_4_1318350573353</str>
						<int id="y">898</int>
						<int id="h">647</int>
						<int id="z">0</int>
						<int id="w">382</int>
						<str id="sprite_class">cave_crystal_4</str>
						<int id="x">310</int>
					</object>
					<object id="cave_crystal_8_1318969467660">
						<str id="name">cave_crystal_8_1318350573365</str>
						<int id="y">760</int>
						<int id="h">361</int>
						<int id="z">6</int>
						<int id="w">104</int>
						<str id="sprite_class">cave_crystal_8</str>
						<int id="x">1205</int>
					</object>
					<object id="cave_crystal_8_1318969467661">
						<str id="name">cave_crystal_8_1318350573365</str>
						<int id="y">803</int>
						<int id="h">361</int>
						<int id="z">7</int>
						<int id="w">104</int>
						<str id="sprite_class">cave_crystal_8</str>
						<int id="x">2165</int>
					</object>
					<object id="cave_large_rock_2_1318430531075">
						<str id="name">cave_large_rock_2_1318350573380</str>
						<int id="y">1113</int>
						<int id="h">815</int>
						<int id="z">2</int>
						<int id="w">275</int>
						<str id="sprite_class">cave_large_rock_2</str>
						<int id="x">981</int>
					</object>
					<object id="cave_large_rock_1_1318430531074">
						<str id="name">cave_large_rock_1_1318350573379</str>
						<int id="y">898</int>
						<int id="h">699</int>
						<int id="z">1</int>
						<int id="w">197</int>
						<str id="sprite_class">cave_large_rock_1</str>
						<int id="x">614</int>
					</object>
					<object id="cave_crystal_8_1318969467659">
						<str id="name">cave_crystal_8_1318350573365</str>
						<int id="y">772</int>
						<int id="h">361</int>
						<int id="z">5</int>
						<int id="w">104</int>
						<str id="sprite_class">cave_crystal_8</str>
						<int id="x">62</int>
					</object>
					<object id="cave_icicle_2_1318430531186">
						<str id="name">cave_icicle_2_1318430531185</str>
						<int id="y">871</int>
						<int id="h">377</int>
						<int id="z">4</int>
						<int id="w">164</int>
						<str id="sprite_class">cave_icicle_2</str>
						<int id="x">1899</int>
					</object>
					<object id="cave_large_rock_1_1318969467604">
						<str id="name">cave_large_rock_1_1318969467591</str>
						<int id="y">793</int>
						<int id="h">509</int>
						<int id="z">3</int>
						<int id="w">197</int>
						<str id="sprite_class">cave_large_rock_1</str>
						<int id="x">1313</int>
					</object>
				</object>
				<int id="z">-3</int>
			</object>
			<object id="T_1318350573354">
				<int id="w">5700</int>
				<str id="name">bg</str>
				<object id="filtersNEW">
					<object id="blur">
						<int id="value">0</int>
					</object>
					<object id="saturation">
						<int id="value">-100</int>
					</object>
					<object id="brightness">
						<int id="value">-100</int>
					</object>
					<object id="tintAmount">
						<int id="value">0</int>
					</object>
					<object id="contrast">
						<int id="value">-100</int>
					</object>
					<object id="tintColor">
						<int id="value">0</int>
					</object>
				</object>
				<int id="h">1000</int>
				<object id="decos">
					<object id="cave_large_rock_1_1318969467588">
						<str id="name">cave_large_rock_1_1318969467587</str>
						<int id="y">740</int>
						<int id="h">484</int>
						<int id="z">8</int>
						<int id="w">241</int>
						<str id="sprite_class">cave_large_rock_1</str>
						<int id="x">2801</int>
					</object>
					<object id="cave_large_rock_1_1318969467589">
						<str id="name">cave_large_rock_1_1318969467587</str>
						<int id="y">1092</int>
						<int id="h">976</int>
						<int id="z">10</int>
						<int id="w">241</int>
						<str id="sprite_class">cave_large_rock_1</str>
						<bool id="h_flip">true</bool>
						<int id="x">3669</int>
					</object>
					<object id="cave_large_rock_1_1318969467591">
						<str id="name">cave_large_rock_1_1318969467591</str>
						<int id="y">805</int>
						<int id="h">509</int>
						<int id="z">11</int>
						<int id="w">197</int>
						<str id="sprite_class">cave_large_rock_1</str>
						<int id="x">2427</int>
					</object>
					<object id="cave_icicle_2_1318350573381">
						<str id="name">cave_icicle_2_1318350573381</str>
						<int id="y">762</int>
						<int id="h">134</int>
						<int id="z">1</int>
						<int id="w">164</int>
						<str id="sprite_class">cave_icicle_2</str>
						<int id="x">1199</int>
					</object>
					<object id="cave_icicle_2_1318969467592">
						<str id="name">cave_icicle_2_1318969467592</str>
						<int id="y">1005</int>
						<int id="h">886</int>
						<int id="z">12</int>
						<int id="w">360</int>
						<str id="sprite_class">cave_icicle_2</str>
						<int id="x">1688</int>
					</object>
					<object id="cave_large_rock_1_1318969467590">
						<str id="name">cave_large_rock_1_1318969467587</str>
						<int id="y">844</int>
						<int id="h">484</int>
						<int id="z">9</int>
						<int id="w">241</int>
						<str id="sprite_class">cave_large_rock_1</str>
						<int id="x">2070</int>
					</object>
				</object>
				<int id="z">-2</int>
			</object>
		</object>
		<null id="physics"/>
		<null id="img_file_versioned"/>
		<str id="swf_file_versioned">http://c2.glitch.bz/locations/limbo1/1350688516.swf,http://c2.glitch.bz/locations/zutto1/1347583064.swf,http://c2.glitch.bz/locations/groddle1/1347579253.swf</str>
		<str id="tsid">LA9QMIMHV4F3RHN</str>
		<int id="rookable_type">0</int>
		<int id="ground_y">0</int>
		<null id="loading_label"/>
		<object id="gradient">
			<str id="top">FFD9C9</str>
			<str id="bottom">450000</str>
		</object>
		<object id="sources">
			<int id="LA9S04AB15F3H53">1</int>
			<int id="LA9Q9EQ5V4F33RE">1</int>
		</object>
		<str id="music_file">HELL</str>
		<bool id="wall_jump">false</bool>
		<bool id="no_zoom">false</bool>
		<bool id="no_camera_mode">false</bool>
		<bool id="no_ambient_music">false</bool>
		<bool id="no_physics_adjustments">false</bool>
		<bool id="no_upgrade_physics_adjustments">false</bool>
	</object>
</game_object>
